user_id,avg_items_per_order,active_months,monetary_per_active_month,frequency_per_active_month,inter_purchase_gap_mean,inter_purchase_gap_std
1,1.0,1,25.0,1.0,0.0,0.0
7,2.0,1,38.0,1.0,0.0,0.0
12,1.0,1,55.29999923706056,1.0,0.0,0.0
13,1.0,1,52.25,1.0,0.0,0.0
15,1.0,1,52.0,1.0,0.0,0.0
18,2.0,1,34.04999923706055,1.0,0.0,0.0
19,1.0,1,27.979999542236328,1.0,0.0,0.0
21,1.0,1,127.51000213623048,1.0,0.0,0.0
23,1.0,1,38.9900016784668,1.0,0.0,0.0
24,1.0,1,45.4900016784668,1.0,0.0,0.0
29,2.0,1,112.95000076293945,1.0,0.0,0.0
30,1.0,1,11.140000343322754,1.0,0.0,0.0
32,1.0,1,96.0,1.0,0.0,0.0
34,1.0,1,92.55999755859376,1.0,0.0,0.0
37,1.0,2,20.054999828338623,1.0,303.0,0.0
38,2.0,1,102.72000122070312,1.0,0.0,0.0
41,1.0,2,13.489999771118164,1.0,125.0,0.0
44,1.6666666666666667,3,53.36666742960612,1.0,277.0,118.79393923933998
46,1.0,1,24.989999771118164,1.0,0.0,0.0
54,1.0,1,68.9000015258789,1.0,0.0,0.0
57,1.0,1,49.5,1.0,0.0,0.0
60,2.0,1,194.8299961090088,1.0,0.0,0.0
64,1.0,1,40.220001220703125,1.0,0.0,0.0
68,1.0,1,69.5,1.0,0.0,0.0
72,1.0,1,167.0,1.0,0.0,0.0
82,1.0,1,15.75,1.0,0.0,0.0
90,4.0,1,197.0800018310547,1.0,0.0,0.0
93,1.0,1,29.950000762939453,1.0,0.0,0.0
98,1.0,1,100.0,1.0,0.0,0.0
100,1.0,1,104.0,1.0,0.0,0.0
102,1.0,2,134.9749984741211,1.0,1558.0,0.0
105,1.5,2,82.46499919891357,1.0,63.0,0.0
116,1.0,1,35.0,1.0,0.0,0.0
120,1.0,1,60.0,1.0,0.0,0.0
121,1.0,1,69.5,1.0,0.0,0.0
122,1.0,1,10.800000190734863,1.0,0.0,0.0
125,1.0,1,63.97999954223633,1.0,0.0,0.0
127,1.0,1,115.0,1.0,0.0,0.0
134,2.0,1,117.94999694824217,1.0,0.0,0.0
139,1.0,1,166.0,1.0,0.0,0.0
145,1.0,1,14.989999771118164,1.0,0.0,0.0
152,1.0,1,14.210000038146973,1.0,0.0,0.0
154,1.0,1,16.5,1.0,0.0,0.0
158,2.0,1,61.489999771118164,1.0,0.0,0.0
163,1.0,1,24.5,1.0,0.0,0.0
175,1.0,2,28.149999618530273,1.0,1133.0,0.0
177,1.0,1,128.0,1.0,0.0,0.0
181,1.0,1,5.949999809265137,1.0,0.0,0.0
184,1.0,1,168.0,1.0,0.0,0.0
185,1.0,1,24.989999771118164,1.0,0.0,0.0
188,1.0,1,49.9900016784668,1.0,0.0,0.0
189,1.0,1,39.5,1.0,0.0,0.0
191,1.0,1,39.9900016784668,1.0,0.0,0.0
195,1.0,1,13.0,1.0,0.0,0.0
197,1.0,1,24.0,1.0,0.0,0.0
201,2.0,1,62.9900016784668,1.0,0.0,0.0
211,2.3333333333333335,3,139.27666823069254,1.0,564.5,675.2869760331529
214,1.5,2,43.76500082015991,1.0,181.0,0.0
216,3.0,2,296.19500064849854,1.0,228.0,0.0
217,1.0,1,9.989999771118164,1.0,0.0,0.0
221,2.0,1,33.39999961853028,1.0,0.0,0.0
225,4.0,1,222.98000144958496,1.0,0.0,0.0
235,1.0,1,49.950000762939446,1.0,0.0,0.0
238,1.0,1,9.899999618530272,1.0,0.0,0.0
241,2.0,1,49.889999389648445,1.0,0.0,0.0
243,1.0,1,41.41999816894531,1.0,0.0,0.0
245,2.0,2,37.71999979019165,1.0,373.0,0.0
248,1.0,1,10.899999618530272,1.0,0.0,0.0
249,1.0,1,40.0,1.0,0.0,0.0
255,1.0,1,22.5,1.0,0.0,0.0
256,1.0,1,30.5,1.0,0.0,0.0
273,2.0,1,123.5,1.0,0.0,0.0
277,1.0,1,139.86000061035156,1.0,0.0,0.0
281,1.0,1,89.98999786376953,1.0,0.0,0.0
286,2.0,1,102.48999786376953,1.0,0.0,0.0
288,1.0,1,3.990000009536743,1.0,0.0,0.0
296,1.0,1,9.989999771118164,1.0,0.0,0.0
315,1.0,1,128.0,1.0,0.0,0.0
316,1.0,1,50.9900016784668,1.0,0.0,0.0
324,1.0,1,34.75,1.0,0.0,0.0
334,1.5,2,61.46999979019165,1.0,474.0,0.0
344,1.5,2,61.97500038146973,1.0,405.0,0.0
353,2.0,1,105.67000198364258,1.0,0.0,0.0
360,1.0,1,139.9499969482422,1.0,0.0,0.0
362,1.0,1,22.93000030517578,1.0,0.0,0.0
364,1.0,1,26.0,1.0,0.0,0.0
365,1.0,1,145.0,1.0,0.0,0.0
366,1.0,1,32.0,1.0,0.0,0.0
368,1.0,1,22.76000022888184,1.0,0.0,0.0
381,1.0,1,50.4900016784668,1.0,0.0,0.0
382,3.0,1,57.96999931335449,1.0,0.0,0.0
383,1.0,1,29.989999771118164,1.0,0.0,0.0
389,2.5,2,77.24499988555908,1.0,636.0,0.0
396,1.0,1,29.989999771118164,1.0,0.0,0.0
406,1.0,1,25.0,1.0,0.0,0.0
415,2.0,1,63.89999961853027,1.0,0.0,0.0
416,2.0,1,140.84999847412107,1.0,0.0,0.0
420,1.0,1,29.989999771118164,1.0,0.0,0.0
423,2.0,1,88.60000038146973,1.0,0.0,0.0
424,1.0,1,66.0,1.0,0.0,0.0
425,1.0,1,26.1299991607666,1.0,0.0,0.0
426,1.0,1,39.5,1.0,0.0,0.0
432,1.0,1,60.0,1.0,0.0,0.0
440,1.0,1,125.0,1.0,0.0,0.0
441,1.0,1,29.989999771118164,1.0,0.0,0.0
442,1.6666666666666667,3,149.98666699727377,1.0,736.0,53.74011537017761
444,1.0,1,17.989999771118164,1.0,0.0,0.0
445,2.0,1,69.5,1.0,0.0,0.0
446,1.0,2,82.63000202178955,1.0,509.0,0.0
451,1.0,1,29.89999961853028,1.0,0.0,0.0
453,2.5,2,129.04999923706055,1.0,55.0,0.0
456,4.0,1,176.48999977111816,1.0,0.0,0.0
466,1.0,1,24.989999771118164,1.0,0.0,0.0
468,4.0,1,256.1599998474121,1.0,0.0,0.0
470,1.0,1,130.0,1.0,0.0,0.0
472,1.5,2,103.7450008392334,1.0,1282.0,0.0
479,1.0,1,15.75,1.0,0.0,0.0
480,1.0,1,110.0,1.0,0.0,0.0
482,1.0,2,61.489999771118164,1.0,284.0,0.0
493,1.0,1,44.77999877929688,1.0,0.0,0.0
495,1.0,1,60.0,1.0,0.0,0.0
498,2.0,1,57.98000144958496,1.0,0.0,0.0
502,2.0,1,83.76000213623047,1.0,0.0,0.0
504,2.0,1,405.8000030517578,1.0,0.0,0.0
505,1.0,1,69.0,1.0,0.0,0.0
509,1.0,1,44.9900016784668,1.0,0.0,0.0
520,1.0,1,48.0,1.0,0.0,0.0
524,1.0,2,41.25,1.0,569.0,0.0
525,1.0,1,73.1500015258789,1.0,0.0,0.0
526,1.0,1,105.0,1.0,0.0,0.0
528,1.0,1,9.380000114440918,1.0,0.0,0.0
531,4.0,1,201.4199981689453,1.0,0.0,0.0
532,2.0,1,63.0,1.0,0.0,0.0
536,2.5,1,158.98999977111816,2.0,17.0,0.0
541,1.0,1,12.970000267028809,1.0,0.0,0.0
542,1.0,1,10.979999542236328,1.0,0.0,0.0
550,1.0,1,32.95000076293945,1.0,0.0,0.0
557,1.0,1,170.0,1.0,0.0,0.0
558,2.5,2,84.07499837875366,1.0,137.0,0.0
569,1.0,1,36.5,1.0,0.0,0.0
570,1.0,1,118.0,1.0,0.0,0.0
574,1.0,1,29.989999771118164,1.0,0.0,0.0
577,1.0,1,30.0,1.0,0.0,0.0
585,3.0,1,219.27000045776367,1.0,0.0,0.0
587,2.0,1,163.0,1.0,0.0,0.0
589,1.0,1,12.149999618530272,1.0,0.0,0.0
606,2.0,1,38.380001068115234,1.0,0.0,0.0
609,1.0,1,25.0,1.0,0.0,0.0
610,1.0,1,21.989999771118164,1.0,0.0,0.0
614,1.0,1,19.5,1.0,0.0,0.0
633,1.0,1,45.880001068115234,1.0,0.0,0.0
636,2.0,1,58.46999931335449,1.0,0.0,0.0
637,1.0,1,65.0,1.0,0.0,0.0
640,3.0,1,81.01000118255615,1.0,0.0,0.0
641,1.0,1,35.0,1.0,0.0,0.0
644,2.0,1,239.9499969482422,1.0,0.0,0.0
645,1.0,1,24.989999771118164,1.0,0.0,0.0
647,1.0,1,48.0,1.0,0.0,0.0
650,1.0,2,50.7450008392334,1.0,494.0,0.0
655,2.0,1,298.5900115966797,1.0,0.0,0.0
657,2.0,1,89.7400016784668,1.0,0.0,0.0
663,1.0,1,12.630000114440918,1.0,0.0,0.0
667,2.0,1,267.35999298095703,1.0,0.0,0.0
669,1.0,2,33.24000072479248,1.0,37.0,0.0
674,1.0,1,20.989999771118164,1.0,0.0,0.0
679,1.0,1,69.87000274658203,1.0,0.0,0.0
682,2.0,1,137.95000076293945,1.0,0.0,0.0
685,1.0,2,72.0,1.0,321.0,0.0
686,3.0,1,133.6999969482422,1.0,0.0,0.0
687,1.0,1,13.800000190734863,1.0,0.0,0.0
690,1.0,1,30.0,1.0,0.0,0.0
696,1.0,1,38.0,1.0,0.0,0.0
699,1.0,1,20.0,1.0,0.0,0.0
701,1.0,1,25.0,1.0,0.0,0.0
702,1.0,1,16.989999771118164,1.0,0.0,0.0
715,2.0,2,62.5,1.0,433.0,0.0
717,1.0,1,42.9900016784668,1.0,0.0,0.0
723,4.0,1,252.44000244140625,1.0,0.0,0.0
724,4.0,1,511.3099994659424,1.0,0.0,0.0
725,1.0,2,96.0,1.0,96.0,0.0
728,1.0,1,28.799999237060547,1.0,0.0,0.0
733,1.0,1,11.079999923706056,1.0,0.0,0.0
734,1.0,1,29.0,1.0,0.0,0.0
740,1.0,1,43.0,1.0,0.0,0.0
749,1.0,1,94.94999694824216,1.0,0.0,0.0
750,3.0,1,131.0,1.0,0.0,0.0
753,2.0,1,59.0,1.0,0.0,0.0
759,1.0,1,63.560001373291016,1.0,0.0,0.0
764,1.0,1,11.340000152587892,1.0,0.0,0.0
769,3.0,1,243.89000701904297,1.0,0.0,0.0
775,3.0,2,302.9099979400635,1.0,17.0,0.0
776,1.0,1,36.450000762939446,1.0,0.0,0.0
777,1.0,1,25.0,1.0,0.0,0.0
778,1.5,2,33.239999771118164,1.0,703.0,0.0
780,4.0,1,269.4000015258789,1.0,0.0,0.0
788,1.0,1,84.98999786376953,1.0,0.0,0.0
790,1.0,1,34.95000076293945,1.0,0.0,0.0
791,1.0,1,25.0,1.0,0.0,0.0
792,1.0,1,39.4099998474121,1.0,0.0,0.0
796,1.5,2,38.28499984741211,1.0,277.0,0.0
799,1.0,1,13.75,1.0,0.0,0.0
804,1.0,1,12.979999542236328,1.0,0.0,0.0
806,1.0,1,79.98999786376953,1.0,0.0,0.0
807,1.0,1,299.0,1.0,0.0,0.0
816,4.0,1,316.9900016784668,1.0,0.0,0.0
820,1.0,1,195.3000030517578,1.0,0.0,0.0
825,2.0,1,103.62999725341797,1.0,0.0,0.0
826,1.0,1,79.5,1.0,0.0,0.0
828,1.0,1,16.3799991607666,1.0,0.0,0.0
834,2.0,2,66.22000026702881,1.0,479.0,0.0
835,1.0,1,69.98999786376953,1.0,0.0,0.0
839,1.0,1,99.98999786376952,1.0,0.0,0.0
840,1.0,1,59.9900016784668,1.0,0.0,0.0
842,1.0,1,18.0,1.0,0.0,0.0
854,2.5,2,102.74999952316284,1.0,244.0,0.0
861,4.0,1,252.82999801635742,1.0,0.0,0.0
862,1.0,2,20.09999990463257,1.0,2094.0,0.0
867,1.0,1,80.22000122070312,1.0,0.0,0.0
873,1.0,1,14.989999771118164,1.0,0.0,0.0
875,1.0,2,179.5,1.0,287.0,0.0
876,1.0,1,52.68999862670898,1.0,0.0,0.0
882,2.0,1,75.08000183105469,1.0,0.0,0.0
884,1.0,1,9.0,1.0,0.0,0.0
887,2.0,1,54.96999931335449,1.0,0.0,0.0
892,2.0,1,82.95000076293945,1.0,0.0,0.0
906,1.5,2,124.49499988555908,1.0,223.0,0.0
919,1.0,1,36.5,1.0,0.0,0.0
920,1.0,1,79.0,1.0,0.0,0.0
927,1.0,1,31.5,1.0,0.0,0.0
929,1.0,1,196.17999267578125,1.0,0.0,0.0
931,1.0,1,29.989999771118164,1.0,0.0,0.0
937,1.0,1,33.95000076293945,1.0,0.0,0.0
944,1.0,1,60.09000015258789,1.0,0.0,0.0
951,1.0,1,60.33000183105469,1.0,0.0,0.0
956,2.0,1,219.98999786376953,1.0,0.0,0.0
958,1.0,1,34.9900016784668,1.0,0.0,0.0
962,1.0,1,29.979999542236328,1.0,0.0,0.0
964,1.0,1,20.0,1.0,0.0,0.0
966,2.0,1,64.0,1.0,0.0,0.0
967,2.0,1,119.48999977111816,1.0,0.0,0.0
968,1.0,1,70.0,1.0,0.0,0.0
969,2.0,1,179.0,1.0,0.0,0.0
972,1.0,1,32.9900016784668,1.0,0.0,0.0
974,1.0,1,22.0,1.0,0.0,0.0
975,2.0,1,121.9900016784668,1.0,0.0,0.0
981,3.0,1,224.51000022888184,1.0,0.0,0.0
982,2.0,1,90.0,1.0,0.0,0.0
984,1.0,1,14.989999771118164,1.0,0.0,0.0
985,1.0,1,23.96999931335449,1.0,0.0,0.0
987,1.0,1,50.0,1.0,0.0,0.0
991,2.0,1,63.9900016784668,1.0,0.0,0.0
994,1.0,1,25.0,1.0,0.0,0.0
995,1.0,1,15.0,1.0,0.0,0.0
1004,1.0,1,24.989999771118164,1.0,0.0,0.0
1007,2.0,1,214.89999771118164,1.0,0.0,0.0
1008,2.0,1,129.98999786376953,1.0,0.0,0.0
1015,1.0,1,79.94999694824217,1.0,0.0,0.0
1016,1.0,1,29.950000762939453,1.0,0.0,0.0
1021,1.0,1,59.5,1.0,0.0,0.0
1025,1.0,1,32.97999954223633,1.0,0.0,0.0
1034,3.0,1,117.95000076293945,1.0,0.0,0.0
1042,1.0,1,45.0,1.0,0.0,0.0
1043,1.0,1,97.91000366210936,1.0,0.0,0.0
1044,2.0,1,113.95000076293945,1.0,0.0,0.0
1049,1.0,1,34.9900016784668,1.0,0.0,0.0
1052,1.0,1,19.0,1.0,0.0,0.0
1053,1.0,1,110.0,1.0,0.0,0.0
1058,2.0,1,31.979999542236328,1.0,0.0,0.0
1060,1.0,1,50.0,1.0,0.0,0.0
1063,1.0,1,99.0,1.0,0.0,0.0
1066,1.0,1,50.0,1.0,0.0,0.0
1070,1.0,1,71.44000244140625,1.0,0.0,0.0
1071,1.0,2,34.97500038146973,1.0,605.0,0.0
1074,1.0,1,25.0,1.0,0.0,0.0
1083,2.0,1,234.89999389648438,1.0,0.0,0.0
1089,1.5,2,263.0,1.0,22.0,0.0
1092,4.0,1,148.18999671936032,1.0,0.0,0.0
1093,1.0,1,110.25,1.0,0.0,0.0
1095,2.0,1,108.64999961853027,1.0,0.0,0.0
1096,2.0,1,157.98999786376953,1.0,0.0,0.0
1104,1.0,1,24.989999771118164,1.0,0.0,0.0
1107,2.0,1,94.26000213623047,1.0,0.0,0.0
1109,1.0,1,22.0,1.0,0.0,0.0
1112,2.0,1,117.97999954223633,1.0,0.0,0.0
1118,4.0,1,159.479998588562,1.0,0.0,0.0
1119,1.5,2,70.45999908447266,1.0,621.0,0.0
1122,1.0,1,59.0,1.0,0.0,0.0
1125,2.0,1,140.95000076293945,1.0,0.0,0.0
1126,2.0,1,64.98000144958496,1.0,0.0,0.0
1130,1.0,1,23.989999771118164,1.0,0.0,0.0
1132,1.0,1,74.94999694824217,1.0,0.0,0.0
1139,2.0,1,53.950000047683716,1.0,0.0,0.0
1140,1.0,1,9.010000228881838,1.0,0.0,0.0
1153,1.0,1,12.729999542236328,1.0,0.0,0.0
1156,1.0,1,325.0,1.0,0.0,0.0
1159,1.0,1,166.0,1.0,0.0,0.0
1168,1.0,1,38.400001525878906,1.0,0.0,0.0
1171,1.0,1,260.44000244140625,1.0,0.0,0.0
1176,4.0,1,221.48000144958496,1.0,0.0,0.0
1177,4.0,1,337.9300079345703,1.0,0.0,0.0
1178,1.0,1,25.0,1.0,0.0,0.0
1183,1.0,1,59.0,1.0,0.0,0.0
1192,2.0,1,156.4400053024292,1.0,0.0,0.0
1196,2.0,1,90.97000122070312,1.0,0.0,0.0
1198,2.0,1,81.9900016784668,1.0,0.0,0.0
1202,1.0,1,20.0,1.0,0.0,0.0
1216,1.0,1,44.9900016784668,1.0,0.0,0.0
1217,1.0,1,39.9900016784668,1.0,0.0,0.0
1218,1.0,1,51.9900016784668,1.0,0.0,0.0
1235,1.0,1,44.9900016784668,1.0,0.0,0.0
1243,1.0,1,49.0,1.0,0.0,0.0
1249,1.0,1,25.0,1.0,0.0,0.0
1250,1.5,2,63.64500045776368,1.0,122.0,0.0
1252,4.0,1,135.94000053405762,1.0,0.0,0.0
1257,1.0,1,29.989999771118164,1.0,0.0,0.0
1263,1.0,1,45.0,1.0,0.0,0.0
1265,1.0,1,119.9499969482422,1.0,0.0,0.0
1270,1.0,3,24.12999979654948,1.0,42.5,12.020815280171307
1271,2.0,1,44.489999771118164,1.0,0.0,0.0
1277,1.0,2,53.5,1.0,124.0,0.0
1288,2.0,1,43.989999771118164,1.0,0.0,0.0
1290,2.0,1,134.94000244140625,1.0,0.0,0.0
1293,1.0,1,69.0,1.0,0.0,0.0
1297,1.0,1,56.0,1.0,0.0,0.0
1298,1.25,4,42.325000524520874,1.0,185.66666666666666,104.84432904708453
1312,2.0,1,143.1099967956543,1.0,0.0,0.0
1319,1.5,2,185.96999740600586,1.0,4.0,0.0
1320,1.0,1,85.0,1.0,0.0,0.0
1321,1.0,1,44.950000762939446,1.0,0.0,0.0
1332,2.0,1,72.98999977111816,1.0,0.0,0.0
1336,2.0,1,69.5,1.0,0.0,0.0
1338,2.0,1,161.1999969482422,1.0,0.0,0.0
1345,2.0,1,133.93999862670896,1.0,0.0,0.0
1351,1.0,1,25.0,1.0,0.0,0.0
1352,1.0,1,12.989999771118164,1.0,0.0,0.0
1353,1.0,1,22.989999771118164,1.0,0.0,0.0
1354,1.0,1,42.0,1.0,0.0,0.0
1355,2.0,1,94.93999671936035,1.0,0.0,0.0
1357,2.0,2,139.81000328063965,1.0,765.0,0.0
1361,2.0,1,335.9900016784668,1.0,0.0,0.0
1364,1.0,1,158.0,1.0,0.0,0.0
1367,3.0,1,325.25,1.0,0.0,0.0
1368,3.0,1,102.9800033569336,1.0,0.0,0.0
1369,1.0,1,25.0,1.0,0.0,0.0
1372,1.0,1,19.989999771118164,1.0,0.0,0.0
1374,3.0,1,165.88000106811523,1.0,0.0,0.0
1382,1.0,1,54.950000762939446,1.0,0.0,0.0
1383,1.0,1,52.0,1.0,0.0,0.0
1387,1.0,1,11.989999771118164,1.0,0.0,0.0
1388,4.0,1,151.9399995803833,1.0,0.0,0.0
1393,1.0,1,29.989999771118164,1.0,0.0,0.0
1398,2.0,1,124.0,1.0,0.0,0.0
1399,4.0,1,211.75,1.0,0.0,0.0
1402,1.0,1,161.0,1.0,0.0,0.0
1404,1.0,1,3.390000104904175,1.0,0.0,0.0
1407,1.0,1,75.0,1.0,0.0,0.0
1409,3.0,1,329.69999980926514,1.0,0.0,0.0
1411,1.0,1,14.829999923706056,1.0,0.0,0.0
1413,1.0,1,34.95000076293945,1.0,0.0,0.0
1417,3.0,1,108.45999908447266,1.0,0.0,0.0
1421,2.0,1,209.9900016784668,1.0,0.0,0.0
1435,1.0,1,61.7400016784668,1.0,0.0,0.0
1436,1.0,1,139.99000549316406,1.0,0.0,0.0
1439,1.0,1,19.989999771118164,1.0,0.0,0.0
1448,4.0,1,343.93999099731445,1.0,0.0,0.0
1455,2.0,2,239.125,1.0,67.0,0.0
1458,2.0,1,226.98999977111816,1.0,0.0,0.0
1462,1.0,1,28.0,1.0,0.0,0.0
1463,1.0,1,119.4499969482422,1.0,0.0,0.0
1467,1.0,1,13.06999969482422,1.0,0.0,0.0
1470,1.0,1,14.010000228881836,1.0,0.0,0.0
1472,1.0,1,44.9900016784668,1.0,0.0,0.0
1477,2.0,1,133.32999992370605,1.0,0.0,0.0
1478,1.0,1,218.4900054931641,1.0,0.0,0.0
1483,1.0,1,195.0,1.0,0.0,0.0
1484,2.0,1,58.989999771118164,1.0,0.0,0.0
1502,1.0,1,28.0,1.0,0.0,0.0
1503,1.0,1,157.5,1.0,0.0,0.0
1504,1.0,1,53.34999847412109,1.0,0.0,0.0
1511,1.0,1,31.590000152587887,1.0,0.0,0.0
1514,1.0,1,89.0,1.0,0.0,0.0
1517,2.0,1,86.0,1.0,0.0,0.0
1519,1.0,1,25.0,1.0,0.0,0.0
1523,1.0,1,109.5,1.0,0.0,0.0
1524,1.75,4,127.30000352859497,1.0,87.33333333333333,44.410959608336924
1527,2.0,1,268.9499969482422,1.0,0.0,0.0
1529,1.0,1,99.0,1.0,0.0,0.0
1535,1.0,1,8.819999694824217,1.0,0.0,0.0
1537,1.0,3,78.31000169118246,1.0,147.0,155.56349186104046
1545,1.0,2,56.5,1.0,910.0,0.0
1546,1.0,1,79.94999694824217,1.0,0.0,0.0
1550,1.0,1,8.75,1.0,0.0,0.0
1551,1.0,1,39.58000183105469,1.0,0.0,0.0
1559,4.0,1,152.95000076293945,1.0,0.0,0.0
1568,1.0,3,101.6966667175293,1.0,199.0,227.6883835420683
1574,1.0,1,44.9900016784668,1.0,0.0,0.0
1575,1.0,1,3.75,1.0,0.0,0.0
1577,1.0,1,25.0,1.0,0.0,0.0
1584,1.0,1,50.0,1.0,0.0,0.0
1586,1.0,1,39.9900016784668,1.0,0.0,0.0
1590,1.0,1,17.75,1.0,0.0,0.0
1594,1.0,1,28.0,1.0,0.0,0.0
1597,1.0,1,78.0,1.0,0.0,0.0
1602,1.0,1,25.0,1.0,0.0,0.0
1603,1.0,1,158.0,1.0,0.0,0.0
1610,2.0,1,109.98999977111816,1.0,0.0,0.0
1612,1.0,1,50.0,1.0,0.0,0.0
1621,1.0,1,18.989999771118164,1.0,0.0,0.0
1623,1.0,1,79.98999786376953,1.0,0.0,0.0
1630,1.0,1,64.0,1.0,0.0,0.0
1632,1.0,1,55.950000762939446,1.0,0.0,0.0
1641,1.0,1,65.0,1.0,0.0,0.0
1642,2.0,1,70.9000015258789,1.0,0.0,0.0
1644,1.0,1,178.0,1.0,0.0,0.0
1646,1.0,1,49.9900016784668,1.0,0.0,0.0
1652,1.0,1,12.989999771118164,1.0,0.0,0.0
1663,2.5,2,160.77999877929688,1.0,39.0,0.0
1672,1.0,1,250.0,1.0,0.0,0.0
1673,1.5,2,45.6899995803833,1.0,178.0,0.0
1683,2.5,2,147.72499656677246,1.0,70.0,0.0
1692,1.0,1,903.0,1.0,0.0,0.0
1698,1.0,1,215.8000030517578,1.0,0.0,0.0
1702,2.0,1,118.5,1.0,0.0,0.0
1707,1.0,2,183.11500549316406,1.0,61.0,0.0
1708,1.0,1,85.0999984741211,1.0,0.0,0.0
1709,1.0,1,25.0,1.0,0.0,0.0
1712,2.0,1,39.95000076293945,1.0,0.0,0.0
1716,2.3333333333333335,3,200.11000061035156,1.0,458.5,608.8189386016174
1720,1.0,1,25.0,1.0,0.0,0.0
1722,1.0,1,42.0,1.0,0.0,0.0
1733,2.0,1,107.69999694824217,1.0,0.0,0.0
1735,2.0,1,85.93999862670898,1.0,0.0,0.0
1739,2.0,1,88.95000076293945,1.0,0.0,0.0
1740,1.0,1,23.190000534057617,1.0,0.0,0.0
1742,2.0,1,78.96000099182129,1.0,0.0,0.0
1743,2.0,1,34.97999954223633,1.0,0.0,0.0
1746,1.0,1,27.989999771118164,1.0,0.0,0.0
1753,2.0,1,56.53000068664551,1.0,0.0,0.0
1755,2.0,1,20.31999969482422,1.0,0.0,0.0
1757,1.0,1,14.989999771118164,1.0,0.0,0.0
1760,1.0,1,49.0,1.0,0.0,0.0
1761,2.0,1,205.02000045776367,1.0,0.0,0.0
1764,1.0,1,55.0,1.0,0.0,0.0
1767,1.0,1,12.130000114440918,1.0,0.0,0.0
1772,1.0,1,89.5999984741211,1.0,0.0,0.0
1773,1.0,1,49.0,1.0,0.0,0.0
1774,1.0,1,27.989999771118164,1.0,0.0,0.0
1775,1.0,1,68.61000061035156,1.0,0.0,0.0
1776,2.5,2,107.13500213623047,1.0,501.0,0.0
1777,1.5,2,133.75,1.0,196.0,0.0
1779,1.0,1,49.5,1.0,0.0,0.0
1787,1.0,1,41.29999923706056,1.0,0.0,0.0
1791,1.0,1,99.0,1.0,0.0,0.0
1792,1.0,1,159.0,1.0,0.0,0.0
1793,1.0,1,25.0,1.0,0.0,0.0
1797,1.0,1,26.0,1.0,0.0,0.0
1801,2.0,1,169.93999862670896,1.0,0.0,0.0
1802,2.0,1,55.989999771118164,1.0,0.0,0.0
1808,1.0,1,54.0,1.0,0.0,0.0
1809,1.0,1,99.0,1.0,0.0,0.0
1810,1.5,2,202.99000072479248,1.0,179.0,0.0
1814,1.0,1,16.75,1.0,0.0,0.0
1822,2.0,1,48.989999771118164,1.0,0.0,0.0
1823,1.0,1,279.989990234375,1.0,0.0,0.0
1827,1.0,1,32.9900016784668,1.0,0.0,0.0
1830,1.0,1,98.0,1.0,0.0,0.0
1836,1.0,1,182.0,1.0,0.0,0.0
1840,1.0,1,26.989999771118164,1.0,0.0,0.0
1842,1.0,1,308.0,1.0,0.0,0.0
1850,2.0,1,69.97999954223633,1.0,0.0,0.0
1855,1.0,2,92.2249984741211,1.0,66.0,0.0
1857,1.0,1,29.989999771118164,1.0,0.0,0.0
1867,1.0,1,8.0,1.0,0.0,0.0
1870,1.0,1,60.0,1.0,0.0,0.0
1881,1.0,1,28.799999237060547,1.0,0.0,0.0
1882,1.0,1,29.989999771118164,1.0,0.0,0.0
1885,3.0,1,504.31999015808105,1.0,0.0,0.0
1886,1.0,1,59.9900016784668,1.0,0.0,0.0
1890,1.0,1,109.98999786376952,1.0,0.0,0.0
1893,1.0,1,39.950000762939446,1.0,0.0,0.0
1894,2.0,1,307.0,1.0,0.0,0.0
1899,1.0,1,11.989999771118164,1.0,0.0,0.0
1900,1.0,1,69.98999786376953,1.0,0.0,0.0
1906,1.3333333333333333,3,48.46333376566569,1.0,477.0,510.5310960166873
1908,1.0,1,39.97999954223633,1.0,0.0,0.0
1910,2.0,1,22.9399995803833,1.0,0.0,0.0
1913,1.0,1,42.5,1.0,0.0,0.0
1914,3.0,1,227.47000122070312,1.0,0.0,0.0
1926,2.0,1,94.94000244140625,1.0,0.0,0.0
1932,3.0,1,241.3899993896484,1.0,0.0,0.0
1935,4.0,1,1075.9599990844727,1.0,0.0,0.0
1942,4.0,1,113.58000087738037,1.0,0.0,0.0
1950,3.0,1,214.45000076293945,1.0,0.0,0.0
1951,1.0,1,19.989999771118164,1.0,0.0,0.0
1953,1.0,1,125.0,1.0,0.0,0.0
1959,1.0,1,64.0,1.0,0.0,0.0
1968,1.0,1,8.0,1.0,0.0,0.0
1981,2.0,1,80.94000053405762,1.0,0.0,0.0
1982,2.0,1,47.78999900817871,1.0,0.0,0.0
1983,1.0,1,36.0,1.0,0.0,0.0
1992,1.0,1,308.0,1.0,0.0,0.0
1996,2.0,1,39.28000068664551,1.0,0.0,0.0
1997,4.0,1,252.34000205993652,1.0,0.0,0.0
1998,2.0,1,56.04999923706055,1.0,0.0,0.0
2006,2.0,1,49.0,1.0,0.0,0.0
2012,1.0,1,24.950000762939453,1.0,0.0,0.0
2013,1.0,1,20.0,1.0,0.0,0.0
2015,1.0,1,25.0,1.0,0.0,0.0
2017,1.0,1,10.979999542236328,1.0,0.0,0.0
2020,1.6666666666666667,3,130.33666610717773,1.0,299.5,86.97413408594535
2026,1.0,1,35.9900016784668,1.0,0.0,0.0
2028,1.0,1,88.0,1.0,0.0,0.0
2032,1.5,2,213.23500061035156,1.0,428.0,0.0
2036,1.0,1,26.0,1.0,0.0,0.0
2037,1.0,1,23.979999542236328,1.0,0.0,0.0
2038,1.0,1,127.08000183105467,1.0,0.0,0.0
2039,1.0,1,30.0,1.0,0.0,0.0
2040,1.0,1,25.0,1.0,0.0,0.0
2044,1.0,1,89.0,1.0,0.0,0.0
2049,1.0,1,138.0,1.0,0.0,0.0
2051,4.0,1,184.22000122070312,1.0,0.0,0.0
2059,1.0,1,99.0,1.0,0.0,0.0
2063,4.0,1,124.04000186920166,1.0,0.0,0.0
2067,1.0,1,21.36000061035156,1.0,0.0,0.0
2075,2.0,1,257.5,1.0,0.0,0.0
2077,1.0,1,21.989999771118164,1.0,0.0,0.0
2084,1.0,1,69.9000015258789,1.0,0.0,0.0
2088,1.0,1,245.94999694824216,1.0,0.0,0.0
2091,1.0,1,49.5,1.0,0.0,0.0
2093,1.0,1,7.989999771118163,1.0,0.0,0.0
2095,1.0,2,31.225000381469723,1.0,1404.0,0.0
2100,1.0,1,78.0,1.0,0.0,0.0
2101,1.0,1,134.9499969482422,1.0,0.0,0.0
2105,4.0,1,252.9900016784668,1.0,0.0,0.0
2110,1.0,1,235.0,1.0,0.0,0.0
2111,1.0,1,22.479999542236328,1.0,0.0,0.0
2112,1.0,1,13.989999771118164,1.0,0.0,0.0
2113,2.0,1,72.48999786376953,1.0,0.0,0.0
2114,1.0,1,10.0,1.0,0.0,0.0
2115,1.0,1,16.989999771118164,1.0,0.0,0.0
2121,2.0,1,73.38999938964844,1.0,0.0,0.0
2124,1.0,1,199.9900054931641,1.0,0.0,0.0
2129,1.0,1,134.97999572753906,1.0,0.0,0.0
2135,1.0,1,25.0,1.0,0.0,0.0
2140,1.0,1,39.9900016784668,1.0,0.0,0.0
2146,2.0,1,75.4900016784668,1.0,0.0,0.0
2151,1.0,1,46.0,1.0,0.0,0.0
2152,1.0,1,50.0,1.0,0.0,0.0
2154,1.0,1,8.739999771118164,1.0,0.0,0.0
2155,1.0,1,29.5,1.0,0.0,0.0
2158,1.5,2,70.97500038146973,1.0,108.0,0.0
2164,2.0,1,186.48999786376953,1.0,0.0,0.0
2165,2.0,1,107.44999694824217,1.0,0.0,0.0
2171,2.0,1,225.5,1.0,0.0,0.0
2173,1.0,1,25.0,1.0,0.0,0.0
2175,1.0,1,35.0,1.0,0.0,0.0
2176,1.0,1,83.30000305175781,1.0,0.0,0.0
2181,2.0,1,79.94000053405762,1.0,0.0,0.0
2185,2.0,1,142.12999725341797,1.0,0.0,0.0
2187,1.0,1,97.5,1.0,0.0,0.0
2188,2.0,1,217.9900016784668,1.0,0.0,0.0
2193,1.0,1,33.0,1.0,0.0,0.0
2194,1.0,1,60.9900016784668,1.0,0.0,0.0
2200,1.0,1,170.0,1.0,0.0,0.0
2202,1.0,1,66.5999984741211,1.0,0.0,0.0
2203,1.0,1,92.0,1.0,0.0,0.0
2206,1.0,1,69.0,1.0,0.0,0.0
2210,4.0,1,132.45000076293945,1.0,0.0,0.0
2226,1.0,1,79.0,1.0,0.0,0.0
2232,1.0,1,399.0,1.0,0.0,0.0
2239,1.0,1,9.949999809265137,1.0,0.0,0.0
2241,1.0,1,9.020000457763674,1.0,0.0,0.0
2243,3.0,1,471.4799995422363,1.0,0.0,0.0
2244,4.0,1,313.4300003051758,1.0,0.0,0.0
2246,1.0,1,17.989999771118164,1.0,0.0,0.0
2248,1.0,1,49.950000762939446,1.0,0.0,0.0
2253,1.0,1,59.970001220703125,1.0,0.0,0.0
2254,2.0,1,96.45999908447266,1.0,0.0,0.0
2255,1.0,1,19.989999771118164,1.0,0.0,0.0
2259,2.0,1,127.0,1.0,0.0,0.0
2263,1.0,1,12.0,1.0,0.0,0.0
2266,1.0,1,29.989999771118164,1.0,0.0,0.0
2270,1.0,1,13.989999771118164,1.0,0.0,0.0
2278,1.0,1,50.0,1.0,0.0,0.0
2279,4.0,1,220.55999755859375,1.0,0.0,0.0
2280,1.0,1,18.5,1.0,0.0,0.0
2281,2.0,1,36.96999931335449,1.0,0.0,0.0
2283,1.0,1,46.0,1.0,0.0,0.0
2286,1.0,1,79.0,1.0,0.0,0.0
2291,2.0,1,75.0,1.0,0.0,0.0
2301,2.0,1,99.13000011444092,1.0,0.0,0.0
2305,1.0,1,29.5,1.0,0.0,0.0
2306,1.0,1,12.899999618530272,1.0,0.0,0.0
2307,2.0,1,64.9000015258789,1.0,0.0,0.0
2319,1.0,1,47.16999816894531,1.0,0.0,0.0
2321,1.0,1,48.950000762939446,1.0,0.0,0.0
2322,1.0,1,46.0,1.0,0.0,0.0
2325,1.0,1,999.0,1.0,0.0,0.0
2327,1.0,1,118.0,1.0,0.0,0.0
2329,1.0,1,49.950000762939446,1.0,0.0,0.0
2343,1.0,1,54.950000762939446,1.0,0.0,0.0
2358,1.0,2,36.47499990463257,1.0,1579.0,0.0
2360,1.0,1,26.989999771118164,1.0,0.0,0.0
2364,2.0,1,131.97999954223633,1.0,0.0,0.0
2365,2.0,1,57.529998779296875,1.0,0.0,0.0
2369,1.0,1,70.0,1.0,0.0,0.0
2372,1.0,1,25.0,1.0,0.0,0.0
2386,2.0,1,194.4000015258789,1.0,0.0,0.0
2387,1.0,1,19.989999771118164,1.0,0.0,0.0
2392,1.0,1,86.98999786376953,1.0,0.0,0.0
2394,2.0,2,82.55500030517578,1.0,757.0,0.0
2399,1.0,1,99.94999694824216,1.0,0.0,0.0
2402,3.0,2,179.74000024795532,1.0,266.0,0.0
2404,1.0,3,63.0,1.0,308.0,304.05591591021545
2406,1.0,1,75.0,1.0,0.0,0.0
2407,1.0,1,54.5,1.0,0.0,0.0
2409,4.0,1,158.5999984741211,1.0,0.0,0.0
2414,1.0,1,10.9399995803833,1.0,0.0,0.0
2424,1.0,1,20.86000061035156,1.0,0.0,0.0
2428,1.0,1,20.0,1.0,0.0,0.0
2430,1.0,1,59.0,1.0,0.0,0.0
2434,1.0,1,23.200000762939453,1.0,0.0,0.0
2438,1.0,1,15.979999542236328,1.0,0.0,0.0
2441,2.3333333333333335,3,152.9333340326945,1.0,487.5,67.17514421272202
2442,3.0,2,160.60999965667725,1.0,36.0,0.0
2443,1.5,2,47.95000076293945,1.0,317.0,0.0
2447,2.0,1,55.0,1.0,0.0,0.0
2454,1.0,1,179.9499969482422,1.0,0.0,0.0
2459,1.0,1,54.950000762939446,1.0,0.0,0.0
2461,4.0,1,136.81999969482422,1.0,0.0,0.0
2464,1.5,2,77.48999977111816,1.0,739.0,0.0
2465,2.0,1,90.98999786376953,1.0,0.0,0.0
2466,1.0,1,68.98999786376953,1.0,0.0,0.0
2467,1.0,1,6.5,1.0,0.0,0.0
2469,1.0,2,36.5,1.0,379.0,0.0
2470,1.0,1,42.95000076293945,2.0,1.0,0.0
2471,1.0,1,59.5,1.0,0.0,0.0
2473,1.0,1,19.989999771118164,1.0,0.0,0.0
2474,4.0,1,59.469999313354485,1.0,0.0,0.0
2481,2.0,1,121.9900016784668,1.0,0.0,0.0
2484,2.0,1,67.9000015258789,1.0,0.0,0.0
2485,4.0,1,251.31000137329102,1.0,0.0,0.0
2487,1.0,1,17.989999771118164,1.0,0.0,0.0
2490,1.0,1,69.48999786376953,1.0,0.0,0.0
2506,1.0,1,30.0,1.0,0.0,0.0
2507,1.0,1,41.950000762939446,1.0,0.0,0.0
2508,1.0,1,49.9900016784668,1.0,0.0,0.0
2511,1.0,1,34.9900016784668,1.0,0.0,0.0
2513,1.0,1,12.630000114440918,1.0,0.0,0.0
2515,1.0,1,27.950000762939453,1.0,0.0,0.0
2517,1.0,1,82.0,1.0,0.0,0.0
2526,2.0,1,121.0,1.0,0.0,0.0
2528,1.0,1,26.950000762939453,1.0,0.0,0.0
2535,1.0,1,22.989999771118164,1.0,0.0,0.0
2537,1.0,1,49.9900016784668,1.0,0.0,0.0
2544,2.0,1,169.98999977111816,1.0,0.0,0.0
2556,1.0,1,25.0,1.0,0.0,0.0
2557,1.0,1,105.0,1.0,0.0,0.0
2561,1.0,1,142.5,1.0,0.0,0.0
2565,1.5,2,74.82499885559082,1.0,637.0,0.0
2569,1.0,1,85.0,1.0,0.0,0.0
2572,1.0,1,70.0,1.0,0.0,0.0
2575,1.0,1,154.99000549316406,1.0,0.0,0.0
2577,1.0,1,32.900001525878906,1.0,0.0,0.0
2583,1.0,1,7.989999771118163,1.0,0.0,0.0
2585,3.0,1,568.0599994659424,1.0,0.0,0.0
2590,1.0,1,60.09000015258789,1.0,0.0,0.0
2591,1.0,1,30.0,1.0,0.0,0.0
2594,1.0,1,25.0,1.0,0.0,0.0
2598,1.0,1,26.81999969482421,1.0,0.0,0.0
2602,2.0,1,91.09000015258789,1.0,0.0,0.0
2606,1.0,1,3.5,1.0,0.0,0.0
2611,1.0,1,14.949999809265137,1.0,0.0,0.0
2621,2.0,1,124.0,1.0,0.0,0.0
2622,4.0,1,234.77000045776367,1.0,0.0,0.0
2623,4.0,1,301.93000411987305,1.0,0.0,0.0
2625,1.0,1,49.950000762939446,1.0,0.0,0.0
2627,1.0,1,104.98999786376952,1.0,0.0,0.0
2629,2.0,1,195.29000091552734,1.0,0.0,0.0
2641,1.0,2,30.5,1.0,1167.0,0.0
2642,2.0,1,42.989999771118164,1.0,0.0,0.0
2646,1.0,1,39.9900016784668,1.0,0.0,0.0
2651,1.0,1,145.0,1.0,0.0,0.0
2653,1.0,1,133.3699951171875,1.0,0.0,0.0
2655,1.0,1,19.989999771118164,1.0,0.0,0.0
2656,2.0,1,84.8799991607666,1.0,0.0,0.0
2662,1.0,1,368.0,1.0,0.0,0.0
2664,1.5,2,68.69500160217285,1.0,1060.0,0.0
2667,3.0,1,540.5900077819824,1.0,0.0,0.0
2671,2.0,1,20.769999504089355,1.0,0.0,0.0
2672,2.0,1,58.650001525878906,1.0,0.0,0.0
2676,2.0,1,57.47999954223633,1.0,0.0,0.0
2678,1.0,2,84.46999931335449,1.0,554.0,0.0
2681,4.0,1,364.94999980926514,1.0,0.0,0.0
2688,1.0,1,49.97999954223633,1.0,0.0,0.0
2689,2.0,1,32.97999954223633,1.0,0.0,0.0
2693,1.0,1,41.560001373291016,1.0,0.0,0.0
2694,2.0,1,147.98999977111816,1.0,0.0,0.0
2701,2.0,1,55.0,1.0,0.0,0.0
2702,1.0,1,125.0,1.0,0.0,0.0
2712,1.0,1,175.0,1.0,0.0,0.0
2717,1.0,1,22.0,1.0,0.0,0.0
2723,1.0,2,27.47000026702881,1.0,296.0,0.0
2725,1.0,1,34.45000076293945,1.0,0.0,0.0
2728,1.5,2,172.4749984741211,1.0,720.0,0.0
2731,1.0,1,24.989999771118164,1.0,0.0,0.0
2734,1.0,1,29.989999771118164,1.0,0.0,0.0
2735,4.0,1,394.99000549316406,1.0,0.0,0.0
2738,4.0,1,343.11999893188477,1.0,0.0,0.0
2740,1.0,1,84.94999694824217,1.0,0.0,0.0
2744,1.0,1,52.61000061035156,1.0,0.0,0.0
2747,1.0,1,12.140000343322754,1.0,0.0,0.0
2750,1.0,1,14.06999969482422,1.0,0.0,0.0
2753,1.0,1,14.989999771118164,1.0,0.0,0.0
2754,2.0,1,179.45000076293945,1.0,0.0,0.0
2771,1.0,1,196.0,1.0,0.0,0.0
2772,1.0,1,21.0,1.0,0.0,0.0
2774,1.0,1,56.880001068115234,1.0,0.0,0.0
2777,1.5,2,56.860000133514404,1.0,385.0,0.0
2778,1.0,2,34.01999950408936,1.0,962.0,0.0
2782,1.5,2,72.82500171661377,1.0,109.0,0.0
2783,1.0,1,9.0,1.0,0.0,0.0
2787,1.0,1,29.989999771118164,1.0,0.0,0.0
2792,1.0,1,106.9499969482422,1.0,0.0,0.0
2800,2.0,1,52.94000053405762,1.0,0.0,0.0
2805,1.0,1,14.989999771118164,1.0,0.0,0.0
2806,2.0,1,89.4900016784668,1.0,0.0,0.0
2808,3.0,1,159.5,1.0,0.0,0.0
2812,2.0,1,34.5,1.0,0.0,0.0
2814,1.0,2,20.484999656677246,1.0,453.0,0.0
2820,1.0,1,54.0,1.0,0.0,0.0
2822,1.0,1,49.9900016784668,1.0,0.0,0.0
2824,1.0,1,16.989999771118164,1.0,0.0,0.0
2825,3.0,1,199.69000053405762,1.0,0.0,0.0
2829,1.0,1,29.989999771118164,1.0,0.0,0.0
2830,1.0,1,15.0,1.0,0.0,0.0
2831,1.0,1,19.989999771118164,1.0,0.0,0.0
2834,1.0,1,23.89999961853028,1.0,0.0,0.0
2837,1.0,1,18.0,1.0,0.0,0.0
2838,1.0,2,54.19000005722046,1.0,112.0,0.0
2842,2.0,1,92.98000144958496,1.0,0.0,0.0
2844,1.0,1,21.989999771118164,1.0,0.0,0.0
2848,3.0,1,88.52999830245972,1.0,0.0,0.0
2850,4.0,1,94.82999992370605,1.0,0.0,0.0
2859,1.5,2,53.184998512268066,1.0,289.0,0.0
2860,1.6666666666666667,3,60.80999946594238,1.0,640.0,258.8010819142764
2864,1.0,1,12.989999771118164,1.0,0.0,0.0
2865,1.0,1,20.0,1.0,0.0,0.0
2867,1.0,1,52.709999084472656,1.0,0.0,0.0
2871,2.0,1,222.98999977111816,1.0,0.0,0.0
2874,1.0,1,44.0,1.0,0.0,0.0
2876,1.0,1,40.0,1.0,0.0,0.0
2877,1.0,1,106.4900016784668,2.0,4.0,0.0
2878,1.0,1,19.5,1.0,0.0,0.0
2889,2.0,1,108.5,1.0,0.0,0.0
2894,1.0,1,29.5,1.0,0.0,0.0
2916,1.0,1,19.989999771118164,1.0,0.0,0.0
2917,3.0,2,372.17999935150146,1.0,1196.0,0.0
2923,1.0,1,10.770000457763672,1.0,0.0,0.0
2929,1.0,2,25.99000072479248,1.0,193.0,0.0
2930,1.0,1,7.989999771118163,1.0,0.0,0.0
2933,1.0,1,28.989999771118164,1.0,0.0,0.0
2934,1.0,2,68.2450008392334,1.0,374.0,0.0
2936,1.0,1,6.989999771118164,1.0,0.0,0.0
2941,1.0,1,34.75,1.0,0.0,0.0
2943,2.0,1,110.95000076293945,1.0,0.0,0.0
2945,4.0,1,208.2700071334839,1.0,0.0,0.0
2948,2.0,1,74.9900016784668,1.0,0.0,0.0
2949,1.0,1,13.899999618530272,1.0,0.0,0.0
2952,2.0,1,95.4900016784668,1.0,0.0,0.0
2957,1.0,1,39.9900016784668,1.0,0.0,0.0
2958,2.0,2,145.97500038146973,1.0,125.0,0.0
2964,1.0,1,10.800000190734863,1.0,0.0,0.0
2981,4.0,1,98.47000122070312,1.0,0.0,0.0
2982,2.0,1,76.4000015258789,1.0,0.0,0.0
2984,1.0,1,19.989999771118164,1.0,0.0,0.0
2985,4.0,1,268.98000144958496,1.0,0.0,0.0
2989,1.0,1,44.9900016784668,1.0,0.0,0.0
2991,1.0,1,72.98999786376953,1.0,0.0,0.0
2996,3.0,1,132.5,1.0,0.0,0.0
2997,1.3333333333333333,2,77.92000007629395,1.5,61.5,77.07463914933368
3011,2.6666666666666665,3,176.12333234151205,1.0,331.5,160.51323932934628
3014,1.0,1,12.199999809265137,1.0,0.0,0.0
3024,2.0,2,113.89500141143799,1.0,933.0,0.0
3030,1.0,1,44.0,1.0,0.0,0.0
3034,2.0,1,158.9900016784668,1.0,0.0,0.0
3035,1.0,1,19.989999771118164,1.0,0.0,0.0
3039,1.0,1,78.0,1.0,0.0,0.0
3049,1.0,1,115.0,1.0,0.0,0.0
3056,2.0,1,89.4000015258789,1.0,0.0,0.0
3058,1.0,1,62.0,1.0,0.0,0.0
3060,1.0,1,21.989999771118164,1.0,0.0,0.0
3061,2.0,1,123.98999786376953,1.0,0.0,0.0
3064,2.0,1,106.95000076293945,1.0,0.0,0.0
3066,1.3333333333333333,3,33.29999987284342,1.0,182.5,190.21172413918129
3068,1.0,1,64.5,1.0,0.0,0.0
3071,1.0,1,16.989999771118164,1.0,0.0,0.0
3072,2.0,1,102.94000244140625,1.0,0.0,0.0
3073,1.0,1,135.0,1.0,0.0,0.0
3074,1.0,1,34.900001525878906,1.0,0.0,0.0
3075,1.5,2,176.92500019073486,1.0,249.0,0.0
3080,1.0,1,55.29999923706056,1.0,0.0,0.0
3083,1.0,1,45.9900016784668,1.0,0.0,0.0
3086,1.0,1,19.989999771118164,1.0,0.0,0.0
3091,1.0,1,9.989999771118164,1.0,0.0,0.0
3094,2.0,1,56.0,1.0,0.0,0.0
3098,2.0,1,118.5,1.0,0.0,0.0
3100,1.0,1,29.979999542236328,1.0,0.0,0.0
3110,1.0,1,60.0,1.0,0.0,0.0
3111,1.0,1,21.989999771118164,1.0,0.0,0.0
3112,2.0,1,73.98999977111816,1.0,0.0,0.0
3116,1.0,1,79.0,1.0,0.0,0.0
3117,1.0,2,36.30000019073486,1.0,51.0,0.0
3119,4.0,1,76.27000045776367,1.0,0.0,0.0
3120,1.0,1,79.0,1.0,0.0,0.0
3121,2.0,1,197.98999786376953,1.0,0.0,0.0
3133,4.0,1,139.04000091552734,1.0,0.0,0.0
3134,1.0,2,49.81499958038331,1.0,1251.0,0.0
3139,1.0,1,64.94999694824219,1.0,0.0,0.0
3161,2.0,1,129.48999786376953,1.0,0.0,0.0
3164,1.0,1,62.0,1.0,0.0,0.0
3168,2.0,1,162.45000076293945,1.0,0.0,0.0
3170,2.0,1,78.0,1.0,0.0,0.0
3175,1.0,1,98.0,1.0,0.0,0.0
3182,1.0,2,48.77500057220459,1.0,247.0,0.0
3186,1.0,1,79.0,1.0,0.0,0.0
3194,2.0,1,85.93999862670898,1.0,0.0,0.0
3197,2.5,2,137.70000076293945,1.0,297.0,0.0
3203,1.0,1,42.0,1.0,0.0,0.0
3204,1.0,1,31.14999961853028,1.0,0.0,0.0
3205,1.0,1,33.95000076293945,1.0,0.0,0.0
3216,1.0,1,24.989999771118164,1.0,0.0,0.0
3222,1.0,1,85.0,1.0,0.0,0.0
3223,1.0,1,49.9900016784668,1.0,0.0,0.0
3228,1.0,1,250.0,1.0,0.0,0.0
3236,1.0,1,154.97000122070312,1.0,0.0,0.0
3242,2.0,1,37.989999771118164,1.0,0.0,0.0
3243,1.0,1,52.0,1.0,0.0,0.0
3251,1.0,1,15.989999771118164,1.0,0.0,0.0
3253,1.0,1,29.989999771118164,1.0,0.0,0.0
3257,4.0,1,197.8899965286255,1.0,0.0,0.0
3261,2.0,2,46.98500061035156,1.0,101.0,0.0
3263,1.0,1,59.9900016784668,1.0,0.0,0.0
3264,1.0,1,148.5,1.0,0.0,0.0
3268,2.0,1,217.98999977111816,1.0,0.0,0.0
3276,1.0,1,69.5,1.0,0.0,0.0
3277,4.0,1,177.2199993133545,1.0,0.0,0.0
3281,2.0,1,53.0,1.0,0.0,0.0
3284,1.0,1,75.48999786376953,1.0,0.0,0.0
3285,2.0,1,152.9900016784668,1.0,0.0,0.0
3291,1.0,1,7.5,1.0,0.0,0.0
3294,1.0,1,29.989999771118164,1.0,0.0,0.0
3296,2.0,1,74.95000076293945,1.0,0.0,0.0
3300,1.0,1,8.319999694824217,1.0,0.0,0.0
3302,1.0,1,55.0,1.0,0.0,0.0
3305,4.0,1,158.9499969482422,1.0,0.0,0.0
3319,1.0,1,24.989999771118164,1.0,0.0,0.0
3322,1.0,1,55.75,1.0,0.0,0.0
3326,1.0,1,119.98999786376952,1.0,0.0,0.0
3328,1.5,2,98.73999977111816,1.0,285.0,0.0
3335,1.0,1,31.590000152587887,1.0,0.0,0.0
3340,2.0,1,133.97999954223633,1.0,0.0,0.0
3341,1.0,1,35.0,1.0,0.0,0.0
3349,1.0,1,39.9900016784668,1.0,0.0,0.0
3350,1.0,1,17.979999542236328,1.0,0.0,0.0
3351,1.5,2,64.125,1.0,51.0,0.0
3353,1.5,2,61.630000591278076,1.0,182.0,0.0
3357,1.0,1,15.899999618530272,1.0,0.0,0.0
3360,2.0,1,73.8900032043457,1.0,0.0,0.0
3361,1.0,1,25.0,1.0,0.0,0.0
3364,4.0,1,523.440013885498,1.0,0.0,0.0
3367,1.0,1,68.5,1.0,0.0,0.0
3378,1.0,2,26.945000171661373,1.0,1288.0,0.0
3381,1.0,1,48.0,1.0,0.0,0.0
3382,2.0,1,82.94000244140625,1.0,0.0,0.0
3385,1.0,1,36.9900016784668,1.0,0.0,0.0
3388,2.0,1,74.95000076293945,1.0,0.0,0.0
3393,1.0,1,39.9900016784668,1.0,0.0,0.0
3396,1.0,1,4.679999828338623,1.0,0.0,0.0
3406,1.5,2,55.47500038146973,1.0,490.0,0.0
3409,1.0,2,17.15999984741211,1.0,1507.0,0.0
3411,3.0,1,86.75,1.0,0.0,0.0
3418,1.0,1,6.989999771118164,1.0,0.0,0.0
3420,1.0,1,64.98999786376953,1.0,0.0,0.0
3423,1.0,1,12.989999771118164,1.0,0.0,0.0
3430,1.0,1,29.989999771118164,1.0,0.0,0.0
3431,1.0,1,129.99000549316406,1.0,0.0,0.0
3437,1.0,1,38.0,1.0,0.0,0.0
3438,1.0,2,41.47500038146973,1.0,285.0,0.0
3441,2.0,1,42.0,1.0,0.0,0.0
3444,3.0,1,206.13999938964844,1.0,0.0,0.0
3446,1.0,1,19.989999771118164,1.0,0.0,0.0
3452,4.0,1,289.9900016784668,1.0,0.0,0.0
3455,2.0,1,39.989999771118164,1.0,0.0,0.0
3460,3.0,1,149.39999961853027,1.0,0.0,0.0
3463,1.0,1,350.0,1.0,0.0,0.0
3465,1.0,1,39.9900016784668,1.0,0.0,0.0
3466,1.0,1,115.0,1.0,0.0,0.0
3470,3.0,1,115.89999961853027,1.0,0.0,0.0
3479,2.0,1,189.49000549316406,1.0,0.0,0.0
3492,1.0,2,55.0,1.0,320.0,0.0
3498,1.0,1,213.16000366210932,1.0,0.0,0.0
3506,1.0,1,59.5,1.0,0.0,0.0
3510,1.0,1,29.270000457763672,1.0,0.0,0.0
3513,1.0,1,32.0,1.0,0.0,0.0
3520,1.0,1,34.95000076293945,1.0,0.0,0.0
3525,1.0,1,49.9900016784668,1.0,0.0,0.0
3531,1.0,1,50.0,1.0,0.0,0.0
3543,1.0,1,32.0,1.0,0.0,0.0
3547,1.0,1,59.9900016784668,1.0,0.0,0.0
3549,1.0,1,12.0,1.0,0.0,0.0
3557,1.0,1,109.9499969482422,1.0,0.0,0.0
3562,1.0,1,19.989999771118164,1.0,0.0,0.0
3567,1.0,1,8.84000015258789,1.0,0.0,0.0
3568,1.0,1,33.0,1.0,0.0,0.0
3570,1.0,1,134.9499969482422,1.0,0.0,0.0
3573,1.0,1,64.94999694824219,1.0,0.0,0.0
3575,2.0,1,77.26000022888184,1.0,0.0,0.0
3581,3.0,1,89.0,1.0,0.0,0.0
3583,1.0,1,31.979999542236328,1.0,0.0,0.0
3593,1.0,2,52.47500038146973,1.0,337.0,0.0
3596,2.0,1,59.98000144958496,1.0,0.0,0.0
3605,1.0,1,26.979999542236328,1.0,0.0,0.0
3607,1.5,2,52.454999923706055,1.0,241.0,0.0
3613,1.0,1,78.0,1.0,0.0,0.0
3616,1.0,1,18.0,1.0,0.0,0.0
3617,1.0,1,88.0,1.0,0.0,0.0
3628,2.0,1,96.0,1.0,0.0,0.0
3644,2.0,1,81.3799991607666,1.0,0.0,0.0
3646,2.0,1,92.4900016784668,1.0,0.0,0.0
3648,2.0,1,199.0,1.0,0.0,0.0
3651,2.5,2,237.46499919891357,1.0,20.0,0.0
3652,1.0,2,134.2150001525879,1.0,46.0,0.0
3657,2.0,1,81.52000045776367,1.0,0.0,0.0
3659,1.0,1,85.12000274658203,1.0,0.0,0.0
3661,2.0,1,68.66999816894531,1.0,0.0,0.0
3668,1.0,1,21.979999542236328,1.0,0.0,0.0
3671,2.0,1,94.89999961853027,1.0,0.0,0.0
3677,2.0,1,108.0,1.0,0.0,0.0
3678,2.0,1,113.9900016784668,1.0,0.0,0.0
3679,1.0,1,19.5,1.0,0.0,0.0
3683,1.0,1,196.0,1.0,0.0,0.0
3688,2.0,1,201.9900016784668,1.0,0.0,0.0
3695,1.5,2,162.1100001335144,1.0,203.0,0.0
3702,2.0,1,69.89000129699707,1.0,0.0,0.0
3711,1.0,1,58.84000015258789,1.0,0.0,0.0
3713,1.0,1,88.0,1.0,0.0,0.0
3716,4.0,1,229.96999740600586,1.0,0.0,0.0
3719,1.0,1,10.5,1.0,0.0,0.0
3738,1.0,1,39.9900016784668,1.0,0.0,0.0
3741,1.0,1,28.0,1.0,0.0,0.0
3743,1.0,1,119.0,1.0,0.0,0.0
3751,1.5,2,43.470000863075256,1.0,885.0,0.0
3767,1.0,1,59.5,1.0,0.0,0.0
3768,1.0,1,69.5,1.0,0.0,0.0
3769,2.0,1,117.7699966430664,1.0,0.0,0.0
3772,1.0,1,58.0,1.0,0.0,0.0
3773,4.0,1,117.45999908447266,1.0,0.0,0.0
3779,1.0,1,8.989999771118164,1.0,0.0,0.0
3782,1.0,1,75.0,1.0,0.0,0.0
3784,3.0,1,283.9900016784668,1.0,0.0,0.0
3788,1.0,1,42.9900016784668,1.0,0.0,0.0
3790,1.0,1,128.0,1.0,0.0,0.0
3798,1.0,1,37.950000762939446,1.0,0.0,0.0
3810,1.0,1,44.950000762939446,1.0,0.0,0.0
3815,2.0,1,92.45000076293945,1.0,0.0,0.0
3825,2.5,2,196.85499954223633,1.0,73.0,0.0
3826,1.0,1,39.9900016784668,1.0,0.0,0.0
3829,1.0,1,49.9900016784668,1.0,0.0,0.0
3832,1.0,1,19.989999771118164,1.0,0.0,0.0
3835,1.0,1,230.0,1.0,0.0,0.0
3837,1.0,1,64.94999694824219,1.0,0.0,0.0
3842,1.0,1,42.9900016784668,1.0,0.0,0.0
3844,1.0,1,15.0,1.0,0.0,0.0
3850,1.0,1,31.950000762939453,1.0,0.0,0.0
3852,1.0,1,39.5,1.0,0.0,0.0
3862,1.0,1,15.210000038146973,1.0,0.0,0.0
3863,1.0,1,36.400001525878906,1.0,0.0,0.0
3865,1.0,1,68.0,1.0,0.0,0.0
3868,1.0,1,21.950000762939453,1.0,0.0,0.0
3869,1.0,1,65.0,1.0,0.0,0.0
3870,2.0,1,64.98000144958496,1.0,0.0,0.0
3885,1.0,1,197.91999816894528,1.0,0.0,0.0
3889,1.0,1,25.0,1.0,0.0,0.0
3891,2.0,1,167.5,1.0,0.0,0.0
3892,1.0,2,27.994999885559082,1.0,405.0,0.0
3895,2.0,1,442.7799987792969,1.0,0.0,0.0
3896,1.0,1,89.37000274658203,1.0,0.0,0.0
3897,1.0,1,34.0,1.0,0.0,0.0
3906,1.0,1,26.15999984741211,1.0,0.0,0.0
3907,1.0,1,138.0,1.0,0.0,0.0
3912,1.0,1,79.5,1.0,0.0,0.0
3915,1.0,1,28.15999984741211,1.0,0.0,0.0
3918,1.0,1,11.989999771118164,1.0,0.0,0.0
3919,1.0,1,25.0,1.0,0.0,0.0
3923,1.0,1,16.950000762939453,1.0,0.0,0.0
3925,1.0,1,64.98999786376953,1.0,0.0,0.0
3926,2.0,1,436.9399871826172,1.0,0.0,0.0
3931,2.0,1,139.9900016784668,1.0,0.0,0.0
3933,1.0,1,25.0,1.0,0.0,0.0
3940,1.0,1,34.97999954223633,1.0,0.0,0.0
3941,3.0,1,199.93999671936035,1.0,0.0,0.0
3948,1.0,1,44.9900016784668,1.0,0.0,0.0
3950,1.0,1,11.949999809265137,1.0,0.0,0.0
3952,2.0,1,107.0,1.0,0.0,0.0
3953,1.0,1,129.99000549316406,1.0,0.0,0.0
3959,1.0,1,12.989999771118164,1.0,0.0,0.0
3969,1.0,1,42.0,1.0,0.0,0.0
3974,4.0,1,322.75,1.0,0.0,0.0
3978,1.0,1,15.640000343322754,1.0,0.0,0.0
3983,1.0,1,13.989999771118164,1.0,0.0,0.0
3985,1.0,1,12.0,1.0,0.0,0.0
3990,3.0,1,366.6500053405762,1.0,0.0,0.0
3997,1.0,1,16.200000762939453,1.0,0.0,0.0
4005,2.0,1,137.5,1.0,0.0,0.0
4012,1.0,1,268.0,1.0,0.0,0.0
4018,1.0,1,48.97999954223633,1.0,0.0,0.0
4024,1.0,1,22.989999771118164,1.0,0.0,0.0
4037,1.0,1,25.0,1.0,0.0,0.0
4038,4.0,1,102.59000205993652,1.0,0.0,0.0
4040,1.5,2,61.720001220703125,1.0,769.0,0.0
4045,1.0,1,7.5,1.0,0.0,0.0
4050,4.0,1,172.98999977111816,1.0,0.0,0.0
4067,1.0,1,117.5,2.0,15.0,0.0
4069,4.0,1,189.21999740600586,1.0,0.0,0.0
4072,1.0,1,71.94999694824219,1.0,0.0,0.0
4073,1.0,1,42.0,1.0,0.0,0.0
4077,1.0,1,14.409999847412108,1.0,0.0,0.0
4091,1.0,1,48.0,1.0,0.0,0.0
4096,1.0,1,88.0,1.0,0.0,0.0
4098,1.0,1,39.9900016784668,1.0,0.0,0.0
4112,1.0,1,22.989999771118164,1.0,0.0,0.0
4114,1.0,1,9.050000190734863,1.0,0.0,0.0
4120,1.0,1,24.989999771118164,1.0,0.0,0.0
4122,1.0,1,83.37000274658203,1.0,0.0,0.0
4123,1.0,1,23.989999771118164,1.0,0.0,0.0
4132,1.0,1,27.989999771118164,1.0,0.0,0.0
4140,1.0,1,120.0,1.0,0.0,0.0
4141,2.0,1,239.4900054931641,1.0,0.0,0.0
4147,1.0,1,6.329999923706056,1.0,0.0,0.0
4153,1.0,1,24.0,1.0,0.0,0.0
4159,1.0,1,12.989999771118164,1.0,0.0,0.0
4162,2.0,2,173.7400016784668,1.0,61.0,0.0
4167,1.0,1,98.0,1.0,0.0,0.0
4168,1.0,1,34.9900016784668,1.0,0.0,0.0
4170,1.0,1,96.0,2.0,1.0,0.0
4171,1.0,1,15.300000190734863,1.0,0.0,0.0
4172,1.0,1,20.0,1.0,0.0,0.0
4174,1.0,2,49.47999954223633,1.0,98.0,0.0
4182,1.0,1,35.0,1.0,0.0,0.0
4184,4.0,1,208.4499969482422,1.0,0.0,0.0
4185,2.0,1,89.5,1.0,0.0,0.0
4187,2.0,1,129.93999862670898,1.0,0.0,0.0
4188,1.0,1,21.989999771118164,1.0,0.0,0.0
4189,1.0,1,105.98999786376952,1.0,0.0,0.0
4197,1.0,1,10.989999771118164,1.0,0.0,0.0
4198,1.0,1,50.0,1.0,0.0,0.0
4200,1.0,1,98.0,1.0,0.0,0.0
4207,4.0,1,173.82000255584717,1.0,0.0,0.0
4208,1.0,1,141.60000610351562,1.0,0.0,0.0
4210,1.0,1,10.5,1.0,0.0,0.0
4221,1.0,3,35.39666716257731,1.0,199.0,74.95331880577403
4222,1.0,1,34.0,1.0,0.0,0.0
4226,2.0,1,69.35000038146973,1.0,0.0,0.0
4231,2.0,1,132.0,1.0,0.0,0.0
4236,1.0,1,110.0,1.0,0.0,0.0
4237,1.0,2,26.5,1.0,343.0,0.0
4238,1.5,2,125.6950035095215,1.0,260.0,0.0
4249,3.0,1,164.97999954223633,1.0,0.0,0.0
4251,1.0,1,119.0,1.0,0.0,0.0
4257,1.0,1,169.0,1.0,0.0,0.0
4263,2.0,1,101.4900016784668,1.0,0.0,0.0
4265,1.0,1,168.0,1.0,0.0,0.0
4273,1.0,1,27.0,1.0,0.0,0.0
4274,1.0,1,26.950000762939453,1.0,0.0,0.0
4276,1.0,1,19.100000381469727,1.0,0.0,0.0
4278,3.0,1,290.5,1.0,0.0,0.0
4280,4.0,1,140.2000026702881,1.0,0.0,0.0
4289,2.0,2,72.93999862670898,1.0,627.0,0.0
4290,4.0,1,183.97999954223633,1.0,0.0,0.0
4300,2.0,1,92.94999694824217,1.0,0.0,0.0
4302,1.0,1,19.950000762939453,1.0,0.0,0.0
4309,1.0,1,58.0,1.0,0.0,0.0
4312,1.0,1,12.0,1.0,0.0,0.0
4317,2.0,1,27.0,1.0,0.0,0.0
4318,1.0,1,28.0,1.0,0.0,0.0
4331,1.0,1,18.989999771118164,1.0,0.0,0.0
4338,2.0,2,66.30000019073486,1.0,104.0,0.0
4341,1.0,1,26.979999542236328,1.0,0.0,0.0
4346,1.0,1,110.0,1.0,0.0,0.0
4361,4.0,1,196.94999599456787,1.0,0.0,0.0
4365,1.0,1,14.989999771118164,1.0,0.0,0.0
4368,1.0,1,69.66999816894531,1.0,0.0,0.0
4371,1.0,1,141.00999450683594,1.0,0.0,0.0
4377,1.0,1,11.920000076293944,1.0,0.0,0.0
4380,1.0,1,13.300000190734863,1.0,0.0,0.0
4383,1.0,1,128.0,1.0,0.0,0.0
4387,2.0,1,138.98999786376953,1.0,0.0,0.0
4389,1.0,1,52.0,1.0,0.0,0.0
4391,1.0,1,35.0,1.0,0.0,0.0
4394,1.0,1,59.5,1.0,0.0,0.0
4398,1.0,1,26.989999771118164,1.0,0.0,0.0
4401,1.0,1,55.0,1.0,0.0,0.0
4402,1.0,1,50.75,1.0,0.0,0.0
4404,1.0,1,150.0,1.0,0.0,0.0
4406,1.0,1,139.99000549316406,1.0,0.0,0.0
4409,1.0,1,28.0,1.0,0.0,0.0
4410,1.0,1,23.989999771118164,1.0,0.0,0.0
4411,1.0,1,49.5,1.0,0.0,0.0
4414,2.0,1,28.289999961853027,1.0,0.0,0.0
4418,1.0,2,49.9950008392334,1.0,1005.0,0.0
4419,1.0,2,22.005000114440918,1.0,24.0,0.0
4423,1.0,1,16.0,1.0,0.0,0.0
4427,1.0,1,19.989999771118164,1.0,0.0,0.0
4428,1.0,1,14.899999618530272,1.0,0.0,0.0
4430,1.0,1,84.0,1.0,0.0,0.0
4437,1.0,1,88.0,1.0,0.0,0.0
4443,1.0,2,74.49499988555908,1.0,263.0,0.0
4449,2.0,1,52.97999954223633,1.0,0.0,0.0
4452,2.0,3,80.96333440144856,1.0,869.5,366.9884194358182
4455,1.0,1,16.969999313354492,1.0,0.0,0.0
4458,1.0,1,25.0,1.0,0.0,0.0
4460,1.0,1,34.95000076293945,1.0,0.0,0.0
4462,1.0,2,51.3849983215332,1.0,77.0,0.0
4467,1.0,1,37.97999954223633,1.0,0.0,0.0
4473,2.0,1,20.5,1.0,0.0,0.0
4476,1.0,1,129.99000549316406,1.0,0.0,0.0
4478,4.0,1,275.4400005340576,1.0,0.0,0.0
4479,1.0,1,59.9900016784668,1.0,0.0,0.0
4480,1.0,1,74.94999694824217,1.0,0.0,0.0
4487,2.0,1,39.60000038146973,1.0,0.0,0.0
4490,1.0,1,29.989999771118164,1.0,0.0,0.0
4494,1.0,1,219.0,1.0,0.0,0.0
4499,1.0,1,48.970001220703125,1.0,0.0,0.0
4500,1.0,2,31.44500064849854,1.0,609.0,0.0
4503,1.0,1,198.0,1.0,0.0,0.0
4504,2.0,1,139.2299995422363,1.0,0.0,0.0
4506,2.0,1,90.63000106811523,1.0,0.0,0.0
4508,1.0,1,7.849999904632568,1.0,0.0,0.0
4512,1.0,1,129.0,1.0,0.0,0.0
4516,2.0,1,110.0,1.0,0.0,0.0
4524,1.0,1,28.809999465942383,1.0,0.0,0.0
4527,1.0,1,69.94999694824219,1.0,0.0,0.0
4528,4.0,1,183.98000144958496,1.0,0.0,0.0
4530,1.0,1,49.9900016784668,1.0,0.0,0.0
4538,1.0,1,15.0,1.0,0.0,0.0
4543,4.0,1,426.4499969482422,1.0,0.0,0.0
4547,1.0,1,38.5,1.0,0.0,0.0
4560,1.0,1,185.0,1.0,0.0,0.0
4561,2.0,1,147.5,1.0,0.0,0.0
4576,1.0,1,26.51000022888184,1.0,0.0,0.0
4584,1.0,1,38.0,1.0,0.0,0.0
4587,1.0,1,36.9900016784668,1.0,0.0,0.0
4588,1.0,1,160.0,1.0,0.0,0.0
4593,1.0,1,54.9900016784668,1.0,0.0,0.0
4602,2.0,1,83.98999977111816,1.0,0.0,0.0
4605,1.0,1,100.0,1.0,0.0,0.0
4606,1.5,2,78.5199990272522,1.0,1400.0,0.0
4608,3.0,3,279.1066659291585,1.3333333333333333,25.0,18.083141320025124
4609,2.0,1,74.91999816894531,1.0,0.0,0.0
4610,1.6666666666666667,3,101.26666514078777,1.0,120.0,149.90663761154806
4614,1.0,1,18.0,1.0,0.0,0.0
4615,1.0,1,11.0,1.0,0.0,0.0
4621,1.0,1,64.94999694824219,1.0,0.0,0.0
4623,4.0,1,164.44000053405762,1.0,0.0,0.0
4624,1.0,1,39.950000762939446,1.0,0.0,0.0
4627,2.0,1,74.09000015258789,1.0,0.0,0.0
4632,1.0,1,19.989999771118164,1.0,0.0,0.0
4642,1.0,1,39.0,1.0,0.0,0.0
4644,1.0,1,13.989999771118164,1.0,0.0,0.0
4645,1.0,1,49.9900016784668,1.0,0.0,0.0
4650,2.0,1,190.40999603271484,1.0,0.0,0.0
4651,1.0,1,26.0,1.0,0.0,0.0
4664,1.0,2,82.25,1.0,98.0,0.0
4665,1.0,1,172.0,1.0,0.0,0.0
4674,1.0,1,12.800000190734863,1.0,0.0,0.0
4677,4.0,1,335.9099998474121,1.0,0.0,0.0
4678,1.0,1,25.96999931335449,1.0,0.0,0.0
4679,1.0,1,74.94999694824217,1.0,0.0,0.0
4684,1.0,1,10.210000038146973,1.0,0.0,0.0
4688,2.0,1,35.570000648498535,1.0,0.0,0.0
4692,2.0,1,74.47999954223633,1.0,0.0,0.0
4696,2.0,1,71.71000003814697,1.0,0.0,0.0
4706,1.0,2,24.355000019073486,1.0,452.0,0.0
4707,1.0,1,45.02000045776367,1.0,0.0,0.0
4708,1.0,1,200.0,1.0,0.0,0.0
4710,1.0,1,14.989999771118164,1.0,0.0,0.0
4713,2.0,1,93.42000007629395,1.0,0.0,0.0
4716,3.0,1,529.5999984741211,1.0,0.0,0.0
4723,1.0,1,41.97999954223633,2.0,12.0,0.0
4725,1.0,1,10.0,1.0,0.0,0.0
4726,1.5,2,52.984999656677246,1.0,136.0,0.0
4735,2.0,1,51.989999771118164,1.0,0.0,0.0
4744,1.0,1,189.0,1.0,0.0,0.0
4746,1.0,2,12.03499984741211,1.0,18.0,0.0
4747,2.0,1,57.5,1.0,0.0,0.0
4748,2.0,1,165.98999977111816,1.0,0.0,0.0
4753,1.0,1,42.5,1.0,0.0,0.0
4761,1.0,1,19.989999771118164,1.0,0.0,0.0
4765,2.0,1,38.4399995803833,1.0,0.0,0.0
4771,1.0,1,49.950000762939446,1.0,0.0,0.0
4775,1.0,1,16.219999313354492,1.0,0.0,0.0
4794,1.0,1,145.0,1.0,0.0,0.0
4796,1.0,1,25.0,1.0,0.0,0.0
4798,1.0,1,78.0,1.0,0.0,0.0
4801,1.0,1,48.950000762939446,1.0,0.0,0.0
4807,1.0,1,27.0,1.0,0.0,0.0
4808,1.0,1,98.0,1.0,0.0,0.0
4812,2.0,1,33.94000053405762,1.0,0.0,0.0
4813,1.0,1,16.360000610351562,1.0,0.0,0.0
4821,1.0,1,17.489999771118164,1.0,0.0,0.0
4822,2.0,1,61.5,1.0,0.0,0.0
4823,3.0,1,973.3000001907349,1.0,0.0,0.0
4827,2.0,2,94.49499988555908,1.0,30.0,0.0
4833,1.0,1,74.44999694824217,1.0,0.0,0.0
4837,3.0,1,141.95000076293945,1.0,0.0,0.0
4839,1.0,1,41.959999084472656,1.0,0.0,0.0
4840,1.0,1,25.5,1.0,0.0,0.0
4841,2.0,1,89.0,1.0,0.0,0.0
4842,1.0,1,72.0,1.0,0.0,0.0
4844,3.0,1,69.65999984741211,1.0,0.0,0.0
4847,4.0,1,269.37999725341797,1.0,0.0,0.0
4848,1.0,1,22.0,1.0,0.0,0.0
4853,1.0,1,99.98999786376952,1.0,0.0,0.0
4857,1.6666666666666667,3,115.31000073750813,1.0,174.5,159.0990257669732
4859,2.0,1,98.0,1.0,0.0,0.0
4860,1.0,1,54.0,1.0,0.0,0.0
4863,1.0,1,30.0,1.0,0.0,0.0
4865,1.0,2,76.5,1.0,668.0,0.0
4869,1.0,1,18.5,1.0,0.0,0.0
4877,1.0,1,75.0,1.0,0.0,0.0
4881,1.0,1,22.06999969482421,1.0,0.0,0.0
4882,1.0,1,39.900001525878906,1.0,0.0,0.0
4885,1.0,1,75.52000045776367,2.0,18.0,0.0
4887,2.0,1,78.77000045776367,1.0,0.0,0.0
4894,1.0,2,47.64499855041504,1.0,977.0,0.0
4897,1.0,2,32.99499988555908,1.0,720.0,0.0
4901,1.0,1,71.25,1.0,0.0,0.0
4906,1.5,2,99.24499988555908,1.0,99.0,0.0
4907,1.0,1,49.5,1.0,0.0,0.0
4912,1.0,1,68.6500015258789,1.0,0.0,0.0
4924,1.0,1,129.99000549316406,1.0,0.0,0.0
4925,1.0,1,349.0,1.0,0.0,0.0
4931,2.0,1,144.61000442504883,1.0,0.0,0.0
4934,1.0,1,36.950000762939446,1.0,0.0,0.0
4936,3.0,1,153.98999786376953,1.0,0.0,0.0
4937,1.0,1,9.989999771118164,1.0,0.0,0.0
4942,1.0,1,39.9900016784668,1.0,0.0,0.0
4946,1.0,1,29.989999771118164,1.0,0.0,0.0
4949,1.0,1,129.0,1.0,0.0,0.0
4951,2.0,1,36.0,1.0,0.0,0.0
4953,1.0,1,49.79999923706056,1.0,0.0,0.0
4955,1.0,1,26.989999771118164,1.0,0.0,0.0
4956,2.0,2,177.645001411438,1.0,199.0,0.0
4964,1.0,1,24.0,1.0,0.0,0.0
4968,1.0,1,8.0,1.0,0.0,0.0
4977,1.0,1,15.0,1.0,0.0,0.0
4978,1.0,2,47.70000076293945,1.0,230.0,0.0
4979,2.5,2,113.25000095367432,1.0,881.0,0.0
4981,1.0,1,9.4399995803833,1.0,0.0,0.0
4986,1.0,1,172.0,1.0,0.0,0.0
4990,1.5,2,73.14499855041504,1.0,1102.0,0.0
4991,1.0,1,158.0,1.0,0.0,0.0
4998,4.0,1,130.2400016784668,1.0,0.0,0.0
5007,1.0,2,72.49499893188477,1.0,1744.0,0.0
5014,1.3333333333333333,3,77.97666867574056,1.0,248.5,249.60869375885127
5018,1.5,2,126.875,1.0,554.0,0.0
5022,1.0,1,66.0,1.0,0.0,0.0
5031,1.0,1,89.0,1.0,0.0,0.0
5033,2.0,1,287.9499969482422,1.0,0.0,0.0
5034,1.0,1,59.5,1.0,0.0,0.0
5037,2.0,1,43.88000011444092,1.0,0.0,0.0
5040,2.5,2,273.3800001144409,1.0,185.0,0.0
5041,1.0,1,26.0,1.0,0.0,0.0
5042,1.0,1,20.0,1.0,0.0,0.0
5045,1.0,1,69.5,1.0,0.0,0.0
5050,1.0,1,24.0,1.0,0.0,0.0
5052,1.0,2,67.47500038146973,1.0,502.0,0.0
5058,1.0,1,15.0,1.0,0.0,0.0
5062,1.0,1,38.0,1.0,0.0,0.0
5065,1.0,1,6.329999923706056,1.0,0.0,0.0
5067,2.5,2,241.7450008392334,1.0,195.0,0.0
5072,1.0,1,22.989999771118164,1.0,0.0,0.0
5073,2.0,1,61.85999870300293,1.0,0.0,0.0
5077,2.0,1,125.07999801635741,1.0,0.0,0.0
5079,1.0,1,35.0,1.0,0.0,0.0
5085,1.0,1,12.0,1.0,0.0,0.0
5086,3.0,1,138.9099998474121,1.0,0.0,0.0
5091,1.0,1,22.989999771118164,1.0,0.0,0.0
5096,1.0,1,82.0,1.0,0.0,0.0
5101,1.5,2,62.890000343322754,1.0,1747.0,0.0
5103,1.0,1,29.40999984741211,1.0,0.0,0.0
5111,1.0,1,79.9000015258789,1.0,0.0,0.0
5113,2.5,2,91.51999998092651,1.0,85.0,0.0
5114,2.0,3,94.43666744232178,1.0,177.0,101.82337649086284
5117,1.0,1,25.38999938964844,1.0,0.0,0.0
5119,1.0,1,25.0,1.0,0.0,0.0
5125,1.0,1,29.209999084472656,1.0,0.0,0.0
5126,2.0,1,128.93999767303467,1.0,0.0,0.0
5128,1.0,1,62.799999952316284,2.0,18.0,0.0
5130,1.0,1,109.98999786376952,1.0,0.0,0.0
5139,1.0,1,42.9900016784668,1.0,0.0,0.0
5143,1.0,1,31.989999771118164,1.0,0.0,0.0
5147,1.0,1,40.0,1.0,0.0,0.0
5148,1.0,1,85.0,1.0,0.0,0.0
5149,1.0,1,50.9900016784668,1.0,0.0,0.0
5159,1.5,2,23.5,1.0,357.0,0.0
5176,1.0,1,15.989999771118164,1.0,0.0,0.0
5184,3.0,1,135.19999885559082,1.0,0.0,0.0
5190,1.0,1,34.5,1.0,0.0,0.0
5193,2.0,1,192.0,1.0,0.0,0.0
5195,1.0,1,209.0,1.0,0.0,0.0
5200,1.0,1,5.0,1.0,0.0,0.0
5212,2.0,1,190.0,1.0,0.0,0.0
5214,1.0,1,19.0,1.0,0.0,0.0
5216,2.0,1,91.68000030517578,1.0,0.0,0.0
5218,1.0,1,9.989999771118164,1.0,0.0,0.0
5224,1.5,2,260.5249996185303,1.0,261.0,0.0
5228,1.0,1,32.0,1.0,0.0,0.0
5234,1.6666666666666667,2,213.61499786376953,1.5,874.0,1216.2236636408618
5235,1.0,1,42.0,1.0,0.0,0.0
5237,1.5,2,99.99499893188477,1.0,531.0,0.0
5242,2.0,1,84.9800033569336,1.0,0.0,0.0
5246,1.0,1,62.0,1.0,0.0,0.0
5247,1.0,1,107.09999847412108,1.0,0.0,0.0
5248,1.0,1,79.98999786376953,1.0,0.0,0.0
5253,4.0,1,313.939998626709,1.0,0.0,0.0
5254,2.0,1,40.34000015258789,1.0,0.0,0.0
5255,3.0,1,148.4900016784668,1.0,0.0,0.0
5264,1.0,1,903.0,1.0,0.0,0.0
5266,3.0,1,93.74000072479248,1.0,0.0,0.0
5268,1.0,1,59.52000045776367,1.0,0.0,0.0
5273,1.5,2,85.17000102996826,1.0,1146.0,0.0
5276,1.0,1,139.99000549316406,1.0,0.0,0.0
5291,1.0,2,31.3100004196167,1.0,50.0,0.0
5295,2.0,1,49.239999771118164,1.0,0.0,0.0
5296,2.0,1,268.9499969482422,1.0,0.0,0.0
5297,1.0,1,16.989999771118164,1.0,0.0,0.0
5300,1.0,1,69.26000213623047,1.0,0.0,0.0
5306,1.0,1,25.989999771118164,1.0,0.0,0.0
5312,1.0,1,11.949999809265137,1.0,0.0,0.0
5313,1.0,1,8.609999656677246,1.0,0.0,0.0
5318,3.0,1,183.9099998474121,1.0,0.0,0.0
5319,2.0,1,119.89999771118161,1.0,0.0,0.0
5321,1.0,1,33.27000045776367,1.0,0.0,0.0
5323,4.0,1,155.02000045776367,1.0,0.0,0.0
5326,1.0,1,118.0,1.0,0.0,0.0
5329,1.0,1,172.94000244140625,1.0,0.0,0.0
5330,2.0,1,28.209999084472656,1.0,0.0,0.0
5332,2.0,1,149.95000076293945,1.0,0.0,0.0
5335,2.6666666666666665,3,166.98666636149088,1.0,111.5,115.25840533340725
5342,2.0,1,75.64000129699707,1.0,0.0,0.0
5343,1.0,2,100.48999786376952,1.0,456.0,0.0
5347,1.0,1,215.0,1.0,0.0,0.0
5352,1.0,1,169.0,1.0,0.0,0.0
5358,2.5,2,164.76000213623047,1.0,118.0,0.0
5360,1.0,1,39.9900016784668,1.0,0.0,0.0
5367,1.0,1,50.0,1.0,0.0,0.0
5369,1.0,1,32.9900016784668,1.0,0.0,0.0
5375,3.0,1,41.9399995803833,1.0,0.0,0.0
5376,1.0,1,28.0,1.0,0.0,0.0
5384,2.0,1,84.8700008392334,1.0,0.0,0.0
5388,1.0,1,14.0,1.0,0.0,0.0
5396,1.0,1,69.5,1.0,0.0,0.0
5397,1.0,1,46.0,1.0,0.0,0.0
5398,1.0,1,88.0,1.0,0.0,0.0
5409,4.0,1,398.2799987792969,1.0,0.0,0.0
5411,2.0,1,76.9800033569336,1.0,0.0,0.0
5413,1.0,1,78.0,1.0,0.0,0.0
5415,3.0,1,33.97999954223633,1.0,0.0,0.0
5418,2.0,1,76.81999969482422,1.0,0.0,0.0
5420,1.0,1,119.98999786376952,1.0,0.0,0.0
5424,1.0,1,89.5,1.0,0.0,0.0
5427,1.0,1,29.5,1.0,0.0,0.0
5428,1.0,2,57.47500038146973,1.0,302.0,0.0
5437,2.0,1,51.150001525878906,1.0,0.0,0.0
5439,1.0,1,45.0,1.0,0.0,0.0
5444,2.0,2,72.11999988555908,1.0,353.0,0.0
5457,1.0,1,88.0,1.0,0.0,0.0
5461,1.0,1,49.950000762939446,1.0,0.0,0.0
5463,2.5,2,96.58999919891357,1.0,1315.0,0.0
5474,1.0,1,30.0,1.0,0.0,0.0
5476,1.0,1,138.0,1.0,0.0,0.0
5479,1.6666666666666667,3,77.35000006357829,1.0,584.5,359.9173516239527
5483,1.0,1,14.470000267028809,1.0,0.0,0.0
5495,1.0,1,49.9900016784668,1.0,0.0,0.0
5503,1.0,1,62.0,1.0,0.0,0.0
5507,1.0,1,79.94999694824217,1.0,0.0,0.0
5508,1.0,1,71.06999969482422,1.0,0.0,0.0
5511,2.0,1,71.98999977111816,1.0,0.0,0.0
5518,1.0,1,20.0,1.0,0.0,0.0
5521,1.0,1,12.0,1.0,0.0,0.0
5522,1.0,1,27.950000762939453,1.0,0.0,0.0
5523,1.5,2,40.20000076293945,1.0,150.0,0.0
5524,2.0,1,155.0,1.0,0.0,0.0
5526,1.0,1,52.9900016784668,1.0,0.0,0.0
5527,1.0,1,132.66000366210938,1.0,0.0,0.0
5533,1.0,1,84.0,1.0,0.0,0.0
5542,4.0,1,313.9800033569336,1.0,0.0,0.0
5544,3.0,1,91.4600019454956,1.0,0.0,0.0
5550,1.0,1,21.38999938964844,1.0,0.0,0.0
5559,1.0,1,115.98999786376952,1.0,0.0,0.0
5563,1.0,1,58.0,1.0,0.0,0.0
5564,1.0,1,39.950000762939446,1.0,0.0,0.0
5571,1.0,2,44.7450008392334,1.0,426.0,0.0
5572,3.0,1,184.39999675750732,1.0,0.0,0.0
5576,1.0,1,32.95000076293945,1.0,0.0,0.0
5578,2.0,1,104.4900016784668,1.0,0.0,0.0
5579,1.0,1,41.810001373291016,1.0,0.0,0.0
5582,1.0,1,169.9499969482422,1.0,0.0,0.0
5586,4.0,1,180.339994430542,1.0,0.0,0.0
5587,1.0,1,14.0,1.0,0.0,0.0
5589,1.0,1,106.0,1.0,0.0,0.0
5592,1.0,1,39.5,1.0,0.0,0.0
5593,1.0,1,449.0,1.0,0.0,0.0
5596,1.0,1,215.0,1.0,0.0,0.0
5600,1.0,1,59.5,1.0,0.0,0.0
5612,1.0,1,14.25,1.0,0.0,0.0
5616,1.0,1,42.0,1.0,0.0,0.0
5617,1.0,1,34.9900016784668,1.0,0.0,0.0
5622,1.0,1,9.989999771118164,1.0,0.0,0.0
5623,1.0,1,15.0,1.0,0.0,0.0
5630,1.0,1,94.0,1.0,0.0,0.0
5631,2.0,1,107.80000019073486,1.0,0.0,0.0
5633,1.5,2,90.96999740600586,1.0,615.0,0.0
5638,1.0,1,40.0,1.0,0.0,0.0
5639,1.0,2,25.0,1.0,116.0,0.0
5641,1.0,1,18.989999771118164,1.0,0.0,0.0
5643,1.0,1,54.9900016784668,1.0,0.0,0.0
5646,1.0,2,95.92000007629395,1.0,602.0,0.0
5647,1.0,1,56.5,1.0,0.0,0.0
5656,1.5,2,84.96500015258789,1.0,164.0,0.0
5663,1.0,1,21.989999771118164,1.0,0.0,0.0
5671,1.0,1,288.0,1.0,0.0,0.0
5674,3.0,1,56.92000102996826,1.0,0.0,0.0
5680,1.0,1,55.0,1.0,0.0,0.0
5683,1.0,1,46.220001220703125,1.0,0.0,0.0
5684,1.0,1,23.32999992370605,1.0,0.0,0.0
5687,1.0,1,60.93999862670898,1.0,0.0,0.0
5690,1.0,1,54.950000762939446,1.0,0.0,0.0
5694,1.0,1,47.25,1.0,0.0,0.0
5695,1.0,1,10.949999809265137,1.0,0.0,0.0
5696,1.0,1,29.979999542236328,1.0,0.0,0.0
5698,1.0,1,69.98999786376953,1.0,0.0,0.0
5699,1.0,1,27.799999237060547,1.0,0.0,0.0
5701,1.0,1,48.0,1.0,0.0,0.0
5705,1.0,1,64.0,1.0,0.0,0.0
5707,1.0,1,99.98999786376952,1.0,0.0,0.0
5710,2.0,1,76.7400016784668,1.0,0.0,0.0
5711,1.0,1,19.989999771118164,1.0,0.0,0.0
5715,3.0,1,231.43000030517578,1.0,0.0,0.0
5716,1.0,1,45.700000762939446,1.0,0.0,0.0
5722,1.0,1,139.99000549316406,1.0,0.0,0.0
5724,1.0,1,39.9900016784668,1.0,0.0,0.0
5728,1.5,2,104.53999948501587,1.0,47.0,0.0
5733,2.0,1,48.989999771118164,1.0,0.0,0.0
5736,1.0,1,15.859999656677246,1.0,0.0,0.0
5737,3.0,1,536.0399894714355,1.0,0.0,0.0
5739,1.0,1,24.979999542236328,1.0,0.0,0.0
5749,1.0,1,34.0,1.0,0.0,0.0
5752,4.0,1,215.95000076293945,1.0,0.0,0.0
5754,1.0,1,35.0,1.0,0.0,0.0
5759,1.0,1,23.76000022888184,1.0,0.0,0.0
5761,1.0,1,98.0,1.0,0.0,0.0
5762,1.0,1,48.0,1.0,0.0,0.0
5765,1.0,1,8.800000190734863,1.0,0.0,0.0
5768,2.0,1,134.9900016784668,1.0,0.0,0.0
5769,1.0,1,25.989999771118164,1.0,0.0,0.0
5778,1.0,1,70.0,1.0,0.0,0.0
5779,2.5,2,136.99000072479248,1.0,70.0,0.0
5782,1.0,1,45.9900016784668,1.0,0.0,0.0
5783,1.0,1,9.0,1.0,0.0,0.0
5784,1.0,2,175.1599941253662,1.0,727.0,0.0
5786,2.0,1,48.0,1.0,0.0,0.0
5790,1.5,2,101.0,1.0,878.0,0.0
5803,1.0,1,59.900001525878906,1.0,0.0,0.0
5806,1.0,1,35.0,1.0,0.0,0.0
5807,1.0,1,21.979999542236328,1.0,0.0,0.0
5809,1.0,1,60.0,1.0,0.0,0.0
5810,2.0,2,61.44999980926514,1.0,567.0,0.0
5811,1.0,1,16.3799991607666,1.0,0.0,0.0
5813,1.0,1,21.600000381469727,1.0,0.0,0.0
5814,1.0,1,17.34000015258789,1.0,0.0,0.0
5815,1.0,1,34.310001373291016,1.0,0.0,0.0
5817,1.0,1,55.0,1.0,0.0,0.0
5820,1.0,1,110.0,1.0,0.0,0.0
5828,1.0,1,26.61000061035156,1.0,0.0,0.0
5835,1.0,1,14.06999969482422,1.0,0.0,0.0
5836,2.0,1,58.95000076293945,1.0,0.0,0.0
5837,1.0,1,19.950000762939453,1.0,0.0,0.0
5838,1.0,1,22.0,1.0,0.0,0.0
5841,2.0,1,48.0,1.0,0.0,0.0
5842,1.0,1,15.989999771118164,1.0,0.0,0.0
5844,1.0,1,78.0,1.0,0.0,0.0
5845,3.0,1,156.77999877929688,1.0,0.0,0.0
5848,1.0,1,14.590000152587892,1.0,0.0,0.0
5857,1.0,1,22.049999237060547,1.0,0.0,0.0
5868,1.0,1,750.0,1.0,0.0,0.0
5870,2.0,1,61.3799991607666,1.0,0.0,0.0
5875,1.0,1,16.0,1.0,0.0,0.0
5876,2.0,1,68.0,1.0,0.0,0.0
5878,3.0,1,130.94000053405762,1.0,0.0,0.0
5879,1.0,1,14.75,1.0,0.0,0.0
5881,1.0,1,36.0,1.0,0.0,0.0
5887,1.0,1,9.989999771118164,1.0,0.0,0.0
5889,1.0,1,10.979999542236328,1.0,0.0,0.0
5897,2.0,1,62.53000068664551,1.0,0.0,0.0
5902,3.0,1,124.9900016784668,1.0,0.0,0.0
5918,1.0,1,186.0,1.0,0.0,0.0
5926,1.0,1,25.0,1.0,0.0,0.0
5927,2.0,1,234.95000076293945,1.0,0.0,0.0
5930,1.5,2,49.88500118255615,1.0,305.0,0.0
5931,1.0,1,25.0,1.0,0.0,0.0
5933,2.0,1,95.1100001335144,1.0,0.0,0.0
5937,1.0,1,69.0,1.0,0.0,0.0
5938,1.0,1,85.98999786376953,1.0,0.0,0.0
5940,1.0,1,14.989999771118164,1.0,0.0,0.0
5947,1.0,1,10.109999656677246,1.0,0.0,0.0
5949,1.0,1,49.0,1.0,0.0,0.0
5958,4.0,1,169.9200038909912,1.0,0.0,0.0
5966,1.0,1,64.94999694824219,1.0,0.0,0.0
5967,1.0,1,695.0,1.0,0.0,0.0
5972,1.0,1,60.0,1.0,0.0,0.0
5974,1.0,1,134.9499969482422,1.0,0.0,0.0
5978,1.0,1,45.0,1.0,0.0,0.0
5980,1.0,1,44.970001220703125,1.0,0.0,0.0
5981,1.0,2,17.149999618530273,1.0,285.0,0.0
5995,1.0,1,68.0,1.0,0.0,0.0
5996,1.0,1,47.9900016784668,1.0,0.0,0.0
6003,1.0,1,27.950000762939453,1.0,0.0,0.0
6004,1.0,2,41.57499980926514,1.0,2078.0,0.0
6007,2.0,1,109.97999954223633,1.0,0.0,0.0
6015,1.0,1,19.0,1.0,0.0,0.0
6025,2.0,1,39.760000228881836,1.0,0.0,0.0
6028,2.0,1,169.97999954223633,1.0,0.0,0.0
6031,2.0,1,61.04999923706054,1.0,0.0,0.0
6038,1.0,1,158.0,1.0,0.0,0.0
6048,1.0,1,65.0,1.0,0.0,0.0
6050,1.0,1,25.0,1.0,0.0,0.0
6053,1.0,1,12.0,1.0,0.0,0.0
6054,1.0,1,139.0,1.0,0.0,0.0
6056,3.0,1,54.989999771118164,1.0,0.0,0.0
6063,1.0,2,68.99499893188477,1.5,296.5,388.2016228714146
6075,2.0,1,256.0,1.0,0.0,0.0
6077,1.0,1,39.9900016784668,1.0,0.0,0.0
6081,2.0,1,167.93999671936035,1.0,0.0,0.0
6084,4.0,1,220.95999908447266,1.0,0.0,0.0
6085,1.0,1,25.0,1.0,0.0,0.0
6086,1.0,1,69.98999786376953,1.0,0.0,0.0
6089,1.0,1,12.989999771118164,1.0,0.0,0.0
6090,1.0,1,36.9900016784668,1.0,0.0,0.0
6092,1.0,1,125.0,1.0,0.0,0.0
6099,4.0,1,105.90000057220459,1.0,0.0,0.0
6100,2.0,1,128.48999786376953,1.0,0.0,0.0
6101,1.0,1,66.98999786376953,1.0,0.0,0.0
6109,2.0,1,173.98999977111816,1.0,0.0,0.0
6112,1.0,1,26.56999969482421,1.0,0.0,0.0
6114,2.0,1,559.0,1.0,0.0,0.0
6117,1.0,1,56.5,1.0,0.0,0.0
6119,1.0,1,33.68000030517578,1.0,0.0,0.0
6120,1.5,2,91.23999977111816,1.0,141.0,0.0
6129,2.0,1,100.9800033569336,1.0,0.0,0.0
6130,1.0,2,46.0,1.0,787.0,0.0
6138,2.0,1,97.95000076293945,1.0,0.0,0.0
6141,1.0,1,45.950000762939446,1.0,0.0,0.0
6145,4.0,1,349.0,1.0,0.0,0.0
6157,1.0,1,148.5800018310547,1.0,0.0,0.0
6162,1.0,1,20.280000686645508,1.0,0.0,0.0
6163,1.0,1,29.950000762939453,1.0,0.0,0.0
6164,1.0,1,9.920000076293944,1.0,0.0,0.0
6166,1.0,1,9.989999771118164,1.0,0.0,0.0
6167,1.0,1,34.9900016784668,1.0,0.0,0.0
6170,1.0,1,51.869998931884766,1.0,0.0,0.0
6176,1.0,1,34.900001525878906,1.0,0.0,0.0
6177,3.0,1,139.1099967956543,1.0,0.0,0.0
6181,1.0,1,34.900001525878906,1.0,0.0,0.0
6183,1.0,1,46.9900016784668,1.0,0.0,0.0
6190,1.0,1,17.989999771118164,1.0,0.0,0.0
6195,2.0,1,80.9900016784668,1.0,0.0,0.0
6196,1.0,1,41.959999084472656,1.0,0.0,0.0
6197,4.0,1,304.95000076293945,1.0,0.0,0.0
6198,3.0,1,644.489990234375,1.0,0.0,0.0
6209,1.0,1,60.0,1.0,0.0,0.0
6210,4.0,1,359.9799995422363,1.0,0.0,0.0
6216,1.0,1,18.989999771118164,1.0,0.0,0.0
6220,1.0,1,28.0,1.0,0.0,0.0
6222,1.0,1,36.0,1.0,0.0,0.0
6224,2.0,1,155.9499969482422,1.0,0.0,0.0
6228,1.0,1,34.9900016784668,1.0,0.0,0.0
6230,1.0,1,55.0,1.0,0.0,0.0
6231,1.0,1,65.0,1.0,0.0,0.0
6236,1.0,1,25.0,1.0,0.0,0.0
6238,2.0,1,91.98999977111816,1.0,0.0,0.0
6241,4.0,1,179.18999767303467,1.0,0.0,0.0
6247,1.0,1,26.86000061035156,1.0,0.0,0.0
6257,1.0,1,24.989999771118164,1.0,0.0,0.0
6264,2.5,2,184.2199993133545,1.0,384.0,0.0
6266,2.0,1,90.54000091552734,1.0,0.0,0.0
6274,2.0,1,252.0,1.0,0.0,0.0
6278,1.0,1,14.779999732971191,1.0,0.0,0.0
6281,2.0,1,94.9800033569336,1.0,0.0,0.0
6282,1.5,2,159.94000053405762,1.0,99.0,0.0
6284,1.0,1,14.899999618530272,1.0,0.0,0.0
6285,1.0,1,14.989999771118164,1.0,0.0,0.0
6293,1.0,1,6.989999771118164,1.0,0.0,0.0
6298,4.0,1,192.9900016784668,1.0,0.0,0.0
6302,1.0,1,19.989999771118164,1.0,0.0,0.0
6305,1.0,1,27.989999771118164,1.0,0.0,0.0
6316,1.0,1,279.989990234375,1.0,0.0,0.0
6321,1.5,1,117.59000015258789,2.0,9.0,0.0
6323,1.5,2,42.22500038146973,1.0,326.0,0.0
6331,1.0,1,36.0,1.0,0.0,0.0
6341,1.0,1,92.0,1.0,0.0,0.0
6342,1.0,1,49.9900016784668,1.0,0.0,0.0
6344,1.0,1,58.79999923706056,1.0,0.0,0.0
6346,1.0,1,16.0,1.0,0.0,0.0
6352,1.0,1,29.950000762939453,1.0,0.0,0.0
6358,1.0,2,35.97500038146973,1.0,36.0,0.0
6359,1.0,1,29.989999771118164,1.0,0.0,0.0
6363,2.0,1,106.89000129699707,1.0,0.0,0.0
6366,2.0,1,45.98000144958496,1.0,0.0,0.0
6370,1.0,2,83.95999813079834,1.5,15.5,2.1213203435596424
6375,1.0,1,12.989999771118164,1.0,0.0,0.0
6378,1.5,2,144.7199993133545,1.0,398.0,0.0
6380,2.0,2,158.10500049591064,1.0,688.0,0.0
6385,1.0,2,211.0900001525879,1.0,197.0,0.0
6386,2.0,1,88.0,1.0,0.0,0.0
6389,1.0,1,47.0,1.0,0.0,0.0
6406,2.0,1,102.06999969482422,1.0,0.0,0.0
6410,1.0,1,21.0,1.0,0.0,0.0
6411,1.0,1,99.0,1.0,0.0,0.0
6418,2.0,1,49.989999771118164,1.0,0.0,0.0
6428,1.0,1,23.989999771118164,1.0,0.0,0.0
6434,2.5,2,181.98999977111816,1.0,190.0,0.0
6436,1.0,1,52.0,1.0,0.0,0.0
6439,1.0,1,19.950000762939453,1.0,0.0,0.0
6445,1.0,1,25.0,1.0,0.0,0.0
6446,1.0,1,25.5,1.0,0.0,0.0
6458,2.0,1,142.75,1.0,0.0,0.0
6461,2.0,1,84.22000312805176,1.0,0.0,0.0
6464,1.0,1,48.97999954223633,1.0,0.0,0.0
6466,1.0,1,79.94999694824217,1.0,0.0,0.0
6471,2.0,1,41.93000030517578,1.0,0.0,0.0
6472,1.0,1,66.98999786376953,1.0,0.0,0.0
6474,3.0,1,95.9900016784668,1.0,0.0,0.0
6477,1.0,1,249.94999694824216,1.0,0.0,0.0
6478,1.0,1,36.5,1.0,0.0,0.0
6479,1.0,1,11.100000381469728,1.0,0.0,0.0
6482,2.0,1,185.80999755859375,1.0,0.0,0.0
6485,1.0,1,69.0,1.0,0.0,0.0
6487,1.0,1,64.0,1.0,0.0,0.0
6503,1.0,1,34.900001525878906,1.0,0.0,0.0
6510,2.0,1,80.9900016784668,1.0,0.0,0.0
6515,4.0,1,275.95999908447266,1.0,0.0,0.0
6519,2.0,1,151.98999786376953,1.0,0.0,0.0
6530,1.0,1,7.5,1.0,0.0,0.0
6532,1.0,1,79.0,1.0,0.0,0.0
6533,1.0,1,10.5,1.0,0.0,0.0
6538,1.5,2,109.5,1.0,121.0,0.0
6541,1.0,1,27.89999961853028,1.0,0.0,0.0
6542,1.0,1,78.0,1.0,0.0,0.0
6545,1.0,1,121.48999786376952,1.0,0.0,0.0
6549,2.0,1,160.0,1.0,0.0,0.0
6551,1.0,1,12.529999732971191,1.0,0.0,0.0
6552,1.0,1,18.989999771118164,1.0,0.0,0.0
6557,1.0,1,40.0,1.0,0.0,0.0
6561,3.0,1,240.75999450683594,1.0,0.0,0.0
6565,1.0,1,38.900001525878906,1.0,0.0,0.0
6567,1.0,1,169.0,1.0,0.0,0.0
6569,1.0,1,12.989999771118164,1.0,0.0,0.0
6573,3.0,1,156.85000038146973,1.0,0.0,0.0
6576,1.0,1,9.720000267028809,1.0,0.0,0.0
6577,1.0,1,54.0,1.0,0.0,0.0
6593,2.0,1,80.15999794006348,1.0,0.0,0.0
6598,1.0,1,106.8000030517578,1.0,0.0,0.0
6599,1.0,1,7.849999904632568,1.0,0.0,0.0
6602,1.0,1,23.86000061035156,1.0,0.0,0.0
6608,1.0,2,20.975000381469727,1.0,1022.0,0.0
6610,2.0,1,47.5,1.0,0.0,0.0
6612,1.0,1,99.5,1.0,0.0,0.0
6614,1.0,1,115.0,1.0,0.0,0.0
6615,1.0,1,18.350000381469727,1.0,0.0,0.0
6619,2.0,1,214.0,1.0,0.0,0.0
6623,1.0,1,43.0,1.0,0.0,0.0
6627,1.0,1,34.0,1.0,0.0,0.0
6637,1.0,1,139.99000549316406,1.0,0.0,0.0
6638,1.0,1,14.199999809265137,1.0,0.0,0.0
6639,1.0,1,135.25999450683594,1.0,0.0,0.0
6644,1.0,1,69.98999786376953,1.0,0.0,0.0
6646,1.0,1,98.0,1.0,0.0,0.0
6647,1.0,1,45.0,1.0,0.0,0.0
6655,1.0,1,29.989999771118164,1.0,0.0,0.0
6656,2.5,2,101.53000068664551,1.0,260.0,0.0
6659,1.0,1,49.950000762939446,1.0,0.0,0.0
6662,1.0,1,19.989999771118164,1.0,0.0,0.0
6668,1.0,1,55.0,1.0,0.0,0.0
6669,1.0,1,43.9900016784668,1.0,0.0,0.0
6671,1.0,1,11.399999618530272,1.0,0.0,0.0
6676,1.0,1,37.31999969482422,1.0,0.0,0.0
6686,1.0,1,91.43000030517578,1.0,0.0,0.0
6689,1.0,1,69.0,1.0,0.0,0.0
6696,1.0,1,69.94999694824219,1.0,0.0,0.0
6698,1.0,1,42.08000183105469,1.0,0.0,0.0
6699,1.0,1,39.0,1.0,0.0,0.0
6700,1.0,1,71.80000305175781,1.0,0.0,0.0
6703,1.0,1,65.0,1.0,0.0,0.0
6704,3.0,1,77.97999954223633,1.0,0.0,0.0
6706,1.0,1,29.0,1.0,0.0,0.0
6708,2.5,2,235.80999851226807,1.0,789.0,0.0
6712,1.0,1,74.0,1.0,0.0,0.0
6715,2.0,1,131.9900016784668,1.0,0.0,0.0
6716,1.0,2,81.9749984741211,1.0,174.0,0.0
6729,1.0,1,50.0,1.0,0.0,0.0
6730,1.0,1,12.0,1.0,0.0,0.0
6734,1.0,1,28.5,1.0,0.0,0.0
6738,1.0,1,67.76000213623047,1.0,0.0,0.0
6741,1.0,1,41.9900016784668,1.0,0.0,0.0
6746,1.0,1,82.0,1.0,0.0,0.0
6747,1.0,1,11.949999809265137,1.0,0.0,0.0
6753,1.0,1,44.84000015258789,1.0,0.0,0.0
6754,1.0,1,40.84000015258789,1.0,0.0,0.0
6756,1.0,1,78.0,1.0,0.0,0.0
6762,2.0,1,71.22000122070312,1.0,0.0,0.0
6765,1.0,1,28.0,1.0,0.0,0.0
6766,1.0,1,45.9900016784668,1.0,0.0,0.0
6772,1.0,1,105.55999755859376,1.0,0.0,0.0
6773,1.0,1,42.0,1.0,0.0,0.0
6779,1.0,1,79.44999694824217,1.0,0.0,0.0
6785,1.0,2,75.63999938964844,1.0,39.0,0.0
6786,1.0,2,28.30000066757202,1.0,706.0,0.0
6787,1.0,1,24.979999542236328,1.0,0.0,0.0
6791,1.0,1,30.0,1.0,0.0,0.0
6794,2.0,3,86.30666732788086,1.0,205.0,240.41630560342617
6797,1.0,1,28.0,1.0,0.0,0.0
6801,1.0,1,75.0,1.0,0.0,0.0
6803,1.0,1,25.0,1.0,0.0,0.0
6805,2.0,1,91.05000305175781,1.0,0.0,0.0
6813,1.0,1,25.0,1.0,0.0,0.0
6815,3.0,1,160.15999794006348,1.0,0.0,0.0
6825,1.0,1,24.950000762939453,1.0,0.0,0.0
6826,1.5,2,190.4749984741211,1.0,1442.0,0.0
6827,1.0,1,89.98999786376953,1.0,0.0,0.0
6829,1.0,1,278.0,1.0,0.0,0.0
6837,1.0,1,74.98999786376953,1.0,0.0,0.0
6839,1.0,1,39.9900016784668,1.0,0.0,0.0
6843,1.5,2,71.14000082015991,1.0,332.0,0.0
6846,2.0,1,108.0,1.0,0.0,0.0
6851,1.0,1,49.5,1.0,0.0,0.0
6857,1.0,1,36.0,1.0,0.0,0.0
6858,1.0,1,128.0,1.0,0.0,0.0
6860,1.0,2,26.494999885559082,1.0,740.0,0.0
6864,1.0,1,25.950000762939453,1.0,0.0,0.0
6867,1.0,1,308.0,1.0,0.0,0.0
6870,1.0,1,27.950000762939453,1.0,0.0,0.0
6880,2.0,2,177.98999881744385,1.0,162.0,0.0
6882,1.0,1,94.98999786376952,1.0,0.0,0.0
6883,4.0,1,304.8999996185303,1.0,0.0,0.0
6885,1.0,1,79.0,1.0,0.0,0.0
6890,2.0,1,55.5,1.0,0.0,0.0
6893,1.0,1,119.98999786376952,1.0,0.0,0.0
6894,1.0,1,46.97999954223633,1.0,0.0,0.0
6899,1.5,2,73.44999885559082,1.0,209.0,0.0
6902,1.0,1,19.40999984741211,1.0,0.0,0.0
6907,1.0,1,25.950000762939453,1.0,0.0,0.0
6909,1.0,1,89.0,1.0,0.0,0.0
6914,2.0,1,96.3900032043457,1.0,0.0,0.0
6916,1.0,1,17.270000457763672,1.0,0.0,0.0
6917,1.0,1,105.55999755859376,1.0,0.0,0.0
6921,1.0,1,149.0,1.0,0.0,0.0
6923,1.0,1,42.0,1.0,0.0,0.0
6928,1.0,2,87.49499893188477,1.0,38.0,0.0
6935,1.0,1,9.390000343322754,1.0,0.0,0.0
6938,2.0,1,54.44000053405762,1.0,0.0,0.0
6942,1.0,2,32.72000026702881,1.0,350.0,0.0
6943,2.0,1,114.97999954223633,1.0,0.0,0.0
6950,4.0,1,208.8899993896484,1.0,0.0,0.0
6962,1.0,2,53.49499988555908,1.0,342.0,0.0
6963,2.0,1,99.43999671936034,1.0,0.0,0.0
6966,1.0,1,58.0,1.0,0.0,0.0
6968,1.0,1,45.0,1.0,0.0,0.0
6969,2.0,1,54.989999771118164,1.0,0.0,0.0
6978,1.0,1,22.950000762939453,1.0,0.0,0.0
6979,3.0,1,60.489999771118164,1.0,0.0,0.0
6980,2.5,2,81.66999864578247,1.0,590.0,0.0
6982,1.0,1,11.949999809265137,1.0,0.0,0.0
6983,1.0,1,9.4399995803833,1.0,0.0,0.0
6991,2.0,1,41.0,1.0,0.0,0.0
6992,1.0,1,29.989999771118164,1.0,0.0,0.0
6996,1.0,1,34.97999954223633,1.0,0.0,0.0
6998,1.0,1,67.5,1.0,0.0,0.0
7000,1.0,2,48.9950008392334,1.0,150.0,0.0
7004,1.0,1,45.0,1.0,0.0,0.0
7019,2.0,1,61.9900016784668,1.0,0.0,0.0
7020,1.5,2,71.47500038146973,1.0,488.0,0.0
7026,1.0,1,9.989999771118164,1.0,0.0,0.0
7030,1.0,1,40.720001220703125,1.0,0.0,0.0
7033,1.0,1,23.0,1.0,0.0,0.0
7038,1.0,1,36.0,1.0,0.0,0.0
7039,2.5,2,104.19499874114989,1.0,77.0,0.0
7042,1.0,1,34.0,1.0,0.0,0.0
7053,1.0,1,129.99000549316406,1.0,0.0,0.0
7055,1.0,1,79.0,1.0,0.0,0.0
7058,1.0,1,55.959999084472656,1.0,0.0,0.0
7059,1.0,1,55.4900016784668,1.0,0.0,0.0
7060,2.0,1,232.25,1.0,0.0,0.0
7065,1.0,1,80.0,1.0,0.0,0.0
7066,1.0,2,87.12000274658203,1.0,1249.0,0.0
7069,2.0,1,432.9900016784668,1.0,0.0,0.0
7072,1.0,1,47.790000915527344,1.0,0.0,0.0
7075,1.0,1,9.119999885559082,1.0,0.0,0.0
7077,2.0,1,28.260000228881836,1.0,0.0,0.0
7078,1.0,1,67.19999694824219,1.0,0.0,0.0
7080,1.0,2,47.24499988555908,1.0,289.0,0.0
7085,1.0,1,44.950000762939446,1.0,0.0,0.0
7088,1.0,1,34.9900016784668,1.0,0.0,0.0
7092,3.0,1,113.35999870300293,1.0,0.0,0.0
7095,1.0,1,25.0,1.0,0.0,0.0
7099,1.0,1,39.220001220703125,1.0,0.0,0.0
7103,1.5,2,184.44499969482422,1.0,726.0,0.0
7105,1.0,1,26.459999084472656,1.0,0.0,0.0
7109,1.0,1,11.0,1.0,0.0,0.0
7113,2.0,2,97.95999956130981,1.0,289.0,0.0
7115,1.0,1,67.19999694824219,1.0,0.0,0.0
7116,1.0,1,149.99000549316406,1.0,0.0,0.0
7126,1.0,1,39.9900016784668,1.0,0.0,0.0
7129,1.0,1,41.400001525878906,1.0,0.0,0.0
7136,1.0,2,25.869999885559082,1.0,223.0,0.0
7138,1.0,1,27.0,1.0,0.0,0.0
7139,2.0,1,90.0,1.0,0.0,0.0
7144,2.0,1,112.20000076293945,1.0,0.0,0.0
7146,1.0,1,36.25,1.0,0.0,0.0
7169,2.0,1,69.45000076293945,1.0,0.0,0.0
7173,2.0,1,63.9900016784668,1.0,0.0,0.0
7175,2.0,1,53.989999771118164,1.0,0.0,0.0
7176,4.0,1,395.9199981689453,1.0,0.0,0.0
7180,1.0,1,108.0,1.0,0.0,0.0
7185,1.0,1,85.41999816894531,1.0,0.0,0.0
7195,1.0,1,44.9900016784668,1.0,0.0,0.0
7196,1.0,1,22.5,1.0,0.0,0.0
7198,2.0,1,126.0,1.0,0.0,0.0
7205,1.0,1,148.0,1.0,0.0,0.0
7209,1.0,1,17.950000762939453,1.0,0.0,0.0
7211,2.0,1,151.93999862670896,1.0,0.0,0.0
7216,1.0,1,34.189998626708984,1.0,0.0,0.0
7219,4.0,1,167.95000076293945,1.0,0.0,0.0
7221,2.0,1,49.95000076293945,1.0,0.0,0.0
7222,1.0,1,17.5,1.0,0.0,0.0
7228,1.0,1,66.05000305175781,1.0,0.0,0.0
7233,1.0,1,34.9900016784668,1.0,0.0,0.0
7239,1.0,1,25.0,1.0,0.0,0.0
7241,1.0,1,20.0,1.0,0.0,0.0
7244,1.0,1,23.0,1.0,0.0,0.0
7254,1.0,1,57.9900016784668,1.0,0.0,0.0
7255,3.0,2,136.91000032424927,1.0,341.0,0.0
7256,1.0,1,34.2400016784668,1.0,0.0,0.0
7269,1.0,1,26.989999771118164,1.0,0.0,0.0
7271,1.0,1,81.95999908447266,1.0,0.0,0.0
7273,1.0,1,12.140000343322754,1.0,0.0,0.0
7277,1.0,1,29.0,1.0,0.0,0.0
7278,1.0,2,113.7950038909912,1.0,690.0,0.0
7279,1.0,1,113.90000152587892,1.0,0.0,0.0
7285,1.0,1,16.969999313354492,1.0,0.0,0.0
7288,1.0,1,325.0,1.0,0.0,0.0
7289,1.0,1,8.989999771118164,1.0,0.0,0.0
7291,3.0,1,215.11999893188477,1.0,0.0,0.0
7295,2.0,1,108.4900016784668,1.0,0.0,0.0
7301,1.0,2,149.5,1.0,54.0,0.0
7310,1.0,1,89.94999694824217,1.0,0.0,0.0
7311,1.0,1,29.989999771118164,1.0,0.0,0.0
7312,1.0,1,28.0,1.0,0.0,0.0
7314,2.0,1,90.4800033569336,1.0,0.0,0.0
7321,1.0,1,19.989999771118164,1.0,0.0,0.0
7325,4.0,1,192.94999885559082,1.0,0.0,0.0
7326,1.0,1,85.0,1.0,0.0,0.0
7329,2.0,2,117.9700026512146,1.0,1136.0,0.0
7330,1.0,1,20.0,1.0,0.0,0.0
7331,1.0,1,38.0,1.0,0.0,0.0
7334,1.0,1,179.99000549316406,1.0,0.0,0.0
7336,2.0,1,74.9900016784668,1.0,0.0,0.0
7339,1.0,1,58.0,1.0,0.0,0.0
7341,2.5,2,82.42500019073486,1.0,817.0,0.0
7346,2.0,1,174.98000717163086,1.0,0.0,0.0
7350,2.0,1,152.28999710083008,1.0,0.0,0.0
7355,4.0,1,250.10000610351562,1.0,0.0,0.0
7364,1.0,1,29.850000381469727,1.0,0.0,0.0
7367,2.0,2,152.72500038146973,1.0,182.0,0.0
7369,1.0,1,36.9900016784668,1.0,0.0,0.0
7371,2.0,1,225.9499969482422,1.0,0.0,0.0
7372,1.0,1,79.94999694824217,1.0,0.0,0.0
7378,1.0,1,125.0,1.0,0.0,0.0
7383,1.0,1,79.0,1.0,0.0,0.0
7385,4.0,1,300.1500015258789,1.0,0.0,0.0
7387,2.0,1,27.739999771118164,1.0,0.0,0.0
7397,1.0,1,59.5,1.0,0.0,0.0
7403,2.0,1,42.97999954223633,1.0,0.0,0.0
7408,2.0,1,202.0,1.0,0.0,0.0
7411,2.0,2,156.55999755859375,1.0,25.0,0.0
7423,1.0,1,35.95000076293945,1.0,0.0,0.0
7427,1.0,1,36.5,1.0,0.0,0.0
7439,1.0,1,54.9900016784668,1.0,0.0,0.0
7445,1.0,1,12.0600004196167,1.0,0.0,0.0
7446,1.0,1,49.9099998474121,1.0,0.0,0.0
7451,1.0,1,24.0,1.0,0.0,0.0
7455,2.0,1,39.97999954223633,1.0,0.0,0.0
7464,1.0,1,29.950000762939453,1.0,0.0,0.0
7465,1.0,1,32.4900016784668,1.0,0.0,0.0
7468,2.0,1,98.20999908447266,1.0,0.0,0.0
7469,1.0,2,123.58499908447266,1.0,152.0,0.0
7473,2.0,1,85.92000198364258,1.0,0.0,0.0
7475,1.0,2,191.0900001525879,1.0,135.0,0.0
7482,1.0,1,149.0,1.0,0.0,0.0
7483,1.0,2,41.29999923706055,1.0,28.0,0.0
7484,1.0,1,39.5,1.0,0.0,0.0
7485,1.0,1,74.5,1.0,0.0,0.0
7489,2.0,1,351.0,1.0,0.0,0.0
7493,4.0,1,240.94000244140625,1.0,0.0,0.0
7494,1.0,1,98.0,1.0,0.0,0.0
7497,1.0,1,32.790000915527344,1.0,0.0,0.0
7504,1.0,1,25.0,1.0,0.0,0.0
7506,2.0,1,48.43000030517578,1.0,0.0,0.0
7509,1.0,1,68.80000305175781,1.0,0.0,0.0
7510,2.5,2,64.5900011062622,1.0,247.0,0.0
7520,3.0,1,238.22999668121335,1.0,0.0,0.0
7522,1.0,1,109.0,1.0,0.0,0.0
7523,1.0,1,12.989999771118164,1.0,0.0,0.0
7524,1.0,1,13.949999809265137,1.0,0.0,0.0
7525,1.0,1,20.989999771118164,1.0,0.0,0.0
7530,1.0,1,178.0,1.0,0.0,0.0
7534,1.0,1,99.0,1.0,0.0,0.0
7535,1.0,1,49.9900016784668,1.0,0.0,0.0
7537,1.0,1,79.0,1.0,0.0,0.0
7546,2.0,1,49.540000915527344,1.0,0.0,0.0
7548,1.0,1,19.950000762939453,1.0,0.0,0.0
7550,1.0,1,32.0,1.0,0.0,0.0
7553,1.0,1,25.0,1.0,0.0,0.0
7554,2.0,1,122.86000061035155,1.0,0.0,0.0
7555,2.0,1,79.5,1.0,0.0,0.0
7562,4.0,1,212.56999969482422,1.0,0.0,0.0
7563,4.0,1,210.94999885559082,1.0,0.0,0.0
7568,3.5,2,126.36999940872192,1.0,63.0,0.0
7573,3.0,1,250.44000053405762,1.0,0.0,0.0
7577,2.0,1,116.0,1.0,0.0,0.0
7584,1.0,1,25.0,1.0,0.0,0.0
7585,1.0,1,44.0,1.0,0.0,0.0
7586,1.0,1,139.9499969482422,1.0,0.0,0.0
7589,1.0,1,65.94999694824219,1.0,0.0,0.0
7590,2.0,1,37.10999870300293,1.0,0.0,0.0
7592,1.0,1,14.130000114440918,1.0,0.0,0.0
7600,2.0,1,40.829999923706055,1.0,0.0,0.0
7606,1.0,1,36.380001068115234,1.0,0.0,0.0
7609,1.0,2,67.0,1.0,335.0,0.0
7611,1.0,1,22.989999771118164,1.0,0.0,0.0
7614,1.0,1,149.97999572753906,1.0,0.0,0.0
7615,2.0,1,113.54999923706056,1.0,0.0,0.0
7617,2.0,1,227.9499969482422,1.0,0.0,0.0
7619,1.0,1,44.9900016784668,1.0,0.0,0.0
7627,1.0,1,82.0,1.0,0.0,0.0
7629,1.0,1,135.0,1.0,0.0,0.0
7632,1.0,1,119.98999786376952,1.0,0.0,0.0
7636,1.0,1,16.0,1.0,0.0,0.0
7640,1.0,1,34.9900016784668,1.0,0.0,0.0
7641,1.0,1,29.989999771118164,1.0,0.0,0.0
7644,1.0,1,36.650001525878906,1.0,0.0,0.0
7655,1.0,1,39.9900016784668,1.0,0.0,0.0
7664,1.0,1,18.0,1.0,0.0,0.0
7668,1.0,1,59.9900016784668,1.0,0.0,0.0
7669,2.0,1,44.0,1.0,0.0,0.0
7673,1.0,1,35.0,1.0,0.0,0.0
7676,1.0,2,117.96999931335448,1.0,297.0,0.0
7681,1.0,2,30.95499897003174,1.0,646.0,0.0
7686,1.0,1,24.950000762939453,1.0,0.0,0.0
7687,1.0,1,25.0,1.0,0.0,0.0
7709,1.0,2,26.06999969482422,1.0,702.0,0.0
7712,1.5,2,36.625,1.0,432.0,0.0
7713,1.0,1,35.0,1.0,0.0,0.0
7721,1.0,1,12.0,1.0,0.0,0.0
7723,1.0,1,300.0,1.0,0.0,0.0
7731,2.0,1,53.760000228881836,1.0,0.0,0.0
7733,1.0,1,25.0,1.0,0.0,0.0
7736,3.0,1,162.18999862670896,1.0,0.0,0.0
7738,1.0,1,54.0,1.0,0.0,0.0
7740,2.0,1,96.11000061035156,1.0,0.0,0.0
7744,1.0,1,39.9900016784668,1.0,0.0,0.0
7745,2.0,1,65.0,1.0,0.0,0.0
7746,1.0,1,52.0,1.0,0.0,0.0
7748,2.0,1,17.619999885559082,1.0,0.0,0.0
7751,1.0,1,135.0,1.0,0.0,0.0
7753,1.0,1,55.0,1.0,0.0,0.0
7755,1.0,1,98.0,1.0,0.0,0.0
7766,2.0,1,64.93000030517578,1.0,0.0,0.0
7767,1.0,1,31.979999542236328,1.0,0.0,0.0
7772,1.0,1,84.20999908447266,1.0,0.0,0.0
7774,3.0,1,811.0,1.0,0.0,0.0
7777,1.0,1,31.989999771118164,1.0,0.0,0.0
7783,1.0,1,48.930000305175774,1.0,0.0,0.0
7791,1.0,1,9.989999771118164,1.0,0.0,0.0
7800,1.0,1,149.0,1.0,0.0,0.0
7801,4.0,1,166.0600004196167,1.0,0.0,0.0
7802,1.0,1,63.9000015258789,2.0,0.0,0.0
7803,2.0,1,129.4499969482422,1.0,0.0,0.0
7808,1.0,1,149.0,1.0,0.0,0.0
7810,1.0,1,14.81999969482422,1.0,0.0,0.0
7819,4.0,1,426.20999908447266,1.0,0.0,0.0
7822,1.0,1,9.5,1.0,0.0,0.0
7823,1.0,1,8.979999542236328,1.0,0.0,0.0
7825,1.0,1,76.0,1.0,0.0,0.0
7835,1.0,1,24.89999961853028,1.0,0.0,0.0
7839,4.0,1,206.9000015258789,1.0,0.0,0.0
7841,3.0,1,73.98999977111816,1.0,0.0,0.0
7843,1.0,1,12.5,1.0,0.0,0.0
7852,1.0,1,30.0,1.0,0.0,0.0
7860,1.0,3,52.14666620890299,1.0,991.5,1205.6170619230636
7873,1.0,1,59.0,1.0,0.0,0.0
7875,1.0,1,24.989999771118164,1.0,0.0,0.0
7884,1.0,1,130.99000549316406,1.0,0.0,0.0
7885,1.0,1,102.0,1.0,0.0,0.0
7887,1.0,1,50.0,1.0,0.0,0.0
7891,1.0,1,29.989999771118164,1.0,0.0,0.0
7892,1.0,1,79.5,1.0,0.0,0.0
7893,1.5,2,76.46999931335449,1.0,40.0,0.0
7896,1.0,1,75.0,1.0,0.0,0.0
7897,2.0,1,105.94999694824219,1.0,0.0,0.0
7907,1.0,1,46.0,1.0,0.0,0.0
7909,1.0,1,44.0,1.0,0.0,0.0
7911,1.0,1,40.0,1.0,0.0,0.0
7917,1.0,1,12.93000030517578,1.0,0.0,0.0
7918,1.0,1,24.989999771118164,1.0,0.0,0.0
7919,1.0,1,48.75,1.0,0.0,0.0
7930,1.0,1,29.989999771118164,1.0,0.0,0.0
7931,1.0,1,31.950000762939453,1.0,0.0,0.0
7935,1.0,1,41.950000762939446,1.0,0.0,0.0
7937,1.0,2,129.5,1.0,274.0,0.0
7942,1.0,1,54.0,1.0,0.0,0.0
7944,1.0,1,92.0,1.0,0.0,0.0
7946,1.0,1,80.0,1.0,0.0,0.0
7947,1.0,1,41.9900016784668,1.0,0.0,0.0
7950,1.0,1,89.98999786376953,1.0,0.0,0.0
7951,2.0,1,49.0,1.0,0.0,0.0
7954,1.0,1,34.9900016784668,1.0,0.0,0.0
7957,1.0,1,84.0,1.0,0.0,0.0
7962,1.0,1,22.96999931335449,1.0,0.0,0.0
7967,1.0,1,119.98999786376952,1.0,0.0,0.0
7972,2.0,1,65.93000221252441,1.0,0.0,0.0
7973,1.0,1,62.09999847412109,1.0,0.0,0.0
7977,1.0,1,39.9900016784668,1.0,0.0,0.0
7979,1.0,1,12.970000267028809,1.0,0.0,0.0
7982,1.0,1,75.0,1.0,0.0,0.0
7989,1.0,1,3.799999952316284,1.0,0.0,0.0
7994,1.0,1,28.989999771118164,1.0,0.0,0.0
8001,1.0,2,45.49499988555908,1.0,1356.0,0.0
8009,1.0,1,34.06999969482422,1.0,0.0,0.0
8016,1.0,1,169.0,1.0,0.0,0.0
8017,2.5,2,83.08999824523926,1.0,991.0,0.0
8025,1.0,1,167.5,1.0,0.0,0.0
8028,1.0,1,25.0,1.0,0.0,0.0
8034,3.0,1,180.5,1.0,0.0,0.0
8035,3.0,2,454.5900001525879,1.0,457.0,0.0
8044,2.0,1,44.35999870300294,1.0,0.0,0.0
8045,1.5,2,58.26499938964844,1.0,170.0,0.0
8046,1.0,1,32.9900016784668,1.0,0.0,0.0
8050,2.0,1,119.0,1.0,0.0,0.0
8051,1.0,2,58.25,1.0,94.0,0.0
8057,1.0,1,18.96999931335449,1.0,0.0,0.0
8061,1.0,1,54.950000762939446,1.0,0.0,0.0
8066,1.0,1,14.989999771118164,1.0,0.0,0.0
8071,1.0,1,39.9900016784668,1.0,0.0,0.0
8073,2.0,1,54.21000003814697,1.0,0.0,0.0
8075,1.0,1,59.18999862670898,1.0,0.0,0.0
8079,2.0,1,191.89000511169434,1.0,0.0,0.0
8083,1.0,1,124.0,1.0,0.0,0.0
8087,1.0,1,25.0,1.0,0.0,0.0
8088,2.0,1,96.95000076293945,1.0,0.0,0.0
8096,1.0,1,49.9900016784668,1.0,0.0,0.0
8098,2.0,1,213.9000015258789,1.0,0.0,0.0
8099,1.0,1,24.989999771118164,1.0,0.0,0.0
8102,2.0,1,169.97999572753906,1.0,0.0,0.0
8106,1.0,3,51.24000040690104,1.0,109.0,104.65180361560904
8112,1.5,2,114.74499988555908,1.0,179.0,0.0
8114,1.0,1,69.94999694824219,1.0,0.0,0.0
8119,1.0,1,37.950000762939446,1.0,0.0,0.0
8125,2.0,1,31.989999771118164,1.0,0.0,0.0
8127,1.0,1,155.0,1.0,0.0,0.0
8132,1.0,1,13.989999771118164,1.0,0.0,0.0
8136,1.5,2,133.4950008392334,1.0,271.0,0.0
8138,1.0,1,60.560001373291016,1.0,0.0,0.0
8155,2.0,1,43.850000381469734,1.0,0.0,0.0
8162,1.0,1,49.0,1.0,0.0,0.0
8168,1.0,1,89.0999984741211,1.0,0.0,0.0
8175,1.0,1,189.0,1.0,0.0,0.0
8182,4.0,1,787.9300003051758,1.0,0.0,0.0
8184,1.0,1,99.9800033569336,1.0,0.0,0.0
8188,1.0,1,9.550000190734863,1.0,0.0,0.0
8193,1.0,1,55.0,1.0,0.0,0.0
8196,1.0,1,53.9900016784668,1.0,0.0,0.0
8197,1.0,1,259.0,1.0,0.0,0.0
8199,1.0,1,29.989999771118164,1.0,0.0,0.0
8202,1.0,1,79.5,1.0,0.0,0.0
8206,1.0,1,69.9800033569336,1.0,0.0,0.0
8208,4.0,1,272.939998626709,1.0,0.0,0.0
8213,2.0,1,73.32000160217285,1.0,0.0,0.0
8216,1.0,1,27.989999771118164,1.0,0.0,0.0
8229,1.0,1,11.340000152587892,1.0,0.0,0.0
8231,1.0,1,21.5,1.0,0.0,0.0
8235,1.0,1,29.989999771118164,1.0,0.0,0.0
8238,1.5,2,27.47499990463257,1.0,79.0,0.0
8239,1.0,1,51.9900016784668,1.0,0.0,0.0
8240,2.0,1,199.68999481201172,1.0,0.0,0.0
8241,3.0,1,122.44000148773193,1.0,0.0,0.0
8244,1.0,1,60.0,1.0,0.0,0.0
8253,1.5,2,65.42500019073486,1.0,10.0,0.0
8257,1.0,1,74.0,1.0,0.0,0.0
8269,1.6666666666666667,3,188.16333389282227,1.0,318.5,361.3315651863258
8274,1.5,1,53.9399995803833,2.0,13.0,0.0
8277,1.0,1,14.899999618530272,1.0,0.0,0.0
8278,1.0,2,75.24499893188477,1.0,81.0,0.0
8286,2.0,1,39.30000019073486,1.0,0.0,0.0
8287,1.0,2,63.0,1.0,724.0,0.0
8289,1.0,1,88.95000076293945,2.0,10.0,0.0
8293,3.0,1,99.70000076293945,1.0,0.0,0.0
8294,1.0,1,29.5,1.0,0.0,0.0
8306,1.0,1,34.0,1.0,0.0,0.0
8307,1.0,1,25.0,1.0,0.0,0.0
8316,1.0,1,24.0,1.0,0.0,0.0
8327,2.0,1,85.19999694824219,1.0,0.0,0.0
8329,1.0,3,77.9966672261556,1.0,369.0,438.4062043356595
8330,1.0,1,374.0,1.0,0.0,0.0
8336,2.0,1,130.93999862670898,1.0,0.0,0.0
8351,1.0,1,30.0,1.0,0.0,0.0
8352,1.0,2,33.484999656677246,1.0,388.0,0.0
8355,2.0,1,108.32999801635742,1.0,0.0,0.0
8356,1.0,1,128.5,1.0,0.0,0.0
8357,1.0,1,59.0,1.0,0.0,0.0
8358,1.0,1,69.5,1.0,0.0,0.0
8360,1.0,1,52.0,1.0,0.0,0.0
8363,1.0,1,22.989999771118164,1.0,0.0,0.0
8367,1.0,1,54.450000762939446,1.0,0.0,0.0
8368,1.0,1,24.0,1.0,0.0,0.0
8377,1.0,1,13.600000381469728,1.0,0.0,0.0
8379,1.0,1,39.9900016784668,1.0,0.0,0.0
8380,1.0,1,89.0,1.0,0.0,0.0
8385,1.0,1,25.0,1.0,0.0,0.0
8392,1.0,1,30.0,1.0,0.0,0.0
8396,3.0,1,133.9800033569336,1.0,0.0,0.0
8401,2.0,1,101.98999977111816,1.0,0.0,0.0
8404,2.0,1,38.579999923706055,1.0,0.0,0.0
8405,1.0,1,69.5,1.0,0.0,0.0
8411,1.5,2,124.98500347137451,1.0,1301.0,0.0
8421,1.0,1,15.989999771118164,1.0,0.0,0.0
8423,1.0,1,46.0,1.0,0.0,0.0
8425,2.0,1,29.989999771118164,1.0,0.0,0.0
8426,1.0,1,68.0,1.0,0.0,0.0
8427,1.0,1,74.0,1.0,0.0,0.0
8429,4.0,1,367.5499954223633,1.0,0.0,0.0
8430,1.0,1,68.72000122070312,1.0,0.0,0.0
8433,1.0,1,12.0,1.0,0.0,0.0
8440,1.0,1,25.0,1.0,0.0,0.0
8441,1.0,1,60.0,1.0,0.0,0.0
8442,1.0,1,34.97999954223633,1.0,0.0,0.0
8443,1.0,1,64.0,1.0,0.0,0.0
8445,1.0,1,29.989999771118164,1.0,0.0,0.0
8448,1.0,2,54.5,1.0,900.0,0.0
8450,1.0,1,54.9900016784668,1.0,0.0,0.0
8451,1.0,1,90.0,1.0,0.0,0.0
8455,1.0,1,59.5,1.0,0.0,0.0
8458,1.0,1,55.0,1.0,0.0,0.0
8460,1.0,1,26.0,1.0,0.0,0.0
8461,1.0,1,135.0,1.0,0.0,0.0
8473,1.0,1,49.9900016784668,1.0,0.0,0.0
8474,1.0,1,24.89999961853028,1.0,0.0,0.0
8478,2.0,1,119.95000076293945,1.0,0.0,0.0
8492,2.0,2,125.9749984741211,1.0,243.0,0.0
8494,2.0,1,98.09000015258789,1.0,0.0,0.0
8498,1.0,1,10.890000343322754,1.0,0.0,0.0
8500,1.0,1,56.0,1.0,0.0,0.0
8502,4.0,1,290.4999990463257,1.0,0.0,0.0
8504,1.0,1,89.0,1.0,0.0,0.0
8508,3.0,1,283.93999671936035,1.0,0.0,0.0
8517,1.0,1,10.989999771118164,1.0,0.0,0.0
8519,1.0,1,59.0,1.0,0.0,0.0
8522,2.0,1,42.989999771118164,1.0,0.0,0.0
8530,1.0,1,42.0,1.0,0.0,0.0
8531,1.0,1,49.0,1.0,0.0,0.0
8532,1.0,2,20.490000247955322,1.0,1760.0,0.0
8533,2.0,1,97.68000030517578,1.0,0.0,0.0
8539,2.0,1,128.0,1.0,0.0,0.0
8540,1.0,1,43.7400016784668,1.0,0.0,0.0
8544,1.0,1,135.0,1.0,0.0,0.0
8546,1.0,1,119.0,1.0,0.0,0.0
8559,1.0,1,54.0,1.0,0.0,0.0
8562,1.0,1,49.5,1.0,0.0,0.0
8564,1.0,1,11.409999847412108,1.0,0.0,0.0
8565,1.0,1,26.989999771118164,1.0,0.0,0.0
8567,4.0,1,205.1300048828125,1.0,0.0,0.0
8568,4.0,1,282.19000244140625,1.0,0.0,0.0
8572,1.0,1,22.950000762939453,1.0,0.0,0.0
8577,1.0,1,39.950000762939446,1.0,0.0,0.0
8585,1.0,1,78.75,1.0,0.0,0.0
8587,1.0,1,98.0,1.0,0.0,0.0
8589,1.0,1,48.0,1.0,0.0,0.0
8595,2.0,1,83.94000244140625,1.0,0.0,0.0
8596,2.0,2,166.17000007629395,1.0,163.0,0.0
8599,1.0,1,62.0,1.0,0.0,0.0
8602,2.0,1,70.98999977111816,1.0,0.0,0.0
8607,1.5,1,135.47000122070312,2.0,9.0,0.0
8610,1.0,1,389.989990234375,1.0,0.0,0.0
8613,1.0,1,21.989999771118164,1.0,0.0,0.0
8614,1.0,1,38.0,1.0,0.0,0.0
8615,1.0,1,16.899999618530273,1.0,0.0,0.0
8619,1.0,1,29.950000762939453,1.0,0.0,0.0
8620,1.0,1,44.9900016784668,1.0,0.0,0.0
8633,1.0,1,109.5,1.0,0.0,0.0
8635,2.0,1,77.98000144958496,1.0,0.0,0.0
8641,3.0,1,83.97999954223633,1.0,0.0,0.0
8644,1.0,1,52.0,1.0,0.0,0.0
8652,1.0,1,139.9499969482422,1.0,0.0,0.0
8655,1.0,1,39.5,1.0,0.0,0.0
8658,3.0,1,104.48999977111816,1.0,0.0,0.0
8664,1.0,1,319.989990234375,1.0,0.0,0.0
8670,1.0,1,119.98999786376952,1.0,0.0,0.0
8694,1.0,1,10.729999542236328,1.0,0.0,0.0
8698,1.0,1,45.9900016784668,1.0,0.0,0.0
8701,1.0,1,49.9900016784668,1.0,0.0,0.0
8703,1.0,1,16.989999771118164,1.0,0.0,0.0
8705,1.0,1,19.989999771118164,1.0,0.0,0.0
8709,1.0,1,172.0,1.0,0.0,0.0
8715,2.0,1,52.829999923706055,1.0,0.0,0.0
8717,1.0,1,258.989990234375,1.0,0.0,0.0
8719,1.0,1,8.84000015258789,1.0,0.0,0.0
8724,1.0,2,48.5,1.0,109.0,0.0
8728,3.0,1,948.9799995422363,1.0,0.0,0.0
8733,1.0,1,60.0,1.0,0.0,0.0
8734,1.0,1,18.989999771118164,1.0,0.0,0.0
8735,2.0,1,144.0,1.0,0.0,0.0
8740,1.0,1,29.5,1.0,0.0,0.0
8741,3.0,1,271.39000129699707,1.0,0.0,0.0
8742,1.0,1,23.950000762939453,1.0,0.0,0.0
8746,2.0,1,99.86999988555908,1.0,0.0,0.0
8748,2.0,2,287.4950008392334,1.0,744.0,0.0
8750,4.0,1,175.9900016784668,1.0,0.0,0.0
8752,1.0,1,8.489999771118164,1.0,0.0,0.0
8756,1.0,1,8.989999771118164,1.0,0.0,0.0
8758,4.0,1,172.52999877929688,1.0,0.0,0.0
8769,2.0,1,63.89000129699708,1.0,0.0,0.0
8770,2.0,1,42.25,1.0,0.0,0.0
8773,1.5,2,77.24499988555908,1.0,365.0,0.0
8778,1.0,1,39.9900016784668,1.0,0.0,0.0
8782,1.0,1,22.950000762939453,1.0,0.0,0.0
8783,1.0,1,75.0,1.0,0.0,0.0
8784,1.0,2,48.29499912261963,1.0,76.0,0.0
8793,1.0,1,39.950000762939446,1.0,0.0,0.0
8796,1.0,1,42.900001525878906,1.0,0.0,0.0
8800,1.0,1,29.950000762939453,1.0,0.0,0.0
8805,1.0,1,25.0,1.0,0.0,0.0
8809,2.0,1,118.0,1.0,0.0,0.0
8813,2.0,1,90.46000099182129,1.0,0.0,0.0
8817,2.0,1,34.889999389648445,1.0,0.0,0.0
8820,2.0,1,50.60000038146973,1.0,0.0,0.0
8821,2.0,1,125.45000076293945,1.0,0.0,0.0
8826,1.0,1,79.0,1.0,0.0,0.0
8827,2.0,1,124.88000106811523,1.0,0.0,0.0
8828,1.0,1,74.98999786376953,1.0,0.0,0.0
8829,1.0,1,119.98999786376952,1.0,0.0,0.0
8831,2.0,1,336.9900016784668,1.0,0.0,0.0
8832,1.5,1,207.75999450683594,2.0,9.0,0.0
8834,1.0,1,21.0,1.0,0.0,0.0
8835,1.0,1,46.0,1.0,0.0,0.0
8837,1.0,1,29.5,1.0,0.0,0.0
8838,1.0,2,33.4950008392334,1.0,275.0,0.0
8839,2.0,1,88.0,1.0,0.0,0.0
8842,1.0,1,24.989999771118164,1.0,0.0,0.0
8845,1.0,1,59.5,1.0,0.0,0.0
8846,4.0,1,293.9499969482422,1.0,0.0,0.0
8851,1.0,1,50.0,1.0,0.0,0.0
8852,1.0,1,10.989999771118164,1.0,0.0,0.0
8868,1.0,1,114.9499969482422,1.0,0.0,0.0
8869,1.0,1,36.0,1.0,0.0,0.0
8871,1.0,1,399.989990234375,1.0,0.0,0.0
8873,2.0,1,302.9399902820587,1.0,0.0,0.0
8877,1.0,1,14.989999771118164,1.0,0.0,0.0
8879,1.0,1,165.0,1.0,0.0,0.0
8884,1.0,1,179.0,1.0,0.0,0.0
8886,1.0,1,29.950000762939453,1.0,0.0,0.0
8901,1.0,2,63.0,1.0,926.0,0.0
8904,1.0,1,89.5999984741211,1.0,0.0,0.0
8908,1.0,1,36.0,1.0,0.0,0.0
8910,1.0,1,129.99000549316406,1.0,0.0,0.0
8911,1.0,1,89.94999694824217,1.0,0.0,0.0
8913,1.0,1,13.520000457763672,1.0,0.0,0.0
8917,1.0,1,79.5,1.0,0.0,0.0
8935,1.0,1,64.0,1.0,0.0,0.0
8936,1.0,1,60.0,1.0,0.0,0.0
8937,2.0,1,32.989999771118164,1.0,0.0,0.0
8938,2.0,1,63.940001487731934,1.0,0.0,0.0
8939,2.0,1,101.06999969482422,1.0,0.0,0.0
8940,3.0,1,319.10999298095703,1.0,0.0,0.0
8944,2.0,1,68.27000045776367,1.0,0.0,0.0
8951,2.0,1,172.98999977111816,1.0,0.0,0.0
8952,1.0,1,52.950000762939446,1.0,0.0,0.0
8963,1.0,1,54.9900016784668,1.0,0.0,0.0
8965,1.0,1,29.950000762939453,1.0,0.0,0.0
8966,1.5,2,36.21999979019165,1.0,1186.0,0.0
8969,1.0,1,50.0,1.0,0.0,0.0
8974,1.0,1,8.989999771118164,1.0,0.0,0.0
8980,1.0,1,48.0,1.0,0.0,0.0
8985,1.0,1,18.989999771118164,1.0,0.0,0.0
8986,1.0,1,22.5,1.0,0.0,0.0
8988,1.0,1,64.0,1.0,0.0,0.0
8990,1.0,1,88.0,1.0,0.0,0.0
8993,1.0,1,126.0,1.0,0.0,0.0
8994,1.0,1,84.0,1.0,0.0,0.0
9000,2.0,1,122.70999908447266,1.0,0.0,0.0
9002,2.0,1,106.68999862670898,1.0,0.0,0.0
9006,1.0,1,29.989999771118164,1.0,0.0,0.0
9008,2.5,2,94.10500144958496,1.0,206.0,0.0
9011,1.0,1,65.0,1.0,0.0,0.0
9014,1.0,1,48.0,1.0,0.0,0.0
9015,1.0,1,29.950000762939453,1.0,0.0,0.0
9017,2.0,1,174.98999977111816,1.0,0.0,0.0
9022,1.0,2,133.97500038146973,1.0,156.0,0.0
9025,1.0,1,153.9499969482422,1.0,0.0,0.0
9028,1.0,1,25.950000762939453,1.0,0.0,0.0
9031,3.0,2,184.45000076293945,1.0,175.0,0.0
9033,1.0,1,10.5,1.0,0.0,0.0
9034,2.0,1,115.26999759674071,1.0,0.0,0.0
9037,1.0,1,10.720000267028809,1.0,0.0,0.0
9038,1.0,1,25.0,1.0,0.0,0.0
9041,1.0,1,22.0,1.0,0.0,0.0
9043,4.0,1,171.4000015258789,1.0,0.0,0.0
9044,2.0,1,42.0,1.0,0.0,0.0
9052,3.0,1,174.93000030517578,1.0,0.0,0.0
9060,1.0,2,181.5,1.0,131.0,0.0
9061,1.0,1,17.75,1.0,0.0,0.0
9062,1.0,1,14.609999656677246,1.0,0.0,0.0
9064,2.0,1,194.06999969482422,1.0,0.0,0.0
9066,1.0,1,21.950000762939453,1.0,0.0,0.0
9069,3.0,1,383.76001358032227,1.0,0.0,0.0
9070,2.0,1,156.48999786376953,1.0,0.0,0.0
9072,1.0,1,24.989999771118164,1.0,0.0,0.0
9075,2.0,1,194.04000091552734,1.0,0.0,0.0
9076,1.0,1,34.9900016784668,1.0,0.0,0.0
9080,2.0,1,71.02000045776367,1.0,0.0,0.0
9082,1.0,1,53.970001220703125,1.0,0.0,0.0
9083,1.0,1,54.0,1.0,0.0,0.0
9093,1.0,1,36.0,1.0,0.0,0.0
9101,1.0,1,49.5,1.0,0.0,0.0
9107,1.0,1,9.949999809265137,1.0,0.0,0.0
9121,3.0,1,182.97999954223633,1.0,0.0,0.0
9128,1.0,1,66.0,1.0,0.0,0.0
9133,1.0,1,35.97999954223633,1.0,0.0,0.0
9136,1.0,1,87.0999984741211,1.0,0.0,0.0
9150,1.0,1,30.56999969482421,1.0,0.0,0.0
9152,2.0,1,234.4900054931641,1.0,0.0,0.0
9154,1.0,2,31.994999885559082,1.0,1482.0,0.0
9155,1.0,1,30.0,1.0,0.0,0.0
9161,4.0,1,249.46999406814575,1.0,0.0,0.0
9162,1.0,3,92.92666689554851,1.0,191.5,181.7264427649427
9168,1.0,1,84.98999786376953,1.0,0.0,0.0
9178,1.0,1,37.930000305175774,1.0,0.0,0.0
9180,2.0,3,122.05666732788086,1.0,146.5,12.020815280171307
9182,2.5,2,123.95999908447266,1.0,106.0,0.0
9183,2.0,1,90.0,1.0,0.0,0.0
9187,1.0,1,11.989999771118164,1.0,0.0,0.0
9191,4.0,1,411.9800033569336,1.0,0.0,0.0
9193,1.0,1,249.94999694824216,1.0,0.0,0.0
9194,1.0,1,46.0,1.0,0.0,0.0
9196,2.0,1,109.98999977111816,1.0,0.0,0.0
9200,1.0,1,16.0,1.0,0.0,0.0
9201,2.0,1,87.09000015258789,1.0,0.0,0.0
9204,1.0,1,199.9900054931641,1.0,0.0,0.0
9206,1.0,2,88.75000190734863,1.0,406.0,0.0
9212,4.0,1,241.10999298095703,1.0,0.0,0.0
9215,2.0,1,239.0,1.0,0.0,0.0
9216,3.0,1,374.9699935913086,1.0,0.0,0.0
9220,1.0,1,125.0,1.0,0.0,0.0
9221,1.0,1,23.989999771118164,1.0,0.0,0.0
9222,4.0,1,170.9300022125244,1.0,0.0,0.0
9223,1.0,1,71.98999786376953,1.0,0.0,0.0
9225,1.0,1,26.46999931335449,1.0,0.0,0.0
9230,1.0,1,11.489999771118164,1.0,0.0,0.0
9231,2.0,1,32.87999963760376,1.0,0.0,0.0
9235,1.0,1,39.950000762939446,1.0,0.0,0.0
9237,1.0,1,49.9900016784668,1.0,0.0,0.0
9238,2.0,1,62.9900016784668,1.0,0.0,0.0
9239,3.0,1,125.22999954223633,1.0,0.0,0.0
9241,2.0,1,65.95000076293945,1.0,0.0,0.0
9242,1.5,2,157.49500274658203,1.0,456.0,0.0
9244,2.5,2,228.2249984741211,1.0,105.0,0.0
9252,3.0,1,116.92000007629395,1.0,0.0,0.0
9253,1.0,1,14.960000038146973,1.0,0.0,0.0
9271,1.0,1,22.100000381469727,1.0,0.0,0.0
9276,1.0,2,12.944999694824222,1.0,1025.0,0.0
9277,1.0,1,375.0,1.0,0.0,0.0
9279,1.0,1,52.950000762939446,1.0,0.0,0.0
9282,1.5,2,95.28999900817871,1.0,1453.0,0.0
9288,2.0,1,32.97999954223633,1.0,0.0,0.0
9290,1.0,1,30.0,1.0,0.0,0.0
9291,1.0,1,165.0,1.0,0.0,0.0
9297,1.0,1,199.5,2.0,10.0,0.0
9306,2.0,1,80.98999977111816,1.0,0.0,0.0
9307,2.0,1,106.0,1.0,0.0,0.0
9310,1.5,2,106.19500350952148,1.0,1633.0,0.0
9321,1.0,1,45.0,1.0,0.0,0.0
9322,1.0,1,69.44999694824219,1.0,0.0,0.0
9323,1.0,1,27.989999771118164,1.0,0.0,0.0
9326,1.0,1,19.989999771118164,1.0,0.0,0.0
9328,2.0,1,193.98999786376953,1.0,0.0,0.0
9332,1.0,1,9.989999771118164,1.0,0.0,0.0
9333,1.0,1,48.0,1.0,0.0,0.0
9337,4.0,1,234.31999969482422,1.0,0.0,0.0
9352,1.0,1,60.38999938964844,1.0,0.0,0.0
9354,1.0,2,215.0,1.0,121.0,0.0
9357,1.0,2,35.4950008392334,1.0,1107.0,0.0
9358,1.0,1,17.989999771118164,1.0,0.0,0.0
9361,2.0,1,51.59000015258789,1.0,0.0,0.0
9372,1.0,1,23.950000762939453,1.0,0.0,0.0
9378,1.0,1,74.0,1.0,0.0,0.0
9379,1.0,1,25.89999961853028,1.0,0.0,0.0
9382,1.0,1,58.0,1.0,0.0,0.0
9383,3.0,1,120.97000312805176,1.0,0.0,0.0
9384,1.0,1,49.9900016784668,1.0,0.0,0.0
9385,1.0,1,14.0,1.0,0.0,0.0
9389,2.0,1,71.98999977111816,1.0,0.0,0.0
9390,1.0,1,89.5,1.0,0.0,0.0
9395,1.0,1,58.0,1.0,0.0,0.0
9402,3.0,2,126.88500118255614,1.0,944.0,0.0
9408,1.0,1,14.989999771118164,1.0,0.0,0.0
9410,1.0,1,99.5,1.0,0.0,0.0
9413,1.0,1,15.0,1.0,0.0,0.0
9418,1.0,1,58.970001220703125,1.0,0.0,0.0
9419,4.0,1,98.10999870300293,1.0,0.0,0.0
9423,1.0,1,10.989999771118164,1.0,0.0,0.0
9426,1.0,1,50.0,1.0,0.0,0.0
9435,3.0,1,203.98999786376953,1.0,0.0,0.0
9436,1.0,1,91.98999786376952,1.0,0.0,0.0
9452,1.0,1,70.0,1.0,0.0,0.0
9453,1.0,1,8.949999809265137,1.0,0.0,0.0
9461,1.0,1,56.470001220703125,1.0,0.0,0.0
9463,2.0,1,128.5,1.0,0.0,0.0
9464,2.0,1,194.5,1.0,0.0,0.0
9468,1.0,1,35.0,1.0,0.0,0.0
9471,1.0,1,13.989999771118164,1.0,0.0,0.0
9472,1.0,2,17.329999923706055,1.0,547.0,0.0
9474,1.0,1,99.0,1.0,0.0,0.0
9475,3.0,1,159.92999839782715,1.0,0.0,0.0
9480,2.0,1,107.98999977111816,1.0,0.0,0.0
9485,1.0,1,180.0,1.0,0.0,0.0
9490,1.0,1,62.0,1.0,0.0,0.0
9493,1.0,2,30.5,1.0,663.0,0.0
9502,1.0,1,35.9900016784668,1.0,0.0,0.0
9515,2.5,2,53.66499996185303,1.0,206.0,0.0
9516,1.0,1,10.989999771118164,1.0,0.0,0.0
9517,1.0,1,58.0,1.0,0.0,0.0
9520,2.0,1,74.68999862670898,1.0,0.0,0.0
9521,1.0,2,36.75,1.0,1380.0,0.0
9524,1.0,1,12.5,1.0,0.0,0.0
9528,1.0,1,74.94999694824217,1.0,0.0,0.0
9529,2.0,1,33.989999771118164,1.0,0.0,0.0
9531,1.0,2,24.4950008392334,1.0,8.0,0.0
9532,1.0,1,79.9000015258789,1.0,0.0,0.0
9533,2.0,2,102.68499946594238,1.0,215.0,0.0
9534,1.0,1,29.950000762939453,1.0,0.0,0.0
9535,1.3333333333333333,3,156.84333292643228,1.0,69.0,36.76955262170047
9538,1.0,1,49.9900016784668,1.0,0.0,0.0
9540,2.0,1,74.9900016784668,1.0,0.0,0.0
9546,2.0,1,71.97000122070312,1.0,0.0,0.0
9551,1.5,2,34.47000026702881,1.0,1525.0,0.0
9553,1.0,1,28.96999931335449,1.0,0.0,0.0
9574,1.0,1,10.5,1.0,0.0,0.0
9579,1.0,1,29.8799991607666,1.0,0.0,0.0
9583,1.0,1,25.0,1.0,0.0,0.0
9584,1.0,1,99.5,1.0,0.0,0.0
9586,1.0,1,39.9900016784668,1.0,0.0,0.0
9590,1.0,1,21.36000061035156,1.0,0.0,0.0
9591,2.0,1,66.94000053405762,1.0,0.0,0.0
9592,1.0,1,30.0,1.0,0.0,0.0
9593,1.0,1,65.0,1.0,0.0,0.0
9602,1.0,1,10.3100004196167,1.0,0.0,0.0
9603,2.0,1,149.0,1.0,0.0,0.0
9608,1.0,2,16.0,1.0,302.0,0.0
9616,2.0,1,74.9900016784668,1.0,0.0,0.0
9618,1.0,1,9.170000076293944,1.0,0.0,0.0
9624,2.0,2,76.46999895572662,1.0,406.0,0.0
9625,1.0,2,63.974998474121094,1.0,147.0,0.0
9635,1.0,1,29.989999771118164,1.0,0.0,0.0
9641,1.5,2,37.99500036239624,1.0,51.0,0.0
9646,2.0,1,155.5,1.0,0.0,0.0
9648,1.0,1,50.0,1.0,0.0,0.0
9649,2.0,1,56.97999954223633,1.0,0.0,0.0
9651,1.0,1,39.9900016784668,1.0,0.0,0.0
9652,2.0,1,82.98999977111816,1.0,0.0,0.0
9657,1.0,1,32.9900016784668,1.0,0.0,0.0
9660,1.0,1,10.989999771118164,1.0,0.0,0.0
9662,1.5,2,91.2450008392334,1.0,570.0,0.0
9670,1.0,1,128.0,1.0,0.0,0.0
9671,1.0,1,21.049999237060547,1.0,0.0,0.0
9674,2.0,1,90.88000297546387,1.0,0.0,0.0
9677,1.0,1,98.0,1.0,0.0,0.0
9678,4.0,1,117.11000061035156,1.0,0.0,0.0
9681,1.0,1,36.9900016784668,1.0,0.0,0.0
9685,1.0,1,29.0,1.0,0.0,0.0
9692,2.0,1,122.5,1.0,0.0,0.0
9693,1.0,1,19.989999771118164,1.0,0.0,0.0
9700,2.0,1,89.9000015258789,1.0,0.0,0.0
9716,1.0,1,30.920000076293945,1.0,0.0,0.0
9718,1.0,1,85.12000274658203,1.0,0.0,0.0
9719,1.0,1,44.0,1.0,0.0,0.0
9727,2.5,2,97.75500202178955,1.0,564.0,0.0
9729,1.6666666666666667,3,87.99666595458984,1.0,586.0,576.9991334482228
9730,1.0,1,66.0,1.0,0.0,0.0
9754,1.0,1,11.989999771118164,1.0,0.0,0.0
9757,3.0,1,61.03000068664551,1.0,0.0,0.0
9758,2.0,1,106.76000213623047,1.0,0.0,0.0
9759,2.0,1,63.489999771118164,1.0,0.0,0.0
9768,3.0,1,147.0,1.0,0.0,0.0
9773,1.0,1,49.5,1.0,0.0,0.0
9781,1.0,1,18.89999961853028,1.0,0.0,0.0
9782,2.0,1,111.9900016784668,1.0,0.0,0.0
9788,1.0,1,25.0,1.0,0.0,0.0
9789,1.0,1,27.940000534057617,1.0,0.0,0.0
9791,1.0,1,8.0,1.0,0.0,0.0
9794,1.0,1,25.989999771118164,1.0,0.0,0.0
9798,1.0,2,129.0,1.0,863.0,0.0
9804,1.0,1,15.989999771118164,1.0,0.0,0.0
9814,1.0,1,64.94999694824219,1.0,0.0,0.0
9816,1.0,2,32.75,1.0,342.0,0.0
9818,1.0,1,69.5,1.0,0.0,0.0
9820,1.0,1,66.0,1.0,0.0,0.0
9821,1.0,1,38.5,1.0,0.0,0.0
9825,1.0,1,25.0,1.0,0.0,0.0
9834,1.0,1,49.5,1.0,0.0,0.0
9838,2.0,1,109.98999786376953,1.0,0.0,0.0
9839,1.0,1,99.0,1.0,0.0,0.0
9849,1.0,2,37.5,1.0,427.0,0.0
9851,4.0,1,314.4499979019165,1.0,0.0,0.0
9852,1.0,1,11.229999542236328,1.0,0.0,0.0
9855,3.0,1,116.75,1.0,0.0,0.0
9860,2.0,1,166.43999671936035,1.0,0.0,0.0
9862,1.0,1,24.989999771118164,1.0,0.0,0.0
9864,1.0,1,25.0,1.0,0.0,0.0
9867,1.0,1,36.959999084472656,1.0,0.0,0.0
9872,2.0,2,78.72999906539917,1.0,395.0,0.0
9878,1.5,2,24.414999961853027,1.0,230.0,0.0
9879,1.0,1,29.520000457763672,1.0,0.0,0.0
9881,4.0,1,153.9900016784668,1.0,0.0,0.0
9883,2.0,1,267.98999977111816,1.0,0.0,0.0
9886,1.5,2,79.33999919891357,1.0,710.0,0.0
9896,1.5,2,110.38000106811523,1.0,355.0,0.0
9899,1.0,1,1.820000052452088,1.0,0.0,0.0
9905,2.0,1,186.26999855041504,1.0,0.0,0.0
9909,1.0,1,149.0,1.0,0.0,0.0
9910,1.0,1,38.950000762939446,1.0,0.0,0.0
9911,2.0,1,83.9799976348877,1.0,0.0,0.0
9914,2.0,1,54.97999954223633,1.0,0.0,0.0
9915,1.0,1,39.880001068115234,1.0,0.0,0.0
9917,1.0,1,59.450000762939446,1.0,0.0,0.0
9922,2.0,1,107.9799976348877,1.0,0.0,0.0
9924,2.0,1,96.9800033569336,1.0,0.0,0.0
9926,1.0,2,27.49000072479248,1.0,69.0,0.0
9930,1.0,1,209.9900054931641,1.0,0.0,0.0
9935,2.0,1,156.94999980926514,1.0,0.0,0.0
9949,1.0,1,54.5,1.0,0.0,0.0
9950,3.0,1,209.49999618530273,1.0,0.0,0.0
9955,1.0,1,11.050000190734863,1.0,0.0,0.0
9958,1.0,1,195.72000122070312,1.0,0.0,0.0
9961,1.0,1,22.989999771118164,1.0,0.0,0.0
9966,1.0,1,28.989999771118164,1.0,0.0,0.0
9970,4.0,1,117.41999912261964,1.0,0.0,0.0
9971,1.0,1,25.0,1.0,0.0,0.0
9974,1.0,1,22.0,1.0,0.0,0.0
9984,1.0,1,18.979999542236328,1.0,0.0,0.0
9985,1.0,1,88.0,1.0,0.0,0.0
9992,1.0,1,48.0,1.0,0.0,0.0
9996,2.0,1,96.45000076293945,1.0,0.0,0.0
9997,1.0,1,28.0,1.0,0.0,0.0
10001,1.0,2,209.0,1.0,620.0,0.0
10002,1.0,1,24.989999771118164,1.0,0.0,0.0
10010,1.0,1,10.989999771118164,1.0,0.0,0.0
10012,1.0,1,52.0,1.0,0.0,0.0
10015,1.0,1,79.0,1.0,0.0,0.0
10019,1.0,1,7.610000133514403,1.0,0.0,0.0
10022,1.0,1,20.8799991607666,1.0,0.0,0.0
10023,1.0,1,8.399999618530273,1.0,0.0,0.0
10025,1.5,2,42.704999923706055,1.0,798.0,0.0
10026,1.0,1,21.989999771118164,1.0,0.0,0.0
10029,1.0,1,65.75,1.0,0.0,0.0
10034,2.0,1,189.98000717163086,1.0,0.0,0.0
10037,1.0,1,17.989999771118164,1.0,0.0,0.0
10039,1.0,1,26.020000457763672,1.0,0.0,0.0
10040,1.0,1,36.950000762939446,1.0,0.0,0.0
10042,1.0,1,14.989999771118164,1.0,0.0,0.0
10043,1.0,1,25.0,1.0,0.0,0.0
10044,1.5,2,119.99000358581543,1.0,60.0,0.0
10045,1.0,1,13.989999771118164,1.0,0.0,0.0
10046,1.5,2,73.8199987411499,1.0,206.0,0.0
10048,4.0,1,298.9300003051758,1.0,0.0,0.0
10052,4.0,1,99.3799991607666,1.0,0.0,0.0
10054,1.0,1,100.0,1.0,0.0,0.0
10061,2.0,1,85.2299976348877,1.0,0.0,0.0
10063,1.0,1,49.9900016784668,1.0,0.0,0.0
10070,1.0,1,59.9900016784668,1.0,0.0,0.0
10074,2.0,1,145.98999786376953,1.0,0.0,0.0
10078,1.0,1,60.0,1.0,0.0,0.0
10079,1.0,1,17.989999771118164,1.0,0.0,0.0
10081,1.5,2,101.5,1.0,645.0,0.0
10095,1.0,1,74.97000122070312,1.0,0.0,0.0
10096,1.0,1,39.880001068115234,1.0,0.0,0.0
10098,1.0,1,54.950000762939446,1.0,0.0,0.0
10104,1.0,1,34.5,1.0,0.0,0.0
10106,1.0,1,44.79999923706056,1.0,0.0,0.0
10111,1.5,2,107.55999946594238,1.0,1034.0,0.0
10113,1.0,2,91.99500274658203,1.0,1084.0,0.0
10114,1.0,1,25.0,1.0,0.0,0.0
10115,2.3333333333333335,3,98.48666636149089,1.0,40.5,10.606601717798213
10117,1.0,1,119.0,1.0,0.0,0.0
10118,1.0,1,68.0,1.0,0.0,0.0
10119,2.0,1,564.0,1.0,0.0,0.0
10120,2.0,1,192.3400001525879,1.0,0.0,0.0
10121,1.0,1,55.0,1.0,0.0,0.0
10123,1.0,1,52.0,1.0,0.0,0.0
10124,1.0,1,21.950000762939453,1.0,0.0,0.0
10127,1.0,1,29.989999771118164,1.0,0.0,0.0
10129,1.0,1,55.9900016784668,1.0,0.0,0.0
10137,1.0,1,180.0,1.0,0.0,0.0
10140,1.0,1,37.950000762939446,1.0,0.0,0.0
10141,1.0,1,31.57999992370605,1.0,0.0,0.0
10142,1.0,1,23.57999992370605,1.0,0.0,0.0
10143,2.0,1,110.16999816894531,1.0,0.0,0.0
10148,1.0,1,18.950000762939453,1.0,0.0,0.0
10149,1.0,1,32.0,1.0,0.0,0.0
10150,1.0,1,97.0,1.0,0.0,0.0
10151,1.0,1,25.0,1.0,0.0,0.0
10158,1.0,1,23.61000061035156,1.0,0.0,0.0
10159,1.0,1,48.400001525878906,1.0,0.0,0.0
10172,4.0,1,209.97999954223633,1.0,0.0,0.0
10176,3.0,1,99.94000053405762,1.0,0.0,0.0
10178,1.0,1,49.9900016784668,2.0,2.0,0.0
10186,1.0,1,24.989999771118164,1.0,0.0,0.0
10187,1.0,1,29.989999771118164,1.0,0.0,0.0
10191,1.0,1,69.9800033569336,1.0,0.0,0.0
10193,1.0,1,49.5,1.0,0.0,0.0
10194,2.0,1,94.98999786376953,1.0,0.0,0.0
10195,1.0,1,100.0,1.0,0.0,0.0
10198,1.0,1,29.989999771118164,1.0,0.0,0.0
10205,2.0,2,84.7350025177002,1.0,773.0,0.0
10206,1.0,1,84.98999786376953,1.0,0.0,0.0
10207,1.0,1,25.0,1.0,0.0,0.0
10213,2.0,1,47.1200008392334,1.0,0.0,0.0
10214,1.0,1,64.12999725341797,1.0,0.0,0.0
10216,3.0,1,153.97000122070312,1.0,0.0,0.0
10224,1.0,1,18.350000381469727,1.0,0.0,0.0
10225,1.0,1,325.0,1.0,0.0,0.0
10227,2.0,1,79.91000175476074,1.0,0.0,0.0
10228,1.0,1,39.9900016784668,1.0,0.0,0.0
10229,1.0,2,56.75,1.0,185.0,0.0
10230,1.0,2,45.790000915527344,1.0,2272.0,0.0
10235,1.0,1,23.989999771118164,1.0,0.0,0.0
10240,2.0,1,204.06999969482422,1.0,0.0,0.0
10245,1.0,2,185.4199981689453,1.0,596.0,0.0
10251,2.5,1,220.91000366210938,2.0,1.0,0.0
10260,1.0,1,903.0,1.0,0.0,0.0
10265,1.0,3,134.2466665903727,1.0,135.0,55.154328932550705
10271,1.5,2,42.22000074386597,1.0,568.0,0.0
10279,1.0,1,85.25,2.0,23.0,0.0
10280,1.0,1,34.95000076293945,1.0,0.0,0.0
10283,2.0,1,286.95000076293945,1.0,0.0,0.0
10288,1.0,1,72.0,1.0,0.0,0.0
10290,1.0,1,26.0,1.0,0.0,0.0
10293,1.0,2,67.48499965667725,1.0,265.0,0.0
10296,1.0,1,58.02999877929688,1.0,0.0,0.0
10308,3.0,1,206.9000005722046,1.0,0.0,0.0
10310,1.0,1,30.309999465942383,1.0,0.0,0.0
10315,2.0,1,91.70999908447264,1.0,0.0,0.0
10324,1.0,1,115.0,1.0,0.0,0.0
10326,1.0,1,54.450000762939446,1.0,0.0,0.0
10329,1.0,1,55.0,1.0,0.0,0.0
10330,2.0,1,74.72000122070312,1.0,0.0,0.0
10331,1.0,1,12.0,1.0,0.0,0.0
10333,2.0,1,196.94999694824216,1.0,0.0,0.0
10336,1.0,1,39.5,1.0,0.0,0.0
10341,2.0,1,61.78000068664551,1.0,0.0,0.0
10347,1.0,1,115.0,1.0,0.0,0.0
10355,1.0,2,30.970000267028805,1.0,1077.0,0.0
10356,1.0,1,155.92999267578125,1.0,0.0,0.0
10363,1.0,1,20.0,1.0,0.0,0.0
10364,2.0,1,183.9499969482422,1.0,0.0,0.0
10365,2.0,1,68.15999984741211,1.0,0.0,0.0
10366,1.0,1,28.989999771118164,1.0,0.0,0.0
10370,1.0,1,30.0,1.0,0.0,0.0
10379,1.0,1,178.0,1.0,0.0,0.0
10381,1.0,1,39.150001525878906,1.0,0.0,0.0
10382,1.0,1,169.0,1.0,0.0,0.0
10384,1.0,1,59.450000762939446,1.0,0.0,0.0
10387,2.0,1,122.93999862670898,1.0,0.0,0.0
10392,1.0,1,80.45999908447266,1.0,0.0,0.0
10395,3.0,1,101.06999778747559,1.0,0.0,0.0
10397,1.5,2,72.47999858856201,1.0,1442.0,0.0
10402,1.0,1,149.99000549316406,1.0,0.0,0.0
10404,2.0,2,100.94000053405762,1.0,938.0,0.0
10405,2.0,1,115.0099983215332,1.0,0.0,0.0
10408,4.0,1,291.9799995422363,1.0,0.0,0.0
10413,1.0,1,30.0,1.0,0.0,0.0
10415,1.0,1,13.590000152587892,1.0,0.0,0.0
10439,1.0,1,89.0,1.0,0.0,0.0
10440,1.0,1,20.270000457763672,1.0,0.0,0.0
10444,1.0,1,48.930000305175774,1.0,0.0,0.0
10445,1.0,1,44.86000061035156,1.0,0.0,0.0
10448,1.5,2,57.700000286102295,1.0,812.0,0.0
10452,1.0,1,52.59000015258789,1.0,0.0,0.0
10454,1.0,1,16.0,1.0,0.0,0.0
10457,1.0,1,35.0,1.0,0.0,0.0
10458,2.0,1,116.43000030517578,1.0,0.0,0.0
10463,1.0,1,56.0,1.0,0.0,0.0
10476,1.0,1,8.989999771118164,1.0,0.0,0.0
10484,1.0,1,126.0,1.0,0.0,0.0
10486,1.0,1,24.950000762939453,1.0,0.0,0.0
10488,4.0,1,1134.8299980163574,1.0,0.0,0.0
10489,2.0,1,89.0,1.0,0.0,0.0
10500,1.0,1,69.94999694824219,1.0,0.0,0.0
10505,1.0,1,79.9800033569336,1.0,0.0,0.0
10508,1.0,1,69.0,1.0,0.0,0.0
10509,1.0,1,18.989999771118164,1.0,0.0,0.0
10510,1.0,1,190.0,1.0,0.0,0.0
10512,1.0,1,9.949999809265137,1.0,0.0,0.0
10523,1.5,2,53.59000015258789,1.0,222.0,0.0
10532,2.0,1,49.869998931884766,1.0,0.0,0.0
10533,1.0,1,38.0,1.0,0.0,0.0
10534,1.0,1,45.0,1.0,0.0,0.0
10537,2.0,1,99.86999702453613,1.0,0.0,0.0
10552,2.0,1,169.95000076293945,1.0,0.0,0.0
10553,3.0,1,102.63000297546387,1.0,0.0,0.0
10556,2.0,1,40.94000053405762,1.0,0.0,0.0
10562,2.0,1,89.94000244140625,1.0,0.0,0.0
10567,1.0,1,30.450000762939453,1.0,0.0,0.0
10569,1.0,1,68.0,1.0,0.0,0.0
10571,1.0,1,64.40999984741211,2.0,6.0,0.0
10574,2.0,1,45.739999771118164,1.0,0.0,0.0
10575,2.0,1,90.9900016784668,1.0,0.0,0.0
10583,1.0,1,127.9499969482422,1.0,0.0,0.0
10584,1.0,1,60.0,1.0,0.0,0.0
10598,1.5,2,77.69000005722046,1.0,423.0,0.0
10606,1.0,1,20.950000762939453,1.0,0.0,0.0
10607,1.0,1,39.5,1.0,0.0,0.0
10608,1.5,1,95.48000049591064,2.0,5.0,0.0
10609,1.0,1,53.970001220703125,1.0,0.0,0.0
10610,2.0,1,231.7100067138672,1.0,0.0,0.0
10612,1.0,1,50.0,1.0,0.0,0.0
10615,1.0,1,135.9499969482422,1.0,0.0,0.0
10619,1.0,1,49.5,1.0,0.0,0.0
10620,1.0,1,32.880001068115234,1.0,0.0,0.0
10624,1.0,1,448.989990234375,1.0,0.0,0.0
10630,1.5,2,63.795000076293945,1.0,490.0,0.0
10633,1.0,1,59.5,1.0,0.0,0.0
10637,1.0,2,64.875,1.0,837.0,0.0
10638,1.0,1,59.5,1.0,0.0,0.0
10639,4.0,1,96.27999901771545,1.0,0.0,0.0
10640,1.0,2,57.5,1.0,1112.0,0.0
10641,2.0,1,100.0,1.0,0.0,0.0
10646,2.0,1,84.75,1.0,0.0,0.0
10649,1.0,1,25.0,1.0,0.0,0.0
10653,1.0,1,25.5,1.0,0.0,0.0
10654,1.0,1,24.989999771118164,1.0,0.0,0.0
10658,1.0,1,14.0,1.0,0.0,0.0
10660,2.0,1,148.79999923706055,1.0,0.0,0.0
10662,1.0,1,9.5,1.0,0.0,0.0
10663,2.0,1,229.0,1.0,0.0,0.0
10664,3.0,1,134.61999893188477,1.0,0.0,0.0
10666,2.0,1,129.6999969482422,1.0,0.0,0.0
10669,2.0,1,112.90000343322754,1.0,0.0,0.0
10672,1.0,1,198.0,1.0,0.0,0.0
10675,1.0,1,158.0,1.0,0.0,0.0
10677,3.0,1,364.9800033569336,1.0,0.0,0.0
10679,1.0,1,118.98999786376952,1.0,0.0,0.0
10687,2.0,1,51.81999969482422,1.0,0.0,0.0
10689,1.0,1,98.0,1.0,0.0,0.0
10691,1.0,1,28.89999961853028,1.0,0.0,0.0
10693,2.0,1,127.93000030517578,1.0,0.0,0.0
10697,2.0,2,137.4650011062622,1.0,331.0,0.0
10703,1.0,1,25.5,1.0,0.0,0.0
10705,1.0,1,35.0,1.0,0.0,0.0
10708,4.0,1,516.0200004577637,1.0,0.0,0.0
10712,2.0,1,85.9900016784668,1.0,0.0,0.0
10714,1.0,1,90.0,1.0,0.0,0.0
10721,1.5,2,57.22500038146973,1.0,349.0,0.0
10724,1.0,3,52.313332239786774,1.0,225.0,305.47012947258855
10725,2.0,1,462.9400138854981,1.0,0.0,0.0
10728,4.0,1,195.25000286102295,1.0,0.0,0.0
10735,1.0,2,39.22999954223633,1.0,1069.0,0.0
10739,1.0,1,16.0,1.0,0.0,0.0
10747,1.0,1,42.5,1.0,0.0,0.0
10748,1.5,2,45.4950008392334,1.0,749.0,0.0
10753,1.0,1,70.0,1.0,0.0,0.0
10758,1.0,1,14.989999771118164,1.0,0.0,0.0
10760,1.0,1,49.950000762939446,1.0,0.0,0.0
10762,1.0,1,99.98999786376952,1.0,0.0,0.0
10763,2.0,1,142.98999977111816,1.0,0.0,0.0
10766,2.0,1,109.9900016784668,1.0,0.0,0.0
10776,1.0,1,52.0,1.0,0.0,0.0
10777,1.0,1,29.989999771118164,1.0,0.0,0.0
10779,1.0,1,69.94999694824219,1.0,0.0,0.0
10783,1.0,1,355.0,1.0,0.0,0.0
10787,1.0,1,25.989999771118164,1.0,0.0,0.0
10790,1.0,1,48.0,1.0,0.0,0.0
10791,2.0,1,115.5,1.0,0.0,0.0
10792,1.0,1,79.98999786376953,1.0,0.0,0.0
10795,1.0,1,10.5,1.0,0.0,0.0
10796,1.0,2,17.994999885559082,1.0,120.0,0.0
10797,2.0,1,102.5,1.0,0.0,0.0
10802,1.0,1,59.9900016784668,1.0,0.0,0.0
10803,1.0,2,41.93499994277954,1.0,1251.0,0.0
10804,1.0,1,31.5,1.0,0.0,0.0
10806,1.0,2,37.489999771118164,1.0,823.0,0.0
10808,1.0,1,15.0,1.0,0.0,0.0
10809,1.0,1,45.0,1.0,0.0,0.0
10810,1.0,2,119.49499893188477,1.0,415.0,0.0
10813,1.0,2,52.69000053405762,1.0,204.0,0.0
10814,1.5,2,57.46500015258789,1.0,1305.0,0.0
10817,1.0,1,9.65999984741211,1.0,0.0,0.0
10822,1.0,1,71.06999969482422,1.0,0.0,0.0
10824,2.0,3,84.01999982198079,1.0,157.0,134.35028842544403
10826,1.0,1,57.0,1.0,0.0,0.0
10837,1.0,1,17.979999542236328,1.0,0.0,0.0
10849,1.0,1,37.810001373291016,1.0,0.0,0.0
10854,1.0,1,35.0,1.0,0.0,0.0
10862,1.0,1,95.0,1.0,0.0,0.0
10866,1.0,1,145.0,1.0,0.0,0.0
10869,3.0,1,170.07999992370605,1.0,0.0,0.0
10870,1.0,1,37.900001525878906,1.0,0.0,0.0
10871,1.0,1,2.950000047683716,1.0,0.0,0.0
10872,1.0,1,54.950000762939446,1.0,0.0,0.0
10875,1.0,1,12.0,1.0,0.0,0.0
10893,1.0,1,46.9900016784668,1.0,0.0,0.0
10897,3.0,1,335.95000076293945,1.0,0.0,0.0
10901,2.0,1,42.179999351501465,1.0,0.0,0.0
10913,1.0,1,39.97999954223633,1.0,0.0,0.0
10916,1.0,1,66.16999816894531,1.0,0.0,0.0
10920,1.0,1,25.5,1.0,0.0,0.0
10926,4.0,1,312.04999923706055,1.0,0.0,0.0
10931,1.0,1,33.599998474121094,1.0,0.0,0.0
10933,1.0,1,40.0,1.0,0.0,0.0
10937,1.0,1,19.950000762939453,1.0,0.0,0.0
10954,1.0,1,13.010000228881836,1.0,0.0,0.0
10956,2.0,1,533.2799835205078,1.0,0.0,0.0
10957,1.0,1,29.5,1.0,0.0,0.0
10962,2.0,1,189.96999549865723,1.0,0.0,0.0
10965,1.0,1,169.99000549316406,1.0,0.0,0.0
10967,1.0,1,33.9900016784668,1.0,0.0,0.0
10968,1.0,1,31.979999542236328,1.0,0.0,0.0
10971,2.0,1,126.44000053405762,2.0,1.0,0.0
10984,2.0,1,90.8899974822998,1.0,0.0,0.0
10997,1.0,1,59.970001220703125,1.0,0.0,0.0
11001,1.0,1,33.97999954223633,1.0,0.0,0.0
11004,1.0,1,49.9900016784668,1.0,0.0,0.0
11005,1.0,1,69.0,1.0,0.0,0.0
11006,2.0,1,158.82000541687012,1.0,0.0,0.0
11009,1.0,1,54.9900016784668,1.0,0.0,0.0
11022,1.0,1,10.0,1.0,0.0,0.0
11027,1.0,1,26.0,1.0,0.0,0.0
11036,1.0,1,62.369998931884766,1.0,0.0,0.0
11038,4.0,1,520.920000076294,1.0,0.0,0.0
11047,4.0,1,138.9699993133545,1.0,0.0,0.0
11049,1.0,1,19.989999771118164,1.0,0.0,0.0
11052,1.0,1,34.9900016784668,1.0,0.0,0.0
11053,1.0,1,69.94999694824219,1.0,0.0,0.0
11059,1.0,1,34.9900016784668,1.0,0.0,0.0
11065,4.0,1,144.77999782562253,1.0,0.0,0.0
11066,1.0,1,38.2400016784668,1.0,0.0,0.0
11073,1.0,1,60.0,1.0,0.0,0.0
11074,1.0,1,30.0,1.0,0.0,0.0
11075,1.0,1,22.39999961853028,1.0,0.0,0.0
11077,1.0,1,54.5,1.0,0.0,0.0
11079,2.0,1,80.5,1.0,0.0,0.0
11084,1.0,1,29.989999771118164,1.0,0.0,0.0
11092,2.0,1,81.21000289916992,1.0,0.0,0.0
11093,1.0,1,10.300000190734863,1.0,0.0,0.0
11101,1.3333333333333333,3,40.48999993006388,1.0,615.5,706.399674405361
11102,1.0,2,208.97500038146973,1.0,167.0,0.0
11103,1.5,2,63.16499996185303,1.0,647.0,0.0
11110,3.0,1,112.96000099182129,1.0,0.0,0.0
11115,2.0,1,152.98999977111816,1.0,0.0,0.0
11118,2.0,1,157.0,1.0,0.0,0.0
11127,1.0,1,72.0,1.0,0.0,0.0
11136,1.0,1,31.950000762939453,1.0,0.0,0.0
11137,1.0,2,66.8650016784668,1.0,468.0,0.0
11140,2.0,1,192.98999786376953,1.0,0.0,0.0
11142,2.0,1,73.98999977111816,1.0,0.0,0.0
11151,1.0,1,38.0,1.0,0.0,0.0
11155,1.0,2,218.75,1.0,40.0,0.0
11160,1.0,1,24.989999771118164,1.0,0.0,0.0
11162,1.0,2,22.0,1.0,176.0,0.0
11165,2.0,1,94.0,1.0,0.0,0.0
11166,2.0,1,219.44000244140625,1.0,0.0,0.0
11169,1.0,2,82.4900016784668,1.0,340.0,0.0
11174,1.0,1,49.950000762939446,1.0,0.0,0.0
11176,1.0,1,90.0,1.0,0.0,0.0
11186,1.0,1,29.989999771118164,1.0,0.0,0.0
11190,2.0,1,154.5,1.0,0.0,0.0
11196,1.0,2,51.9950008392334,1.0,762.0,0.0
11199,1.0,1,142.89999389648438,1.0,0.0,0.0
11200,1.0,1,40.59999847412109,1.0,0.0,0.0
11201,1.0,1,79.5,1.0,0.0,0.0
11204,1.0,1,14.050000190734863,1.0,0.0,0.0
11208,1.0,1,215.0,1.0,0.0,0.0
11210,1.0,1,79.98999786376953,1.0,0.0,0.0
11211,1.0,1,86.94000244140625,1.0,0.0,0.0
11213,2.0,1,482.5,1.0,0.0,0.0
11214,2.0,1,130.1800022125244,1.0,0.0,0.0
11217,1.0,1,598.0,1.0,0.0,0.0
11229,1.0,1,225.0,1.0,0.0,0.0
11234,2.0,1,161.48999977111816,2.0,11.0,0.0
11236,1.0,1,35.0,1.0,0.0,0.0
11239,1.0,1,98.0,1.0,0.0,0.0
11241,1.0,1,16.5,1.0,0.0,0.0
11243,1.0,1,44.97999954223633,1.0,0.0,0.0
11247,3.0,1,116.92999839782715,1.0,0.0,0.0
11249,2.0,1,94.4900016784668,1.0,0.0,0.0
11253,1.0,1,93.9800033569336,1.0,0.0,0.0
11260,1.0,1,40.790000915527344,1.0,0.0,0.0
11265,1.0,1,34.0,1.0,0.0,0.0
11270,1.0,1,148.0,1.0,0.0,0.0
11274,1.0,1,19.5,1.0,0.0,0.0
11280,1.0,1,72.5,1.0,0.0,0.0
11287,1.0,1,22.989999771118164,1.0,0.0,0.0
11290,1.0,1,55.0,1.0,0.0,0.0
11295,1.0,1,45.0,1.0,0.0,0.0
11298,1.0,2,22.494999885559082,1.0,19.0,0.0
11299,1.0,1,42.1599998474121,1.0,0.0,0.0
11300,1.0,1,32.45000076293945,1.0,0.0,0.0
11301,2.0,2,87.46500015258789,1.0,46.0,0.0
11302,1.0,1,36.880001068115234,1.0,0.0,0.0
11315,1.0,1,21.950000762939453,1.0,0.0,0.0
11316,2.0,1,42.989999771118164,1.0,0.0,0.0
11318,1.5,2,57.0,1.0,131.0,0.0
11319,1.0,1,34.0,1.0,0.0,0.0
11324,1.0,1,44.470001220703125,1.0,0.0,0.0
11328,1.0,1,12.989999771118164,1.0,0.0,0.0
11330,1.0,1,18.979999542236328,1.0,0.0,0.0
11338,1.0,1,60.0,1.0,0.0,0.0
11339,1.0,1,130.80999755859375,1.0,0.0,0.0
11349,2.5,2,61.385000705718994,1.0,226.0,0.0
11351,1.0,1,18.0,1.0,0.0,0.0
11355,1.0,1,10.699999809265137,1.0,0.0,0.0
11356,3.0,1,158.29999923706055,1.0,0.0,0.0
11370,1.0,1,12.989999771118164,1.0,0.0,0.0
11373,1.0,1,20.5,1.0,0.0,0.0
11375,2.3333333333333335,3,274.05999819437665,1.0,306.5,239.7091988222396
11378,1.0,1,40.0,1.0,0.0,0.0
11381,1.0,1,29.989999771118164,1.0,0.0,0.0
11385,1.0,1,28.0,1.0,0.0,0.0
11387,1.0,1,40.79999923706056,1.0,0.0,0.0
11389,2.0,1,81.95000076293945,1.0,0.0,0.0
11390,2.0,1,42.6899995803833,1.0,0.0,0.0
11391,1.0,1,43.950000762939446,1.0,0.0,0.0
11392,1.0,1,36.0,1.0,0.0,0.0
11394,1.0,1,39.0,1.0,0.0,0.0
11398,2.0,2,62.92500066757202,1.0,329.0,0.0
11403,1.0,1,102.0,1.0,0.0,0.0
11404,1.0,1,36.0,1.0,0.0,0.0
11407,1.0,2,28.69999980926514,1.0,473.0,0.0
11410,1.0,1,74.5,1.0,0.0,0.0
11412,1.0,1,25.0,1.0,0.0,0.0
11414,1.0,1,49.0,1.0,0.0,0.0
11427,1.0,1,25.0,1.0,0.0,0.0
11430,1.0,1,27.799999237060547,1.0,0.0,0.0
11434,2.0,1,135.0,1.0,0.0,0.0
11435,2.0,1,66.40999984741211,1.0,0.0,0.0
11436,1.0,1,79.0,1.0,0.0,0.0
11437,1.0,1,43.950000762939446,1.0,0.0,0.0
11440,4.0,1,319.9099979400635,1.0,0.0,0.0
11445,1.0,1,148.0,1.0,0.0,0.0
11449,1.0,1,25.0,1.0,0.0,0.0
11455,1.0,1,2.950000047683716,1.0,0.0,0.0
11457,4.0,1,300.95000076293945,1.0,0.0,0.0
11463,1.0,1,19.100000381469727,1.0,0.0,0.0
11464,4.0,2,158.91499996185303,1.0,1210.0,0.0
11470,1.0,1,11.989999771118164,1.0,0.0,0.0
11471,1.0,1,35.0,1.0,0.0,0.0
11476,1.0,1,79.0,1.0,0.0,0.0
11478,1.0,1,11.020000457763672,1.0,0.0,0.0
11480,1.0,1,39.97999954223633,1.0,0.0,0.0
11481,1.0,1,49.9900016784668,1.0,0.0,0.0
11484,1.5,2,90.99500274658203,1.0,290.0,0.0
11485,1.0,1,13.539999961853027,1.0,0.0,0.0
11499,1.0,1,108.0,1.0,0.0,0.0
11500,1.0,1,44.77999877929688,1.0,0.0,0.0
11502,1.0,1,36.0,1.0,0.0,0.0
11504,2.0,1,70.9900016784668,1.0,0.0,0.0
11505,2.0,1,141.54000091552734,1.0,0.0,0.0
11506,1.0,1,62.0,1.0,0.0,0.0
11509,1.0,1,235.0,1.0,0.0,0.0
11512,1.0,1,25.0,1.0,0.0,0.0
11514,1.0,1,344.0,1.0,0.0,0.0
11515,2.0,1,64.98999977111816,1.0,0.0,0.0
11516,1.0,1,201.94000244140625,1.0,0.0,0.0
11518,2.0,1,100.68999862670898,1.0,0.0,0.0
11523,3.0,1,192.74000072479248,1.0,0.0,0.0
11536,2.0,1,63.41999816894531,1.0,0.0,0.0
11538,4.0,1,228.08999633789062,1.0,0.0,0.0
11539,1.0,1,69.5,1.0,0.0,0.0
11541,1.0,1,24.989999771118164,1.0,0.0,0.0
11544,1.0,1,22.989999771118164,1.0,0.0,0.0
11547,1.0,1,11.989999771118164,1.0,0.0,0.0
11548,4.0,1,68.86999893188477,1.0,0.0,0.0
11566,3.0,1,124.6299991607666,1.0,0.0,0.0
11569,1.0,1,37.9900016784668,1.0,0.0,0.0
11570,1.0,1,98.0,1.0,0.0,0.0
11583,1.0,1,13.949999809265137,1.0,0.0,0.0
11590,1.0,1,22.280000686645508,1.0,0.0,0.0
11595,1.0,1,68.95999908447266,1.0,0.0,0.0
11600,1.0,1,109.22000122070312,1.0,0.0,0.0
11604,1.0,1,24.0,1.0,0.0,0.0
11605,1.0,1,259.989990234375,1.0,0.0,0.0
11606,3.0,1,175.65999794006348,1.0,0.0,0.0
11609,4.0,1,162.9800033569336,1.0,0.0,0.0
11611,2.0,1,30.55000114440918,1.0,0.0,0.0
11613,1.5,2,91.25,1.0,104.0,0.0
11617,2.0,1,182.18000411987305,1.0,0.0,0.0
11620,1.0,1,20.040000915527344,1.0,0.0,0.0
11625,4.0,1,310.7299976348877,1.0,0.0,0.0
11627,1.0,2,19.994999885559082,1.0,197.0,0.0
11632,1.0,1,55.0,1.0,0.0,0.0
11636,1.0,1,61.43999862670898,1.0,0.0,0.0
11647,1.0,1,34.880001068115234,1.0,0.0,0.0
11648,1.0,1,25.989999771118164,1.0,0.0,0.0
11649,4.0,1,258.9900016784668,1.0,0.0,0.0
11651,1.0,1,74.5,1.0,0.0,0.0
11654,1.0,1,108.0,1.0,0.0,0.0
11655,1.0,2,47.48500156402588,1.0,114.0,0.0
11657,4.0,1,136.89000129699707,1.0,0.0,0.0
11672,1.0,1,48.430000305175774,1.0,0.0,0.0
11674,1.0,1,25.0,1.0,0.0,0.0
11680,1.0,1,92.5,1.0,0.0,0.0
11682,2.0,1,54.0,1.0,0.0,0.0
11691,2.0,2,75.29499912261963,1.0,1247.0,0.0
11696,2.0,1,93.0,1.0,0.0,0.0
11705,1.0,1,59.5,1.0,0.0,0.0
11707,1.0,1,102.0,1.0,0.0,0.0
11712,1.0,1,4.949999809265137,1.0,0.0,0.0
11713,2.0,1,78.75,1.0,0.0,0.0
11716,1.0,1,24.979999542236328,1.0,0.0,0.0
11719,1.0,1,25.989999771118164,1.0,0.0,0.0
11722,1.0,2,95.20000171661377,1.0,670.0,0.0
11723,1.0,1,59.9900016784668,1.0,0.0,0.0
11735,1.0,1,25.0,1.0,0.0,0.0
11741,1.0,1,25.0,1.0,0.0,0.0
11745,1.0,1,32.45000076293945,1.0,0.0,0.0
11746,1.0,1,60.38999938964844,1.0,0.0,0.0
11754,1.0,1,109.91000366210938,1.0,0.0,0.0
11760,2.0,2,86.40000009536743,1.0,600.0,0.0
11767,2.0,2,77.44500064849854,1.0,850.0,0.0
11770,1.0,1,209.9900054931641,1.0,0.0,0.0
11773,1.0,1,129.5,1.0,0.0,0.0
11777,2.0,1,136.5999984741211,1.0,0.0,0.0
11779,2.0,3,100.26666768391927,1.0,128.0,67.88225099390856
11783,1.0,1,31.0,1.0,0.0,0.0
11789,1.0,1,79.94999694824217,1.0,0.0,0.0
11793,1.0,1,134.07000732421875,1.0,0.0,0.0
11794,1.0,1,13.779999732971191,1.0,0.0,0.0
11796,2.0,1,41.60000038146973,1.0,0.0,0.0
11798,4.0,1,653.5999984741211,1.0,0.0,0.0
11802,1.0,1,24.0,1.0,0.0,0.0
11814,3.0,1,173.36000061035156,1.0,0.0,0.0
11815,1.0,1,37.9900016784668,1.0,0.0,0.0
11819,2.0,1,109.98999977111816,1.0,0.0,0.0
11821,1.0,1,17.5,1.0,0.0,0.0
11822,1.0,1,16.0,1.0,0.0,0.0
11824,1.0,1,63.0,1.0,0.0,0.0
11828,1.0,1,36.0,1.0,0.0,0.0
11842,1.0,1,29.0,1.0,0.0,0.0
11850,1.0,1,47.0,1.0,0.0,0.0
11852,3.0,2,214.48500061035156,1.0,81.0,0.0
11855,1.5,2,49.00999879837036,1.0,481.0,0.0
11858,2.0,1,67.98000144958496,1.0,0.0,0.0
11862,1.0,1,88.0,1.0,0.0,0.0
11867,1.0,1,109.98999786376952,1.0,0.0,0.0
11871,1.0,1,80.0,1.0,0.0,0.0
11873,4.0,1,281.95000076293945,1.0,0.0,0.0
11883,2.0,1,56.0,1.0,0.0,0.0
11891,1.0,1,60.0,1.0,0.0,0.0
11904,2.0,1,111.95000076293945,1.0,0.0,0.0
11911,1.0,1,88.0,1.0,0.0,0.0
11912,1.0,1,17.989999771118164,1.0,0.0,0.0
11917,1.0,1,92.0,1.0,0.0,0.0
11921,2.0,1,288.0,1.0,0.0,0.0
11923,1.0,1,38.880001068115234,1.0,0.0,0.0
11926,1.0,1,29.989999771118164,1.0,0.0,0.0
11930,1.0,1,59.0,1.0,0.0,0.0
11931,1.0,1,22.989999771118164,1.0,0.0,0.0
11932,1.0,1,11.100000381469728,1.0,0.0,0.0
11934,1.0,1,17.639999389648438,1.0,0.0,0.0
11936,2.0,1,104.9900016784668,1.0,0.0,0.0
11938,4.0,1,539.4700002670288,1.0,0.0,0.0
11943,1.0,1,27.989999771118164,1.0,0.0,0.0
11944,2.0,1,136.0,1.0,0.0,0.0
11946,1.0,1,22.5,1.0,0.0,0.0
11957,1.0,1,28.90999984741211,1.0,0.0,0.0
11960,2.0,1,245.0,1.0,0.0,0.0
11961,1.0,1,87.0,1.0,0.0,0.0
11963,1.0,3,54.85666592915853,1.0,806.5,915.703281636579
11976,2.0,1,155.0,1.0,0.0,0.0
11978,1.0,1,70.0,1.0,0.0,0.0
11999,1.0,1,75.98999786376953,1.0,0.0,0.0
12003,2.0,1,37.75,1.0,0.0,0.0
12010,1.0,1,38.0,1.0,0.0,0.0
12013,1.0,1,27.989999771118164,1.0,0.0,0.0
12015,1.0,1,249.0,1.0,0.0,0.0
12025,3.0,1,445.98999977111816,1.0,0.0,0.0
12026,1.0,1,27.979999542236328,1.0,0.0,0.0
12027,1.0,1,66.0,1.0,0.0,0.0
12028,1.0,1,30.090000152587887,1.0,0.0,0.0
12030,1.0,1,30.600000381469727,1.0,0.0,0.0
12035,1.0,1,89.0,1.0,0.0,0.0
12037,1.0,1,54.97999954223633,1.0,0.0,0.0
12038,2.0,1,133.56999969482422,1.0,0.0,0.0
12042,2.0,1,148.5199966430664,1.0,0.0,0.0
12043,1.0,1,43.0,1.0,0.0,0.0
12044,2.0,1,39.459999084472656,1.0,0.0,0.0
12046,1.0,1,40.880001068115234,1.0,0.0,0.0
12049,2.0,1,230.0,1.0,0.0,0.0
12051,1.0,1,50.0,1.0,0.0,0.0
12054,1.0,1,41.22999954223633,1.0,0.0,0.0
12055,1.5,2,63.49000072479248,1.0,566.0,0.0
12059,1.0,1,52.0,1.0,0.0,0.0
12061,1.0,1,79.0,1.0,0.0,0.0
12069,1.0,1,26.950000762939453,1.0,0.0,0.0
12070,1.0,1,47.950000762939446,1.0,0.0,0.0
12082,2.0,1,73.85000038146973,1.0,0.0,0.0
12085,2.0,1,195.42999267578125,1.0,0.0,0.0
12088,1.0,1,29.950000762939453,1.0,0.0,0.0
12092,1.0,1,12.949999809265137,1.0,0.0,0.0
12097,2.0,1,119.93999862670897,1.0,0.0,0.0
12099,1.0,1,37.0,1.0,0.0,0.0
12101,1.0,1,246.0,1.0,0.0,0.0
12102,1.0,1,88.0,1.0,0.0,0.0
12106,1.0,2,125.0,1.0,189.0,0.0
12108,1.0,1,38.77000045776367,1.0,0.0,0.0
12111,1.0,1,149.0,1.0,0.0,0.0
12113,1.0,1,41.950000762939446,1.0,0.0,0.0
12117,2.0,1,219.95000076293945,1.0,0.0,0.0
12118,4.0,1,171.98000144958496,1.0,0.0,0.0
12119,1.5,2,38.48500061035156,1.0,322.0,0.0
12120,1.0,1,189.0,1.0,0.0,0.0
12125,1.0,2,191.4950008392334,1.0,264.0,0.0
12126,1.5,2,63.99499988555908,1.0,527.0,0.0
12127,2.5,2,126.6749997138977,1.0,615.0,0.0
12135,1.0,1,49.9900016784668,1.0,0.0,0.0
12136,1.0,1,200.0,1.0,0.0,0.0
12144,2.0,1,245.47000122070312,1.0,0.0,0.0
12145,1.0,1,20.89999961853028,1.0,0.0,0.0
12148,1.0,1,258.75,1.0,0.0,0.0
12153,1.0,1,31.0,1.0,0.0,0.0
12155,4.0,1,249.96999740600586,1.0,0.0,0.0
12158,1.0,1,53.180000305175774,1.0,0.0,0.0
12159,2.0,1,497.0,1.0,0.0,0.0
12162,1.0,1,16.489999771118164,1.0,0.0,0.0
12168,1.0,1,17.989999771118164,1.0,0.0,0.0
12169,1.0,2,59.56499862670898,1.0,889.0,0.0
12170,2.0,1,227.98999977111816,1.0,0.0,0.0
12173,1.0,1,17.989999771118164,1.0,0.0,0.0
12178,1.0,1,88.0,1.0,0.0,0.0
12181,2.0,1,101.48999786376953,1.0,0.0,0.0
12183,1.0,1,339.0,1.0,0.0,0.0
12192,1.0,1,49.0,1.0,0.0,0.0
12196,1.0,1,58.0,1.0,0.0,0.0
12197,1.0,1,32.130001068115234,1.0,0.0,0.0
12200,1.0,1,78.0,1.0,0.0,0.0
12202,2.0,1,61.239999771118164,1.0,0.0,0.0
12203,2.0,1,104.0,1.0,0.0,0.0
12204,1.0,1,24.0,1.0,0.0,0.0
12206,1.0,1,45.0,1.0,0.0,0.0
12216,1.0,1,36.950000762939446,1.0,0.0,0.0
12221,1.0,1,95.0,1.0,0.0,0.0
12222,1.5,2,72.65999937057495,1.0,556.0,0.0
12223,1.0,1,159.9499969482422,1.0,0.0,0.0
12224,1.0,1,119.98999786376952,1.0,0.0,0.0
12226,2.0,2,61.12000036239624,1.0,1939.0,0.0
12234,1.0,1,119.0,1.0,0.0,0.0
12235,1.0,1,22.06999969482421,1.0,0.0,0.0
12239,1.0,1,56.0,1.0,0.0,0.0
12243,1.0,1,32.9900016784668,1.0,0.0,0.0
12244,3.0,1,89.65999984741211,1.0,0.0,0.0
12246,1.0,1,46.9900016784668,1.0,0.0,0.0
12253,1.0,1,49.93999862670898,1.0,0.0,0.0
12254,1.0,1,79.94999694824217,1.0,0.0,0.0
12258,1.0,1,69.94999694824219,1.0,0.0,0.0
12259,2.0,1,110.4900016784668,1.0,0.0,0.0
12260,1.0,1,29.989999771118164,1.0,0.0,0.0
12261,2.0,1,65.17000007629395,1.0,0.0,0.0
12263,2.0,1,369.98999786376953,1.0,0.0,0.0
12267,1.0,1,10.0,1.0,0.0,0.0
12271,2.0,1,50.60999870300293,1.0,0.0,0.0
12273,2.0,1,69.98000144958496,1.0,0.0,0.0
12279,3.0,2,195.37999963760376,1.0,48.0,0.0
12280,1.0,1,13.0,1.0,0.0,0.0
12288,1.0,1,135.0,1.0,0.0,0.0
12292,1.0,1,99.9800033569336,1.0,0.0,0.0
12293,2.0,1,74.9900016784668,1.0,0.0,0.0
12305,1.0,1,99.94999694824216,1.0,0.0,0.0
12306,1.0,1,39.5,1.0,0.0,0.0
12311,3.0,1,98.89999961853027,1.0,0.0,0.0
12313,2.0,1,49.29000186920166,1.0,0.0,0.0
12318,2.0,1,108.22000122070312,1.0,0.0,0.0
12319,1.0,1,35.0,1.0,0.0,0.0
12328,3.0,1,271.95000076293945,1.0,0.0,0.0
12330,2.0,1,67.9900016784668,1.0,0.0,0.0
12331,1.0,1,27.989999771118164,1.0,0.0,0.0
12335,1.5,2,53.555000305175774,1.0,57.0,0.0
12344,1.0,1,228.0,1.0,0.0,0.0
12351,1.0,2,99.0,1.0,756.0,0.0
12355,1.0,2,54.99499988555908,1.0,234.0,0.0
12358,1.0,1,15.0,1.0,0.0,0.0
12359,1.0,2,29.5,1.0,1387.0,0.0
12360,1.0,1,56.0,1.0,0.0,0.0
12362,1.0,1,35.959999084472656,1.0,0.0,0.0
12363,3.0,1,259.4900016784668,1.0,0.0,0.0
12367,1.0,1,14.0,1.0,0.0,0.0
12375,1.0,1,32.900001525878906,1.0,0.0,0.0
12384,1.0,1,24.950000762939453,1.0,0.0,0.0
12385,3.0,1,156.44000244140625,1.0,0.0,0.0
12390,1.0,1,44.5,1.0,0.0,0.0
12391,2.0,1,68.88000106811523,1.0,0.0,0.0
12393,1.0,1,52.950000762939446,1.0,0.0,0.0
12398,1.0,1,44.9900016784668,1.0,0.0,0.0
12400,1.0,1,37.97999954223633,1.0,0.0,0.0
12402,4.0,1,102.89999961853027,1.0,0.0,0.0
12406,1.0,1,29.989999771118164,1.0,0.0,0.0
12408,1.0,1,88.7699966430664,1.0,0.0,0.0
12413,1.0,1,30.0,1.0,0.0,0.0
12414,1.0,1,49.9900016784668,1.0,0.0,0.0
12417,1.0,2,41.474998474121094,1.0,108.0,0.0
12420,1.0,1,29.940000534057617,1.0,0.0,0.0
12422,1.0,1,59.7400016784668,1.0,0.0,0.0
12423,1.0,1,903.0,1.0,0.0,0.0
12428,2.0,1,94.8900032043457,1.0,0.0,0.0
12429,1.0,1,52.0,1.0,0.0,0.0
12430,1.0,1,233.94999694824216,1.0,0.0,0.0
12432,1.0,2,50.494998931884766,1.0,53.0,0.0
12433,4.0,1,157.07000160217285,1.0,0.0,0.0
12434,1.0,1,34.0,1.0,0.0,0.0
12447,1.0,1,57.0,1.0,0.0,0.0
12449,1.0,1,13.050000190734863,1.0,0.0,0.0
12457,1.5,2,92.64500093460083,1.0,339.0,0.0
12464,3.0,1,289.95000076293945,1.0,0.0,0.0
12465,1.0,1,59.9900016784668,1.0,0.0,0.0
12469,1.0,1,32.9900016784668,1.0,0.0,0.0
12479,1.0,1,54.9900016784668,1.0,0.0,0.0
12481,1.5,2,25.739999771118164,1.0,615.0,0.0
12482,1.0,1,34.0,1.0,0.0,0.0
12484,1.0,1,19.520000457763672,1.0,0.0,0.0
12485,1.0,2,55.02499961853028,1.0,444.0,0.0
12487,3.0,1,207.75000381469727,1.0,0.0,0.0
12488,2.0,1,284.69000244140625,1.0,0.0,0.0
12489,1.0,2,21.65499973297119,1.0,1513.0,0.0
12502,1.0,1,69.98999786376953,1.0,0.0,0.0
12503,1.0,2,114.03499984741211,1.5,10.0,9.899494936611665
12505,1.0,1,279.989990234375,1.0,0.0,0.0
12508,2.0,1,169.0,1.0,0.0,0.0
12509,1.5,2,44.61999988555908,1.0,50.0,0.0
12512,1.0,1,56.959999084472656,1.0,0.0,0.0
12513,1.0,2,26.25,1.0,1204.0,0.0
12515,1.0,2,39.99499988555908,1.0,352.0,0.0
12516,2.0,1,167.0,1.0,0.0,0.0
12518,1.3333333333333333,3,133.85333251953125,1.0,209.5,159.0990257669732
12525,1.0,1,50.0,1.0,0.0,0.0
12527,2.0,1,102.54000091552734,1.0,0.0,0.0
12528,2.0,1,35.329999923706055,1.0,0.0,0.0
12529,1.0,1,69.0,1.0,0.0,0.0
12536,2.0,1,154.9900016784668,1.0,0.0,0.0
12537,3.0,1,150.14000129699707,1.0,0.0,0.0
12541,2.0,1,85.9900016784668,1.0,0.0,0.0
12544,1.5,2,92.00500106811523,1.0,1171.0,0.0
12545,3.0,1,282.95000076293945,1.0,0.0,0.0
12548,1.0,1,43.470001220703125,1.0,0.0,0.0
12551,1.0,1,55.0,1.0,0.0,0.0
12561,1.0,1,44.0,1.0,0.0,0.0
12562,1.5,2,167.6500015258789,1.0,418.0,0.0
12570,1.3333333333333333,3,89.15000025431316,1.0,317.5,53.033008588991066
12572,1.0,1,45.34999847412109,1.0,0.0,0.0
12574,3.0,1,80.5,1.0,0.0,0.0
12579,2.0,1,55.6800012588501,1.0,0.0,0.0
12580,3.0,1,232.0,1.0,0.0,0.0
12584,1.0,1,44.9900016784668,1.0,0.0,0.0
12592,2.0,1,67.95000076293945,1.0,0.0,0.0
12595,3.0,1,364.960000038147,1.0,0.0,0.0
12600,1.5,1,52.489999771118164,2.0,21.0,0.0
12616,1.0,1,102.0,1.0,0.0,0.0
12618,1.0,1,89.98999786376953,1.0,0.0,0.0
12626,1.0,1,35.0,1.0,0.0,0.0
12629,1.0,1,69.5,1.0,0.0,0.0
12634,3.0,1,101.60999965667725,1.0,0.0,0.0
12637,1.0,1,150.0,1.0,0.0,0.0
12639,2.0,1,86.54000091552734,1.0,0.0,0.0
12640,1.0,1,37.0,1.0,0.0,0.0
12644,1.0,1,33.599998474121094,1.0,0.0,0.0
12646,1.0,1,169.0,1.0,0.0,0.0
12653,1.0,1,189.0,1.0,0.0,0.0
12654,1.0,1,160.0,1.0,0.0,0.0
12657,1.0,1,24.0,1.0,0.0,0.0
12669,1.0,2,13.5,1.0,623.0,0.0
12670,1.0,1,36.9900016784668,1.0,0.0,0.0
12672,2.0,1,372.98999786376953,1.0,0.0,0.0
12673,2.0,1,91.9900016784668,1.0,0.0,0.0
12674,3.0,1,101.45000076293945,1.0,0.0,0.0
12676,4.0,1,248.93999671936035,1.0,0.0,0.0
12677,2.0,1,140.0,1.0,0.0,0.0
12679,1.0,2,79.29500007629395,1.0,420.0,0.0
12681,2.0,1,118.94999694824217,1.0,0.0,0.0
12683,1.0,1,161.25,1.0,0.0,0.0
12688,1.0,2,192.3000030517578,1.0,1465.0,0.0
12693,4.0,1,165.5200023651123,1.0,0.0,0.0
12697,1.0,1,15.0,1.0,0.0,0.0
12702,3.0,1,236.9900016784668,1.0,0.0,0.0
12704,1.0,1,12.0,1.0,0.0,0.0
12708,1.0,1,89.98999786376953,1.0,0.0,0.0
12712,1.0,1,29.989999771118164,1.0,0.0,0.0
12718,2.0,1,104.5,1.0,0.0,0.0
12722,2.0,1,91.4900016784668,1.0,0.0,0.0
12725,2.0,1,60.04999923706055,1.0,0.0,0.0
12726,2.0,1,69.94000053405762,1.0,0.0,0.0
12728,2.3333333333333335,3,118.43999830881755,1.0,399.0,329.51176003293114
12730,1.0,1,19.64999961853028,1.0,0.0,0.0
12737,2.0,2,54.83000028133392,1.0,457.0,0.0
12749,1.0,1,39.9900016784668,1.0,0.0,0.0
12750,1.0,1,44.9900016784668,1.0,0.0,0.0
12751,1.0,1,198.0,1.0,0.0,0.0
12753,1.0,1,139.0,1.0,0.0,0.0
12754,2.0,1,93.93999671936034,1.0,0.0,0.0
12759,1.0,1,74.0,1.0,0.0,0.0
12762,1.0,1,34.9900016784668,1.0,0.0,0.0
12764,1.3333333333333333,3,48.65000089009603,1.0,672.5,75.66042558696059
12765,1.0,1,74.5,1.0,0.0,0.0
12772,1.5,2,43.5,1.0,208.0,0.0
12780,1.0,1,25.0,1.0,0.0,0.0
12782,1.0,1,122.84999847412108,1.0,0.0,0.0
12791,2.0,1,325.9499969482422,1.0,0.0,0.0
12797,2.0,1,109.9900016784668,1.0,0.0,0.0
12800,1.0,1,38.0,1.0,0.0,0.0
12807,2.0,2,69.49499988555908,1.0,540.0,0.0
12809,2.0,1,108.11000061035156,1.0,0.0,0.0
12820,1.0,1,90.0,1.0,0.0,0.0
12821,1.0,1,33.970001220703125,1.0,0.0,0.0
12826,2.0,1,81.95000076293945,1.0,0.0,0.0
12828,2.0,1,63.790000915527344,1.0,0.0,0.0
12832,1.0,1,44.5,1.0,0.0,0.0
12836,1.0,1,24.989999771118164,1.0,0.0,0.0
12838,1.0,1,8.0,1.0,0.0,0.0
12844,4.0,1,157.48999977111816,1.0,0.0,0.0
12852,1.0,1,25.0,1.0,0.0,0.0
12857,1.0,1,69.5,1.0,0.0,0.0
12858,2.0,1,115.77999877929688,1.0,0.0,0.0
12864,1.0,1,42.0,1.0,0.0,0.0
12865,1.0,1,66.0,1.0,0.0,0.0
12867,1.0,1,148.0,1.0,0.0,0.0
12870,1.0,1,14.989999771118164,1.0,0.0,0.0
12874,2.0,1,137.46999740600586,1.0,0.0,0.0
12876,1.0,1,19.8799991607666,1.0,0.0,0.0
12879,1.5,2,35.85000133514404,1.0,1136.0,0.0
12882,1.3333333333333333,3,47.666666666666664,1.0,364.0,120.20815280171308
12884,2.0,1,84.0,1.0,0.0,0.0
12885,1.0,1,75.06999969482422,1.0,0.0,0.0
12887,2.0,1,73.72000122070312,1.0,0.0,0.0
12888,1.0,1,174.02999877929688,2.0,11.0,0.0
12892,1.0,1,59.5,1.0,0.0,0.0
12894,3.0,1,66.44000053405762,1.0,0.0,0.0
12896,2.0,1,279.49000549316406,1.0,0.0,0.0
12902,1.0,1,72.0,1.0,0.0,0.0
12903,2.0,1,95.29000091552734,1.0,0.0,0.0
12904,1.0,1,29.989999771118164,1.0,0.0,0.0
12917,1.0,1,109.97000122070312,1.0,0.0,0.0
12918,1.0,1,68.0,1.0,0.0,0.0
12922,1.0,2,36.99499988555908,1.0,1695.0,0.0
12933,1.0,2,59.32500076293945,1.0,956.0,0.0
12935,3.0,1,453.5,1.0,0.0,0.0
12939,1.0,1,69.94999694824219,1.0,0.0,0.0
12942,1.5,2,56.359999656677246,1.0,27.0,0.0
12948,2.0,1,77.56000137329102,1.0,0.0,0.0
12951,3.0,1,83.42000198364258,1.0,0.0,0.0
12952,1.0,1,99.0,1.0,0.0,0.0
12955,1.0,1,40.9900016784668,1.0,0.0,0.0
12960,4.0,1,191.43000030517578,1.0,0.0,0.0
12963,2.0,1,141.9400053024292,1.0,0.0,0.0
12964,1.0,1,19.989999771118164,1.0,0.0,0.0
12965,1.0,1,10.149999618530272,1.0,0.0,0.0
12968,1.0,1,63.59999847412109,1.0,0.0,0.0
12969,1.0,1,61.2400016784668,1.0,0.0,0.0
12970,1.0,1,200.0,1.0,0.0,0.0
12979,4.0,1,120.96000099182129,1.0,0.0,0.0
12980,1.0,1,69.98999786376953,1.0,0.0,0.0
12983,1.0,1,20.0,1.0,0.0,0.0
12986,1.0,1,168.0,1.0,0.0,0.0
12989,1.5,2,86.22500038146973,1.0,322.0,0.0
12990,1.0,1,45.0,1.0,0.0,0.0
12993,2.0,1,267.8999900817871,1.0,0.0,0.0
12995,4.0,1,225.98999977111816,1.0,0.0,0.0
13001,1.0,1,10.989999771118164,1.0,0.0,0.0
13005,1.0,1,213.7100067138672,1.0,0.0,0.0
13007,1.5,2,76.61500072479248,1.0,407.0,0.0
13008,1.0,1,53.9900016784668,1.0,0.0,0.0
13011,1.0,2,32.9950008392334,1.0,262.0,0.0
13015,1.0,1,27.950000762939453,1.0,0.0,0.0
13026,1.0,1,42.9900016784668,1.0,0.0,0.0
13048,1.0,1,49.5,1.0,0.0,0.0
13051,1.0,1,150.99000549316406,1.0,0.0,0.0
13053,1.3333333333333333,3,58.553332010904946,1.0,333.0,388.90872965260115
13055,2.0,1,339.98999786376953,1.0,0.0,0.0
13058,1.0,1,37.84000015258789,1.0,0.0,0.0
13060,1.0,1,35.95000076293945,1.0,0.0,0.0
13061,1.0,1,29.0,1.0,0.0,0.0
13063,2.0,1,31.989999771118164,1.0,0.0,0.0
13064,1.0,1,13.5,1.0,0.0,0.0
13066,1.0,1,42.9900016784668,1.0,0.0,0.0
13068,1.5,2,113.23999786376952,1.0,172.0,0.0
13069,1.0,1,250.0,1.0,0.0,0.0
13074,1.0,1,28.450000762939453,1.0,0.0,0.0
13077,1.0,1,42.0,1.0,0.0,0.0
13079,2.0,1,105.98999977111816,1.0,0.0,0.0
13080,1.0,1,32.529998779296875,1.0,0.0,0.0
13096,1.0,1,10.75,1.0,0.0,0.0
13102,2.0,1,268.0,1.0,0.0,0.0
13103,1.0,1,50.0,1.0,0.0,0.0
13104,2.0,1,56.9900016784668,1.0,0.0,0.0
13118,1.0,1,9.949999809265137,1.0,0.0,0.0
13126,1.0,1,9.970000267028809,1.0,0.0,0.0
13127,1.0,1,109.98999786376952,1.0,0.0,0.0
13130,1.0,1,17.309999465942383,1.0,0.0,0.0
13131,1.0,1,9.989999771118164,1.0,0.0,0.0
13134,4.0,1,611.4099998474121,1.0,0.0,0.0
13140,1.0,1,98.0,1.0,0.0,0.0
13141,1.0,1,63.0,1.0,0.0,0.0
13142,1.0,1,100.0,1.0,0.0,0.0
13148,1.0,1,100.1999969482422,1.0,0.0,0.0
13151,1.0,1,32.0,1.0,0.0,0.0
13156,1.0,1,38.29999923706056,1.0,0.0,0.0
13162,1.0,1,53.619998931884766,1.0,0.0,0.0
13165,1.0,1,26.950000762939453,1.0,0.0,0.0
13167,1.0,1,29.25,1.0,0.0,0.0
13181,1.5,2,80.48999977111816,1.0,127.0,0.0
13183,1.0,1,89.0,1.0,0.0,0.0
13184,1.0,1,14.989999771118164,1.0,0.0,0.0
13185,1.0,1,59.5,1.0,0.0,0.0
13187,4.0,1,506.98999977111816,1.0,0.0,0.0
13189,2.0,1,55.43999862670898,1.0,0.0,0.0
13196,1.0,1,44.9900016784668,1.0,0.0,0.0
13197,1.0,1,11.989999771118164,1.0,0.0,0.0
13200,2.0,1,168.0,1.0,0.0,0.0
13202,2.0,1,92.98999786376953,1.0,0.0,0.0
13210,1.0,1,15.989999771118164,1.0,0.0,0.0
13212,1.3333333333333333,2,99.88500130176544,1.5,136.5,178.89801564019652
13213,1.0,1,45.0,1.0,0.0,0.0
13219,1.0,1,84.0,1.0,0.0,0.0
13224,2.0,1,258.1999969482422,1.0,0.0,0.0
13230,1.0,1,43.950000762939446,1.0,0.0,0.0
13234,2.0,1,265.1600036621094,1.0,0.0,0.0
13236,1.0,1,199.0,1.0,0.0,0.0
13237,1.0,1,75.0,1.0,0.0,0.0
13243,1.0,1,169.97000122070312,1.0,0.0,0.0
13247,2.0,1,174.98999977111816,1.0,0.0,0.0
13249,1.0,1,35.0,1.0,0.0,0.0
13250,1.0,1,13.0,1.0,0.0,0.0
13255,1.5,2,103.97500038146973,1.0,37.0,0.0
13259,1.0,1,11.010000228881836,1.0,0.0,0.0
13265,1.0,1,15.75,1.0,0.0,0.0
13269,1.0,2,24.125,1.0,286.0,0.0
13271,1.0,1,19.950000762939453,1.0,0.0,0.0
13277,1.0,1,14.1899995803833,1.0,0.0,0.0
13278,1.0,1,53.33000183105469,1.0,0.0,0.0
13282,1.0,1,42.0,1.0,0.0,0.0
13283,1.0,2,92.9749984741211,1.0,385.0,0.0
13285,1.0,1,50.650001525878906,1.0,0.0,0.0
13287,1.0,1,198.0,1.0,0.0,0.0
13288,2.5,2,141.67499828338623,1.0,59.0,0.0
13289,2.0,1,65.46999931335449,1.0,0.0,0.0
13292,2.0,1,95.9900016784668,1.0,0.0,0.0
13294,1.0,1,170.0,1.0,0.0,0.0
13308,1.0,1,19.5,1.0,0.0,0.0
13319,1.0,1,16.989999771118164,1.0,0.0,0.0
13322,1.0,1,10.5,1.0,0.0,0.0
13327,4.0,1,120.28000068664551,1.0,0.0,0.0
13337,2.0,1,103.94000244140625,1.0,0.0,0.0
13347,1.0,1,25.0,1.0,0.0,0.0
13348,2.0,1,125.98999786376952,1.0,0.0,0.0
13349,1.0,1,118.98999786376952,1.0,0.0,0.0
13352,1.0,2,35.47499990463257,1.0,181.0,0.0
13353,2.0,1,68.98999977111816,1.0,0.0,0.0
13359,2.0,1,99.65999794006348,1.0,0.0,0.0
13362,2.0,1,138.0,1.0,0.0,0.0
13366,1.0,1,46.0,1.0,0.0,0.0
13368,1.0,1,3.990000009536743,1.0,0.0,0.0
13371,1.0,1,23.0,1.0,0.0,0.0
13374,2.0,1,56.4900016784668,1.0,0.0,0.0
13378,4.0,1,227.1599998474121,1.0,0.0,0.0
13379,1.0,1,72.19000244140625,1.0,0.0,0.0
13383,2.0,2,104.97000122070312,1.0,420.0,0.0
13387,4.0,1,97.36000084877014,1.0,0.0,0.0
13388,1.0,1,59.5,1.0,0.0,0.0
13396,1.0,1,44.0,1.0,0.0,0.0
13399,1.0,1,103.1999969482422,1.0,0.0,0.0
13408,1.0,1,39.9900016784668,1.0,0.0,0.0
13410,2.0,1,126.89999961853027,1.0,0.0,0.0
13414,2.0,1,47.71000099182129,1.0,0.0,0.0
13415,1.0,1,25.0,1.0,0.0,0.0
13416,3.0,1,519.0,1.0,0.0,0.0
13417,2.0,1,413.5899963378906,1.0,0.0,0.0
13418,1.0,1,53.9900016784668,1.0,0.0,0.0
13422,3.0,1,127.96000099182129,1.0,0.0,0.0
13426,1.0,1,25.0,1.0,0.0,0.0
13429,1.0,1,198.0,1.0,0.0,0.0
13430,2.0,1,62.890000343322754,1.0,0.0,0.0
13435,1.0,1,39.950000762939446,1.0,0.0,0.0
13436,1.0,1,219.0,1.0,0.0,0.0
13437,1.0,1,135.0,1.0,0.0,0.0
13440,1.0,1,40.0,1.0,0.0,0.0
13443,1.0,1,54.9900016784668,1.0,0.0,0.0
13448,1.0,1,34.9900016784668,1.0,0.0,0.0
13451,1.0,2,42.470001220703125,1.0,700.0,0.0
13456,2.0,1,126.9900016784668,1.0,0.0,0.0
13457,2.0,1,209.17999267578125,1.0,0.0,0.0
13458,1.3333333333333333,3,78.66666666666667,1.0,66.5,70.0035713374682
13460,2.0,1,118.5,1.0,0.0,0.0
13462,1.0,2,36.49499988555908,1.0,142.0,0.0
13463,4.0,1,269.67999839782715,1.0,0.0,0.0
13464,1.0,1,85.5,1.0,0.0,0.0
13469,1.0,1,69.0,1.0,0.0,0.0
13472,1.0,2,35.470001220703125,1.0,45.0,0.0
13473,1.5,2,140.92000007629395,1.0,31.0,0.0
13480,2.0,1,65.0,1.0,0.0,0.0
13487,1.0,1,57.150001525878906,1.0,0.0,0.0
13491,1.0,1,10.779999732971191,1.0,0.0,0.0
13496,1.5,2,66.32999897003174,1.0,100.0,0.0
13501,1.0,1,58.950000762939446,1.0,0.0,0.0
13503,1.0,1,57.9900016784668,1.0,0.0,0.0
13512,1.0,1,36.9900016784668,1.0,0.0,0.0
13513,2.0,1,400.0,1.0,0.0,0.0
13515,2.0,1,127.93999671936037,1.0,0.0,0.0
13523,1.0,1,19.979999542236328,1.0,0.0,0.0
13525,1.0,1,95.0,1.0,0.0,0.0
13527,2.0,1,289.5,1.0,0.0,0.0
13528,2.0,1,95.0,1.0,0.0,0.0
13530,1.0,1,903.0,1.0,0.0,0.0
13533,2.0,1,57.260000228881836,1.0,0.0,0.0
13536,1.5,2,53.99499988555908,1.0,361.0,0.0
13537,2.0,1,124.73999977111816,1.0,0.0,0.0
13546,2.0,1,64.77000045776366,1.0,0.0,0.0
13551,1.0,1,238.8000030517578,1.0,0.0,0.0
13552,2.0,1,83.08000183105469,1.0,0.0,0.0
13555,1.0,2,40.29999923706055,1.0,76.0,0.0
13559,1.0,1,32.0,1.0,0.0,0.0
13561,1.0,1,15.0,1.0,0.0,0.0
13563,1.0,1,38.560001373291016,1.0,0.0,0.0
13568,1.0,1,35.0,1.0,0.0,0.0
13569,1.0,1,20.0,1.0,0.0,0.0
13574,1.0,1,74.0,1.0,0.0,0.0
13585,2.0,1,234.0,1.0,0.0,0.0
13595,1.0,1,65.0,1.0,0.0,0.0
13597,2.0,1,96.0,1.0,0.0,0.0
13599,1.0,1,88.0,1.0,0.0,0.0
13600,4.0,1,126.88000106811523,1.0,0.0,0.0
13606,2.0,1,218.95000076293945,1.0,0.0,0.0
13607,1.0,3,59.47666549682617,1.0,224.5,174.65537495307723
13608,1.0,1,399.9500122070313,1.0,0.0,0.0
13609,2.0,1,62.98000144958496,1.0,0.0,0.0
13615,1.0,1,13.989999771118164,1.0,0.0,0.0
13616,1.0,2,87.52999877929688,1.0,387.0,0.0
13618,1.0,1,11.989999771118164,1.0,0.0,0.0
13619,1.0,1,90.9000015258789,1.0,0.0,0.0
13624,1.5,2,485.3100004196167,1.0,297.0,0.0
13626,1.0,1,24.950000762939453,1.0,0.0,0.0
13627,3.0,1,210.94999980926514,1.0,0.0,0.0
13631,3.0,1,189.9799976348877,1.0,0.0,0.0
13637,1.0,1,69.94999694824219,1.0,0.0,0.0
13638,1.0,1,55.0,1.0,0.0,0.0
13645,1.0,1,189.0,1.0,0.0,0.0
13647,2.0,1,61.0,1.0,0.0,0.0
13652,1.0,1,27.989999771118164,1.0,0.0,0.0
13657,3.0,1,176.18000602722168,1.0,0.0,0.0
13660,1.0,1,39.9900016784668,1.0,0.0,0.0
13662,1.0,1,28.989999771118164,1.0,0.0,0.0
13668,1.0,1,49.9900016784668,1.0,0.0,0.0
13674,1.0,1,14.899999618530272,1.0,0.0,0.0
13678,1.0,1,49.9900016784668,1.0,0.0,0.0
13695,1.0,1,17.989999771118164,1.0,0.0,0.0
13697,3.0,1,199.0,1.0,0.0,0.0
13700,1.5,2,96.9950008392334,1.0,1170.0,0.0
13703,1.0,1,89.5999984741211,1.0,0.0,0.0
13704,2.0,1,77.9000015258789,1.0,0.0,0.0
13707,2.0,1,26.299999237060547,1.0,0.0,0.0
13713,1.0,1,54.930000305175774,1.0,0.0,0.0
13717,1.0,1,29.89999961853028,1.0,0.0,0.0
13718,1.0,1,28.0,1.0,0.0,0.0
13719,1.0,1,16.989999771118164,1.0,0.0,0.0
13723,2.0,1,174.97000122070312,1.0,0.0,0.0
13725,1.0,1,37.950000762939446,1.0,0.0,0.0
13728,1.0,1,39.97999954223633,1.0,0.0,0.0
13736,1.0,1,34.9900016784668,1.0,0.0,0.0
13741,2.0,1,98.18999862670898,1.0,0.0,0.0
13745,1.0,1,7.5,1.0,0.0,0.0
13747,1.0,3,87.43000094095866,1.0,155.5,88.38834764831844
13752,1.0,1,98.0,1.0,0.0,0.0
13758,1.5,2,89.22500038146973,1.0,583.0,0.0
13769,2.0,1,79.98999977111816,1.0,0.0,0.0
13772,1.0,2,20.0,1.0,501.0,0.0
13774,1.0,1,10.989999771118164,1.0,0.0,0.0
13777,1.0,1,25.059999465942383,1.0,0.0,0.0
13778,1.0,1,19.96999931335449,1.0,0.0,0.0
13785,1.0,1,59.5,1.0,0.0,0.0
13788,1.0,1,24.0,1.0,0.0,0.0
13789,1.0,1,11.989999771118164,1.0,0.0,0.0
13793,1.0,1,39.950000762939446,1.0,0.0,0.0
13794,2.0,1,85.59000015258789,1.0,0.0,0.0
13795,1.0,1,12.590000152587892,1.0,0.0,0.0
13799,1.0,1,59.0,1.0,0.0,0.0
13801,1.0,1,35.0,1.0,0.0,0.0
13804,2.0,1,112.94999694824217,1.0,0.0,0.0
13805,2.0,1,178.57000160217285,1.0,0.0,0.0
13806,1.0,2,72.0,1.0,265.0,0.0
13808,1.0,1,21.89999961853028,1.0,0.0,0.0
13812,1.0,1,129.99000549316406,1.0,0.0,0.0
13818,1.5,2,96.42499923706055,1.0,489.0,0.0
13819,2.0,2,85.96500015258789,1.0,1033.0,0.0
13820,1.0,1,49.5,1.0,0.0,0.0
13821,4.0,1,318.9900016784668,1.0,0.0,0.0
13822,4.0,1,192.29000091552734,1.0,0.0,0.0
13829,2.0,1,46.19000053405762,1.0,0.0,0.0
13834,1.0,1,107.09999847412108,1.0,0.0,0.0
13838,2.0,1,220.8000030517578,1.0,0.0,0.0
13841,1.0,2,61.46999835968016,1.0,324.0,0.0
13844,1.0,1,99.98999786376952,1.0,0.0,0.0
13852,1.0,1,24.989999771118164,1.0,0.0,0.0
13860,1.0,1,34.0,1.0,0.0,0.0
13865,1.0,1,37.0,1.0,0.0,0.0
13868,1.5,2,122.48500156402588,1.0,352.0,0.0
13869,1.0,1,270.0,1.0,0.0,0.0
13873,1.0,1,16.989999771118164,1.0,0.0,0.0
13877,2.0,1,68.53000068664551,1.0,0.0,0.0
13880,1.5,2,61.07499980926514,1.0,225.0,0.0
13888,2.0,1,54.989999771118164,1.0,0.0,0.0
13896,1.0,1,31.790000915527344,1.0,0.0,0.0
13898,2.0,1,191.4900016784668,1.0,0.0,0.0
13899,2.0,1,36.22999954223633,1.0,0.0,0.0
13905,1.0,1,12.0,1.0,0.0,0.0
13906,1.0,1,23.950000762939453,1.0,0.0,0.0
13907,1.0,1,69.94999694824219,1.0,0.0,0.0
13909,1.0,1,111.12999725341795,1.0,0.0,0.0
13912,4.0,1,250.73999977111816,1.0,0.0,0.0
13915,2.0,1,424.0,1.0,0.0,0.0
13916,2.0,1,164.99000549316406,1.0,0.0,0.0
13920,1.0,1,19.989999771118164,1.0,0.0,0.0
13921,2.0,1,77.98999977111816,1.0,0.0,0.0
13923,1.0,1,129.99000549316406,1.0,0.0,0.0
13925,3.0,1,136.71999740600586,1.0,0.0,0.0
13926,1.0,1,28.0,1.0,0.0,0.0
13929,1.0,1,29.989999771118164,1.0,0.0,0.0
13939,2.0,1,109.0,1.0,0.0,0.0
13940,1.0,1,13.369999885559082,1.0,0.0,0.0
13942,1.0,2,35.4900016784668,1.0,243.0,0.0
13950,1.0,1,54.0,1.0,0.0,0.0
13951,1.0,1,59.5,1.0,0.0,0.0
13964,2.0,1,83.98999977111816,1.0,0.0,0.0
13970,1.0,1,46.0,1.0,0.0,0.0
13974,1.0,1,38.0,1.0,0.0,0.0
13978,1.0,1,184.72000122070312,1.0,0.0,0.0
13985,1.0,1,24.950000762939453,1.0,0.0,0.0
13986,1.0,1,25.0,1.0,0.0,0.0
13987,1.0,1,59.9900016784668,1.0,0.0,0.0
13992,1.0,1,25.0,1.0,0.0,0.0
13993,2.0,2,146.94500350952148,1.0,213.0,0.0
13997,4.0,1,170.26000213623047,1.0,0.0,0.0
14000,1.0,1,65.0,1.0,0.0,0.0
14001,1.0,1,34.52000045776367,1.0,0.0,0.0
14002,1.0,1,49.0,1.0,0.0,0.0
14007,1.0,2,40.9449987411499,1.0,20.0,0.0
14023,1.0,1,39.9900016784668,1.0,0.0,0.0
14025,2.0,1,89.0,1.0,0.0,0.0
14030,1.0,1,96.0,1.0,0.0,0.0
14031,2.0,1,62.99999904632569,1.0,0.0,0.0
14032,1.0,1,65.4800033569336,1.0,0.0,0.0
14035,1.0,1,60.0,1.0,0.0,0.0
14037,1.0,2,44.609999656677246,1.0,161.0,0.0
14041,4.0,1,138.98000144958496,1.0,0.0,0.0
14050,2.0,1,67.9900016784668,1.0,0.0,0.0
14054,1.0,1,78.0,1.0,0.0,0.0
14059,2.0,1,213.5,1.0,0.0,0.0
14060,1.0,1,328.0,1.0,0.0,0.0
14070,1.0,1,42.900001525878906,1.0,0.0,0.0
14071,1.0,1,9.989999771118164,1.0,0.0,0.0
14072,1.0,1,57.930000305175774,1.0,0.0,0.0
14078,4.0,1,458.98999786376953,1.0,0.0,0.0
14079,4.0,1,180.98999977111816,1.0,0.0,0.0
14081,2.0,2,87.4850025177002,1.0,1014.0,0.0
14084,1.0,1,5.989999771118164,1.0,0.0,0.0
14086,1.0,1,36.0,1.0,0.0,0.0
14095,2.0,1,80.0,1.0,0.0,0.0
14099,1.5,2,39.97000026702881,1.0,1084.0,0.0
14100,1.0,1,84.98999786376953,1.0,0.0,0.0
14101,2.5,2,150.6850004196167,1.0,1494.0,0.0
14106,1.0,1,119.98999786376952,1.0,0.0,0.0
14111,1.0,1,75.0,1.0,0.0,0.0
14112,1.0,1,37.0,1.0,0.0,0.0
14113,1.0,1,22.440000534057617,1.0,0.0,0.0
14116,1.0,1,62.700000762939446,1.0,0.0,0.0
14122,1.0,1,176.0,1.0,0.0,0.0
14129,1.0,1,11.989999771118164,1.0,0.0,0.0
14136,1.0,1,42.950000762939446,1.0,0.0,0.0
14146,1.0,1,9.989999771118164,1.0,0.0,0.0
14152,1.0,1,36.0,1.0,0.0,0.0
14153,2.0,1,108.9900016784668,1.0,0.0,0.0
14154,1.0,1,69.0,1.0,0.0,0.0
14155,2.5,2,74.6950011253357,1.0,15.0,0.0
14158,1.0,1,45.5,1.0,0.0,0.0
14159,1.0,1,42.0,1.0,0.0,0.0
14160,2.6666666666666665,3,216.72666867574057,1.0,756.5,630.0321420372138
14165,2.5,2,115.05999946594238,1.0,481.0,0.0
14171,1.0,2,38.10500144958496,1.0,1569.0,0.0
14172,2.0,1,154.98999977111816,1.0,0.0,0.0
14174,2.0,1,351.92999267578125,1.0,0.0,0.0
14176,2.0,1,201.97999572753906,1.0,0.0,0.0
14177,1.0,1,49.5,1.0,0.0,0.0
14185,1.0,1,44.0,1.0,0.0,0.0
14186,1.0,1,100.98999786376952,1.0,0.0,0.0
14199,2.0,1,75.59000015258789,1.0,0.0,0.0
14200,1.0,1,118.0,1.0,0.0,0.0
14201,2.0,1,44.40999984741211,1.0,0.0,0.0
14202,2.0,1,84.0,1.0,0.0,0.0
14211,1.0,1,26.36000061035156,1.0,0.0,0.0
14214,1.0,1,98.08000183105467,1.0,0.0,0.0
14215,2.0,1,71.75,1.0,0.0,0.0
14219,1.0,1,99.94999694824216,1.0,0.0,0.0
14220,1.0,1,16.950000762939453,1.0,0.0,0.0
14221,2.0,2,109.49000072479248,1.0,183.0,0.0
14223,3.0,1,97.21000289916992,1.0,0.0,0.0
14225,1.0,1,36.950000762939446,1.0,0.0,0.0
14233,1.0,2,23.7450008392334,1.0,669.0,0.0
14234,1.0,1,19.950000762939453,1.0,0.0,0.0
14235,1.6666666666666667,3,121.32333564758301,1.0,52.0,9.899494936611665
14237,1.0,1,17.0,1.0,0.0,0.0
14239,1.0,1,34.9900016784668,1.0,0.0,0.0
14245,4.0,1,130.42999792099,1.0,0.0,0.0
14251,2.0,1,109.4900016784668,1.0,0.0,0.0
14252,1.0,1,65.0,1.0,0.0,0.0
14253,2.0,1,42.3100004196167,1.0,0.0,0.0
14254,1.0,2,41.97500038146973,1.0,48.0,0.0
14262,3.0,1,182.77000045776367,1.0,0.0,0.0
14264,1.0,1,39.950000762939446,1.0,0.0,0.0
14269,1.0,1,50.09000015258789,1.0,0.0,0.0
14273,2.0,1,73.66999816894531,1.0,0.0,0.0
14274,2.0,1,36.61000061035156,1.0,0.0,0.0
14275,1.0,1,44.9900016784668,1.0,0.0,0.0
14276,4.0,1,127.47000122070312,1.0,0.0,0.0
14279,1.0,1,300.0,1.0,0.0,0.0
14280,1.0,1,50.0,1.0,0.0,0.0
14281,1.0,1,109.98999786376952,1.0,0.0,0.0
14283,1.0,1,17.899999618530273,1.0,0.0,0.0
14284,1.0,1,18.0,1.0,0.0,0.0
14285,1.0,1,25.0,1.0,0.0,0.0
14294,1.0,1,25.5,1.0,0.0,0.0
14296,1.5,2,74.94499969482422,1.0,427.0,0.0
14305,1.0,1,13.590000152587892,1.0,0.0,0.0
14313,2.0,1,54.39000129699707,1.0,0.0,0.0
14314,2.0,1,221.02999877929688,1.0,0.0,0.0
14315,2.3333333333333335,3,128.77666791280112,1.0,507.5,57.27564927611035
14320,2.0,1,319.0,1.0,0.0,0.0
14321,2.0,1,230.95000076293945,2.0,19.0,0.0
14322,1.0,1,15.0,1.0,0.0,0.0
14324,2.0,1,186.1699981689453,1.0,0.0,0.0
14325,1.0,1,99.0,1.0,0.0,0.0
14341,3.0,1,64.97999954223633,1.0,0.0,0.0
14347,1.0,1,39.950000762939446,1.0,0.0,0.0
14352,1.0,1,98.08000183105467,1.0,0.0,0.0
14358,2.0,1,92.98999977111816,1.0,0.0,0.0
14359,1.0,1,44.0,1.0,0.0,0.0
14370,1.0,1,56.959999084472656,1.0,0.0,0.0
14371,1.0,1,32.0,1.0,0.0,0.0
14375,3.0,1,117.32000207901001,1.0,0.0,0.0
14376,2.0,1,234.94000625610352,2.0,4.0,0.0
14377,2.0,1,172.48999786376953,1.0,0.0,0.0
14385,1.0,1,18.0,1.0,0.0,0.0
14386,4.0,1,113.16000080108643,1.0,0.0,0.0
14388,1.0,1,19.5,1.0,0.0,0.0
14392,1.0,1,50.0,1.0,0.0,0.0
14394,2.0,1,35.94999980926514,1.0,0.0,0.0
14409,2.0,1,23.850000381469727,1.0,0.0,0.0
14410,1.0,1,10.979999542236328,1.0,0.0,0.0
14416,4.0,1,354.0400047302246,1.0,0.0,0.0
14421,1.0,1,22.5,1.0,0.0,0.0
14424,3.0,1,63.170000076293945,1.0,0.0,0.0
14428,3.0,1,146.9800033569336,1.0,0.0,0.0
14438,1.0,1,22.5,1.0,0.0,0.0
14440,1.0,1,59.9900016784668,1.0,0.0,0.0
14442,2.0,1,78.42000007629395,1.0,0.0,0.0
14449,1.0,1,39.5,1.0,0.0,0.0
14453,1.0,1,47.950000762939446,1.0,0.0,0.0
14458,1.0,1,25.0,1.0,0.0,0.0
14460,1.0,1,40.880001068115234,1.0,0.0,0.0
14461,2.0,2,71.05000114440918,1.0,1290.0,0.0
14462,1.0,1,33.63999938964844,1.0,0.0,0.0
14464,1.0,1,249.88999938964844,1.0,0.0,0.0
14466,1.0,1,17.31999969482422,1.0,0.0,0.0
14474,1.0,1,10.0,1.0,0.0,0.0
14475,1.0,1,23.700000762939453,1.0,0.0,0.0
14476,1.0,1,17.950000762939453,1.0,0.0,0.0
14477,2.0,1,88.48000144958496,1.0,0.0,0.0
14480,2.0,1,62.94999980926514,1.0,0.0,0.0
14486,2.0,1,194.98999977111816,1.0,0.0,0.0
14490,1.0,2,17.1899995803833,1.0,500.0,0.0
14491,1.0,1,98.0,1.0,0.0,0.0
14499,1.0,1,74.98999786376953,1.0,0.0,0.0
14512,1.0,1,65.0,1.0,0.0,0.0
14513,1.0,1,14.989999771118164,1.0,0.0,0.0
14514,1.0,1,99.5,1.0,0.0,0.0
14519,1.0,2,85.97500038146973,1.0,267.0,0.0
14521,3.0,1,91.4000015258789,1.0,0.0,0.0
14523,2.0,1,92.5999984741211,1.0,0.0,0.0
14527,3.0,1,199.98999977111816,1.0,0.0,0.0
14531,4.0,1,170.4000015258789,1.0,0.0,0.0
14532,1.0,1,47.39000129699707,2.0,6.0,0.0
14533,2.0,1,50.60000038146973,1.0,0.0,0.0
14536,1.0,1,9.989999771118164,1.0,0.0,0.0
14538,1.0,1,29.950000762939453,1.0,0.0,0.0
14540,1.0,1,45.0,1.0,0.0,0.0
14541,1.5,2,39.98500061035156,1.0,1122.0,0.0
14543,1.0,1,58.9900016784668,1.0,0.0,0.0
14549,2.6666666666666665,3,112.58000024159749,1.0,370.5,27.577164466275352
14555,1.0,1,34.95000076293945,1.0,0.0,0.0
14558,1.0,1,52.0,1.0,0.0,0.0
14559,2.0,1,83.48999977111816,1.0,0.0,0.0
14560,2.0,1,64.98999977111816,1.0,0.0,0.0
14561,2.0,1,118.97999954223633,1.0,0.0,0.0
14564,1.0,1,37.950000762939446,1.0,0.0,0.0
14565,1.0,1,42.9900016784668,1.0,0.0,0.0
14580,2.0,1,90.83999633789062,1.0,0.0,0.0
14581,1.0,1,14.989999771118164,1.0,0.0,0.0
14583,2.0,1,107.68999862670898,1.0,0.0,0.0
14584,1.0,1,19.989999771118164,1.0,0.0,0.0
14586,2.0,1,50.96999931335449,1.0,0.0,0.0
14596,1.0,1,89.0,1.0,0.0,0.0
14599,1.0,1,18.350000381469727,1.0,0.0,0.0
14603,2.0,1,885.0,1.0,0.0,0.0
14605,1.0,1,46.59999847412109,1.0,0.0,0.0
14606,2.0,1,589.9499998092651,1.0,0.0,0.0
14611,1.5,2,63.97500038146973,1.0,154.0,0.0
14612,2.0,1,99.98999786376953,1.0,0.0,0.0
14615,1.0,1,17.989999771118164,1.0,0.0,0.0
14621,1.0,1,14.0,1.0,0.0,0.0
14627,1.0,1,59.5,1.0,0.0,0.0
14629,1.0,2,38.980000495910645,1.0,610.0,0.0
14633,1.0,1,68.98999786376953,1.0,0.0,0.0
14634,1.0,1,29.989999771118164,1.0,0.0,0.0
14636,1.0,1,46.68999862670898,1.0,0.0,0.0
14638,2.0,1,75.45000076293945,1.0,0.0,0.0
14640,3.0,1,104.05999946594238,1.0,0.0,0.0
14641,1.0,1,31.590000152587887,1.0,0.0,0.0
14647,2.0,1,136.98999977111816,1.0,0.0,0.0
14657,2.0,1,59.4900016784668,1.0,0.0,0.0
14658,1.0,1,22.5,1.0,0.0,0.0
14659,2.0,1,84.29000091552736,1.0,0.0,0.0
14663,1.0,1,89.0,1.0,0.0,0.0
14664,2.0,1,228.9900016784668,1.0,0.0,0.0
14666,2.0,1,44.68000030517578,1.0,0.0,0.0
14667,2.0,1,121.97999763488768,1.0,0.0,0.0
14670,2.0,1,120.5,1.0,0.0,0.0
14677,1.0,1,65.0,1.0,0.0,0.0
14680,3.0,1,261.9900016784668,1.0,0.0,0.0
14685,1.0,2,79.75,1.0,336.0,0.0
14686,2.0,1,256.95999908447266,1.0,0.0,0.0
14688,1.0,1,65.0,1.0,0.0,0.0
14689,1.0,1,45.930000305175774,1.0,0.0,0.0
14690,1.0,1,69.94999694824219,1.0,0.0,0.0
14693,1.0,1,47.16999816894531,1.0,0.0,0.0
14715,1.0,1,10.0600004196167,1.0,0.0,0.0
14721,1.0,1,32.0,1.0,0.0,0.0
14728,1.0,1,19.989999771118164,1.0,0.0,0.0
14730,1.0,1,64.94999694824219,1.0,0.0,0.0
14742,1.0,1,31.950000762939453,1.0,0.0,0.0
14744,1.0,1,99.98999786376952,1.0,0.0,0.0
14745,2.0,1,253.93999862670896,1.0,0.0,0.0
14751,1.0,1,42.0,1.0,0.0,0.0
14753,1.0,1,29.989999771118164,1.0,0.0,0.0
14760,2.0,1,74.4900016784668,1.0,0.0,0.0
14777,2.0,1,170.2900047302246,1.0,0.0,0.0
14778,1.0,1,58.0,1.0,0.0,0.0
14779,2.0,1,181.36999988555908,1.0,0.0,0.0
14798,2.0,1,73.81999778747559,1.0,0.0,0.0
14799,1.0,1,27.64999961853028,1.0,0.0,0.0
14804,1.0,1,29.989999771118164,1.0,0.0,0.0
14813,1.0,1,65.0,1.0,0.0,0.0
14817,2.0,2,68.96999931335449,1.0,414.0,0.0
14818,1.0,1,15.0,1.0,0.0,0.0
14819,2.0,1,38.6899995803833,1.0,0.0,0.0
14823,2.0,1,46.989999771118164,1.0,0.0,0.0
14826,4.0,1,194.96999740600586,1.0,0.0,0.0
14830,2.0,1,77.94000244140625,1.0,0.0,0.0
14833,2.0,1,65.98999977111816,1.0,0.0,0.0
14834,2.0,1,96.32000350952148,1.0,0.0,0.0
14842,2.0,1,127.45000076293945,1.0,0.0,0.0
14843,1.0,1,53.0,1.0,0.0,0.0
14855,2.0,1,155.25000190734863,1.0,0.0,0.0
14856,2.0,1,45.959999084472656,1.0,0.0,0.0
14860,1.0,1,24.989999771118164,1.0,0.0,0.0
14868,2.0,1,65.63000011444092,1.0,0.0,0.0
14873,1.0,1,6.989999771118164,1.0,0.0,0.0
14878,3.0,1,258.98999786376953,1.0,0.0,0.0
14882,1.0,1,239.0,1.0,0.0,0.0
14884,2.0,1,104.40999984741211,1.0,0.0,0.0
14886,1.5,2,61.45999836921691,1.0,91.0,0.0
14890,1.0,1,16.989999771118164,1.0,0.0,0.0
14891,1.0,1,109.9499969482422,1.0,0.0,0.0
14893,1.0,1,20.68000030517578,1.0,0.0,0.0
14897,1.0,1,89.0,1.0,0.0,0.0
14902,1.0,1,22.989999771118164,1.0,0.0,0.0
14905,3.0,1,143.44000053405762,1.0,0.0,0.0
14907,1.0,1,55.0,1.0,0.0,0.0
14909,1.0,1,129.0,1.0,0.0,0.0
14919,2.0,1,230.34999847412107,1.0,0.0,0.0
14922,2.0,1,169.99000549316406,1.0,0.0,0.0
14924,3.0,1,234.0,1.0,0.0,0.0
14926,3.0,1,91.92000198364258,1.0,0.0,0.0
14931,1.0,1,199.9900054931641,1.0,0.0,0.0
14932,1.0,1,25.0,1.0,0.0,0.0
14933,1.0,1,33.9900016784668,1.0,0.0,0.0
14934,1.0,1,137.0,1.0,0.0,0.0
14936,2.0,1,69.25,1.0,0.0,0.0
14938,2.0,1,119.94999694824216,1.0,0.0,0.0
14942,1.0,1,6.489999771118164,1.0,0.0,0.0
14944,1.0,1,29.989999771118164,1.0,0.0,0.0
14951,1.0,1,51.18999862670898,1.0,0.0,0.0
14954,1.0,1,39.5,1.0,0.0,0.0
14957,1.0,1,17.989999771118164,1.0,0.0,0.0
14965,2.0,2,90.51500034332275,1.0,240.0,0.0
14974,1.0,1,38.680000305175774,1.0,0.0,0.0
14977,4.0,1,219.3999977111816,1.0,0.0,0.0
14978,2.0,1,140.45000076293945,1.0,0.0,0.0
14980,1.0,1,138.0,1.0,0.0,0.0
14982,2.0,1,209.95000076293945,1.0,0.0,0.0
14987,1.0,1,36.9900016784668,1.0,0.0,0.0
14990,1.0,1,37.5,1.0,0.0,0.0
14994,1.0,1,72.0,1.0,0.0,0.0
14999,1.0,1,179.99000549316406,1.0,0.0,0.0
15001,1.0,1,50.0,1.0,0.0,0.0
15007,1.0,1,32.0,1.0,0.0,0.0
15018,4.0,1,141.94000053405762,1.0,0.0,0.0
15021,2.0,1,131.79000091552734,1.0,0.0,0.0
15022,1.0,1,148.5800018310547,1.0,0.0,0.0
15029,1.0,1,13.600000381469728,1.0,0.0,0.0
15037,1.0,1,11.899999618530272,1.0,0.0,0.0
15042,2.0,1,102.33000183105469,1.0,0.0,0.0
15049,3.0,2,165.0999994277954,1.0,814.0,0.0
15065,1.0,2,51.5,1.0,180.0,0.0
15068,2.0,2,94.72000122070312,1.0,115.0,0.0
15073,1.0,1,36.52999877929688,1.0,0.0,0.0
15085,1.0,1,20.86000061035156,1.0,0.0,0.0
15086,1.0,2,30.940000534057617,1.0,44.0,0.0
15090,1.0,1,66.58999633789062,1.0,0.0,0.0
15100,1.0,1,39.950000762939446,1.0,0.0,0.0
15106,1.0,1,96.0,1.0,0.0,0.0
15115,1.0,2,17.97000026702881,1.0,76.0,0.0
15118,1.0,1,17.8799991607666,1.0,0.0,0.0
15119,1.0,1,23.0,1.0,0.0,0.0
15120,1.0,1,4.989999771118164,1.0,0.0,0.0
15128,1.0,1,65.0,1.0,0.0,0.0
15131,2.0,1,17.5,1.0,0.0,0.0
15132,1.0,1,180.0,1.0,0.0,0.0
15135,1.0,1,47.430000305175774,1.0,0.0,0.0
15137,1.0,1,25.0,1.0,0.0,0.0
15145,1.5,2,79.4900016784668,1.0,297.0,0.0
15151,1.0,1,259.989990234375,1.0,0.0,0.0
15152,1.0,1,50.119998931884766,1.0,0.0,0.0
15157,3.0,2,141.88000011444092,1.0,776.0,0.0
15159,1.0,1,44.9399995803833,2.0,6.0,0.0
15166,1.0,1,36.9900016784668,1.0,0.0,0.0
15169,1.0,1,54.0,1.0,0.0,0.0
15171,1.0,1,29.989999771118164,1.0,0.0,0.0
15172,2.0,1,61.46999740600586,1.0,0.0,0.0
15178,4.0,1,251.88000106811523,1.0,0.0,0.0
15179,1.0,1,5.869999885559082,1.0,0.0,0.0
15180,1.0,1,36.0,1.0,0.0,0.0
15196,1.5,2,61.75,1.0,1265.0,0.0
15199,1.0,2,76.9749984741211,1.0,307.0,0.0
15205,1.0,1,37.7400016784668,1.0,0.0,0.0
15206,1.0,1,33.0,1.0,0.0,0.0
15207,2.0,1,55.24999809265137,1.0,0.0,0.0
15212,1.0,1,60.0,1.0,0.0,0.0
15213,1.0,1,89.0,1.0,0.0,0.0
15214,1.0,1,14.979999542236328,1.0,0.0,0.0
15216,1.0,1,29.989999771118164,1.0,0.0,0.0
15217,1.0,1,102.0,1.0,0.0,0.0
15218,2.0,1,194.0,1.0,0.0,0.0
15229,2.0,1,129.9900016784668,1.0,0.0,0.0
15233,3.0,1,142.1999969482422,1.0,0.0,0.0
15236,2.5,2,205.07500076293945,1.0,130.0,0.0
15237,3.0,1,247.04999542236328,1.0,0.0,0.0
15245,1.0,1,9.449999809265137,1.0,0.0,0.0
15247,1.0,1,47.41999816894531,1.0,0.0,0.0
15251,1.0,1,25.0,1.0,0.0,0.0
15252,1.0,1,14.979999542236328,1.0,0.0,0.0
15256,3.0,1,107.94000053405762,1.0,0.0,0.0
15264,1.0,1,39.9900016784668,1.0,0.0,0.0
15265,4.0,1,291.1800022125244,1.0,0.0,0.0
15270,2.0,1,85.0,1.0,0.0,0.0
15273,1.0,1,40.0,1.0,0.0,0.0
15274,1.0,1,184.72000122070312,1.0,0.0,0.0
15277,1.0,1,25.0,1.0,0.0,0.0
15281,1.0,1,28.989999771118164,1.0,0.0,0.0
15284,1.0,1,60.0,1.0,0.0,0.0
15285,1.0,1,55.9900016784668,1.0,0.0,0.0
15290,2.0,1,213.82000350952148,1.0,0.0,0.0
15292,1.0,1,22.5,1.0,0.0,0.0
15296,1.0,1,14.329999923706056,1.0,0.0,0.0
15297,1.0,1,25.950000762939453,1.0,0.0,0.0
15300,1.3333333333333333,2,107.4799976348877,1.5,523.5,738.9265863399422
15301,1.0,1,91.96000289916992,2.0,5.0,0.0
15303,1.5,2,167.36999988555908,1.0,943.0,0.0
15306,1.0,1,12.020000457763672,1.0,0.0,0.0
15307,1.0,1,17.989999771118164,1.0,0.0,0.0
15309,1.0,1,154.0,1.0,0.0,0.0
15311,1.0,1,67.98999786376953,1.0,0.0,0.0
15316,1.0,1,53.950000762939446,1.0,0.0,0.0
15317,2.0,1,190.00999450683594,1.0,0.0,0.0
15319,1.0,1,37.450000762939446,1.0,0.0,0.0
15320,4.0,1,126.47999858856201,1.0,0.0,0.0
15326,1.0,1,157.88999938964844,1.0,0.0,0.0
15327,1.0,1,69.5,1.0,0.0,0.0
15333,1.0,1,26.989999771118164,1.0,0.0,0.0
15335,1.0,1,29.989999771118164,1.0,0.0,0.0
15343,3.0,1,86.44000053405762,1.0,0.0,0.0
15345,1.0,1,69.9800033569336,1.0,0.0,0.0
15349,1.0,1,109.0,1.0,0.0,0.0
15350,1.0,1,55.0,1.0,0.0,0.0
15359,1.0,1,25.0,1.0,0.0,0.0
15361,1.0,1,33.9900016784668,1.0,0.0,0.0
15370,1.0,1,125.0,1.0,0.0,0.0
15373,1.0,1,45.61000061035156,1.0,0.0,0.0
15374,1.0,1,56.0,1.0,0.0,0.0
15379,1.0,1,68.0,1.0,0.0,0.0
15384,1.0,1,79.5,1.0,0.0,0.0
15386,1.0,1,35.68000030517578,1.0,0.0,0.0
15388,1.0,1,169.5,1.0,0.0,0.0
15391,1.0,2,92.49499988555908,1.0,369.0,0.0
15399,1.0,1,79.94999694824217,1.0,0.0,0.0
15403,1.0,1,9.989999771118164,1.0,0.0,0.0
15406,4.0,1,220.67999839782715,1.0,0.0,0.0
15408,1.0,1,19.96999931335449,1.0,0.0,0.0
15414,1.0,1,11.380000114440918,1.0,0.0,0.0
15416,1.0,2,116.5,1.0,78.0,0.0
15419,1.0,1,21.989999771118164,1.0,0.0,0.0
15421,1.0,1,34.9900016784668,1.0,0.0,0.0
15426,1.0,1,24.989999771118164,1.0,0.0,0.0
15428,1.0,1,23.6299991607666,1.0,0.0,0.0
15437,2.0,1,105.9800033569336,1.0,0.0,0.0
15438,4.0,1,360.9799995422363,1.0,0.0,0.0
15441,1.0,1,175.0,1.0,0.0,0.0
15456,2.0,1,23.9399995803833,1.0,0.0,0.0
15458,1.0,1,39.950000762939446,1.0,0.0,0.0
15465,1.0,1,22.989999771118164,1.0,0.0,0.0
15466,1.0,1,54.0,1.0,0.0,0.0
15468,1.0,1,52.0,1.0,0.0,0.0
15473,2.0,1,19.979999542236328,1.0,0.0,0.0
15476,1.0,1,89.5,1.0,0.0,0.0
15477,1.0,1,19.950000762939453,1.0,0.0,0.0
15481,1.0,1,30.0,1.0,0.0,0.0
15484,1.0,1,56.91999816894531,1.0,0.0,0.0
15489,1.0,1,44.0,1.0,0.0,0.0
15491,1.0,1,32.0,1.0,0.0,0.0
15498,3.0,1,64.50000190734863,1.0,0.0,0.0
15500,1.0,1,42.9900016784668,1.0,0.0,0.0
15501,1.0,1,45.9900016784668,1.0,0.0,0.0
15503,1.0,1,14.989999771118164,1.0,0.0,0.0
15512,1.0,1,99.98999786376952,1.0,0.0,0.0
15513,4.0,1,181.8900032043457,1.0,0.0,0.0
15520,1.0,1,14.970000267028809,1.0,0.0,0.0
15522,4.0,1,222.8899974822998,1.0,0.0,0.0
15528,1.0,1,37.130001068115234,1.0,0.0,0.0
15530,1.0,1,42.0,1.0,0.0,0.0
15531,1.0,1,149.60000610351562,1.0,0.0,0.0
15534,1.0,1,86.98999786376953,1.0,0.0,0.0
15539,1.0,1,150.0,1.0,0.0,0.0
15545,1.0,1,42.900001525878906,1.0,0.0,0.0
15546,1.0,1,22.0,1.0,0.0,0.0
15547,1.0,1,13.75,1.0,0.0,0.0
15549,1.0,1,68.0,1.0,0.0,0.0
15551,1.0,1,70.0,1.0,0.0,0.0
15557,1.0,1,52.0,1.0,0.0,0.0
15559,4.0,1,100.88999938964844,1.0,0.0,0.0
15561,1.0,2,47.2450008392334,1.0,685.0,0.0
15562,1.0,1,147.1300048828125,1.0,0.0,0.0
15564,1.0,1,20.0,1.0,0.0,0.0
15586,2.3333333333333335,3,92.56333255767822,1.0,279.0,46.66904755831214
15588,4.0,1,405.95999908447266,1.0,0.0,0.0
15594,3.0,1,256.9199981689453,1.0,0.0,0.0
15597,1.0,1,39.0,1.0,0.0,0.0
15600,1.0,1,30.0,1.0,0.0,0.0
15601,1.0,1,54.0,1.0,0.0,0.0
15606,2.0,1,74.98000144958496,1.0,0.0,0.0
15607,1.0,1,34.0,1.0,0.0,0.0
15608,2.0,1,108.0,1.0,0.0,0.0
15614,2.0,1,78.84000015258789,1.0,0.0,0.0
15616,2.0,1,147.95000076293945,1.0,0.0,0.0
15618,1.0,1,31.989999771118164,1.0,0.0,0.0
15619,1.0,1,139.9499969482422,1.0,0.0,0.0
15621,2.0,1,57.0,1.0,0.0,0.0
15622,1.0,1,185.8500061035156,1.0,0.0,0.0
15626,1.0,1,44.0,1.0,0.0,0.0
15628,1.0,1,10.989999771118164,1.0,0.0,0.0
15630,1.0,1,29.950000762939453,1.0,0.0,0.0
15632,1.0,1,149.0,1.0,0.0,0.0
15633,4.0,1,127.39999961853027,1.0,0.0,0.0
15636,1.0,2,143.0,1.0,123.0,0.0
15639,1.0,1,34.5,1.0,0.0,0.0
15641,1.0,1,30.450000762939453,1.0,0.0,0.0
15643,1.0,1,32.9900016784668,1.0,0.0,0.0
15651,1.0,1,105.55999755859376,1.0,0.0,0.0
15653,1.0,1,36.0,1.0,0.0,0.0
15654,1.0,1,108.0,1.0,0.0,0.0
15656,1.0,2,72.49499893188477,1.0,173.0,0.0
15661,1.0,1,448.989990234375,1.0,0.0,0.0
15662,1.0,1,24.989999771118164,1.0,0.0,0.0
15663,2.0,1,105.94999980926514,1.0,0.0,0.0
15667,1.0,1,10.210000038146973,1.0,0.0,0.0
15668,2.0,1,57.56999969482422,1.0,0.0,0.0
15669,1.0,1,59.0,1.0,0.0,0.0
15685,1.0,1,169.0,1.0,0.0,0.0
15687,1.0,1,26.979999542236328,1.0,0.0,0.0
15696,4.0,1,84.94999885559082,1.0,0.0,0.0
15698,1.0,1,75.0,1.0,0.0,0.0
15701,1.0,1,90.22000122070312,1.0,0.0,0.0
15705,1.0,1,180.0,1.0,0.0,0.0
15708,1.0,1,79.0,1.0,0.0,0.0
15710,2.0,1,132.97999954223633,1.0,0.0,0.0
15711,1.0,1,4.949999809265137,1.0,0.0,0.0
15715,1.0,1,34.9900016784668,1.0,0.0,0.0
15716,1.0,1,14.989999771118164,1.0,0.0,0.0
15720,2.0,1,231.0,1.0,0.0,0.0
15721,2.0,1,101.72999954223633,1.0,0.0,0.0
15726,1.0,1,89.5,1.0,0.0,0.0
15727,3.0,1,274.9299945831299,1.0,0.0,0.0
15728,1.0,1,44.0,1.0,0.0,0.0
15731,2.0,1,174.7599983215332,1.0,0.0,0.0
15734,1.0,1,55.0,1.0,0.0,0.0
15735,1.5,2,46.440001487731934,1.0,1057.0,0.0
15736,1.5,2,62.795000076293945,1.0,35.0,0.0
15738,1.0,1,102.31999969482422,1.0,0.0,0.0
15757,1.0,1,25.0,1.0,0.0,0.0
15764,1.0,3,70.66333325703938,1.0,268.5,256.6797615707168
15767,1.0,1,148.0,1.0,0.0,0.0
15768,1.0,1,11.989999771118164,1.0,0.0,0.0
15773,2.0,1,256.0,1.0,0.0,0.0
15774,1.0,1,164.0,1.0,0.0,0.0
15794,1.0,1,20.0,1.0,0.0,0.0
15798,1.0,1,65.0,1.0,0.0,0.0
15802,2.0,1,151.6500015258789,1.0,0.0,0.0
15812,1.0,1,27.989999771118164,1.0,0.0,0.0
15815,1.0,1,22.540000915527344,1.0,0.0,0.0
15819,2.0,1,233.95000076293945,1.0,0.0,0.0
15824,1.0,1,32.0,1.0,0.0,0.0
15825,4.0,1,208.91999816894528,1.0,0.0,0.0
15830,1.0,1,65.0,1.0,0.0,0.0
15831,1.0,1,44.0,1.0,0.0,0.0
15833,1.0,1,21.950000762939453,1.0,0.0,0.0
15838,2.0,1,187.9900016784668,1.0,0.0,0.0
15840,2.0,1,266.8399963378906,1.0,0.0,0.0
15845,2.0,1,117.4900016784668,1.0,0.0,0.0
15851,1.0,2,53.95000076293945,1.0,340.0,0.0
15853,1.0,1,25.0,1.0,0.0,0.0
15856,3.0,1,167.8400001525879,1.0,0.0,0.0
15859,2.0,1,109.10000038146973,1.0,0.0,0.0
15869,1.0,1,79.27999877929686,1.0,0.0,0.0
15870,2.0,1,50.96999931335449,1.0,0.0,0.0
15873,1.0,1,39.5,1.0,0.0,0.0
15874,1.0,1,1.75,1.0,0.0,0.0
15883,1.0,1,32.0,1.0,0.0,0.0
15886,1.0,1,34.95000076293945,1.0,0.0,0.0
15891,2.5,2,110.84499931335449,1.0,1495.0,0.0
15895,1.0,1,102.55999755859376,1.0,0.0,0.0
15897,2.0,1,58.609999656677246,1.0,0.0,0.0
15901,1.0,1,51.9900016784668,1.0,0.0,0.0
15904,2.0,1,116.27999877929688,1.0,0.0,0.0
15905,4.0,1,180.44999980926514,1.0,0.0,0.0
15909,2.0,1,44.97999954223633,1.0,0.0,0.0
15910,1.0,1,13.779999732971191,1.0,0.0,0.0
15915,4.0,1,129.4099998474121,1.0,0.0,0.0
15916,1.0,1,48.9900016784668,1.0,0.0,0.0
15920,1.0,1,65.94999694824219,1.0,0.0,0.0
15921,1.0,1,59.5,1.0,0.0,0.0
15928,1.5,4,140.9849991798401,1.0,361.3333333333333,330.54550871753395
15933,2.0,1,218.0,1.0,0.0,0.0
15934,2.0,1,84.47999954223633,1.0,0.0,0.0
15936,1.0,1,29.5,1.0,0.0,0.0
15938,1.0,1,59.9900016784668,1.0,0.0,0.0
15940,2.0,1,265.0,1.0,0.0,0.0
15941,2.0,1,196.0,1.0,0.0,0.0
15942,2.0,1,63.98000144958496,1.0,0.0,0.0
15946,1.0,1,48.0,1.0,0.0,0.0
15947,1.0,1,54.950000762939446,1.0,0.0,0.0
15949,2.0,1,104.93999767303467,1.0,0.0,0.0
15951,1.0,1,26.0,1.0,0.0,0.0
15959,2.0,1,90.89999771118164,1.0,0.0,0.0
15964,1.0,1,59.0,1.0,0.0,0.0
15969,1.0,1,61.150001525878906,1.0,0.0,0.0
15973,4.0,1,177.79000282287598,1.0,0.0,0.0
15978,1.0,1,35.45000076293945,1.0,0.0,0.0
15984,3.0,1,120.58000183105469,1.0,0.0,0.0
15985,2.0,1,89.86000061035156,1.0,0.0,0.0
15994,1.0,1,38.0,1.0,0.0,0.0
15995,1.0,1,9.989999771118164,1.0,0.0,0.0
16007,2.5,2,175.47499990463257,1.0,851.0,0.0
16011,1.0,1,28.0,1.0,0.0,0.0
16014,1.0,1,12.0,1.0,0.0,0.0
16015,4.0,1,164.98000144958496,1.0,0.0,0.0
16017,1.0,1,25.0,1.0,0.0,0.0
16021,2.0,1,16.869999885559082,1.0,0.0,0.0
16022,2.0,1,213.0,1.0,0.0,0.0
16025,1.0,2,35.11000061035156,1.0,185.0,0.0
16033,1.0,1,34.9900016784668,1.0,0.0,0.0
16035,2.0,1,41.94000053405762,1.0,0.0,0.0
16042,1.0,1,55.0,1.0,0.0,0.0
16043,1.0,1,32.0,1.0,0.0,0.0
16045,1.0,1,48.0,1.0,0.0,0.0
16047,1.5,2,63.989999771118164,1.0,1443.0,0.0
16050,3.0,1,126.98000001907349,1.0,0.0,0.0
16051,1.0,1,40.9900016784668,1.0,0.0,0.0
16060,1.0,1,29.0,1.0,0.0,0.0
16069,1.0,1,135.25999450683594,1.0,0.0,0.0
16073,3.0,1,54.44999980926514,1.0,0.0,0.0
16076,3.0,1,69.0600004196167,1.0,0.0,0.0
16087,1.0,1,18.989999771118164,1.0,0.0,0.0
16089,2.0,2,136.22000122070312,1.0,204.0,0.0
16091,1.0,1,32.0,1.0,0.0,0.0
16092,1.0,1,15.470000267028809,1.0,0.0,0.0
16097,2.0,1,175.58999633789062,1.0,0.0,0.0
16098,1.0,1,109.0,1.0,0.0,0.0
16099,2.0,3,74.89999961853027,1.0,805.0,527.5016587651645
16100,1.0,2,37.39999961853028,1.0,414.0,0.0
16103,1.0,1,25.0,1.0,0.0,0.0
16106,1.0,1,28.950000762939453,1.0,0.0,0.0
16109,1.0,1,33.150001525878906,1.0,0.0,0.0
16115,1.0,1,29.5,1.0,0.0,0.0
16118,2.0,1,48.63999938964844,1.0,0.0,0.0
16119,1.0,1,140.0,1.0,0.0,0.0
16121,2.0,1,247.5,1.0,0.0,0.0
16123,1.0,1,39.880001068115234,1.0,0.0,0.0
16125,1.0,1,145.0,1.0,0.0,0.0
16127,1.0,1,19.989999771118164,1.0,0.0,0.0
16133,1.0,1,68.0,1.0,0.0,0.0
16139,1.0,1,26.989999771118164,1.0,0.0,0.0
16141,1.0,1,89.5,1.0,0.0,0.0
16144,1.0,1,32.0,1.0,0.0,0.0
16145,2.0,1,254.0,1.0,0.0,0.0
16158,1.0,1,14.8100004196167,1.0,0.0,0.0
16159,1.0,1,44.0,1.0,0.0,0.0
16161,1.5,2,120.95000076293945,1.0,433.0,0.0
16176,1.0,1,18.89999961853028,1.0,0.0,0.0
16181,4.0,1,79.4399995803833,1.0,0.0,0.0
16185,1.0,1,288.0,1.0,0.0,0.0
16192,1.0,1,32.9900016784668,1.0,0.0,0.0
16198,1.0,1,39.0,1.0,0.0,0.0
16199,1.0,1,51.959999084472656,1.0,0.0,0.0
16201,2.0,1,76.48999977111816,1.0,0.0,0.0
16205,1.0,1,15.25,1.0,0.0,0.0
16207,4.0,1,658.9299907684326,1.0,0.0,0.0
16212,1.5,2,181.75,1.0,201.0,0.0
16223,1.0,2,31.450000762939453,1.0,937.0,0.0
16236,3.0,1,88.93000221252441,1.0,0.0,0.0
16246,1.0,1,110.0,1.0,0.0,0.0
16249,2.0,1,170.0,1.0,0.0,0.0
16252,1.0,1,75.0,1.0,0.0,0.0
16255,1.0,1,29.989999771118164,1.0,0.0,0.0
16257,4.0,1,162.05999755859375,1.0,0.0,0.0
16258,1.0,1,22.950000762939453,1.0,0.0,0.0
16264,1.0,1,79.98999786376953,1.0,0.0,0.0
16269,1.0,1,25.0,1.0,0.0,0.0
16270,1.0,1,35.95000076293945,1.0,0.0,0.0
16273,1.0,1,14.970000267028809,1.0,0.0,0.0
16275,1.0,1,108.75,1.0,0.0,0.0
16276,3.0,1,164.9900016784668,1.0,0.0,0.0
16280,2.0,2,77.12500190734863,1.0,53.0,0.0
16286,4.0,1,82.31999921798706,1.0,0.0,0.0
16289,1.0,1,6.489999771118164,1.0,0.0,0.0
16294,1.0,1,9.989999771118164,1.0,0.0,0.0
16295,1.0,1,35.7400016784668,1.0,0.0,0.0
16300,2.5,2,223.51499843597412,1.0,464.0,0.0
16304,2.0,1,109.48999786376953,1.0,0.0,0.0
16306,1.0,2,67.8499984741211,1.0,638.0,0.0
16312,1.0,1,39.950000762939446,1.0,0.0,0.0
16313,2.0,2,126.96500015258789,1.0,270.0,0.0
16315,1.0,1,72.0,1.0,0.0,0.0
16320,1.0,2,17.46999979019165,1.0,315.0,0.0
16322,2.0,1,68.0,1.0,0.0,0.0
16326,2.0,1,132.25000190734863,1.0,0.0,0.0
16330,2.0,1,35.989999771118164,1.0,0.0,0.0
16335,3.0,1,107.44999885559082,1.0,0.0,0.0
16336,1.0,1,98.0,1.0,0.0,0.0
16337,2.5,2,62.315001010894775,1.0,327.0,0.0
16341,1.0,1,45.950000762939446,1.0,0.0,0.0
16348,4.0,1,206.0,1.0,0.0,0.0
16359,1.3333333333333333,3,128.65000025431314,1.0,21.5,13.435028842544403
16362,2.0,1,167.9800033569336,1.0,0.0,0.0
16364,2.0,1,53.989999771118164,1.0,0.0,0.0
16366,1.0,1,7.989999771118163,1.0,0.0,0.0
16368,2.0,1,31.979999542236328,1.0,0.0,0.0
16371,1.0,1,69.98999786376953,1.0,0.0,0.0
16373,1.0,1,169.99000549316406,1.0,0.0,0.0
16376,1.0,1,29.950000762939453,1.0,0.0,0.0
16381,1.0,1,109.98999786376952,1.0,0.0,0.0
16382,2.0,1,28.260000228881836,1.0,0.0,0.0
16383,4.0,1,178.53999710083008,1.0,0.0,0.0
16385,3.0,1,117.39000129699707,1.0,0.0,0.0
16392,3.0,1,85.92000102996826,1.0,0.0,0.0
16393,1.0,1,25.0,1.0,0.0,0.0
16397,1.0,1,117.59999847412108,1.0,0.0,0.0
16401,1.0,1,21.020000457763672,1.0,0.0,0.0
16403,1.0,1,55.0,1.0,0.0,0.0
16405,2.0,1,36.959999084472656,1.0,0.0,0.0
16409,1.0,1,34.9900016784668,1.0,0.0,0.0
16410,1.0,1,125.0,1.0,0.0,0.0
16419,2.0,1,127.9900016784668,1.0,0.0,0.0
16421,1.0,1,41.86000061035156,1.0,0.0,0.0
16428,1.0,1,198.0,1.0,0.0,0.0
16431,1.0,1,59.9900016784668,1.0,0.0,0.0
16432,3.5,2,247.92500019073486,1.0,403.0,0.0
16436,1.0,1,25.0,1.0,0.0,0.0
16438,1.0,1,25.0,1.0,0.0,0.0
16439,1.0,1,9.989999771118164,1.0,0.0,0.0
16442,1.0,1,36.0,1.0,0.0,0.0
16443,1.0,1,129.0,1.0,0.0,0.0
16447,1.0,1,11.340000152587892,1.0,0.0,0.0
16450,1.0,1,40.83000183105469,1.0,0.0,0.0
16455,1.0,1,79.98999786376953,1.0,0.0,0.0
16459,1.0,1,42.5,1.0,0.0,0.0
16463,2.0,1,98.0,1.0,0.0,0.0
16469,1.0,2,20.284999847412106,1.0,120.0,0.0
16471,2.0,1,55.00000190734863,1.0,0.0,0.0
16476,2.0,1,155.93999862670896,1.0,0.0,0.0
16478,1.0,1,26.049999237060547,1.0,0.0,0.0
16489,1.0,2,57.25,1.0,110.0,0.0
16494,1.6666666666666667,2,255.44499969482422,1.5,18.5,0.7071067811865476
16498,2.0,1,37.5,1.0,0.0,0.0
16501,1.0,1,139.5,1.0,0.0,0.0
16508,2.0,1,65.98999977111816,1.0,0.0,0.0
16511,1.0,1,14.6899995803833,1.0,0.0,0.0
16527,1.0,1,99.98999786376952,1.0,0.0,0.0
16531,1.3333333333333333,3,127.55333773295085,1.0,523.0,254.55844122715712
16548,1.0,1,14.989999771118164,1.0,0.0,0.0
16557,1.0,1,83.36000061035155,1.0,0.0,0.0
16561,1.5,2,77.98500061035156,1.0,82.0,0.0
16571,1.0,1,26.68000030517578,1.0,0.0,0.0
16572,1.0,1,61.97999954223633,1.0,0.0,0.0
16575,1.0,1,16.969999313354492,1.0,0.0,0.0
16578,3.0,1,83.22000122070312,1.0,0.0,0.0
16579,2.0,2,200.375,1.0,177.0,0.0
16585,1.0,1,42.950000762939446,1.0,0.0,0.0
16586,1.0,2,76.4749984741211,1.0,276.0,0.0
16587,3.0,1,131.65999794006348,1.0,0.0,0.0
16592,1.0,1,89.5,1.0,0.0,0.0
16593,1.0,1,59.450000762939446,1.0,0.0,0.0
16595,2.0,1,122.8000030517578,1.0,0.0,0.0
16596,2.0,1,44.96000099182129,1.0,0.0,0.0
16600,1.0,1,27.989999771118164,1.0,0.0,0.0
16604,1.0,2,73.63500213623047,1.0,242.0,0.0
16626,1.0,1,26.989999771118164,1.0,0.0,0.0
16628,2.0,1,93.98999786376953,1.0,0.0,0.0
16630,1.0,1,87.0,1.0,0.0,0.0
16631,3.0,1,222.4600009918213,1.0,0.0,0.0
16641,1.0,1,110.98999786376952,1.0,0.0,0.0
16643,4.0,1,115.04000091552734,1.0,0.0,0.0
16651,1.0,2,44.4950008392334,1.0,569.0,0.0
16652,1.0,1,125.0,1.0,0.0,0.0
16658,1.0,1,230.0,1.0,0.0,0.0
16661,1.0,1,158.0,1.0,0.0,0.0
16664,1.3333333333333333,3,90.23333358764648,1.0,322.5,221.32442251138937
16669,1.0,1,6.949999809265137,1.0,0.0,0.0
16672,1.0,1,101.48999786376952,1.0,0.0,0.0
16673,1.0,1,24.989999771118164,1.0,0.0,0.0
16687,1.0,1,26.979999542236328,1.0,0.0,0.0
16688,1.0,1,69.94999694824219,1.0,0.0,0.0
16691,1.0,1,27.989999771118164,1.0,0.0,0.0
16694,2.0,1,212.26000213623047,1.0,0.0,0.0
16699,1.0,1,49.0,1.0,0.0,0.0
16701,1.0,1,148.97999572753906,1.0,0.0,0.0
16702,1.5,2,60.46000099182129,1.0,372.0,0.0
16703,1.0,1,15.0,1.0,0.0,0.0
16705,1.0,1,139.0,1.0,0.0,0.0
16707,1.0,1,20.0,1.0,0.0,0.0
16710,2.0,1,139.97999954223633,1.0,0.0,0.0
16714,2.0,1,122.68000030517578,1.0,0.0,0.0
16717,1.0,1,84.98999786376953,1.0,0.0,0.0
16719,1.0,1,55.0,1.0,0.0,0.0
16722,1.0,1,67.0,1.0,0.0,0.0
16725,1.0,1,10.699999809265137,1.0,0.0,0.0
16727,2.0,1,126.5,1.0,0.0,0.0
16728,2.0,1,131.98999786376953,1.0,0.0,0.0
16729,2.5,2,247.57500553131104,1.0,1440.0,0.0
16730,1.0,1,13.789999961853027,1.0,0.0,0.0
16735,4.0,1,109.96999931335449,1.0,0.0,0.0
16738,1.0,1,89.0,1.0,0.0,0.0
16743,1.0,2,99.63500022888184,1.0,300.0,0.0
16745,2.0,1,134.9499969482422,1.0,0.0,0.0
16747,1.0,1,125.37000274658205,1.0,0.0,0.0
16750,2.0,1,52.5,1.0,0.0,0.0
16752,1.0,2,58.070000648498535,1.0,310.0,0.0
16753,4.0,1,251.31999588012692,1.0,0.0,0.0
16756,1.0,2,17.5,1.0,105.0,0.0
16758,2.0,2,82.87500047683716,1.0,57.0,0.0
16766,1.0,1,20.989999771118164,1.0,0.0,0.0
16767,4.0,2,204.3399977684021,1.0,744.0,0.0
16770,2.0,1,273.8300018310547,1.0,0.0,0.0
16777,2.0,1,299.98000717163086,1.0,0.0,0.0
16779,1.0,1,99.5,1.0,0.0,0.0
16780,1.0,1,32.97999954223633,1.0,0.0,0.0
16786,1.0,1,43.6599998474121,1.0,0.0,0.0
16789,1.0,1,59.5,1.0,0.0,0.0
16797,2.0,1,69.98999977111816,1.0,0.0,0.0
16802,2.0,1,119.44999694824219,1.0,0.0,0.0
16803,1.0,1,53.9900016784668,1.0,0.0,0.0
16804,2.0,1,84.93999671936035,1.0,0.0,0.0
16805,1.0,1,66.97000122070312,2.0,1.0,0.0
16815,1.0,1,275.0,1.0,0.0,0.0
16818,1.0,1,49.5,1.0,0.0,0.0
16820,1.0,2,26.2450008392334,1.0,695.0,0.0
16826,2.0,1,66.45000076293945,1.0,0.0,0.0
16841,4.0,1,208.57000255584717,1.0,0.0,0.0
16846,1.0,1,14.979999542236328,1.0,0.0,0.0
16848,1.0,1,59.0,1.0,0.0,0.0
16851,1.0,1,28.5,1.0,0.0,0.0
16859,1.0,1,23.89999961853028,1.0,0.0,0.0
16861,2.5,2,124.71000003814697,1.0,875.0,0.0
16869,1.5,2,30.49000072479248,1.0,28.0,0.0
16871,1.0,1,189.0,1.0,0.0,0.0
16876,1.0,1,45.95000076293945,2.0,22.0,0.0
16878,1.0,1,99.0,1.0,0.0,0.0
16879,1.0,1,52.0,1.0,0.0,0.0
16890,1.0,2,106.44000053405762,1.0,724.0,0.0
16891,2.0,1,63.989999771118164,1.0,0.0,0.0
16897,2.0,1,353.9700012207031,1.0,0.0,0.0
16904,1.0,1,59.5,1.0,0.0,0.0
16905,1.0,1,117.6999969482422,1.0,0.0,0.0
16910,1.0,1,11.989999771118164,1.0,0.0,0.0
16911,1.0,1,49.5,1.0,0.0,0.0
16916,1.0,1,95.0,1.0,0.0,0.0
16934,1.0,1,89.5,1.0,0.0,0.0
16937,1.0,1,52.9900016784668,1.0,0.0,0.0
16938,1.0,1,169.99000549316406,1.0,0.0,0.0
16940,2.0,1,199.48999786376953,1.0,0.0,0.0
16945,1.0,1,8.989999771118164,1.0,0.0,0.0
16947,1.0,1,299.989990234375,1.0,0.0,0.0
16948,1.0,1,49.9900016784668,1.0,0.0,0.0
16952,1.0,1,15.899999618530272,1.0,0.0,0.0
16953,2.0,1,64.9900016784668,1.0,0.0,0.0
16964,1.0,1,65.0,1.0,0.0,0.0
16966,2.0,1,99.97999954223633,1.0,0.0,0.0
16967,1.0,1,3.799999952316284,1.0,0.0,0.0
16970,1.0,1,17.979999542236328,1.0,0.0,0.0
16974,1.0,1,44.97999954223633,1.0,0.0,0.0
16975,1.0,1,65.98999786376953,1.0,0.0,0.0
16978,2.0,1,214.98000526428225,1.0,0.0,0.0
16981,1.0,2,11.88500040769577,1.0,983.0,0.0
16982,1.0,1,60.9900016784668,1.0,0.0,0.0
16984,1.0,1,76.30000305175781,1.0,0.0,0.0
16986,1.0,1,22.0,1.0,0.0,0.0
16987,1.0,1,128.0,1.0,0.0,0.0
16988,1.0,1,56.0,1.0,0.0,0.0
16990,2.0,1,389.43999099731445,1.0,0.0,0.0
16992,1.0,1,32.0,1.0,0.0,0.0
16993,1.0,1,64.0,1.0,0.0,0.0
16997,1.0,2,22.785000801086426,1.0,614.0,0.0
17001,1.0,1,12.5,1.0,0.0,0.0
17006,1.0,1,48.0,1.0,0.0,0.0
17018,1.0,1,119.98999786376952,1.0,0.0,0.0
17020,4.0,1,241.35999870300293,1.0,0.0,0.0
17025,4.0,1,122.03000259399414,1.0,0.0,0.0
17033,1.0,1,50.0,1.0,0.0,0.0
17035,1.0,1,85.0,1.0,0.0,0.0
17036,1.0,1,51.0,1.0,0.0,0.0
17038,1.0,1,11.380000114440918,1.0,0.0,0.0
17040,2.0,2,122.93499970436096,1.0,26.0,0.0
17042,1.0,1,196.0,1.0,0.0,0.0
17043,1.0,2,58.744998931884766,1.0,591.0,0.0
17060,1.0,1,79.98999786376953,1.0,0.0,0.0
17061,2.0,2,136.93500137329102,1.0,1336.0,0.0
17065,1.0,1,40.0,1.0,0.0,0.0
17068,2.0,1,75.0,1.0,0.0,0.0
17072,1.0,1,99.94999694824216,1.0,0.0,0.0
17074,1.0,1,179.99000549316406,1.0,0.0,0.0
17077,1.0,1,62.9900016784668,1.0,0.0,0.0
17082,2.0,1,106.0,1.0,0.0,0.0
17086,1.0,1,29.96999931335449,1.0,0.0,0.0
17089,1.0,1,89.94999694824217,1.0,0.0,0.0
17091,2.0,1,40.94999885559082,1.0,0.0,0.0
17094,1.0,1,110.0,1.0,0.0,0.0
17096,1.0,1,221.0500030517578,1.0,0.0,0.0
17104,1.0,1,54.9900016784668,1.0,0.0,0.0
17105,1.0,1,19.979999542236328,1.0,0.0,0.0
17106,1.0,1,148.97999572753906,1.0,0.0,0.0
17109,1.0,1,46.9900016784668,1.0,0.0,0.0
17110,3.0,1,186.9699993133545,1.0,0.0,0.0
17112,2.0,1,97.45000076293945,1.0,0.0,0.0
17114,2.0,1,232.4499969482422,1.0,0.0,0.0
17115,1.0,1,65.0,1.0,0.0,0.0
17122,2.0,1,249.58000183105463,1.0,0.0,0.0
17123,1.0,1,56.0,1.0,0.0,0.0
17125,1.0,1,33.9900016784668,1.0,0.0,0.0
17130,3.0,1,184.0,1.0,0.0,0.0
17131,1.0,1,48.930000305175774,1.0,0.0,0.0
17134,1.0,1,109.0,1.0,0.0,0.0
17135,3.0,1,170.93999671936035,1.0,0.0,0.0
17136,1.0,1,29.989999771118164,1.0,0.0,0.0
17140,4.0,1,163.9699993133545,1.0,0.0,0.0
17143,2.5,2,223.79499912261963,1.0,474.0,0.0
17144,1.0,1,39.950000762939446,1.0,0.0,0.0
17145,2.0,1,116.45000076293945,1.0,0.0,0.0
17155,1.0,2,107.49499988555908,1.0,336.0,0.0
17156,1.0,1,9.989999771118164,1.0,0.0,0.0
17172,1.0,1,18.0,1.0,0.0,0.0
17183,1.0,1,49.0,1.0,0.0,0.0
17185,2.0,1,100.9799976348877,1.0,0.0,0.0
17186,1.0,2,70.0,1.0,477.0,0.0
17194,1.0,1,65.0,1.0,0.0,0.0
17195,2.0,1,227.13999938964844,1.0,0.0,0.0
17199,1.0,1,316.6000061035156,1.0,0.0,0.0
17200,4.0,1,79.98000144958496,1.0,0.0,0.0
17202,1.0,1,32.9900016784668,1.0,0.0,0.0
17203,1.5,2,115.99499988555908,1.0,33.0,0.0
17205,1.0,1,24.989999771118164,1.0,0.0,0.0
17210,1.0,1,98.0,1.0,0.0,0.0
17223,1.0,1,79.44999694824217,1.0,0.0,0.0
17225,1.0,1,7.989999771118163,1.0,0.0,0.0
17226,4.0,1,131.6500015258789,1.0,0.0,0.0
17232,1.0,1,54.0,1.0,0.0,0.0
17234,1.0,1,25.0,1.0,0.0,0.0
17236,1.0,1,39.9900016784668,1.0,0.0,0.0
17238,1.0,1,75.0,1.0,0.0,0.0
17245,1.0,1,62.0,1.0,0.0,0.0
17247,1.0,1,39.9900016784668,1.0,0.0,0.0
17250,1.0,1,34.97999954223633,1.0,0.0,0.0
17251,3.0,1,157.97999954223633,1.0,0.0,0.0
17252,1.0,1,74.5,1.0,0.0,0.0
17253,4.0,1,177.98000144958496,1.0,0.0,0.0
17263,1.0,1,25.0,1.0,0.0,0.0
17267,1.0,1,33.599998474121094,1.0,0.0,0.0
17268,2.0,1,110.0,1.0,0.0,0.0
17271,1.0,1,158.0,1.0,0.0,0.0
17273,4.0,1,239.75000190734863,1.0,0.0,0.0
17274,1.0,1,26.0,1.0,0.0,0.0
17278,1.0,1,15.949999809265137,1.0,0.0,0.0
17283,1.0,1,72.0,1.0,0.0,0.0
17286,1.0,1,35.05000019073486,2.0,7.0,0.0
17288,2.0,1,129.9799976348877,1.0,0.0,0.0
17293,1.0,1,89.94999694824217,1.0,0.0,0.0
17294,1.0,1,33.91999816894531,1.0,0.0,0.0
17296,2.5,2,134.46500205993652,1.0,179.0,0.0
17302,1.0,1,43.0,1.0,0.0,0.0
17304,1.0,1,25.0,1.0,0.0,0.0
17307,1.0,1,38.0,1.0,0.0,0.0
17309,1.0,1,34.0,1.0,0.0,0.0
17317,1.5,2,153.5,1.0,82.0,0.0
17319,1.0,1,36.5,1.0,0.0,0.0
17320,1.0,1,37.5,1.0,0.0,0.0
17327,2.0,1,66.17000007629395,1.0,0.0,0.0
17335,3.0,1,425.6599998474121,2.0,20.0,0.0
17339,1.0,1,75.0,1.0,0.0,0.0
17340,1.0,1,11.090000152587892,1.0,0.0,0.0
17341,2.0,1,55.49999809265137,1.0,0.0,0.0
17349,1.0,1,59.9900016784668,1.0,0.0,0.0
17351,1.0,1,38.0,1.0,0.0,0.0
17356,1.0,1,495.0,1.0,0.0,0.0
17357,2.0,1,56.93000030517578,1.0,0.0,0.0
17361,3.0,1,42.03999948501587,1.0,0.0,0.0
17369,1.0,1,179.99000549316406,1.0,0.0,0.0
17383,1.0,1,125.0,1.0,0.0,0.0
17386,4.0,1,117.64000225067139,1.0,0.0,0.0
17396,1.0,1,25.0,1.0,0.0,0.0
17397,2.0,1,45.0,1.0,0.0,0.0
17400,1.0,1,39.9900016784668,1.0,0.0,0.0
17405,1.0,2,19.494999885559082,1.0,1195.0,0.0
17406,1.0,1,66.95999908447266,1.0,0.0,0.0
17413,2.0,1,128.45000076293945,1.0,0.0,0.0
17416,1.0,1,33.9900016784668,1.0,0.0,0.0
17421,1.0,1,50.880001068115234,1.0,0.0,0.0
17423,1.0,1,59.9900016784668,1.0,0.0,0.0
17424,1.0,1,14.949999809265137,1.0,0.0,0.0
17425,3.0,1,119.8799991607666,1.0,0.0,0.0
17431,1.0,1,19.989999771118164,1.0,0.0,0.0
17433,1.0,1,55.4900016784668,1.0,0.0,0.0
17434,1.0,1,39.9900016784668,1.0,0.0,0.0
17435,1.0,1,69.98999786376953,1.0,0.0,0.0
17438,4.0,1,131.98000144958496,1.0,0.0,0.0
17440,1.0,1,32.0,1.0,0.0,0.0
17445,1.0,1,26.75,1.0,0.0,0.0
17455,1.0,1,59.0,1.0,0.0,0.0
17457,1.5,2,87.24499893188477,1.0,7.0,0.0
17464,2.0,1,80.56999969482422,1.0,0.0,0.0
17466,1.0,1,39.9900016784668,1.0,0.0,0.0
17472,1.0,1,39.5,1.0,0.0,0.0
17477,1.0,2,24.47000026702881,1.0,145.0,0.0
17481,2.0,1,76.25,1.0,0.0,0.0
17485,1.0,1,41.970001220703125,1.0,0.0,0.0
17486,1.0,1,39.9900016784668,1.0,0.0,0.0
17487,3.0,1,122.93000030517578,1.0,0.0,0.0
17489,1.0,1,89.5,1.0,0.0,0.0
17504,4.0,1,292.54999923706055,1.0,0.0,0.0
17507,4.0,1,110.53999900817871,1.0,0.0,0.0
17508,1.0,1,13.609999656677246,1.0,0.0,0.0
17520,2.0,1,273.0,1.0,0.0,0.0
17529,1.0,1,10.989999771118164,1.0,0.0,0.0
17535,1.0,1,24.989999771118164,1.0,0.0,0.0
17539,2.0,1,129.0,1.0,0.0,0.0
17540,1.0,1,25.0,1.0,0.0,0.0
17545,1.0,1,69.9800033569336,1.0,0.0,0.0
17546,2.0,1,49.98000144958496,1.0,0.0,0.0
17554,1.0,1,49.5,1.0,0.0,0.0
17557,2.0,1,121.9000015258789,1.0,0.0,0.0
17558,1.0,2,77.49499988555908,1.0,738.0,0.0
17561,2.0,1,85.0,1.0,0.0,0.0
17562,1.0,1,69.98999786376953,1.0,0.0,0.0
17565,1.0,1,52.0,1.0,0.0,0.0
17570,1.0,1,17.950000762939453,1.0,0.0,0.0
17571,1.0,2,85.48000240325928,1.0,2029.0,0.0
17578,2.0,1,29.489999771118164,1.0,0.0,0.0
17583,1.0,1,4.949999809265137,1.0,0.0,0.0
17584,1.0,1,40.9900016784668,1.0,0.0,0.0
17586,2.0,1,38.739999771118164,1.0,0.0,0.0
17596,1.0,1,17.989999771118164,1.0,0.0,0.0
17599,1.0,2,56.49499988555908,1.0,367.0,0.0
17605,3.0,1,111.57000160217285,1.0,0.0,0.0
17608,1.0,2,30.725000381469723,1.0,226.0,0.0
17613,1.0,1,36.0,1.0,0.0,0.0
17620,1.0,1,86.0,1.0,0.0,0.0
17625,2.0,1,363.98999977111816,1.0,0.0,0.0
17635,2.0,1,74.9900016784668,1.0,0.0,0.0
17644,1.0,1,18.479999542236328,1.0,0.0,0.0
17647,2.0,1,188.48999977111816,1.0,0.0,0.0
17654,2.0,1,40.489999771118164,1.0,0.0,0.0
17658,1.0,2,45.969998836517334,1.0,136.0,0.0
17662,2.0,1,148.97999954223633,1.0,0.0,0.0
17664,1.0,1,5.329999923706056,1.0,0.0,0.0
17670,1.0,1,25.0,1.0,0.0,0.0
17677,1.0,1,895.0,1.0,0.0,0.0
17679,2.0,1,226.99000549316406,1.0,0.0,0.0
17680,1.0,1,48.0,1.0,0.0,0.0
17683,1.0,1,11.800000190734863,1.0,0.0,0.0
17684,1.0,1,59.9900016784668,1.0,0.0,0.0
17687,2.0,1,70.0,1.0,0.0,0.0
17688,1.0,1,110.0,1.0,0.0,0.0
17695,1.0,1,19.989999771118164,1.0,0.0,0.0
17702,2.0,1,148.99000549316406,1.0,0.0,0.0
17703,2.0,1,74.5,1.0,0.0,0.0
17704,3.0,1,108.58000183105469,1.0,0.0,0.0
17705,1.0,1,28.0,1.0,0.0,0.0
17706,1.0,1,11.760000228881836,1.0,0.0,0.0
17707,1.0,1,59.0,1.0,0.0,0.0
17710,1.0,1,24.950000762939453,1.0,0.0,0.0
17713,1.0,1,45.0,1.0,0.0,0.0
17717,3.0,1,553.9899978637695,1.0,0.0,0.0
17720,1.0,1,43.470001220703125,1.0,0.0,0.0
17722,1.0,1,32.0,1.0,0.0,0.0
17734,1.0,1,34.0,1.0,0.0,0.0
17736,1.0,1,46.0,1.0,0.0,0.0
17737,1.0,1,355.0,1.0,0.0,0.0
17739,2.0,1,149.8999977111816,1.0,0.0,0.0
17750,1.0,1,53.0,1.0,0.0,0.0
17757,2.0,1,34.52999973297119,1.0,0.0,0.0
17761,1.0,1,44.9900016784668,1.0,0.0,0.0
17765,2.0,1,59.900001525878906,1.0,0.0,0.0
17767,4.0,1,303.9800033569336,1.0,0.0,0.0
17769,1.0,1,65.0,1.0,0.0,0.0
17770,2.0,1,92.48999977111816,1.0,0.0,0.0
17771,1.0,1,128.0,1.0,0.0,0.0
17772,1.0,2,34.755001068115234,1.0,544.0,0.0
17787,2.0,1,114.5999984741211,1.0,0.0,0.0
17789,1.0,1,172.94000244140625,1.0,0.0,0.0
17790,1.0,1,89.98999786376953,1.0,0.0,0.0
17795,1.0,2,37.5,1.0,960.0,0.0
17797,4.0,1,258.7400016784668,1.0,0.0,0.0
17800,1.0,1,69.5,1.0,0.0,0.0
17801,1.0,1,7.019999980926514,1.0,0.0,0.0
17804,1.0,1,25.0,1.0,0.0,0.0
17812,2.0,1,39.94999980926514,1.0,0.0,0.0
17816,1.0,1,14.5,1.0,0.0,0.0
17819,1.0,1,29.989999771118164,1.0,0.0,0.0
17820,2.0,1,129.48999786376953,1.0,0.0,0.0
17828,1.0,1,19.950000762939453,1.0,0.0,0.0
17829,2.0,1,32.859999656677246,1.0,0.0,0.0
17831,1.0,1,8.800000190734863,1.0,0.0,0.0
17833,3.0,1,144.39999961853027,1.0,0.0,0.0
17835,1.0,1,8.0,1.0,0.0,0.0
17839,1.0,1,28.799999237060547,1.0,0.0,0.0
17842,2.0,1,84.40999984741211,1.0,0.0,0.0
17845,1.0,1,109.34999847412108,1.0,0.0,0.0
17848,1.0,1,39.9900016784668,1.0,0.0,0.0
17850,1.0,1,69.9800033569336,1.0,0.0,0.0
17853,2.0,1,56.5,1.0,0.0,0.0
17855,1.0,1,38.0,1.0,0.0,0.0
17856,1.0,1,49.880001068115234,1.0,0.0,0.0
17863,1.0,1,12.949999809265137,1.0,0.0,0.0
17867,1.0,1,59.950000762939446,1.0,0.0,0.0
17868,1.0,1,60.0,1.0,0.0,0.0
17869,4.0,1,216.4500026702881,1.0,0.0,0.0
17874,1.0,1,25.0,1.0,0.0,0.0
17875,1.0,1,13.9399995803833,1.0,0.0,0.0
17876,1.0,1,28.0,1.0,0.0,0.0
17878,1.0,1,20.989999771118164,1.0,0.0,0.0
17880,1.0,2,37.9950008392334,1.0,1065.0,0.0
17881,1.0,1,58.79999923706056,1.0,0.0,0.0
17911,1.0,1,16.479999542236328,1.0,0.0,0.0
17916,1.0,1,28.840000152587887,1.0,0.0,0.0
17917,4.0,1,86.26000022888184,1.0,0.0,0.0
17922,2.0,1,126.43999862670897,1.0,0.0,0.0
17923,1.0,1,89.98999786376953,1.0,0.0,0.0
17927,1.0,1,32.9900016784668,1.0,0.0,0.0
17931,4.0,1,163.98999977111816,1.0,0.0,0.0
17932,1.0,1,59.9900016784668,1.0,0.0,0.0
17933,1.0,1,18.0,1.0,0.0,0.0
17934,3.0,2,118.00500011444092,1.0,141.0,0.0
17939,3.0,1,160.9900016784668,1.0,0.0,0.0
17942,2.0,3,116.53333282470703,1.0,270.5,279.30717856868625
17944,1.0,1,79.98999786376953,1.0,0.0,0.0
17951,1.0,1,27.940000534057617,1.0,0.0,0.0
17955,3.0,1,188.48999786376953,1.0,0.0,0.0
17956,2.0,1,72.98999977111816,1.0,0.0,0.0
17960,4.0,1,162.17999839782715,1.0,0.0,0.0
17961,1.0,1,52.0,1.0,0.0,0.0
17963,1.0,1,20.0,1.0,0.0,0.0
17965,1.0,1,45.0,1.0,0.0,0.0
17968,1.0,1,28.979999542236328,1.0,0.0,0.0
17969,1.0,1,43.950000762939446,1.0,0.0,0.0
17970,3.0,1,134.92000198364258,1.0,0.0,0.0
17971,1.0,1,98.0,1.0,0.0,0.0
17973,1.0,2,71.49499988555908,1.0,1478.0,0.0
17975,1.0,1,19.989999771118164,1.0,0.0,0.0
17977,1.0,1,38.9900016784668,1.0,0.0,0.0
17980,1.0,1,69.9800033569336,1.0,0.0,0.0
17984,1.0,1,29.989999771118164,1.0,0.0,0.0
17987,2.0,1,179.93999862670898,1.0,0.0,0.0
18001,1.0,1,110.0,1.0,0.0,0.0
18004,1.0,1,14.989999771118164,1.0,0.0,0.0
18006,1.0,1,4.039999961853027,1.0,0.0,0.0
18009,1.0,1,88.0,1.0,0.0,0.0
18019,1.0,1,12.989999771118164,1.0,0.0,0.0
18024,2.0,1,41.489999771118164,1.0,0.0,0.0
18030,1.0,1,51.75,1.0,0.0,0.0
18033,1.0,1,128.0,1.0,0.0,0.0
18037,1.0,1,32.0,1.0,0.0,0.0
18038,1.0,1,140.0,1.0,0.0,0.0
18054,1.0,1,46.0,1.0,0.0,0.0
18055,2.0,1,219.0,1.0,0.0,0.0
18062,3.0,1,159.4900016784668,1.0,0.0,0.0
18064,1.0,1,71.44000244140625,1.0,0.0,0.0
18065,1.0,1,8.989999771118164,1.0,0.0,0.0
18071,1.0,1,92.0,1.0,0.0,0.0
18072,3.0,1,254.9499969482422,1.0,0.0,0.0
18073,1.5,2,52.77999973297119,1.0,949.0,0.0
18074,3.0,1,93.97999954223633,1.0,0.0,0.0
18075,1.0,1,49.5,1.0,0.0,0.0
18080,1.0,1,35.0,1.0,0.0,0.0
18082,1.0,1,164.0,1.0,0.0,0.0
18084,2.0,1,217.0,1.0,0.0,0.0
18098,1.0,1,12.0,1.0,0.0,0.0
18106,3.0,1,67.8899998664856,1.0,0.0,0.0
18107,1.0,1,79.0,1.0,0.0,0.0
18108,2.0,1,99.8899974822998,1.0,0.0,0.0
18111,2.0,1,49.0,1.0,0.0,0.0
18114,2.0,1,43.5,1.0,0.0,0.0
18115,1.0,1,79.44999694824217,1.0,0.0,0.0
18122,1.0,1,41.9900016784668,1.0,0.0,0.0
18124,1.0,1,34.900001525878906,1.0,0.0,0.0
18127,3.0,1,89.9900016784668,1.0,0.0,0.0
18129,1.0,1,8.319999694824217,1.0,0.0,0.0
18136,1.0,1,34.9900016784668,1.0,0.0,0.0
18142,1.5,2,58.164998054504395,1.0,395.0,0.0
18145,1.0,1,42.0,1.0,0.0,0.0
18151,1.0,1,34.9900016784668,1.0,0.0,0.0
18152,3.0,1,148.93999862670898,1.0,0.0,0.0
18153,1.0,1,24.989999771118164,1.0,0.0,0.0
18155,1.0,1,135.0,1.0,0.0,0.0
18157,1.0,1,29.89999961853028,1.0,0.0,0.0
18164,3.0,1,116.88999748229979,1.0,0.0,0.0
18169,1.0,1,43.5,1.0,0.0,0.0
18170,2.0,1,50.98000144958496,1.0,0.0,0.0
18171,1.0,2,157.49499893188477,1.0,323.0,0.0
18176,1.0,1,59.5,1.0,0.0,0.0
18177,1.0,1,154.0,1.0,0.0,0.0
18178,1.0,1,168.0,1.0,0.0,0.0
18186,1.0,1,66.16999816894531,1.0,0.0,0.0
18187,1.0,1,44.9900016784668,1.0,0.0,0.0
18191,1.0,1,25.0,1.0,0.0,0.0
18192,3.0,1,114.63999938964844,1.0,0.0,0.0
18195,1.0,2,20.744999885559082,1.0,212.0,0.0
18200,1.0,1,50.0,1.0,0.0,0.0
18202,1.0,1,17.0,1.0,0.0,0.0
18205,1.5,2,70.93999862670898,1.0,238.0,0.0
18209,2.0,1,98.95000076293945,1.0,0.0,0.0
18216,4.0,1,277.17000579833984,1.0,0.0,0.0
18217,1.0,1,38.0,1.0,0.0,0.0
18221,1.0,2,53.2450008392334,1.0,243.0,0.0
18222,1.0,1,22.729999542236328,1.0,0.0,0.0
18229,1.0,1,12.989999771118164,1.0,0.0,0.0
18230,1.6666666666666667,3,118.44333267211914,1.0,189.5,43.1335136523794
18234,1.0,1,89.5,1.0,0.0,0.0
18235,1.0,1,159.99000549316406,1.0,0.0,0.0
18236,4.0,1,164.93999862670898,1.0,0.0,0.0
18239,1.0,1,250.0,1.0,0.0,0.0
18258,1.0,1,22.799999237060547,1.0,0.0,0.0
18260,4.0,1,214.96999740600586,1.0,0.0,0.0
18261,1.0,2,89.79999923706055,1.0,317.0,0.0
18262,1.0,1,32.9900016784668,1.0,0.0,0.0
18265,1.0,1,32.0,1.0,0.0,0.0
18266,1.0,1,98.0,1.0,0.0,0.0
18271,1.0,1,11.949999809265137,1.0,0.0,0.0
18276,1.0,1,59.9900016784668,1.0,0.0,0.0
18281,2.0,1,322.99000549316406,1.0,0.0,0.0
18283,1.0,1,99.0,1.0,0.0,0.0
18303,2.0,1,177.95000076293945,1.0,0.0,0.0
18306,1.0,1,52.9900016784668,1.0,0.0,0.0
18307,1.0,1,25.770000457763672,1.0,0.0,0.0
18313,1.5,2,46.0,1.0,640.0,0.0
18317,1.0,1,148.0,1.0,0.0,0.0
18320,1.0,1,180.0,1.0,0.0,0.0
18326,3.0,1,215.98999977111816,1.0,0.0,0.0
18328,1.0,1,357.0,1.0,0.0,0.0
18336,2.0,1,149.97999954223633,1.0,0.0,0.0
18343,1.0,1,6.5,1.0,0.0,0.0
18344,1.0,1,79.94999694824217,1.0,0.0,0.0
18346,1.0,2,66.70000076293945,1.0,46.0,0.0
18349,1.0,1,19.989999771118164,1.0,0.0,0.0
18351,1.0,1,240.0,1.0,0.0,0.0
18356,1.0,1,49.950000762939446,1.0,0.0,0.0
18363,1.0,1,99.98999786376952,1.0,0.0,0.0
18370,3.0,1,157.67999839782715,1.0,0.0,0.0
18372,2.0,1,24.490000009536743,1.0,0.0,0.0
18373,1.0,1,25.5,1.0,0.0,0.0
18374,2.0,1,112.98999786376952,1.0,0.0,0.0
18375,4.0,1,400.0,1.0,0.0,0.0
18378,2.0,1,27.969999313354492,1.0,0.0,0.0
18380,1.0,1,297.5,1.0,0.0,0.0
18387,1.0,1,219.5,1.0,0.0,0.0
18393,1.0,1,269.0,1.0,0.0,0.0
18405,4.0,1,104.21000099182129,1.0,0.0,0.0
18431,1.0,1,84.5,1.0,0.0,0.0
18434,1.0,2,46.99499988555908,1.0,948.0,0.0
18439,4.0,1,92.28000164031982,1.0,0.0,0.0
18442,1.0,1,65.0,1.0,0.0,0.0
18451,2.0,1,62.6299991607666,1.0,0.0,0.0
18457,1.0,1,26.0,1.0,0.0,0.0
18458,1.5,2,297.625,1.0,1206.0,0.0
18466,2.0,1,52.749999046325684,1.0,0.0,0.0
18475,3.0,1,195.1299991607666,1.0,0.0,0.0
18476,1.0,1,10.0,1.0,0.0,0.0
18479,2.0,1,42.97999954223633,1.0,0.0,0.0
18484,1.0,1,36.7599983215332,1.0,0.0,0.0
18494,1.0,2,101.4950008392334,1.0,402.0,0.0
18495,1.0,1,34.95000076293945,1.0,0.0,0.0
18504,1.0,1,89.44999694824217,1.0,0.0,0.0
18507,1.0,1,37.950000762939446,1.0,0.0,0.0
18516,1.0,1,130.99000549316406,1.0,0.0,0.0
18521,1.0,1,10.920000076293944,1.0,0.0,0.0
18529,1.0,1,14.0,1.0,0.0,0.0
18530,1.0,1,25.0,1.0,0.0,0.0
18539,1.0,1,79.0,1.0,0.0,0.0
18541,1.0,1,20.0,1.0,0.0,0.0
18543,2.0,1,130.9799976348877,1.0,0.0,0.0
18544,1.0,1,228.0,1.0,0.0,0.0
18548,4.0,1,388.9699993133545,1.0,0.0,0.0
18551,1.0,2,94.99499893188477,1.0,19.0,0.0
18568,4.0,1,292.83999824523926,1.0,0.0,0.0
18569,3.0,1,123.70000076293945,1.0,0.0,0.0
18574,4.0,1,180.37000179290771,1.0,0.0,0.0
18576,1.0,1,88.48999977111816,2.0,0.0,0.0
18580,4.0,1,355.86999893188477,1.0,0.0,0.0
18591,1.0,1,15.0,1.0,0.0,0.0
18597,1.0,1,34.97999954223633,1.0,0.0,0.0
18600,2.0,1,158.0,1.0,0.0,0.0
18604,2.0,1,60.31000041961669,1.0,0.0,0.0
18616,1.0,1,69.98999786376953,1.0,0.0,0.0
18626,1.0,1,29.989999771118164,1.0,0.0,0.0
18631,1.0,1,21.590000152587887,1.0,0.0,0.0
18635,1.0,1,25.0,1.0,0.0,0.0
18640,2.0,1,27.200000762939453,1.0,0.0,0.0
18645,1.0,2,206.25,1.0,6.0,0.0
18648,1.0,1,485.0,1.0,0.0,0.0
18650,4.0,1,213.02999591827393,1.0,0.0,0.0
18657,1.0,1,31.989999771118164,1.0,0.0,0.0
18662,1.0,2,32.6050009727478,1.0,1267.0,0.0
18663,1.0,1,15.0,1.0,0.0,0.0
18668,1.0,1,44.9900016784668,1.0,0.0,0.0
18672,1.0,1,49.5,1.0,0.0,0.0
18674,1.0,1,54.450000762939446,1.0,0.0,0.0
18683,1.0,1,58.0,1.0,0.0,0.0
18685,2.0,1,54.989999771118164,1.0,0.0,0.0
18687,1.0,1,44.9900016784668,1.0,0.0,0.0
18698,1.5,2,64.46499967575073,1.0,346.0,0.0
18699,1.0,1,34.9900016784668,1.0,0.0,0.0
18704,3.0,1,469.95000076293945,1.0,0.0,0.0
18709,2.0,1,118.98999786376953,1.0,0.0,0.0
18711,2.5,2,132.76500129699707,1.0,308.0,0.0
18727,1.0,1,69.0,1.0,0.0,0.0
18729,1.0,1,98.0,1.0,0.0,0.0
18730,1.0,1,25.0,1.0,0.0,0.0
18735,2.0,1,423.99000549316406,1.0,0.0,0.0
18739,3.0,1,147.38999938964844,1.0,0.0,0.0
18742,3.0,1,97.64999771118164,1.0,0.0,0.0
18743,1.0,1,27.979999542236328,1.0,0.0,0.0
18747,1.0,1,29.989999771118164,1.0,0.0,0.0
18756,1.0,1,39.9900016784668,1.0,0.0,0.0
18757,2.0,1,170.0,1.0,0.0,0.0
18758,1.0,1,12.989999771118164,1.0,0.0,0.0
18759,3.0,1,75.40999984741211,1.0,0.0,0.0
18764,1.0,1,18.950000762939453,1.0,0.0,0.0
18766,1.0,1,86.0,1.0,0.0,0.0
18772,1.0,1,29.989999771118164,1.0,0.0,0.0
18783,1.0,1,13.989999771118164,1.0,0.0,0.0
18788,2.0,1,420.0,1.0,0.0,0.0
18791,1.0,1,31.950000762939453,1.0,0.0,0.0
18807,1.0,1,179.99000549316406,1.0,0.0,0.0
18811,1.0,1,99.98999786376952,1.0,0.0,0.0
18820,2.0,1,73.32999992370605,1.0,0.0,0.0
18822,1.0,1,22.989999771118164,1.0,0.0,0.0
18828,1.0,1,3.5,1.0,0.0,0.0
18831,2.0,2,123.47500038146973,1.0,1088.0,0.0
18834,1.0,1,20.989999771118164,1.0,0.0,0.0
18856,1.0,1,16.989999771118164,1.0,0.0,0.0
18863,1.0,1,59.0,1.0,0.0,0.0
18869,2.0,1,105.97999954223633,1.0,0.0,0.0
18880,1.0,2,29.9950008392334,1.0,1231.0,0.0
18882,2.0,1,148.96999740600586,1.0,0.0,0.0
18892,2.0,1,60.08000183105469,1.0,0.0,0.0
18896,1.5,2,43.14999961853027,1.0,80.0,0.0
18897,1.0,1,24.0,1.0,0.0,0.0
18900,1.0,1,38.0,1.0,0.0,0.0
18901,1.0,1,11.119999885559082,1.0,0.0,0.0
18906,1.0,1,109.0,1.0,0.0,0.0
18914,1.0,1,13.5,1.0,0.0,0.0
18919,1.0,1,60.0,1.0,0.0,0.0
18923,1.0,1,29.5,1.0,0.0,0.0
18927,1.0,1,101.40000152587892,1.0,0.0,0.0
18931,1.0,1,89.98999786376953,1.0,0.0,0.0
18934,1.0,1,38.52999877929688,1.0,0.0,0.0
18944,2.0,1,50.97999954223633,1.0,0.0,0.0
18947,1.0,1,80.0,1.0,0.0,0.0
18954,1.0,1,79.0,1.0,0.0,0.0
18956,1.0,1,58.0,1.0,0.0,0.0
18958,1.0,1,36.9900016784668,1.0,0.0,0.0
18964,2.0,1,388.99000549316406,1.0,0.0,0.0
18966,1.0,1,52.0099983215332,1.0,0.0,0.0
18970,1.0,1,50.38999938964844,1.0,0.0,0.0
18977,1.0,1,44.880001068115234,1.0,0.0,0.0
18978,1.0,1,94.98999786376952,1.0,0.0,0.0
18979,2.5,2,134.77499866485596,1.0,471.0,0.0
18981,1.0,1,169.0,1.0,0.0,0.0
18985,1.0,1,21.989999771118164,1.0,0.0,0.0
18988,1.0,1,55.0,1.0,0.0,0.0
18993,1.0,1,57.0,1.0,0.0,0.0
18997,1.0,1,8.989999771118164,1.0,0.0,0.0
19004,1.0,1,16.989999771118164,1.0,0.0,0.0
19009,1.0,1,60.0,1.0,0.0,0.0
19031,2.0,1,70.38000011444092,1.0,0.0,0.0
19032,1.0,1,24.950000762939453,1.0,0.0,0.0
19034,1.0,1,59.5,1.0,0.0,0.0
19035,2.0,1,133.0,1.0,0.0,0.0
19037,1.0,1,144.33999633789062,1.0,0.0,0.0
19047,1.0,1,39.79999923706056,1.0,0.0,0.0
19052,1.0,1,36.0,1.0,0.0,0.0
19053,1.0,1,19.989999771118164,1.0,0.0,0.0
19054,2.0,1,179.89999771118164,1.0,0.0,0.0
19059,2.0,1,38.61999988555908,1.0,0.0,0.0
19061,3.0,1,250.1999969482422,1.0,0.0,0.0
19063,1.5,2,60.77000141143799,1.0,86.0,0.0
19065,1.0,1,19.0,1.0,0.0,0.0
19068,1.0,1,54.0,1.0,0.0,0.0
19081,1.0,2,30.994999885559082,1.0,33.0,0.0
19084,1.0,1,23.989999771118164,1.0,0.0,0.0
19088,1.0,1,28.989999771118164,1.0,0.0,0.0
19090,3.0,1,131.94999980926514,1.0,0.0,0.0
19098,1.0,1,32.9900016784668,1.0,0.0,0.0
19099,1.0,1,79.94999694824217,1.0,0.0,0.0
19107,2.0,1,128.92000198364258,1.0,0.0,0.0
19109,2.0,1,104.45000076293945,1.0,0.0,0.0
19111,1.0,1,44.0,1.0,0.0,0.0
19113,2.0,1,127.47999954223633,1.0,0.0,0.0
19116,1.0,1,259.0,1.0,0.0,0.0
19121,2.0,1,104.0,1.0,0.0,0.0
19122,2.0,1,285.0,1.0,0.0,0.0
19124,1.0,1,49.5,1.0,0.0,0.0
19129,1.0,1,22.0,1.0,0.0,0.0
19132,1.0,1,85.0,1.0,0.0,0.0
19135,1.0,1,22.200000762939453,1.0,0.0,0.0
19139,1.0,1,35.959999084472656,1.0,0.0,0.0
19140,1.0,1,32.9900016784668,1.0,0.0,0.0
19145,1.0,1,17.5,1.0,0.0,0.0
19153,3.0,2,194.86500072479248,1.0,599.0,0.0
19154,2.0,1,204.0,1.0,0.0,0.0
19156,1.0,1,15.75,1.0,0.0,0.0
19162,2.0,1,65.9900016784668,1.0,0.0,0.0
19169,1.0,1,92.94999694824216,1.0,0.0,0.0
19170,3.0,1,148.31000137329102,1.0,0.0,0.0
19172,3.0,1,130.47000312805176,1.0,0.0,0.0
19173,1.0,1,32.9900016784668,1.0,0.0,0.0
19174,1.0,1,12.0,1.0,0.0,0.0
19177,2.0,1,138.03999710083008,1.0,0.0,0.0
19179,1.0,1,119.0,1.0,0.0,0.0
19180,1.0,1,56.0,1.0,0.0,0.0
19181,1.0,1,99.0,1.0,0.0,0.0
19182,1.0,1,97.0,1.0,0.0,0.0
19185,1.0,1,49.9900016784668,1.0,0.0,0.0
19186,1.5,2,22.449999809265137,1.0,179.0,0.0
19190,1.0,1,12.609999656677246,1.0,0.0,0.0
19191,1.0,1,22.989999771118164,1.0,0.0,0.0
19193,1.0,1,98.0,1.0,0.0,0.0
19203,1.0,1,98.0,1.0,0.0,0.0
19205,1.0,1,80.45999908447266,1.0,0.0,0.0
19214,1.0,1,42.0,1.0,0.0,0.0
19218,1.0,1,188.94999694824216,1.0,0.0,0.0
19224,1.0,1,22.76000022888184,1.0,0.0,0.0
19226,1.0,1,22.8799991607666,1.0,0.0,0.0
19235,4.0,1,561.7899971008301,1.0,0.0,0.0
19236,2.0,2,108.9900016784668,1.0,1049.0,0.0
19244,1.0,1,71.94999694824219,1.0,0.0,0.0
19245,1.0,1,12.0,1.0,0.0,0.0
19249,1.0,1,14.899999618530272,1.0,0.0,0.0
19252,1.0,1,588.0,1.0,0.0,0.0
19255,1.0,1,14.989999771118164,1.0,0.0,0.0
19258,1.0,1,181.95000076293945,2.0,23.0,0.0
19264,2.0,1,567.9899997711182,2.0,18.0,0.0
19275,1.0,1,50.0,1.0,0.0,0.0
19276,1.5,2,82.46500015258789,1.0,204.0,0.0
19278,1.0,1,42.9900016784668,1.0,0.0,0.0
19282,1.0,1,8.5,1.0,0.0,0.0
19286,1.0,1,11.989999771118164,1.0,0.0,0.0
19287,1.0,1,145.0,1.0,0.0,0.0
19288,2.0,1,94.9900016784668,1.0,0.0,0.0
19291,3.0,1,107.9900016784668,1.0,0.0,0.0
19292,1.0,1,56.2400016784668,1.0,0.0,0.0
19297,1.0,1,32.0,1.0,0.0,0.0
19299,1.0,1,104.0,1.0,0.0,0.0
19302,1.0,1,13.789999961853027,1.0,0.0,0.0
19311,1.0,1,21.0,1.0,0.0,0.0
19312,1.0,1,110.0,1.0,0.0,0.0
19314,2.0,1,214.6500015258789,1.0,0.0,0.0
19321,1.0,1,59.0,1.0,0.0,0.0
19322,1.0,1,59.450000762939446,1.0,0.0,0.0
19326,1.0,1,31.0,1.0,0.0,0.0
19331,1.0,1,128.0,1.0,0.0,0.0
19334,1.5,2,59.470001220703125,1.0,91.0,0.0
19336,2.0,1,113.95000076293945,1.0,0.0,0.0
19337,1.0,3,94.74666659037273,1.0,541.0,171.1198410471445
19338,1.0,1,280.0,1.0,0.0,0.0
19339,1.0,1,49.950000762939446,1.0,0.0,0.0
19344,1.0,1,24.989999771118164,1.0,0.0,0.0
19345,1.0,1,71.98999786376953,1.0,0.0,0.0
19358,3.0,1,201.92999649047852,1.0,0.0,0.0
19359,1.5,2,26.43499994277954,1.0,962.0,0.0
19362,2.0,1,161.75,1.0,0.0,0.0
19364,1.0,1,107.98999786376952,1.0,0.0,0.0
19368,1.0,1,35.0,1.0,0.0,0.0
19375,1.0,1,19.89999961853028,1.0,0.0,0.0
19380,1.0,1,55.0,1.0,0.0,0.0
19381,1.0,1,25.5,1.0,0.0,0.0
19386,1.0,1,89.0,1.0,0.0,0.0
19391,2.5,2,212.85500288009644,1.0,272.0,0.0
19392,1.0,1,19.950000762939453,1.0,0.0,0.0
19403,1.0,1,7.75,1.0,0.0,0.0
19411,1.0,1,14.119999885559082,1.0,0.0,0.0
19428,1.0,1,89.5,1.0,0.0,0.0
19429,1.0,1,159.0,1.0,0.0,0.0
19434,1.0,1,16.989999771118164,1.0,0.0,0.0
19436,1.0,1,25.0,1.0,0.0,0.0
19437,1.0,1,48.650001525878906,1.0,0.0,0.0
19440,1.0,1,22.96999931335449,1.0,0.0,0.0
19446,1.0,1,69.98999786376953,1.0,0.0,0.0
19447,1.0,1,48.0,1.0,0.0,0.0
19455,1.0,1,39.450000762939446,1.0,0.0,0.0
19458,3.0,1,116.08999824523926,1.0,0.0,0.0
19462,2.0,1,64.9900016784668,1.0,0.0,0.0
19464,1.0,1,25.0,1.0,0.0,0.0
19468,1.0,1,89.94999694824217,1.0,0.0,0.0
19470,1.0,1,25.0,1.0,0.0,0.0
19473,1.0,1,286.0,1.0,0.0,0.0
19477,1.0,2,199.26500034332275,1.0,104.0,0.0
19483,1.0,1,178.0,1.0,0.0,0.0
19484,1.0,1,11.1899995803833,1.0,0.0,0.0
19496,1.0,2,37.72000026702881,1.0,82.0,0.0
19498,1.5,2,134.47000122070312,1.0,140.0,0.0
19502,1.0,1,29.989999771118164,1.0,0.0,0.0
19504,1.0,1,119.04000091552734,1.0,0.0,0.0
19508,1.0,1,65.31999969482422,2.0,22.0,0.0
19509,1.0,1,32.0,1.0,0.0,0.0
19513,1.0,1,36.9900016784668,1.0,0.0,0.0
19514,1.0,1,130.5,1.0,0.0,0.0
19515,1.0,1,19.989999771118164,1.0,0.0,0.0
19518,1.0,1,85.0,1.0,0.0,0.0
19525,1.0,1,48.7400016784668,1.0,0.0,0.0
19530,1.0,1,449.0,1.0,0.0,0.0
19543,1.0,1,11.989999771118164,1.0,0.0,0.0
19548,1.0,1,29.989999771118164,1.0,0.0,0.0
19558,1.0,1,24.200000762939453,1.0,0.0,0.0
19562,2.0,1,126.95000076293945,1.0,0.0,0.0
19568,1.0,1,19.979999542236328,1.0,0.0,0.0
19570,2.0,1,77.95000076293945,1.0,0.0,0.0
19571,1.0,1,99.0,1.0,0.0,0.0
19572,1.0,2,16.494999885559082,1.0,15.0,0.0
19576,1.0,2,80.96999835968018,1.0,162.0,0.0
19577,4.0,1,245.22999954223633,1.0,0.0,0.0
19584,1.0,1,66.94999694824219,1.0,0.0,0.0
19587,3.0,1,181.5800018310547,1.0,0.0,0.0
19595,1.0,1,76.52999877929686,1.0,0.0,0.0
19598,2.0,1,230.0,1.0,0.0,0.0
19600,2.0,1,103.39999771118163,1.0,0.0,0.0
19601,2.0,1,256.0,1.0,0.0,0.0
19613,1.0,2,115.74499988555908,1.0,214.0,0.0
19615,2.0,1,155.77000045776367,1.0,0.0,0.0
19619,1.0,1,78.0,1.0,0.0,0.0
19622,1.0,1,24.5,1.0,0.0,0.0
19629,1.0,1,11.989999771118164,1.0,0.0,0.0
19637,1.0,1,259.989990234375,1.0,0.0,0.0
19640,1.0,1,13.989999771118164,1.0,0.0,0.0
19655,1.0,1,33.90999984741211,1.0,0.0,0.0
19657,3.0,1,116.95000076293945,1.0,0.0,0.0
19658,1.0,1,11.970000267028809,1.0,0.0,0.0
19666,1.0,1,59.9900016784668,1.0,0.0,0.0
19673,1.0,1,65.0,1.0,0.0,0.0
19679,2.0,1,192.0,1.0,0.0,0.0
19689,1.0,1,220.0,1.0,0.0,0.0
19696,2.0,1,77.95000076293945,1.0,0.0,0.0
19697,1.0,1,16.959999084472656,1.0,0.0,0.0
19698,3.0,1,241.5800018310547,1.0,0.0,0.0
19700,1.0,1,17.979999542236328,1.0,0.0,0.0
19701,1.0,1,3.670000076293945,1.0,0.0,0.0
19707,4.0,1,93.6800012588501,1.0,0.0,0.0
19709,1.0,1,15.5,1.0,0.0,0.0
19711,1.0,2,48.675000190734856,1.0,695.0,0.0
19714,1.5,2,151.4399995803833,1.0,1341.0,0.0
19715,1.0,1,135.0,1.0,0.0,0.0
19717,2.0,1,117.9900016784668,1.0,0.0,0.0
19718,2.0,1,119.0,1.0,0.0,0.0
19731,1.0,1,9.039999961853027,1.0,0.0,0.0
19734,1.0,1,19.959999084472656,1.0,0.0,0.0
19736,1.0,1,120.0,1.0,0.0,0.0
19741,1.0,1,14.399999618530272,1.0,0.0,0.0
19747,1.0,1,150.0,1.0,0.0,0.0
19750,1.0,2,57.69500160217285,1.0,554.0,0.0
19759,1.5,2,212.0,1.0,75.0,0.0
19764,1.0,2,43.72999858856201,1.0,1378.0,0.0
19765,1.0,1,19.989999771118164,1.0,0.0,0.0
19766,4.0,1,368.93999671936035,1.0,0.0,0.0
19767,1.0,1,16.860000610351562,1.0,0.0,0.0
19769,2.0,1,70.0,1.0,0.0,0.0
19771,2.0,2,487.414999961853,1.0,119.0,0.0
19776,1.0,1,119.98999786376952,1.0,0.0,0.0
19777,3.0,1,114.8900032043457,1.0,0.0,0.0
19782,1.0,1,30.0,1.0,0.0,0.0
19790,1.0,2,19.100000381469727,1.0,1020.0,0.0
19807,1.0,1,39.9900016784668,1.0,0.0,0.0
19812,1.0,1,31.989999771118164,1.0,0.0,0.0
19819,1.0,1,375.0,1.0,0.0,0.0
19829,3.0,1,94.96000099182129,1.0,0.0,0.0
19832,3.0,1,85.78000164031982,1.0,0.0,0.0
19837,1.0,1,40.0,1.0,0.0,0.0
19838,1.0,1,34.0,1.0,0.0,0.0
19839,1.0,1,23.530000686645508,1.0,0.0,0.0
19849,1.0,1,35.97999954223633,1.0,0.0,0.0
19857,1.0,1,59.11000061035156,1.0,0.0,0.0
19858,1.0,1,188.0,1.0,0.0,0.0
19860,2.0,1,94.5,1.0,0.0,0.0
19864,1.0,1,59.5,1.0,0.0,0.0
19866,1.0,1,59.0,1.0,0.0,0.0
19885,1.0,1,15.0,1.0,0.0,0.0
19886,2.0,2,97.99000072479248,1.0,41.0,0.0
19887,2.0,1,127.94999694824217,1.0,0.0,0.0
19888,4.0,1,235.20999908447266,1.0,0.0,0.0
19892,2.0,1,63.0,1.0,0.0,0.0
19899,1.0,1,56.25,1.0,0.0,0.0
19906,1.0,1,22.950000762939453,1.0,0.0,0.0
19913,2.0,1,169.94000625610352,1.0,0.0,0.0
19921,2.0,1,193.98999786376953,1.0,0.0,0.0
19925,1.0,1,282.239990234375,1.0,0.0,0.0
19927,2.0,1,37.17000102996826,1.0,0.0,0.0
19930,1.0,1,44.0,1.0,0.0,0.0
19931,1.0,1,34.9900016784668,1.0,0.0,0.0
19939,1.0,1,56.0,1.0,0.0,0.0
19946,2.0,1,129.14000034332275,1.0,0.0,0.0
19951,4.0,1,155.55000019073486,1.0,0.0,0.0
19952,1.0,2,25.4950008392334,1.0,99.0,0.0
19957,1.0,1,9.949999809265137,1.0,0.0,0.0
19960,4.0,1,246.90999412536615,1.0,0.0,0.0
19962,1.0,1,52.0,1.0,0.0,0.0
19963,1.0,1,42.9900016784668,1.0,0.0,0.0
19965,1.0,1,68.0,1.0,0.0,0.0
19968,1.0,1,59.5,1.0,0.0,0.0
19974,1.0,2,37.970001220703125,1.0,114.0,0.0
19976,1.0,1,110.0,1.0,0.0,0.0
19977,1.0,2,55.97500038146973,1.0,584.0,0.0
19978,2.0,1,36.489999771118164,1.0,0.0,0.0
19984,1.0,1,44.9900016784668,1.0,0.0,0.0
19990,1.0,1,36.0,1.0,0.0,0.0
19992,1.0,1,240.75,1.0,0.0,0.0
19994,2.0,1,122.97999954223633,1.0,0.0,0.0
20000,3.0,1,221.97999954223633,1.0,0.0,0.0
20003,2.0,1,209.49000549316406,1.0,0.0,0.0
20007,1.0,1,91.7699966430664,1.0,0.0,0.0
20008,4.0,1,404.9799919128418,1.0,0.0,0.0
20009,1.0,1,55.0,1.0,0.0,0.0
20016,1.0,1,25.0,1.0,0.0,0.0
20025,3.0,1,139.4499969482422,1.0,0.0,0.0
20033,1.0,1,59.9900016784668,1.0,0.0,0.0
20039,1.0,2,39.4950008392334,1.0,1518.0,0.0
20049,1.0,1,13.25,1.0,0.0,0.0
20052,1.0,1,38.93999862670898,1.0,0.0,0.0
20057,1.0,1,29.989999771118164,1.0,0.0,0.0
20058,1.0,1,29.989999771118164,1.0,0.0,0.0
20062,1.0,1,10.920000076293944,1.0,0.0,0.0
20063,4.0,1,278.2700004577637,1.0,0.0,0.0
20064,2.0,1,103.93999862670898,1.0,0.0,0.0
20068,1.0,1,49.5,1.0,0.0,0.0
20071,1.0,1,135.8800048828125,1.0,0.0,0.0
20076,2.0,1,92.9900016784668,1.0,0.0,0.0
20083,1.0,1,32.459999084472656,1.0,0.0,0.0
20086,1.0,1,69.5,1.0,0.0,0.0
20087,3.0,1,143.20999717712402,1.0,0.0,0.0
20088,4.0,1,445.35999965667725,1.0,0.0,0.0
20091,2.5,2,364.59999656677246,1.0,266.0,0.0
20094,1.0,1,21.0,1.0,0.0,0.0
20099,1.0,1,26.0,1.0,0.0,0.0
20101,1.0,1,29.950000762939453,1.0,0.0,0.0
20102,3.0,1,171.95000076293945,1.0,0.0,0.0
20104,4.0,1,311.13000869750977,1.0,0.0,0.0
20111,1.0,2,91.18000030517578,1.0,24.0,0.0
20115,1.0,1,11.010000228881836,1.0,0.0,0.0
20123,1.0,1,230.0,1.0,0.0,0.0
20125,1.0,1,23.0,1.0,0.0,0.0
20133,2.0,1,102.98999786376953,1.0,0.0,0.0
20135,1.0,1,13.0,1.0,0.0,0.0
20141,1.0,1,36.950000762939446,1.0,0.0,0.0
20142,3.0,1,96.95000076293945,1.0,0.0,0.0
20154,1.0,2,55.5,1.0,14.0,0.0
20161,3.0,1,104.48999977111816,1.0,0.0,0.0
20163,1.0,1,7.989999771118163,1.0,0.0,0.0
20168,2.0,1,182.8799991607666,1.0,0.0,0.0
20173,1.5,2,41.49000072479248,1.0,141.0,0.0
20180,1.0,1,69.5,1.0,0.0,0.0
20193,2.0,1,42.989999771118164,1.0,0.0,0.0
20196,1.0,1,11.079999923706056,1.0,0.0,0.0
20198,1.5,2,100.28999900817871,1.0,192.0,0.0
20205,1.0,1,21.96999931335449,1.0,0.0,0.0
20208,1.0,2,55.0,1.0,1191.0,0.0
20209,3.0,1,199.8900032043457,1.0,0.0,0.0
20213,2.0,1,48.989999771118164,1.0,0.0,0.0
20214,1.0,1,25.0,1.0,0.0,0.0
20215,1.0,1,54.5,1.0,0.0,0.0
20216,1.0,1,25.0,1.0,0.0,0.0
20219,3.0,1,139.47999954223633,1.0,0.0,0.0
20224,2.0,2,174.4749994277954,1.0,1294.0,0.0
20227,1.0,1,19.989999771118164,1.0,0.0,0.0
20230,1.0,1,27.989999771118164,1.0,0.0,0.0
20236,1.0,1,59.0,1.0,0.0,0.0
20237,1.0,1,39.0,1.0,0.0,0.0
20239,1.0,1,25.0,1.0,0.0,0.0
20241,1.0,1,32.08000183105469,1.0,0.0,0.0
20244,2.0,1,134.9900016784668,1.0,0.0,0.0
20245,2.0,1,176.97999954223633,1.0,0.0,0.0
20246,1.0,1,25.0,1.0,0.0,0.0
20254,2.0,1,88.95999908447266,1.0,0.0,0.0
20257,1.0,1,59.0,1.0,0.0,0.0
20258,2.0,1,54.5,1.0,0.0,0.0
20266,1.0,1,140.0,1.0,0.0,0.0
20267,1.0,1,135.0,1.0,0.0,0.0
20269,1.0,1,24.950000762939453,1.0,0.0,0.0
20271,1.0,1,59.950000762939446,1.0,0.0,0.0
20277,2.0,1,147.43999481201172,1.0,0.0,0.0
20291,3.0,1,179.60999965667725,1.0,0.0,0.0
20292,1.0,1,99.0,1.0,0.0,0.0
20293,1.0,1,14.989999771118164,1.0,0.0,0.0
20294,1.0,1,37.5,1.0,0.0,0.0
20301,2.0,1,62.97999954223633,1.0,0.0,0.0
20303,1.0,1,12.989999771118164,1.0,0.0,0.0
20304,1.0,1,250.0,1.0,0.0,0.0
20317,1.0,1,30.309999465942383,1.0,0.0,0.0
20319,1.0,1,12.0,1.0,0.0,0.0
20322,2.0,1,87.33000183105469,1.0,0.0,0.0
20327,1.0,1,69.98999786376953,1.0,0.0,0.0
20329,2.0,1,55.0,1.0,0.0,0.0
20337,1.0,1,13.989999771118164,1.0,0.0,0.0
20339,1.0,1,32.0,1.0,0.0,0.0
20342,1.0,1,75.0,1.0,0.0,0.0
20351,1.0,1,19.38999938964844,1.0,0.0,0.0
20358,2.5,2,124.52000045776367,1.0,186.0,0.0
20360,4.0,1,235.98999977111816,1.0,0.0,0.0
20364,1.0,1,269.5,1.0,0.0,0.0
20365,1.0,1,18.989999771118164,1.0,0.0,0.0
20367,1.0,1,132.5,1.0,0.0,0.0
20368,2.0,1,204.98999977111816,1.0,0.0,0.0
20369,1.0,1,22.0,1.0,0.0,0.0
20373,1.0,1,52.869998931884766,1.0,0.0,0.0
20374,3.0,1,226.9199981689453,1.0,0.0,0.0
20380,1.0,1,38.0,1.0,0.0,0.0
20384,1.0,1,14.5,1.0,0.0,0.0
20387,1.0,1,59.9900016784668,1.0,0.0,0.0
20390,1.0,1,33.95000076293945,1.0,0.0,0.0
20391,1.0,1,46.9900016784668,1.0,0.0,0.0
20394,2.0,1,110.94999980926514,1.0,0.0,0.0
20396,1.0,1,90.0,1.0,0.0,0.0
20397,3.0,1,81.94000053405762,1.0,0.0,0.0
20398,1.0,1,97.9000015258789,1.0,0.0,0.0
20399,1.0,1,25.0,1.0,0.0,0.0
20404,1.0,1,12.0,1.0,0.0,0.0
20412,1.5,2,29.194999694824222,1.0,62.0,0.0
20413,1.5,1,507.23999977111816,2.0,4.0,0.0
20415,1.0,1,39.950000762939446,1.0,0.0,0.0
20420,1.0,1,21.989999771118164,1.0,0.0,0.0
20423,3.0,1,106.97000122070312,1.0,0.0,0.0
20427,1.0,1,24.989999771118164,1.0,0.0,0.0
20438,1.0,1,98.08000183105467,1.0,0.0,0.0
20445,1.0,1,44.0,1.0,0.0,0.0
20448,1.0,1,34.0,1.0,0.0,0.0
20454,1.0,1,150.0,1.0,0.0,0.0
20456,3.0,1,155.0,1.0,0.0,0.0
20459,1.0,1,258.0,1.0,0.0,0.0
20462,1.5,2,145.47500038146973,1.0,340.0,0.0
20464,1.0,1,54.950000762939446,1.0,0.0,0.0
20466,1.0,1,24.979999542236328,1.0,0.0,0.0
20468,1.0,1,50.0,1.0,0.0,0.0
20475,1.0,1,47.0,1.0,0.0,0.0
20478,1.0,1,11.899999618530272,1.0,0.0,0.0
20480,1.0,1,46.97999954223633,1.0,0.0,0.0
20483,4.0,1,327.97999572753906,1.0,0.0,0.0
20492,1.0,1,69.0,1.0,0.0,0.0
20494,2.0,1,423.0,1.0,0.0,0.0
20502,1.0,1,25.0,1.0,0.0,0.0
20505,1.0,1,33.970001220703125,1.0,0.0,0.0
20507,1.5,2,67.71499967575073,1.0,497.0,0.0
20510,1.0,1,36.7599983215332,1.0,0.0,0.0
20515,1.0,1,38.0,1.0,0.0,0.0
20516,1.0,1,65.0,1.0,0.0,0.0
20517,1.0,1,88.0,1.0,0.0,0.0
20522,1.0,1,44.9900016784668,1.0,0.0,0.0
20523,1.0,1,121.0,1.0,0.0,0.0
20536,1.0,1,12.989999771118164,1.0,0.0,0.0
20543,1.0,1,14.989999771118164,1.0,0.0,0.0
20544,1.0,1,275.0,1.0,0.0,0.0
20546,3.0,1,234.3800048828125,1.0,0.0,0.0
20549,1.0,1,17.950000762939453,1.0,0.0,0.0
20552,1.0,1,25.0,1.0,0.0,0.0
20565,1.0,1,33.9900016784668,1.0,0.0,0.0
20571,1.0,1,38.9900016784668,1.0,0.0,0.0
20584,2.0,1,117.67999839782713,1.0,0.0,0.0
20586,1.0,1,139.99000549316406,1.0,0.0,0.0
20588,1.0,1,10.949999809265137,1.0,0.0,0.0
20589,1.0,1,349.95001220703125,1.0,0.0,0.0
20590,3.0,1,183.85000228881836,1.0,0.0,0.0
20591,2.0,1,101.77999687194823,1.0,0.0,0.0
20600,1.0,1,52.25,1.0,0.0,0.0
20603,1.0,1,24.989999771118164,1.0,0.0,0.0
20611,1.0,1,69.98999786376953,1.0,0.0,0.0
20613,1.0,1,12.989999771118164,1.0,0.0,0.0
20614,1.0,1,37.5,1.0,0.0,0.0
20616,1.0,1,16.950000762939453,1.0,0.0,0.0
20618,3.0,1,164.95999908447266,1.0,0.0,0.0
20619,1.0,1,7.0,1.0,0.0,0.0
20620,2.0,1,177.99000549316406,1.0,0.0,0.0
20623,1.0,1,100.98999786376952,1.0,0.0,0.0
20639,1.0,1,49.0,1.0,0.0,0.0
20640,2.0,2,82.47499895095825,1.0,508.0,0.0
20643,1.0,1,39.900001525878906,1.0,0.0,0.0
20646,4.0,1,300.3700008392334,1.0,0.0,0.0
20647,2.0,1,100.58000183105469,1.0,0.0,0.0
20648,1.0,1,34.9900016784668,1.0,0.0,0.0
20650,2.0,1,149.98999786376953,1.0,0.0,0.0
20652,1.0,1,78.0,1.0,0.0,0.0
20660,1.0,1,14.9399995803833,1.0,0.0,0.0
20666,2.0,1,113.0,1.0,0.0,0.0
20667,1.0,1,110.0,1.0,0.0,0.0
20669,1.0,1,56.59999847412109,1.0,0.0,0.0
20670,1.0,1,19.549999237060547,1.0,0.0,0.0
20674,1.0,2,145.0,1.0,156.0,0.0
20679,1.0,1,179.0,1.0,0.0,0.0
20680,1.0,1,36.0,1.0,0.0,0.0
20684,1.0,1,52.200000762939446,1.0,0.0,0.0
20687,1.0,1,25.0,1.0,0.0,0.0
20691,2.0,1,65.18000030517578,1.0,0.0,0.0
20694,2.0,1,117.18000030517578,1.0,0.0,0.0
20698,2.0,1,33.760000228881836,1.0,0.0,0.0
20705,1.0,1,115.98999786376952,1.0,0.0,0.0
20706,1.0,1,69.94999694824219,1.0,0.0,0.0
20709,1.0,1,55.0,1.0,0.0,0.0
20710,2.0,1,81.9800033569336,1.0,0.0,0.0
20711,1.0,1,259.989990234375,1.0,0.0,0.0
20713,1.5,2,39.19000005722046,1.0,66.0,0.0
20728,1.0,1,19.520000457763672,1.0,0.0,0.0
20730,2.0,1,92.96999931335449,1.0,0.0,0.0
20732,3.0,1,136.9499969482422,1.0,0.0,0.0
20739,1.0,1,19.989999771118164,1.0,0.0,0.0
20753,2.0,1,51.98000144958496,1.0,0.0,0.0
20755,1.0,1,29.950000762939453,1.0,0.0,0.0
20762,1.0,1,150.0,1.0,0.0,0.0
20764,1.0,1,12.979999542236328,1.0,0.0,0.0
20766,2.0,1,93.61000061035156,1.0,0.0,0.0
20769,1.0,1,38.9900016784668,1.0,0.0,0.0
20772,1.0,1,33.0,1.0,0.0,0.0
20773,2.0,1,96.94000244140625,1.0,0.0,0.0
20774,2.0,1,230.0,1.0,0.0,0.0
20777,1.0,1,36.5,1.0,0.0,0.0
20778,1.0,1,29.739999771118164,1.0,0.0,0.0
20783,2.0,1,109.9800033569336,1.0,0.0,0.0
20784,1.0,1,55.380001068115234,1.0,0.0,0.0
20788,1.0,1,28.0,1.0,0.0,0.0
20796,1.5,2,50.10999870300293,1.0,724.0,0.0
20803,4.0,1,178.94000244140625,1.0,0.0,0.0
20809,1.0,1,24.239999771118164,1.0,0.0,0.0
20810,2.0,1,90.0,1.0,0.0,0.0
20814,1.0,1,13.989999771118164,1.0,0.0,0.0
20815,1.0,1,64.94999694824219,1.0,0.0,0.0
20820,1.0,1,42.0,1.0,0.0,0.0
20822,2.0,1,72.95000076293945,1.0,0.0,0.0
20826,2.0,1,80.98999977111816,1.0,0.0,0.0
20831,1.0,1,44.900001525878906,1.0,0.0,0.0
20832,1.0,1,12.800000190734863,1.0,0.0,0.0
20839,1.0,1,46.0,1.0,0.0,0.0
20841,1.0,1,59.0,1.0,0.0,0.0
20844,4.0,1,158.32999801635742,1.0,0.0,0.0
20846,1.0,1,26.989999771118164,1.0,0.0,0.0
20848,2.0,1,251.63999938964844,1.0,0.0,0.0
20849,1.0,1,4.949999809265137,1.0,0.0,0.0
20854,1.0,1,79.98999786376953,1.0,0.0,0.0
20862,1.0,1,93.87000274658205,1.0,0.0,0.0
20863,1.0,1,8.989999771118164,1.0,0.0,0.0
20864,1.0,1,66.0,1.0,0.0,0.0
20866,2.5,2,141.29000186920166,1.0,643.0,0.0
20869,4.0,1,203.48000144958496,1.0,0.0,0.0
20876,1.0,1,49.5,1.0,0.0,0.0
20877,1.0,1,48.0,1.0,0.0,0.0
20881,1.0,1,25.0,1.0,0.0,0.0
20882,1.0,1,150.0,1.0,0.0,0.0
20883,1.0,1,15.720000267028809,1.0,0.0,0.0
20887,1.0,1,295.0,1.0,0.0,0.0
20893,1.0,1,44.9900016784668,1.0,0.0,0.0
20895,1.0,1,21.950000762939453,1.0,0.0,0.0
20898,1.0,1,34.9900016784668,1.0,0.0,0.0
20900,1.0,1,68.52999877929688,1.0,0.0,0.0
20907,2.0,1,264.95000076293945,1.0,0.0,0.0
20908,1.0,1,90.0,1.0,0.0,0.0
20915,4.0,1,348.45000076293945,1.0,0.0,0.0
20920,1.0,1,19.96999931335449,1.0,0.0,0.0
20921,1.0,1,129.0,1.0,0.0,0.0
20924,1.0,1,28.0,1.0,0.0,0.0
20926,1.0,1,49.5,1.0,0.0,0.0
20928,1.0,1,18.989999771118164,1.0,0.0,0.0
20929,2.0,1,160.39999771118164,1.0,0.0,0.0
20943,2.0,1,67.4900016784668,1.0,0.0,0.0
20947,2.0,1,69.9900016784668,1.0,0.0,0.0
20949,2.0,1,122.98999786376952,1.0,0.0,0.0
20955,2.0,1,31.760000228881836,1.0,0.0,0.0
20956,1.0,1,75.0,1.0,0.0,0.0
20964,1.0,1,7.0,1.0,0.0,0.0
20966,2.0,1,83.0,1.0,0.0,0.0
20980,3.0,1,119.57000160217285,1.0,0.0,0.0
20985,1.0,1,99.0,1.0,0.0,0.0
20989,1.0,1,79.0,1.0,0.0,0.0
20990,1.0,1,50.0,1.0,0.0,0.0
20993,1.0,1,50.0,1.0,0.0,0.0
20996,1.0,1,86.75,1.0,0.0,0.0
21000,1.0,1,52.790000915527344,1.0,0.0,0.0
21004,1.0,2,57.48500156402588,1.0,93.0,0.0
21011,2.0,1,80.79000091552734,1.0,0.0,0.0
21015,2.0,2,75.19500160217285,1.0,1899.0,0.0
21016,4.0,1,443.9299926757812,1.0,0.0,0.0
21020,4.0,1,170.86000061035156,1.0,0.0,0.0
21024,1.0,1,98.0,1.0,0.0,0.0
21026,1.0,1,87.98999786376953,1.0,0.0,0.0
21030,1.0,1,10.18000030517578,1.0,0.0,0.0
21035,2.0,1,79.9900016784668,1.0,0.0,0.0
21037,1.0,1,190.0,1.0,0.0,0.0
21039,1.0,1,33.97999954223633,1.0,0.0,0.0
21040,1.0,1,12.140000343322754,1.0,0.0,0.0
21041,1.0,1,34.9900016784668,1.0,0.0,0.0
21049,4.0,1,110.96999931335449,1.0,0.0,0.0
21059,1.0,1,30.0,1.0,0.0,0.0
21062,1.0,1,34.9900016784668,1.0,0.0,0.0
21064,1.0,1,87.0,1.0,0.0,0.0
21073,4.0,1,113.43000221252441,1.0,0.0,0.0
21076,1.0,1,99.98999786376952,1.0,0.0,0.0
21078,1.0,1,24.989999771118164,1.0,0.0,0.0
21081,1.0,1,25.0,1.0,0.0,0.0
21083,1.0,1,24.0,1.0,0.0,0.0
21084,1.0,1,25.0,1.0,0.0,0.0
21087,1.0,1,13.489999771118164,1.0,0.0,0.0
21090,1.0,1,40.0,1.0,0.0,0.0
21094,1.0,1,35.0,1.0,0.0,0.0
21098,1.0,1,70.0,1.0,0.0,0.0
21099,1.0,1,15.0,1.0,0.0,0.0
21101,1.5,2,126.93000030517578,1.0,162.0,0.0
21102,1.0,1,69.0,1.0,0.0,0.0
21103,1.0,2,37.46999931335449,1.0,908.0,0.0
21106,1.0,1,23.450000762939453,1.0,0.0,0.0
21120,1.0,1,25.0,1.0,0.0,0.0
21121,3.0,1,164.38999938964844,1.0,0.0,0.0
21124,1.0,1,91.16000366210936,1.0,0.0,0.0
21132,1.0,1,34.0,1.0,0.0,0.0
21134,1.0,1,69.0,1.0,0.0,0.0
21135,1.0,1,12.340000152587892,1.0,0.0,0.0
21138,2.0,1,114.9900016784668,1.0,0.0,0.0
21140,1.0,1,67.91999816894531,1.0,0.0,0.0
21146,1.0,1,60.0,1.0,0.0,0.0
21147,1.5,2,44.24499988555908,1.0,117.0,0.0
21148,2.0,1,168.9499969482422,1.0,0.0,0.0
21150,1.0,1,44.77999877929688,1.0,0.0,0.0
21153,4.0,1,162.0,1.0,0.0,0.0
21155,1.0,1,50.0,1.0,0.0,0.0
21158,1.0,1,15.989999771118164,1.0,0.0,0.0
21163,1.0,1,16.989999771118164,1.0,0.0,0.0
21164,2.0,1,106.08000183105467,1.0,0.0,0.0
21167,1.0,1,47.9900016784668,1.0,0.0,0.0
21170,4.0,1,240.97000312805176,1.0,0.0,0.0
21171,2.0,1,233.0,1.0,0.0,0.0
21174,1.5,1,126.06999778747559,2.0,7.0,0.0
21180,2.0,1,145.27000045776367,1.0,0.0,0.0
21183,4.0,1,94.37000370025635,1.0,0.0,0.0
21186,1.0,1,108.98999786376952,1.0,0.0,0.0
21188,1.0,1,94.94999694824216,1.0,0.0,0.0
21193,1.0,1,17.989999771118164,1.0,0.0,0.0
21197,1.0,1,13.470000267028809,1.0,0.0,0.0
21198,1.0,1,189.0,1.0,0.0,0.0
21202,1.0,1,169.99000549316406,1.0,0.0,0.0
21209,1.0,1,109.0,1.0,0.0,0.0
21210,1.0,1,44.5,1.0,0.0,0.0
21217,1.0,1,59.9900016784668,1.0,0.0,0.0
21234,1.0,1,28.0,1.0,0.0,0.0
21239,1.0,1,28.0,1.0,0.0,0.0
21240,1.0,1,13.199999809265137,1.0,0.0,0.0
21245,2.0,1,70.47000122070312,1.0,0.0,0.0
21247,1.0,1,39.5,1.0,0.0,0.0
21251,1.0,1,22.200000762939453,1.0,0.0,0.0
21257,1.5,2,144.68999862670898,1.0,482.0,0.0
21259,3.0,1,143.33000087738037,1.0,0.0,0.0
21260,1.0,1,9.199999809265137,1.0,0.0,0.0
21261,1.0,1,26.989999771118164,1.0,0.0,0.0
21267,1.0,1,25.0,1.0,0.0,0.0
21271,1.0,1,148.0,1.0,0.0,0.0
21279,1.0,1,40.0,1.0,0.0,0.0
21280,1.0,1,25.0,1.0,0.0,0.0
21283,2.0,2,103.29999923706055,1.0,18.0,0.0
21287,1.0,1,24.0,1.0,0.0,0.0
21290,1.0,1,59.9900016784668,1.0,0.0,0.0
21294,1.0,1,34.9900016784668,1.0,0.0,0.0
21297,1.0,1,59.9900016784668,1.0,0.0,0.0
21298,1.0,1,14.399999618530272,1.0,0.0,0.0
21305,1.5,2,39.97000026702881,1.0,518.0,0.0
21306,1.0,1,69.94999694824219,1.0,0.0,0.0
21312,1.0,2,20.244999885559082,1.0,212.0,0.0
21327,2.0,1,190.5,1.0,0.0,0.0
21329,1.0,1,49.9900016784668,1.0,0.0,0.0
21331,1.0,1,25.989999771118164,1.0,0.0,0.0
21333,1.0,1,4.949999809265137,1.0,0.0,0.0
21334,2.5,2,192.4999998807907,1.0,258.0,0.0
21335,1.0,1,20.229999542236328,1.0,0.0,0.0
21340,4.0,1,102.04000091552734,1.0,0.0,0.0
21347,2.0,1,118.98999977111816,1.0,0.0,0.0
21351,1.0,1,65.94999694824219,1.0,0.0,0.0
21352,1.0,1,258.0,1.0,0.0,0.0
21356,1.0,1,39.5,1.0,0.0,0.0
21361,1.0,1,36.5,1.0,0.0,0.0
21362,2.0,1,78.9900016784668,1.0,0.0,0.0
21371,3.0,1,156.45000076293945,1.0,0.0,0.0
21375,3.0,1,165.51000022888184,1.0,0.0,0.0
21386,1.0,1,23.0,1.0,0.0,0.0
21392,1.0,1,74.94999694824217,1.0,0.0,0.0
21399,3.0,1,158.48999977111816,1.0,0.0,0.0
21402,1.0,1,16.0,1.0,0.0,0.0
21411,1.0,1,28.0,1.0,0.0,0.0
21419,1.0,1,85.0,1.0,0.0,0.0
21421,1.0,1,84.98999786376953,1.0,0.0,0.0
21428,1.0,1,49.9900016784668,1.0,0.0,0.0
21430,1.0,1,49.5,1.0,0.0,0.0
21431,3.0,1,85.5,1.0,0.0,0.0
21432,2.0,1,198.0,1.0,0.0,0.0
21435,2.0,1,139.95000171661377,1.0,0.0,0.0
21439,1.0,1,32.9900016784668,1.0,0.0,0.0
21440,1.0,1,41.950000762939446,1.0,0.0,0.0
21443,1.0,1,15.989999771118164,1.0,0.0,0.0
21447,1.0,1,79.44999694824217,1.0,0.0,0.0
21454,1.0,1,14.0,1.0,0.0,0.0
21455,1.0,1,88.0,1.0,0.0,0.0
21456,1.0,1,62.9900016784668,1.0,0.0,0.0
21458,1.0,1,44.9900016784668,1.0,0.0,0.0
21465,1.0,1,49.950000762939446,1.0,0.0,0.0
21476,1.0,1,144.24000549316406,1.0,0.0,0.0
21483,2.0,1,86.9900016784668,1.0,0.0,0.0
21486,2.0,2,189.82999897003174,1.0,100.0,0.0
21489,1.0,1,50.4900016784668,1.0,0.0,0.0
21499,1.0,1,75.0,1.0,0.0,0.0
21501,1.0,1,24.989999771118164,1.0,0.0,0.0
21509,1.0,1,16.989999771118164,1.0,0.0,0.0
21519,3.0,1,235.17999649047852,1.0,0.0,0.0
21527,1.0,1,9.380000114440918,1.0,0.0,0.0
21529,1.0,1,36.0,1.0,0.0,0.0
21533,1.0,1,26.5,1.0,0.0,0.0
21534,1.0,1,124.0,1.0,0.0,0.0
21543,1.0,1,39.9900016784668,1.0,0.0,0.0
21547,1.0,1,139.99000549316406,1.0,0.0,0.0
21552,1.0,1,9.949999809265137,1.0,0.0,0.0
21554,1.0,1,9.949999809265137,1.0,0.0,0.0
21558,1.0,1,99.94999694824216,1.0,0.0,0.0
21559,1.0,1,71.0,1.0,0.0,0.0
21568,1.0,1,44.5,1.0,0.0,0.0
21569,1.0,1,58.9900016784668,1.0,0.0,0.0
21577,1.0,1,88.0,1.0,0.0,0.0
21578,1.0,1,108.0,1.0,0.0,0.0
21582,1.0,1,46.0,1.0,0.0,0.0
21589,1.0,1,25.0,1.0,0.0,0.0
21591,3.0,1,234.93999481201172,1.0,0.0,0.0
21593,1.0,1,339.0,1.0,0.0,0.0
21595,2.0,1,79.9900016784668,1.0,0.0,0.0
21597,1.0,1,48.52999877929688,1.0,0.0,0.0
21599,1.0,1,29.989999771118164,1.0,0.0,0.0
21601,3.0,1,291.2799987792969,1.0,0.0,0.0
21605,1.0,1,40.0,1.0,0.0,0.0
21606,3.0,1,163.4900016784668,1.0,0.0,0.0
21617,2.0,1,153.68000602722168,1.0,0.0,0.0
21618,1.0,1,44.5,1.0,0.0,0.0
21620,1.0,1,25.0,1.0,0.0,0.0
21625,1.0,1,98.25,1.0,0.0,0.0
21637,1.0,1,44.5,1.0,0.0,0.0
21639,1.0,1,35.0,1.0,0.0,0.0
21643,2.0,1,66.51000118255615,1.0,0.0,0.0
21646,3.0,1,196.48999977111816,1.0,0.0,0.0
21648,1.0,1,52.59000015258789,1.0,0.0,0.0
21650,1.0,1,64.94999694824219,1.0,0.0,0.0
21661,1.0,1,25.0,1.0,0.0,0.0
21664,1.0,1,32.0,1.0,0.0,0.0
21671,2.0,2,115.8550033569336,1.0,1509.0,0.0
21677,1.0,1,11.090000152587892,1.0,0.0,0.0
21679,1.0,1,26.989999771118164,1.0,0.0,0.0
21684,1.0,1,99.98999786376952,1.0,0.0,0.0
21704,1.0,1,11.130000114440918,1.0,0.0,0.0
21705,1.0,1,45.0,1.0,0.0,0.0
21710,2.0,1,256.49000549316406,1.0,0.0,0.0
21711,1.0,1,99.94999694824216,1.0,0.0,0.0
21713,1.0,2,93.79999923706055,1.0,92.0,0.0
21718,1.0,1,13.970000267028809,1.0,0.0,0.0
21720,1.0,1,139.0,1.0,0.0,0.0
21728,1.0,1,15.0,1.0,0.0,0.0
21737,1.0,1,144.72000122070312,1.0,0.0,0.0
21738,1.0,1,32.0,1.0,0.0,0.0
21739,1.0,2,78.5,1.0,876.0,0.0
21740,1.0,1,24.0,1.0,0.0,0.0
21749,1.0,1,429.0,1.0,0.0,0.0
21754,1.0,2,32.47500038146973,1.0,337.0,0.0
21756,1.0,1,37.2599983215332,1.0,0.0,0.0
21762,1.0,1,29.68000030517578,1.0,0.0,0.0
21763,2.0,1,145.47999954223633,1.0,0.0,0.0
21764,1.0,1,25.0,1.0,0.0,0.0
21765,1.0,1,125.0,1.0,0.0,0.0
21769,2.0,1,88.9900016784668,1.0,0.0,0.0
21771,1.0,1,37.970001220703125,1.0,0.0,0.0
21774,2.0,1,114.98999977111816,1.0,0.0,0.0
21782,1.5,2,110.7249984741211,1.0,149.0,0.0
21787,1.0,1,238.8000030517578,1.0,0.0,0.0
21793,1.0,1,118.0,1.0,0.0,0.0
21801,1.0,1,29.0,1.0,0.0,0.0
21803,1.0,1,14.5,1.0,0.0,0.0
21809,1.0,1,29.5,1.0,0.0,0.0
21816,1.0,1,109.0,1.0,0.0,0.0
21817,1.0,1,54.97999954223633,1.0,0.0,0.0
21823,1.0,1,25.0,1.0,0.0,0.0
21825,2.0,1,60.650001525878906,1.0,0.0,0.0
21835,1.0,1,69.0,1.0,0.0,0.0
21836,1.0,1,65.0,1.0,0.0,0.0
21837,2.0,1,102.4800033569336,1.0,0.0,0.0
21840,2.5,2,104.45000076293945,1.0,151.0,0.0
21847,1.0,1,18.0,1.0,0.0,0.0
21848,1.0,1,67.91000366210938,1.0,0.0,0.0
21859,1.0,1,23.0,1.0,0.0,0.0
21860,1.0,1,115.0,1.0,0.0,0.0
21861,1.0,1,20.0,1.0,0.0,0.0
21865,1.0,1,65.0,1.0,0.0,0.0
21870,1.0,1,15.090000152587892,1.0,0.0,0.0
21879,1.0,1,35.0,1.0,0.0,0.0
21888,1.0,1,105.26000213623048,1.0,0.0,0.0
21889,1.0,2,15.494999885559082,1.0,2207.0,0.0
21890,2.0,1,78.73999977111816,1.0,0.0,0.0
21901,1.0,1,170.0,1.0,0.0,0.0
21903,1.0,1,149.0,1.0,0.0,0.0
21909,1.0,1,82.0,1.0,0.0,0.0
21913,3.0,1,126.98999977111816,1.0,0.0,0.0
21917,1.0,1,24.989999771118164,1.0,0.0,0.0
21926,1.0,1,78.12999725341797,1.0,0.0,0.0
21927,1.0,1,149.99000549316406,1.0,0.0,0.0
21933,1.0,1,29.61000061035156,1.0,0.0,0.0
21934,2.0,1,126.98999786376952,1.0,0.0,0.0
21938,2.0,1,70.0,1.0,0.0,0.0
21940,1.0,1,27.950000762939453,1.0,0.0,0.0
21945,1.0,1,59.950000762939446,1.0,0.0,0.0
21947,4.0,1,153.7400016784668,1.0,0.0,0.0
21949,1.0,1,54.0,1.0,0.0,0.0
21953,1.0,1,25.0,1.0,0.0,0.0
21955,2.0,1,113.5,1.0,0.0,0.0
21958,2.0,1,74.95000076293945,1.0,0.0,0.0
21959,1.0,1,179.99000549316406,1.0,0.0,0.0
21962,1.0,2,61.0,1.0,212.0,0.0
21963,1.0,1,14.989999771118164,1.0,0.0,0.0
21965,1.0,1,19.989999771118164,1.0,0.0,0.0
21966,2.0,1,107.16999816894531,1.0,0.0,0.0
21969,1.0,3,74.74000040690105,1.0,668.5,883.1763697019978
21971,1.0,1,55.0,1.0,0.0,0.0
21973,1.0,2,49.46500015258789,1.0,38.0,0.0
21975,2.0,1,76.89999961853027,1.0,0.0,0.0
21980,1.0,1,98.5,1.0,0.0,0.0
21983,1.0,1,54.0,1.0,0.0,0.0
21984,1.0,1,36.0,1.0,0.0,0.0
21988,1.0,1,49.9900016784668,1.0,0.0,0.0
21996,1.0,1,14.989999771118164,1.0,0.0,0.0
22001,2.5,2,75.17000007629395,1.0,45.0,0.0
22006,1.0,1,10.0,1.0,0.0,0.0
22014,4.0,1,146.0,1.0,0.0,0.0
22017,1.0,2,79.55500030517578,1.0,165.0,0.0
22019,1.0,1,127.0,1.0,0.0,0.0
22028,1.0,1,64.94999694824219,1.0,0.0,0.0
22030,1.0,2,47.494998931884766,1.0,618.0,0.0
22031,1.0,1,200.0,1.0,0.0,0.0
22034,1.0,1,25.0,1.0,0.0,0.0
22038,1.0,1,39.5,1.0,0.0,0.0
22040,2.0,1,140.36999893188477,1.0,0.0,0.0
22043,1.0,2,207.99499988555908,1.0,137.0,0.0
22044,2.0,1,72.44000148773193,1.0,0.0,0.0
22046,1.0,1,33.9900016784668,1.0,0.0,0.0
22052,1.0,1,46.5,1.0,0.0,0.0
22054,2.0,1,371.9699935913086,1.0,0.0,0.0
22055,4.0,1,178.29999923706055,1.0,0.0,0.0
22057,1.0,1,79.5,1.0,0.0,0.0
22064,3.0,1,171.95999717712402,1.0,0.0,0.0
22066,1.0,1,104.01000213623048,1.0,0.0,0.0
22070,1.0,1,35.97999954223633,1.0,0.0,0.0
22071,2.0,1,133.0,1.0,0.0,0.0
22074,1.0,2,23.5,1.0,296.0,0.0
22078,2.0,1,54.90000009536743,1.0,0.0,0.0
22080,2.0,2,140.3799991607666,1.0,326.0,0.0
22090,1.0,1,89.98999786376953,1.0,0.0,0.0
22091,1.0,1,308.0,1.0,0.0,0.0
22095,1.3333333333333333,3,155.92333348592123,1.0,36.0,31.11269837220809
22096,3.0,1,179.87000274658203,1.0,0.0,0.0
22100,1.0,1,112.5,1.0,0.0,0.0
22101,1.0,1,13.609999656677246,1.0,0.0,0.0
22103,4.0,1,216.00000762939453,1.0,0.0,0.0
22105,3.0,1,188.4499969482422,1.0,0.0,0.0
22110,1.0,1,8.890000343322756,1.0,0.0,0.0
22111,2.0,1,123.98999786376953,1.0,0.0,0.0
22113,1.0,1,60.0,1.0,0.0,0.0
22118,1.0,1,70.0,1.0,0.0,0.0
22120,1.0,1,89.5,1.0,0.0,0.0
22124,1.0,1,14.989999771118164,1.0,0.0,0.0
22126,2.0,1,151.98999977111816,1.0,0.0,0.0
22131,2.0,1,225.94999694824216,1.0,0.0,0.0
22134,1.0,1,54.950000762939446,1.0,0.0,0.0
22141,1.0,1,92.5,1.0,0.0,0.0
22146,1.5,2,48.89000034332276,1.0,740.0,0.0
22148,2.0,1,211.0,1.0,0.0,0.0
22155,1.0,1,49.950000762939446,1.0,0.0,0.0
22159,1.0,1,171.0,1.0,0.0,0.0
22164,2.0,1,124.97000122070312,1.0,0.0,0.0
22165,2.0,1,332.99000549316406,1.0,0.0,0.0
22173,1.0,1,149.97999572753906,1.0,0.0,0.0
22177,1.0,2,24.09999990463257,1.0,157.0,0.0
22181,1.0,1,25.0,1.0,0.0,0.0
22184,2.0,1,74.4900016784668,1.0,0.0,0.0
22195,1.0,1,105.55999755859376,1.0,0.0,0.0
22197,1.0,1,14.989999771118164,1.0,0.0,0.0
22202,1.0,1,18.64999961853028,1.0,0.0,0.0
22205,1.0,1,16.0,1.0,0.0,0.0
22208,1.0,1,11.369999885559082,1.0,0.0,0.0
22209,1.3333333333333333,3,100.646666208903,1.0,362.5,327.3904396893715
22212,1.0,2,46.98999881744385,1.0,29.0,0.0
22214,2.0,1,119.5,1.0,0.0,0.0
22215,1.0,1,15.989999771118164,1.0,0.0,0.0
22218,1.0,1,38.950000762939446,1.0,0.0,0.0
22219,1.0,1,25.989999771118164,1.0,0.0,0.0
22223,1.0,1,44.9900016784668,1.0,0.0,0.0
22224,3.0,1,338.5,1.0,0.0,0.0
22227,1.0,1,25.0,1.0,0.0,0.0
22228,4.0,1,298.4000053405762,1.0,0.0,0.0
22234,3.0,1,139.98000144958496,1.0,0.0,0.0
22243,1.5,2,58.950000286102295,1.0,1585.0,0.0
22244,1.0,1,14.0,1.0,0.0,0.0
22247,2.0,1,94.94999694824217,1.0,0.0,0.0
22250,2.0,1,163.9900016784668,1.0,0.0,0.0
22251,1.0,1,79.13999938964845,1.0,0.0,0.0
22254,1.0,1,18.5,1.0,0.0,0.0
22256,3.0,1,375.47999000549316,1.0,0.0,0.0
22258,3.0,1,101.47000122070312,1.0,0.0,0.0
22265,1.5,2,134.8199977874756,1.0,836.0,0.0
22267,1.0,1,79.0,1.0,0.0,0.0
22268,1.0,1,12.739999771118164,1.0,0.0,0.0
22270,1.0,1,6.5,1.0,0.0,0.0
22272,1.0,1,199.0,1.0,0.0,0.0
22273,1.0,1,35.2599983215332,1.0,0.0,0.0
22274,1.0,1,27.0,1.0,0.0,0.0
22278,1.0,1,12.090000152587892,1.0,0.0,0.0
22283,4.0,1,289.9800033569336,1.0,0.0,0.0
22286,1.0,1,37.950000762939446,1.0,0.0,0.0
22289,1.0,1,110.0,1.0,0.0,0.0
22291,1.0,1,69.66999816894531,1.0,0.0,0.0
22292,2.0,1,81.94999885559082,1.0,0.0,0.0
22299,1.0,1,100.98999786376952,1.0,0.0,0.0
22301,1.0,1,25.0,1.0,0.0,0.0
22303,1.0,2,23.69999980926514,1.0,815.0,0.0
22309,1.0,1,67.19999694824219,1.0,0.0,0.0
22312,2.0,1,207.8799991607666,1.0,0.0,0.0
22319,1.0,1,26.989999771118164,1.0,0.0,0.0
22324,1.0,1,14.989999771118164,1.0,0.0,0.0
22326,2.0,1,242.0,1.0,0.0,0.0
22327,1.0,1,185.0,1.0,0.0,0.0
22328,4.0,1,168.98000144958496,1.0,0.0,0.0
22329,2.5,2,62.980000495910645,1.0,81.0,0.0
22333,1.0,1,27.0,1.0,0.0,0.0
22335,1.0,1,19.5,1.0,0.0,0.0
22347,4.0,1,277.94000244140625,1.0,0.0,0.0
22357,1.0,1,49.7599983215332,1.0,0.0,0.0
22360,1.0,1,25.0,1.0,0.0,0.0
22361,1.0,1,79.98999786376953,1.0,0.0,0.0
22364,1.0,1,11.970000267028809,1.0,0.0,0.0
22372,3.0,1,119.48999977111816,1.0,0.0,0.0
22375,1.0,1,246.0,1.0,0.0,0.0
22377,1.0,1,39.9900016784668,1.0,0.0,0.0
22379,1.0,1,16.489999771118164,1.0,0.0,0.0
22380,2.0,1,43.94999980926514,1.0,0.0,0.0
22381,1.0,1,16.469999313354492,1.0,0.0,0.0
22388,3.0,1,82.46000099182129,1.0,0.0,0.0
22389,1.0,1,30.0,1.0,0.0,0.0
22393,4.0,1,326.86999702453613,1.0,0.0,0.0
22394,1.0,1,21.989999771118164,1.0,0.0,0.0
22399,1.0,1,11.020000457763672,1.0,0.0,0.0
22404,1.0,1,105.55999755859376,1.0,0.0,0.0
22405,1.0,1,50.0,1.0,0.0,0.0
22410,1.0,1,69.5,1.0,0.0,0.0
22412,1.0,2,136.3400011062622,1.0,21.0,0.0
22416,2.0,1,249.49000549316406,1.0,0.0,0.0
22419,1.0,1,40.0,1.0,0.0,0.0
22421,1.0,1,90.27999877929688,1.0,0.0,0.0
22428,1.0,1,92.0,1.0,0.0,0.0
22431,1.0,2,53.474998474121094,1.0,35.0,0.0
22432,4.0,1,189.4600009918213,1.0,0.0,0.0
22435,1.0,1,92.0,1.0,0.0,0.0
22436,1.0,1,28.43000030517578,1.0,0.0,0.0
22441,2.0,1,100.0,1.0,0.0,0.0
22442,1.0,1,21.989999771118164,1.0,0.0,0.0
22445,1.0,1,35.9900016784668,1.0,0.0,0.0
22447,1.0,1,14.989999771118164,1.0,0.0,0.0
22449,2.0,1,86.98999977111816,1.0,0.0,0.0
22452,1.0,1,24.0,1.0,0.0,0.0
22456,1.0,1,25.0,1.0,0.0,0.0
22464,1.0,1,137.5,1.0,0.0,0.0
22468,1.0,1,22.0,1.0,0.0,0.0
22469,1.0,1,18.0,1.0,0.0,0.0
22475,1.0,1,264.6700134277344,1.0,0.0,0.0
22482,2.0,2,182.44500350952148,1.0,28.0,0.0
22483,2.0,1,237.0,1.0,0.0,0.0
22484,2.0,1,149.5,1.0,0.0,0.0
22491,1.0,1,44.9900016784668,1.0,0.0,0.0
22492,1.0,1,39.9900016784668,1.0,0.0,0.0
22494,1.0,1,903.0,1.0,0.0,0.0
22496,1.5,2,114.99000263214111,1.0,271.0,0.0
22506,2.0,1,74.9900016784668,1.0,0.0,0.0
22509,1.0,1,193.94999694824216,1.0,0.0,0.0
22510,1.3333333333333333,3,50.163333892822266,1.0,209.0,210.71782079359116
22512,1.0,1,29.989999771118164,1.0,0.0,0.0
22513,2.0,1,74.54000091552734,1.0,0.0,0.0
22523,4.0,1,281.0,1.0,0.0,0.0
22525,1.0,1,44.790000915527344,1.0,0.0,0.0
22528,1.0,1,26.989999771118164,1.0,0.0,0.0
22529,1.0,1,10.0,1.0,0.0,0.0
22531,1.0,1,89.94999694824217,1.0,0.0,0.0
22533,1.0,1,24.479999542236328,1.0,0.0,0.0
22538,1.0,1,8.960000038146973,1.0,0.0,0.0
22544,1.0,1,25.0,1.0,0.0,0.0
22546,3.0,2,190.25999641418457,1.0,1706.0,0.0
22547,1.0,1,15.210000038146973,1.0,0.0,0.0
22548,1.0,1,13.739999771118164,1.0,0.0,0.0
22558,1.0,1,108.0,1.0,0.0,0.0
22567,2.5,2,235.69499969482422,1.0,176.0,0.0
22575,1.0,1,9.0,1.0,0.0,0.0
22581,2.0,1,57.40999794006348,1.0,0.0,0.0
22600,1.0,1,39.9900016784668,1.0,0.0,0.0
22603,1.0,1,26.989999771118164,1.0,0.0,0.0
22604,1.0,1,29.989999771118164,1.0,0.0,0.0
22609,1.0,1,59.950000762939446,1.0,0.0,0.0
22612,1.0,1,57.0,1.0,0.0,0.0
22613,2.0,1,367.9499969482422,1.0,0.0,0.0
22614,1.0,1,13.600000381469728,1.0,0.0,0.0
22615,4.0,1,117.21000099182129,1.0,0.0,0.0
22619,1.0,1,22.989999771118164,1.0,0.0,0.0
22622,2.0,1,21.579999923706055,1.0,0.0,0.0
22626,1.0,1,63.9900016784668,1.0,0.0,0.0
22630,1.0,1,59.5,1.0,0.0,0.0
22632,3.0,1,193.9499969482422,1.0,0.0,0.0
22636,1.0,1,39.9900016784668,1.0,0.0,0.0
22639,1.5,2,36.489999771118164,1.0,285.0,0.0
22641,1.0,2,63.60499954223633,1.0,488.0,0.0
22648,4.0,1,173.0,1.0,0.0,0.0
22650,2.0,1,159.48999786376953,1.0,0.0,0.0
22651,3.0,1,430.8100109100341,1.0,0.0,0.0
22655,1.0,1,10.989999771118164,1.0,0.0,0.0
22667,2.0,1,48.95000171661377,1.0,0.0,0.0
22668,1.3333333333333333,3,34.62666765848795,1.0,64.5,28.991378028648448
22672,1.0,1,40.0,1.0,0.0,0.0
22681,1.0,1,27.63999938964844,1.0,0.0,0.0
22682,2.0,1,98.89999961853027,1.0,0.0,0.0
22685,1.5,2,112.98999977111816,1.0,64.0,0.0
22688,1.5,2,63.29499912261963,1.0,73.0,0.0
22689,2.0,1,91.95000076293945,1.0,0.0,0.0
22690,1.0,1,55.0,1.0,0.0,0.0
22692,2.0,1,66.98000144958496,1.0,0.0,0.0
22695,1.0,1,12.340000152587892,1.0,0.0,0.0
22698,1.0,1,90.68000030517578,1.0,0.0,0.0
22707,2.0,1,93.95000076293945,1.0,0.0,0.0
22708,2.0,1,141.41000366210938,1.0,0.0,0.0
22715,1.0,1,25.07999992370605,1.0,0.0,0.0
22716,2.0,2,74.11999988555908,1.0,769.0,0.0
22717,1.0,1,95.0,1.0,0.0,0.0
22720,1.0,2,39.9950008392334,1.0,797.0,0.0
22722,1.0,1,24.989999771118164,1.0,0.0,0.0
22724,1.0,1,90.0,1.0,0.0,0.0
22726,1.0,1,45.950000762939446,1.0,0.0,0.0
22733,1.5,2,103.47999954223633,1.0,648.0,0.0
22735,1.0,1,44.950000762939446,1.0,0.0,0.0
22736,1.0,1,95.8499984741211,1.0,0.0,0.0
22737,2.0,1,73.96999931335449,1.0,0.0,0.0
22749,1.0,1,59.0,1.0,0.0,0.0
22750,4.0,1,184.9000015258789,1.0,0.0,0.0
22751,1.0,1,72.0,1.0,0.0,0.0
22754,1.0,1,29.89999961853028,1.0,0.0,0.0
22755,2.0,1,69.5,1.0,0.0,0.0
22758,2.5,2,73.72500038146973,1.0,597.0,0.0
22765,1.0,1,149.9499969482422,1.0,0.0,0.0
22769,2.0,2,160.2150001525879,1.5,27.0,25.45584412271571
22777,2.0,1,93.28000068664551,1.0,0.0,0.0
22783,2.0,2,186.06000018119812,1.5,16.5,21.920310216782973
22788,1.0,1,20.229999542236328,1.0,0.0,0.0
22789,1.0,1,85.83000183105469,1.0,0.0,0.0
22792,1.0,1,54.0,1.0,0.0,0.0
22797,1.0,1,13.0,1.0,0.0,0.0
22812,1.0,1,28.0,1.0,0.0,0.0
22814,4.0,1,266.3600044250488,1.0,0.0,0.0
22816,1.0,1,24.89999961853028,1.0,0.0,0.0
22818,1.0,2,110.4950008392334,1.0,52.0,0.0
22821,1.0,1,15.989999771118164,1.0,0.0,0.0
22831,1.0,1,10.720000267028809,1.0,0.0,0.0
22836,1.0,1,32.880001068115234,1.0,0.0,0.0
22838,4.0,1,179.46000289916992,1.0,0.0,0.0
22839,1.0,1,98.0,1.0,0.0,0.0
22843,1.0,1,29.950000762939453,1.0,0.0,0.0
22848,1.0,1,70.0,1.0,0.0,0.0
22850,1.0,1,40.0,1.0,0.0,0.0
22851,1.0,1,50.0,1.0,0.0,0.0
22870,1.0,2,16.5,1.0,350.0,0.0
22873,1.0,1,23.229999542236328,1.0,0.0,0.0
22874,1.0,1,50.58000183105469,1.0,0.0,0.0
22876,1.0,1,35.0,1.0,0.0,0.0
22881,1.0,1,11.079999923706056,1.0,0.0,0.0
22888,1.0,1,6.989999771118164,1.0,0.0,0.0
22890,1.0,2,108.6500015258789,1.0,330.0,0.0
22894,1.0,1,64.0,1.0,0.0,0.0
22901,3.0,1,188.98999786376953,1.0,0.0,0.0
22906,1.0,1,59.9900016784668,1.0,0.0,0.0
22909,1.0,1,20.989999771118164,1.0,0.0,0.0
22915,2.0,1,25.489999771118164,1.0,0.0,0.0
22917,2.0,1,47.97999954223633,1.0,0.0,0.0
22918,1.0,1,79.94999694824217,1.0,0.0,0.0
22919,1.0,1,115.0,1.0,0.0,0.0
22921,1.0,1,28.989999771118164,1.0,0.0,0.0
22925,2.6666666666666665,3,343.3699992497762,1.0,148.5,143.54267658086914
22927,4.0,1,143.42000198364258,1.0,0.0,0.0
22928,1.0,1,148.0,1.0,0.0,0.0
22936,1.0,1,32.7599983215332,1.0,0.0,0.0
22937,1.0,1,53.25,1.0,0.0,0.0
22943,3.0,1,266.5699958801269,1.0,0.0,0.0
22945,1.0,1,36.9900016784668,1.0,0.0,0.0
22950,1.0,1,74.9800033569336,1.0,0.0,0.0
22953,1.0,1,8.989999771118164,1.0,0.0,0.0
22965,2.0,2,50.90000104904175,1.0,174.0,0.0
22967,1.0,1,34.189998626708984,1.0,0.0,0.0
22975,2.0,1,96.68000030517578,1.0,0.0,0.0
22976,2.0,1,57.989999771118164,1.0,0.0,0.0
22978,1.0,1,24.989999771118164,1.0,0.0,0.0
22986,4.0,1,445.5,1.0,0.0,0.0
22993,1.0,1,29.989999771118164,1.0,0.0,0.0
22994,2.0,2,137.61499977111816,1.0,345.0,0.0
23011,1.0,1,32.0,1.0,0.0,0.0
23012,2.0,1,181.0,1.0,0.0,0.0
23013,1.0,1,29.690000534057617,1.0,0.0,0.0
23014,1.0,1,15.270000457763672,1.0,0.0,0.0
23022,2.0,2,103.97000026702881,1.0,1042.0,0.0
23026,1.0,1,54.5,1.0,0.0,0.0
23028,1.0,1,29.989999771118164,1.0,0.0,0.0
23029,1.0,1,19.89999961853028,1.0,0.0,0.0
23032,1.0,1,90.0,1.0,0.0,0.0
23033,1.0,1,30.0,1.0,0.0,0.0
23038,2.0,1,42.989999771118164,1.0,0.0,0.0
23040,1.0,1,24.989999771118164,1.0,0.0,0.0
23043,2.0,1,105.98999786376953,1.0,0.0,0.0
23045,2.0,1,115.63999938964844,1.0,0.0,0.0
23046,2.0,1,51.94000244140625,1.0,0.0,0.0
23055,1.0,1,74.0,1.0,0.0,0.0
23061,1.0,1,27.0,1.0,0.0,0.0
23062,1.0,1,10.760000228881836,1.0,0.0,0.0
23068,1.0,1,78.0,1.0,0.0,0.0
23073,1.0,1,254.94999694824216,1.0,0.0,0.0
23074,1.0,1,58.0,1.0,0.0,0.0
23075,4.0,1,376.25000381469727,1.0,0.0,0.0
23082,2.0,1,251.9800071716309,1.0,0.0,0.0
23085,1.0,1,189.94999694824216,1.0,0.0,0.0
23088,1.0,1,38.0,1.0,0.0,0.0
23093,1.0,2,43.97499990463257,1.0,1848.0,0.0
23095,4.0,1,131.9900016784668,1.0,0.0,0.0
23098,4.0,1,178.0499963760376,1.0,0.0,0.0
23103,1.0,1,34.9900016784668,1.0,0.0,0.0
23104,1.0,1,69.94999694824219,1.0,0.0,0.0
23106,1.0,2,48.4900016784668,1.0,537.0,0.0
23109,1.0,1,19.989999771118164,1.0,0.0,0.0
23112,3.0,1,161.3300018310547,1.0,0.0,0.0
23113,1.0,1,150.0,1.0,0.0,0.0
23117,1.0,1,46.9900016784668,1.0,0.0,0.0
23118,1.0,1,42.16999816894531,1.0,0.0,0.0
23119,1.5,2,40.24000072479248,1.0,415.0,0.0
23122,1.0,2,58.375,1.0,394.0,0.0
23123,2.0,3,204.65333302815756,1.0,208.5,44.54772721475249
23124,1.0,1,6.5,1.0,0.0,0.0
23125,1.0,1,44.9900016784668,1.0,0.0,0.0
23127,2.0,1,136.5800018310547,1.0,0.0,0.0
23128,2.0,1,86.98999786376953,1.0,0.0,0.0
23131,1.0,1,94.98999786376952,1.0,0.0,0.0
23132,3.0,1,54.90999889373779,1.0,0.0,0.0
23133,2.0,1,70.64999771118164,1.0,0.0,0.0
23134,2.0,1,36.96999979019165,1.0,0.0,0.0
23136,1.0,1,10.0,1.0,0.0,0.0
23138,1.0,1,18.989999771118164,1.0,0.0,0.0
23143,1.0,1,34.0,1.0,0.0,0.0
23151,1.6666666666666667,3,93.62999947865804,1.0,163.0,22.627416997969522
23163,1.0,1,40.75,1.0,0.0,0.0
23164,1.0,1,64.98999786376953,1.0,0.0,0.0
23175,1.0,1,48.9900016784668,1.0,0.0,0.0
23180,1.0,1,173.9499969482422,1.0,0.0,0.0
23183,1.0,2,36.22000026702881,1.0,1246.0,0.0
23185,2.0,1,106.0,1.0,0.0,0.0
23188,1.0,1,200.0,1.0,0.0,0.0
23189,2.0,1,52.239999771118164,1.0,0.0,0.0
23190,1.0,1,37.59000015258789,1.0,0.0,0.0
23193,1.0,1,145.0,1.0,0.0,0.0
23198,1.0,1,98.0,1.0,0.0,0.0
23199,1.0,1,40.0,1.0,0.0,0.0
23200,2.0,1,128.45000076293945,1.0,0.0,0.0
23202,1.0,1,149.5,1.0,0.0,0.0
23206,4.0,1,398.75,1.0,0.0,0.0
23212,1.0,1,52.27999877929688,1.0,0.0,0.0
23219,1.0,1,12.989999771118164,1.0,0.0,0.0
23221,1.0,1,25.0,1.0,0.0,0.0
23222,1.0,1,19.989999771118164,1.0,0.0,0.0
23224,2.0,1,175.99000549316406,1.0,0.0,0.0
23226,1.0,1,64.0,1.0,0.0,0.0
23233,1.0,1,8.77999973297119,1.0,0.0,0.0
23235,1.0,1,21.950000762939453,1.0,0.0,0.0
23236,1.0,1,13.699999809265137,1.0,0.0,0.0
23242,4.0,1,401.3799991607666,1.0,0.0,0.0
23243,1.0,1,28.0,1.0,0.0,0.0
23245,3.0,1,84.98999977111816,1.0,0.0,0.0
23246,1.0,1,35.0,1.0,0.0,0.0
23247,1.0,1,89.0,1.0,0.0,0.0
23256,1.0,1,79.5,1.0,0.0,0.0
23258,1.0,1,44.9900016784668,1.0,0.0,0.0
23263,2.0,1,144.7299976348877,1.0,0.0,0.0
23269,1.0,1,42.9900016784668,1.0,0.0,0.0
23273,2.0,1,115.83000183105469,1.0,0.0,0.0
23274,1.0,1,119.0,1.0,0.0,0.0
23279,1.0,1,54.0,1.0,0.0,0.0
23287,2.0,1,45.19999980926514,1.0,0.0,0.0
23291,1.0,1,34.9900016784668,1.0,0.0,0.0
23298,2.0,1,45.80000019073486,1.0,0.0,0.0
23299,2.0,1,71.4300012588501,1.0,0.0,0.0
23302,1.0,1,128.0,1.0,0.0,0.0
23304,1.0,1,39.950000762939446,1.0,0.0,0.0
23308,2.0,1,55.940001487731934,1.0,0.0,0.0
23311,2.0,1,63.98000144958496,1.0,0.0,0.0
23313,1.0,1,38.0,1.0,0.0,0.0
23315,1.5,2,38.99000072479248,1.0,483.0,0.0
23316,1.0,1,12.989999771118164,1.0,0.0,0.0
23319,1.0,1,39.900001525878906,1.0,0.0,0.0
23322,1.0,1,42.9900016784668,1.0,0.0,0.0
23326,1.0,1,52.950000762939446,1.0,0.0,0.0
23327,1.0,1,74.98999786376953,1.0,0.0,0.0
23343,1.0,1,26.979999542236328,1.0,0.0,0.0
23349,1.0,1,125.0,1.0,0.0,0.0
23351,1.0,2,107.0,1.0,492.0,0.0
23353,1.0,1,20.8700008392334,1.0,0.0,0.0
23358,1.0,1,46.9900016784668,1.0,0.0,0.0
23367,1.0,1,42.0,1.0,0.0,0.0
23374,4.0,1,186.19000148773193,1.0,0.0,0.0
23376,1.0,1,23.89999961853028,1.0,0.0,0.0
23379,1.5,2,43.970001220703125,1.0,457.0,0.0
23384,1.0,2,46.48999881744385,1.0,909.0,0.0
23387,1.0,1,17.989999771118164,1.0,0.0,0.0
23392,1.0,1,208.0,1.0,0.0,0.0
23396,1.0,1,23.989999771118164,1.0,0.0,0.0
23402,1.0,1,29.0,1.0,0.0,0.0
23405,1.0,1,119.0,1.0,0.0,0.0
23408,4.0,1,168.9699993133545,1.0,0.0,0.0
23411,1.0,1,49.5,1.0,0.0,0.0
23413,1.0,1,29.989999771118164,1.0,0.0,0.0
23422,2.0,1,134.72999954223633,1.0,0.0,0.0
23426,2.5,2,98.6200008392334,1.0,26.0,0.0
23433,1.0,1,21.989999771118164,1.0,0.0,0.0
23442,1.0,1,11.989999771118164,1.0,0.0,0.0
23444,3.0,1,183.27000427246094,1.0,0.0,0.0
23446,2.0,1,242.0,1.0,0.0,0.0
23447,2.0,1,67.9000015258789,1.0,0.0,0.0
23451,1.0,1,19.89999961853028,1.0,0.0,0.0
23456,2.0,1,224.98999786376953,1.0,0.0,0.0
23457,2.0,1,112.9900016784668,1.0,0.0,0.0
23459,2.0,1,483.95000076293945,1.0,0.0,0.0
23462,1.0,1,27.989999771118164,1.0,0.0,0.0
23467,1.0,1,138.0,1.0,0.0,0.0
23468,2.0,1,53.9900016784668,1.0,0.0,0.0
23482,1.6666666666666667,3,90.853333791097,1.0,627.5,413.6574669941303
23486,1.0,1,179.0,1.0,0.0,0.0
23487,1.0,1,31.950000762939453,1.0,0.0,0.0
23492,1.5,2,74.26499938964844,1.0,65.0,0.0
23493,1.0,1,25.0,1.0,0.0,0.0
23494,1.0,1,99.94999694824216,1.0,0.0,0.0
23495,1.0,1,45.9900016784668,1.0,0.0,0.0
23502,1.0,1,79.13999938964845,1.0,0.0,0.0
23505,2.0,1,278.98999786376953,1.0,0.0,0.0
23516,1.0,1,49.5,1.0,0.0,0.0
23520,2.0,1,112.0,1.0,0.0,0.0
23522,1.0,1,39.97999954223633,1.0,0.0,0.0
23523,1.0,1,221.0500030517578,1.0,0.0,0.0
23524,1.0,1,69.5,1.0,0.0,0.0
23530,1.0,1,10.0,1.0,0.0,0.0
23535,1.0,1,79.98999786376953,1.0,0.0,0.0
23540,1.0,1,45.0,1.0,0.0,0.0
23542,2.0,1,152.03000259399414,1.0,0.0,0.0
23544,1.0,1,16.0,1.0,0.0,0.0
23546,1.0,1,25.0,1.0,0.0,0.0
23548,1.0,1,25.0,1.0,0.0,0.0
23551,2.0,1,168.0,1.0,0.0,0.0
23557,1.0,1,28.43000030517578,1.0,0.0,0.0
23558,3.0,1,495.97001266479487,1.0,0.0,0.0
23574,2.0,1,94.97999954223633,1.0,0.0,0.0
23576,1.0,1,69.0,1.0,0.0,0.0
23577,2.0,1,59.5,1.0,0.0,0.0
23584,2.0,1,34.95000076293945,1.0,0.0,0.0
23585,3.0,1,139.0,1.0,0.0,0.0
23590,1.0,1,44.38999938964844,1.0,0.0,0.0
23592,1.0,1,30.0,1.0,0.0,0.0
23593,1.0,1,108.98999786376952,1.0,0.0,0.0
23600,2.0,2,80.125,1.0,145.0,0.0
23608,1.0,1,21.950000762939453,1.0,0.0,0.0
23609,1.0,1,46.0,1.0,0.0,0.0
23610,1.0,1,55.77999877929688,1.0,0.0,0.0
23613,2.0,1,103.45000076293945,1.0,0.0,0.0
23614,2.0,1,21.979999542236328,1.0,0.0,0.0
23615,1.0,1,37.950000762939446,1.0,0.0,0.0
23619,1.0,1,9.989999771118164,1.0,0.0,0.0
23622,2.0,1,77.98999977111816,1.0,0.0,0.0
23628,1.0,1,51.9900016784668,1.0,0.0,0.0
23634,2.0,1,151.9499969482422,1.0,0.0,0.0
23635,2.0,1,138.5,1.0,0.0,0.0
23641,2.0,1,40.420000076293945,1.0,0.0,0.0
23645,2.0,1,953.0,1.0,0.0,0.0
23647,1.0,1,32.0,1.0,0.0,0.0
23648,2.0,1,77.88000106811523,1.0,0.0,0.0
23651,1.0,1,38.970001220703125,1.0,0.0,0.0
23660,1.0,1,79.5,1.0,0.0,0.0
23661,1.0,1,22.450000762939453,1.0,0.0,0.0
23667,1.0,2,27.244999885559082,1.0,22.0,0.0
23672,1.0,1,143.63999938964844,1.0,0.0,0.0
23680,1.0,2,22.960000038146973,1.0,41.0,0.0
23690,1.0,1,19.989999771118164,1.0,0.0,0.0
23694,2.0,1,109.4900016784668,1.0,0.0,0.0
23695,2.0,1,56.0,1.0,0.0,0.0
23697,2.0,1,132.0,1.0,0.0,0.0
23702,1.0,1,14.0,1.0,0.0,0.0
23703,2.0,1,63.72000026702881,1.0,0.0,0.0
23704,1.0,1,109.98999786376952,1.0,0.0,0.0
23712,1.0,1,52.130001068115234,1.0,0.0,0.0
23716,1.0,1,12.75,1.0,0.0,0.0
23717,1.0,1,34.0,1.0,0.0,0.0
23730,1.0,1,24.989999771118164,1.0,0.0,0.0
23734,1.0,1,15.75,1.0,0.0,0.0
23736,1.0,1,153.9499969482422,1.0,0.0,0.0
23737,1.0,1,25.0,1.0,0.0,0.0
23738,1.0,1,49.9900016784668,1.0,0.0,0.0
23742,1.0,1,15.0,1.0,0.0,0.0
23747,1.0,1,28.0,1.0,0.0,0.0
23756,2.0,1,49.97999954223633,1.0,0.0,0.0
23759,1.0,1,41.41999816894531,1.0,0.0,0.0
23761,1.0,1,74.94999694824217,1.0,0.0,0.0
23766,1.0,1,29.989999771118164,1.0,0.0,0.0
23770,1.0,1,156.8699951171875,1.0,0.0,0.0
23771,1.0,2,131.0,1.0,1259.0,0.0
23772,1.0,1,60.0,1.0,0.0,0.0
23775,1.0,1,35.0,1.0,0.0,0.0
23778,1.0,2,49.69000053405762,1.0,1848.0,0.0
23781,1.0,1,56.59999847412109,1.0,0.0,0.0
23784,2.0,1,264.0,1.0,0.0,0.0
23792,1.0,1,23.89999961853028,1.0,0.0,0.0
23797,1.0,1,14.989999771118164,1.0,0.0,0.0
23799,1.0,1,180.0,1.0,0.0,0.0
23801,1.0,2,47.989999771118164,1.0,54.0,0.0
23802,2.0,1,118.9900016784668,1.0,0.0,0.0
23803,2.0,1,364.9400119781494,1.0,0.0,0.0
23807,1.0,1,3.990000009536743,1.0,0.0,0.0
23808,1.5,2,15.59999942779541,1.0,11.0,0.0
23812,1.0,1,39.5,1.0,0.0,0.0
23825,2.0,1,103.97000122070312,1.0,0.0,0.0
23831,1.0,1,89.0,1.0,0.0,0.0
23832,1.0,1,8.989999771118164,1.0,0.0,0.0
23834,2.0,1,71.98999977111816,1.0,0.0,0.0
23835,1.0,1,29.989999771118164,1.0,0.0,0.0
23837,1.0,1,10.989999771118164,1.0,0.0,0.0
23840,2.0,1,107.98999786376953,1.0,0.0,0.0
23842,1.0,1,25.0,1.0,0.0,0.0
23843,1.0,1,56.0,1.0,0.0,0.0
23848,2.0,1,111.0,1.0,0.0,0.0
23849,1.0,1,25.0,1.0,0.0,0.0
23854,1.0,1,157.5,1.0,0.0,0.0
23855,1.0,1,29.0,1.0,0.0,0.0
23859,1.0,1,37.680000305175774,1.0,0.0,0.0
23867,1.0,1,101.40000152587892,1.0,0.0,0.0
23871,1.0,1,57.630001068115234,1.0,0.0,0.0
23877,1.0,1,109.98999786376952,1.0,0.0,0.0
23879,4.0,1,93.65999794006348,1.0,0.0,0.0
23888,4.0,1,252.98999786376953,1.0,0.0,0.0
23890,1.0,1,50.09000015258789,1.0,0.0,0.0
23895,1.0,1,23.0,1.0,0.0,0.0
23896,1.0,1,159.0,1.0,0.0,0.0
23907,1.0,1,69.5,1.0,0.0,0.0
23912,1.0,1,147.1300048828125,1.0,0.0,0.0
23924,1.0,1,25.0,1.0,0.0,0.0
23930,1.0,1,33.75,1.0,0.0,0.0
23932,1.0,1,18.989999771118164,1.0,0.0,0.0
23936,2.5,2,163.93999862670898,1.0,1601.0,0.0
23940,1.0,1,44.950000762939446,1.0,0.0,0.0
23942,1.0,2,199.49499988555908,1.0,741.0,0.0
23943,1.0,1,14.989999771118164,1.0,0.0,0.0
23946,1.0,2,87.75500106811523,1.0,230.0,0.0
23947,2.0,1,128.95000076293945,1.0,0.0,0.0
23953,2.0,1,37.95000076293945,1.0,0.0,0.0
23955,1.0,1,14.989999771118164,1.0,0.0,0.0
23961,1.0,1,16.059999465942383,1.0,0.0,0.0
23965,4.0,1,154.9099998474121,1.0,0.0,0.0
23973,1.0,2,19.434999465942383,1.0,268.0,0.0
23984,1.0,1,18.5,1.0,0.0,0.0
24002,2.0,1,113.0,1.0,0.0,0.0
24003,2.0,1,42.989999771118164,1.0,0.0,0.0
24004,1.0,1,89.98999786376953,1.0,0.0,0.0
24006,1.0,1,86.25,1.0,0.0,0.0
24007,2.0,2,87.23499965667725,1.0,38.0,0.0
24024,1.0,1,124.9499969482422,1.0,0.0,0.0
24029,2.0,1,110.75,1.0,0.0,0.0
24038,1.0,1,48.950000762939446,1.0,0.0,0.0
24042,1.0,1,31.39999961853028,1.0,0.0,0.0
24046,1.0,1,246.0,1.0,0.0,0.0
24048,2.0,1,36.97999954223633,1.0,0.0,0.0
24050,3.0,1,76.27000141143799,1.0,0.0,0.0
24058,1.0,1,37.9900016784668,1.0,0.0,0.0
24060,1.0,1,79.98999786376953,1.0,0.0,0.0
24072,1.0,1,87.94000244140625,1.0,0.0,0.0
24077,1.0,1,49.950000762939446,1.0,0.0,0.0
24079,1.0,1,32.0,1.0,0.0,0.0
24084,1.0,1,36.0,1.0,0.0,0.0
24085,2.0,2,115.3950023651123,1.0,39.0,0.0
24097,1.0,1,21.989999771118164,1.0,0.0,0.0
24099,1.0,1,24.989999771118164,1.0,0.0,0.0
24102,1.0,1,19.989999771118164,1.0,0.0,0.0
24106,1.0,1,58.0,1.0,0.0,0.0
24108,2.0,1,54.98000144958496,1.0,0.0,0.0
24111,1.0,1,25.56999969482421,1.0,0.0,0.0
24112,1.0,1,33.9900016784668,1.0,0.0,0.0
24113,1.0,1,8.0,1.0,0.0,0.0
24121,2.0,1,117.30999755859374,1.0,0.0,0.0
24130,1.0,1,46.43999862670898,1.0,0.0,0.0
24132,2.0,1,54.4900016784668,1.0,0.0,0.0
24134,1.0,1,69.0,1.0,0.0,0.0
24137,2.0,1,104.5,1.0,0.0,0.0
24139,1.0,1,68.0,1.0,0.0,0.0
24155,1.0,2,41.0,1.0,329.0,0.0
24156,1.0,1,259.0,1.0,0.0,0.0
24162,2.0,1,209.45000076293945,1.0,0.0,0.0
24169,1.0,1,42.1599998474121,1.0,0.0,0.0
24175,1.0,1,183.0599975585937,1.0,0.0,0.0
24184,1.0,1,78.0,1.0,0.0,0.0
24186,1.0,1,125.0,1.0,0.0,0.0
24188,1.0,1,26.0,1.0,0.0,0.0
24189,1.0,1,222.0,1.0,0.0,0.0
24190,1.0,1,99.0,1.0,0.0,0.0
24191,1.0,1,7.989999771118163,1.0,0.0,0.0
24194,2.0,2,77.2400016784668,1.0,33.0,0.0
24196,1.0,1,228.0,1.0,0.0,0.0
24197,1.0,1,136.49000549316406,1.0,0.0,0.0
24198,1.0,1,22.0,1.0,0.0,0.0
24200,1.0,3,66.92999903361003,1.0,86.0,110.30865786510141
24202,2.0,2,188.48999786376953,1.0,131.0,0.0
24212,2.0,1,56.35000038146973,1.0,0.0,0.0
24214,2.0,1,147.0,1.0,0.0,0.0
24226,1.0,1,29.989999771118164,1.0,0.0,0.0
24229,1.0,1,99.0,1.0,0.0,0.0
24231,2.0,1,64.98999977111816,1.0,0.0,0.0
24232,1.0,1,27.0,1.0,0.0,0.0
24237,1.0,1,35.0,1.0,0.0,0.0
24238,1.0,1,25.0,1.0,0.0,0.0
24240,1.0,1,38.0,1.0,0.0,0.0
24242,1.0,1,54.0,1.0,0.0,0.0
24243,1.0,1,42.9900016784668,1.0,0.0,0.0
24244,1.0,1,19.989999771118164,1.0,0.0,0.0
24247,1.0,1,32.88999938964844,1.0,0.0,0.0
24248,2.0,1,160.0,1.0,0.0,0.0
24252,2.0,1,57.97999954223633,1.0,0.0,0.0
24261,1.0,1,75.0,1.0,0.0,0.0
24262,1.0,1,106.0,1.0,0.0,0.0
24266,1.0,2,19.949999809265137,1.0,207.0,0.0
24267,1.0,1,49.9900016784668,1.0,0.0,0.0
24273,1.0,2,31.464999675750732,1.0,23.0,0.0
24291,1.0,1,21.950000762939453,1.0,0.0,0.0
24295,1.0,1,25.0,1.0,0.0,0.0
24300,2.0,1,177.9499969482422,1.0,0.0,0.0
24305,1.0,1,23.450000762939453,1.0,0.0,0.0
24306,1.0,1,19.989999771118164,1.0,0.0,0.0
24308,2.0,1,91.85999965667725,1.0,0.0,0.0
24312,1.0,1,219.5,1.0,0.0,0.0
24321,3.0,1,132.94000053405762,1.0,0.0,0.0
24328,1.0,1,119.0,1.0,0.0,0.0
24333,1.0,1,69.0,1.0,0.0,0.0
24336,1.0,1,13.949999809265137,1.0,0.0,0.0
24337,2.3333333333333335,3,87.31000010172527,1.0,802.5,604.5762979144981
24343,1.0,1,66.0,1.0,0.0,0.0
24349,1.0,1,59.5,1.0,0.0,0.0
24351,1.0,1,25.5,1.0,0.0,0.0
24356,1.0,1,42.9900016784668,1.0,0.0,0.0
24359,1.0,1,72.16999816894531,1.0,0.0,0.0
24361,1.0,1,28.0,1.0,0.0,0.0
24363,1.0,2,40.0,1.0,60.0,0.0
24364,1.0,1,34.0,1.0,0.0,0.0
24367,1.0,1,20.0,1.0,0.0,0.0
24369,1.0,1,98.0,1.0,0.0,0.0
24371,1.0,1,38.0,1.0,0.0,0.0
24373,2.5,2,208.3700008392334,1.0,124.0,0.0
24379,2.0,1,89.54000091552734,1.0,0.0,0.0
24382,2.0,1,104.9800033569336,1.0,0.0,0.0
24394,1.0,1,105.0,1.0,0.0,0.0
24395,1.0,1,53.930000305175774,1.0,0.0,0.0
24396,2.0,1,235.2900047302246,1.0,0.0,0.0
24400,1.0,1,69.0,1.0,0.0,0.0
24404,1.0,1,10.989999771118164,1.0,0.0,0.0
24414,1.0,1,149.0,1.0,0.0,0.0
24417,1.0,1,14.979999542236328,1.0,0.0,0.0
24421,1.0,1,49.950000762939446,1.0,0.0,0.0
24423,1.0,1,16.989999771118164,1.0,0.0,0.0
24426,1.0,1,88.0,1.0,0.0,0.0
24427,1.0,1,334.0,1.0,0.0,0.0
24429,1.0,1,25.0,1.0,0.0,0.0
24430,2.0,1,109.4900016784668,1.0,0.0,0.0
24438,1.0,1,9.949999809265137,1.0,0.0,0.0
24440,1.0,1,57.0,1.0,0.0,0.0
24443,1.0,1,20.0,1.0,0.0,0.0
24447,1.0,1,34.97999954223633,1.0,0.0,0.0
24461,2.0,1,167.48999977111816,1.0,0.0,0.0
24463,1.0,1,33.95000076293945,1.0,0.0,0.0
24468,4.0,1,78.48999977111816,1.0,0.0,0.0
24469,1.0,1,13.25,1.0,0.0,0.0
24471,1.0,1,29.0,1.0,0.0,0.0
24473,1.0,1,45.950000762939446,1.0,0.0,0.0
24475,3.0,1,157.36999988555908,1.0,0.0,0.0
24476,1.0,1,69.5,1.0,0.0,0.0
24480,1.0,1,42.0,1.0,0.0,0.0
24482,1.0,1,69.5,1.0,0.0,0.0
24483,1.0,1,33.0,1.0,0.0,0.0
24486,1.0,1,19.989999771118164,1.0,0.0,0.0
24489,4.0,1,289.85000228881836,1.0,0.0,0.0
24497,1.0,1,49.5,1.0,0.0,0.0
24498,1.0,1,8.989999771118164,1.0,0.0,0.0
24500,1.0,1,20.989999771118164,1.0,0.0,0.0
24501,1.0,2,134.75,1.0,771.0,0.0
24509,1.0,1,25.0,1.0,0.0,0.0
24513,1.0,1,34.5,1.0,0.0,0.0
24514,1.0,1,75.0,1.0,0.0,0.0
24516,1.0,1,35.95000076293945,1.0,0.0,0.0
24517,1.0,1,160.0,1.0,0.0,0.0
24525,1.0,1,19.770000457763672,1.0,0.0,0.0
24532,1.0,1,25.0,1.0,0.0,0.0
24534,3.0,1,183.81999969482422,1.0,0.0,0.0
24539,1.0,1,185.0,1.0,0.0,0.0
24546,1.0,1,24.989999771118164,1.0,0.0,0.0
24548,2.0,1,82.2400016784668,1.0,0.0,0.0
24549,1.0,1,178.0,1.0,0.0,0.0
24556,1.0,2,164.75,1.0,344.0,0.0
24570,2.0,1,65.38000106811523,1.0,0.0,0.0
24573,2.0,1,113.15999984741211,1.0,0.0,0.0
24574,2.0,1,266.0,1.0,0.0,0.0
24575,2.0,1,126.95000076293945,1.0,0.0,0.0
24577,1.0,1,54.950000762939446,1.0,0.0,0.0
24578,1.0,1,36.0,1.0,0.0,0.0
24583,2.0,1,219.5,1.0,0.0,0.0
24586,1.0,1,13.989999771118164,1.0,0.0,0.0
24590,1.0,2,37.94000053405762,1.0,375.0,0.0
24591,1.0,1,120.0,1.0,0.0,0.0
24598,1.0,1,49.5,1.0,0.0,0.0
24599,1.0,1,35.0,1.0,0.0,0.0
24602,2.0,3,91.67000071207683,1.0,813.0,1038.0327547818517
24605,1.0,1,21.989999771118164,1.0,0.0,0.0
24606,1.0,1,25.0,1.0,0.0,0.0
24609,1.5,2,129.98499965667725,1.0,811.0,0.0
24616,1.0,1,34.75,1.0,0.0,0.0
24620,1.0,1,28.989999771118164,1.0,0.0,0.0
24627,2.0,1,86.38000106811523,1.0,0.0,0.0
24629,1.0,1,79.9000015258789,1.0,0.0,0.0
24632,2.0,1,28.950000047683716,1.0,0.0,0.0
24636,1.0,1,28.0,1.0,0.0,0.0
24643,1.0,1,99.98999786376952,1.0,0.0,0.0
24648,1.5,2,96.5,1.0,66.0,0.0
24650,1.0,1,68.0,1.0,0.0,0.0
24653,1.0,1,69.94999694824219,1.0,0.0,0.0
24657,1.0,1,25.0,1.0,0.0,0.0
24665,2.0,1,71.0,1.0,0.0,0.0
24666,2.0,1,82.18999862670898,1.0,0.0,0.0
24668,2.0,1,166.45000076293945,1.0,0.0,0.0
24675,2.0,1,74.4900016784668,1.0,0.0,0.0
24678,4.0,1,137.47000122070312,1.0,0.0,0.0
24679,2.0,1,133.95000076293945,1.0,0.0,0.0
24681,2.0,3,83.99333381652832,1.0,315.5,283.5498192558056
24684,1.0,1,68.55999755859375,1.0,0.0,0.0
24685,1.0,1,65.0,1.0,0.0,0.0
24687,1.0,1,98.75,1.0,0.0,0.0
24694,1.5,2,200.75,1.0,313.0,0.0
24695,1.0,1,29.989999771118164,1.0,0.0,0.0
24706,1.0,1,10.5,1.0,0.0,0.0
24708,1.0,1,12.949999809265137,1.0,0.0,0.0
24709,4.0,1,614.6700038909912,1.0,0.0,0.0
24711,1.0,1,25.0,1.0,0.0,0.0
24713,4.0,1,188.1699981689453,1.0,0.0,0.0
24714,2.0,1,121.48999786376952,1.0,0.0,0.0
24715,3.0,1,87.13000106811523,1.0,0.0,0.0
24716,1.0,1,81.75,1.0,0.0,0.0
24719,1.0,1,29.5,1.0,0.0,0.0
24724,2.0,1,46.39999961853028,1.0,0.0,0.0
24738,3.0,1,96.55999994277954,1.0,0.0,0.0
24739,1.0,1,69.0,1.0,0.0,0.0
24741,1.0,1,36.0,1.0,0.0,0.0
24743,3.5,2,192.94500064849854,1.0,130.0,0.0
24747,1.0,1,21.989999771118164,1.0,0.0,0.0
24749,2.0,1,82.9900016784668,1.0,0.0,0.0
24752,1.0,1,31.989999771118164,1.0,0.0,0.0
24753,1.0,1,34.9900016784668,1.0,0.0,0.0
24754,1.0,1,24.950000762939453,1.0,0.0,0.0
24755,1.0,1,49.0,1.0,0.0,0.0
24757,1.0,1,22.989999771118164,1.0,0.0,0.0
24758,2.0,1,65.28999900817873,1.0,0.0,0.0
24762,2.0,1,26.979999542236328,1.0,0.0,0.0
24763,3.0,1,233.89999771118164,1.0,0.0,0.0
24771,2.5,2,252.9700026512146,1.0,627.0,0.0
24778,1.0,1,28.0,1.0,0.0,0.0
24779,2.0,3,194.14666748046875,1.0,434.5,86.97413408594535
24783,1.0,1,6.989999771118164,1.0,0.0,0.0
24785,2.0,1,36.10000038146973,1.0,0.0,0.0
24787,1.0,1,53.0,1.0,0.0,0.0
24788,1.0,1,39.9900016784668,1.0,0.0,0.0
24796,1.0,1,15.0,1.0,0.0,0.0
24801,1.0,1,79.94999694824217,1.0,0.0,0.0
24802,2.0,1,46.95000076293945,1.0,0.0,0.0
24810,1.0,1,102.59999847412108,1.0,0.0,0.0
24812,1.0,1,48.0,1.0,0.0,0.0
24815,1.0,1,39.950000762939446,1.0,0.0,0.0
24819,2.0,1,149.5099983215332,1.0,0.0,0.0
24820,1.0,1,52.0,1.0,0.0,0.0
24823,1.0,1,29.989999771118164,1.0,0.0,0.0
24831,2.0,1,179.0,1.0,0.0,0.0
24832,1.0,1,218.0,1.0,0.0,0.0
24834,1.0,1,39.5099983215332,1.0,0.0,0.0
24842,1.0,1,140.0,1.0,0.0,0.0
24843,2.0,1,37.579999923706055,1.0,0.0,0.0
24846,1.0,1,44.0,1.0,0.0,0.0
24852,4.0,1,187.5,1.0,0.0,0.0
24864,1.0,1,6.989999771118164,1.0,0.0,0.0
24868,1.5,2,180.2449951171875,1.0,413.0,0.0
24871,3.0,1,93.98999977111816,1.0,0.0,0.0
24872,1.0,1,43.950000762939446,1.0,0.0,0.0
24876,1.0,2,100.25,1.0,860.0,0.0
24877,1.0,1,31.989999771118164,1.0,0.0,0.0
24880,1.0,1,50.0,1.0,0.0,0.0
24883,1.0,1,25.0,1.0,0.0,0.0
24895,1.0,1,30.0,1.0,0.0,0.0
24903,1.0,1,49.5,1.0,0.0,0.0
24904,1.0,1,25.0,1.0,0.0,0.0
24906,1.0,1,148.0,1.0,0.0,0.0
24913,4.0,1,163.9200029373169,1.0,0.0,0.0
24914,1.0,1,64.87999725341797,1.0,0.0,0.0
24915,3.0,1,195.7799949645996,1.0,0.0,0.0
24919,2.0,1,65.9900016784668,1.0,0.0,0.0
24920,4.0,1,133.48000144958496,1.0,0.0,0.0
24929,2.0,1,49.90000057220458,1.0,0.0,0.0
24935,4.0,1,205.88000011444092,1.0,0.0,0.0
24941,3.0,1,95.94000148773193,1.0,0.0,0.0
24943,2.0,1,84.4900016784668,1.0,0.0,0.0
24944,1.0,1,40.0,1.0,0.0,0.0
24958,2.5,2,232.88500308990479,1.0,39.0,0.0
24959,2.0,1,157.98999786376953,1.0,0.0,0.0
24964,1.0,1,59.5,1.0,0.0,0.0
24971,2.0,1,48.84000205993652,1.0,0.0,0.0
24972,2.0,1,145.99000549316406,1.0,0.0,0.0
24976,1.0,1,25.950000762939453,1.0,0.0,0.0
24979,1.0,1,43.790000915527344,1.0,0.0,0.0
24985,1.5,2,97.88000011444092,1.0,280.0,0.0
24991,1.0,1,96.0,1.0,0.0,0.0
24995,1.5,2,56.49499988555908,1.0,1065.0,0.0
25002,1.0,2,53.560001373291016,1.0,498.0,0.0
25003,1.0,1,45.0,1.0,0.0,0.0
25005,1.0,1,59.0,1.0,0.0,0.0
25009,1.0,1,79.98999786376953,1.0,0.0,0.0
25010,1.0,1,34.9900016784668,1.0,0.0,0.0
25012,1.0,1,14.989999771118164,1.0,0.0,0.0
25027,1.0,2,46.489999771118164,1.0,53.0,0.0
25028,1.0,1,58.81999969482422,1.0,0.0,0.0
25036,4.0,1,131.9800033569336,1.0,0.0,0.0
25039,2.0,1,266.0,1.0,0.0,0.0
25044,2.0,1,129.95000076293945,1.0,0.0,0.0
25053,1.0,1,29.989999771118164,1.0,0.0,0.0
25069,1.0,1,32.0,1.0,0.0,0.0
25072,3.0,1,50.9399995803833,1.0,0.0,0.0
25079,4.0,1,122.61000061035155,1.0,0.0,0.0
25082,1.0,1,29.950000762939453,1.0,0.0,0.0
25084,3.0,1,230.4699993133545,1.0,0.0,0.0
25086,1.0,1,46.68999862670898,1.0,0.0,0.0
25088,1.0,1,78.0,1.0,0.0,0.0
25089,1.0,1,65.0,1.0,0.0,0.0
25093,1.0,1,40.9900016784668,1.0,0.0,0.0
25094,1.0,1,227.5,1.0,0.0,0.0
25098,1.0,1,34.9900016784668,1.0,0.0,0.0
25109,1.0,1,10.649999618530272,1.0,0.0,0.0
25111,1.0,1,32.880001068115234,1.0,0.0,0.0
25113,1.0,1,61.7400016784668,1.0,0.0,0.0
25114,1.0,1,34.29999923706055,1.0,0.0,0.0
25118,1.0,1,39.880001068115234,1.0,0.0,0.0
25121,1.0,1,42.0,1.0,0.0,0.0
25122,1.0,1,22.57999992370605,1.0,0.0,0.0
25126,2.0,1,130.26000213623047,1.0,0.0,0.0
25127,2.0,1,52.680002212524414,1.0,0.0,0.0
25128,4.0,1,213.05999755859375,1.0,0.0,0.0
25134,1.0,1,33.9900016784668,1.0,0.0,0.0
25137,2.0,1,73.60000038146973,1.0,0.0,0.0
25140,3.0,1,107.22999954223633,1.0,0.0,0.0
25142,2.5,2,84.46000027656555,1.0,234.0,0.0
25143,2.0,1,90.0,1.0,0.0,0.0
25144,1.0,1,15.0,1.0,0.0,0.0
25145,2.0,1,148.82999992370605,1.0,0.0,0.0
25146,1.0,1,51.59999847412109,1.0,0.0,0.0
25152,1.0,1,90.0,1.0,0.0,0.0
25155,1.0,1,10.0,1.0,0.0,0.0
25156,2.0,3,109.7433344523112,1.0,227.0,35.35533905932738
25157,1.0,1,44.9900016784668,1.0,0.0,0.0
25164,1.0,1,16.0,1.0,0.0,0.0
25167,2.0,1,100.30999946594238,1.0,0.0,0.0
25168,1.0,1,18.6200008392334,1.0,0.0,0.0
25174,4.0,1,400.5699977874756,1.0,0.0,0.0
25175,1.0,1,29.989999771118164,1.0,0.0,0.0
25179,1.0,1,46.9900016784668,1.0,0.0,0.0
25189,4.0,1,202.4600009918213,1.0,0.0,0.0
25190,1.0,1,44.9900016784668,1.0,0.0,0.0
25191,1.0,1,17.639999389648438,1.0,0.0,0.0
25193,4.0,1,132.86000061035156,1.0,0.0,0.0
25195,1.0,1,127.51000213623048,1.0,0.0,0.0
25196,1.0,1,26.96999931335449,1.0,0.0,0.0
25200,2.0,1,120.0,1.0,0.0,0.0
25202,1.0,1,52.130001068115234,1.0,0.0,0.0
25204,1.0,1,219.0,1.0,0.0,0.0
25205,1.0,2,50.5,1.0,36.0,0.0
25206,1.0,1,98.0,1.0,0.0,0.0
25214,1.0,1,17.0,1.0,0.0,0.0
25216,1.0,1,75.0,1.0,0.0,0.0
25219,2.0,1,79.95000076293945,1.0,0.0,0.0
25225,3.0,1,58.12000036239624,1.0,0.0,0.0
25230,1.0,1,10.0,1.0,0.0,0.0
25232,1.0,1,75.62000274658203,1.0,0.0,0.0
25234,2.0,1,64.5,1.0,0.0,0.0
25236,1.0,1,58.84000015258789,1.0,0.0,0.0
25245,1.0,1,180.0,1.0,0.0,0.0
25254,1.0,1,53.0,1.0,0.0,0.0
25256,1.0,1,2.5899999141693115,1.0,0.0,0.0
25260,1.0,1,109.0,1.0,0.0,0.0
25262,1.0,1,59.5,1.0,0.0,0.0
25264,2.0,1,47.89999961853027,1.0,0.0,0.0
25269,1.0,1,25.989999771118164,1.0,0.0,0.0
25272,1.0,1,75.0,1.0,0.0,0.0
25283,1.0,2,71.49499988555908,1.0,342.0,0.0
25289,1.0,1,68.97000122070312,1.0,0.0,0.0
25290,3.0,1,63.499999046325684,1.0,0.0,0.0
25291,1.0,1,69.94999694824219,1.0,0.0,0.0
25307,4.0,1,176.9900016784668,1.0,0.0,0.0
25311,1.5,2,130.75,1.0,6.0,0.0
25315,1.0,1,27.950000762939453,1.0,0.0,0.0
25319,2.0,1,95.0,1.0,0.0,0.0
25322,4.0,1,151.98000144958496,1.0,0.0,0.0
25327,2.0,1,109.97999954223633,1.0,0.0,0.0
25328,1.0,1,39.75,1.0,0.0,0.0
25329,1.0,1,54.9900016784668,1.0,0.0,0.0
25335,1.5,2,124.88999938964844,1.0,137.0,0.0
25338,1.0,1,79.98999786376953,1.0,0.0,0.0
25339,2.0,1,79.45000076293945,1.0,0.0,0.0
25343,1.0,1,29.989999771118164,1.0,0.0,0.0
25351,1.0,1,11.010000228881836,1.0,0.0,0.0
25365,1.0,4,48.1200008392334,1.0,231.0,226.98678375623547
25366,1.0,1,14.899999618530272,1.0,0.0,0.0
25370,2.0,1,44.95000076293945,1.0,0.0,0.0
25380,1.5,2,82.6949987411499,1.0,370.0,0.0
25382,1.0,1,16.950000762939453,1.0,0.0,0.0
25388,1.0,1,49.880001068115234,1.0,0.0,0.0
25391,1.0,1,32.0,1.0,0.0,0.0
25393,1.0,1,15.0,1.0,0.0,0.0
25395,1.0,1,99.98999786376952,1.0,0.0,0.0
25396,1.0,1,58.0,1.0,0.0,0.0
25404,2.0,1,209.7100009918213,1.0,0.0,0.0
25406,1.0,1,34.9900016784668,1.0,0.0,0.0
25412,1.0,1,29.89999961853028,1.0,0.0,0.0
25414,1.0,1,36.0,1.0,0.0,0.0
25416,2.0,1,79.5,1.0,0.0,0.0
25419,1.0,1,58.5,1.0,0.0,0.0
25421,1.0,1,99.98999786376952,1.0,0.0,0.0
25425,1.0,1,135.0,1.0,0.0,0.0
25429,2.0,1,140.70000076293945,1.0,0.0,0.0
25435,1.0,1,595.0,1.0,0.0,0.0
25436,1.0,1,5.949999809265137,1.0,0.0,0.0
25437,1.0,1,20.489999771118164,1.0,0.0,0.0
25444,1.0,1,17.899999618530273,1.0,0.0,0.0
25447,1.0,1,13.300000190734863,1.0,0.0,0.0
25462,1.0,1,26.0,1.0,0.0,0.0
25465,1.0,1,32.9900016784668,1.0,0.0,0.0
25468,1.0,1,23.89999961853028,1.0,0.0,0.0
25469,1.0,2,55.97500038146973,1.0,189.0,0.0
25473,1.0,1,32.0,1.0,0.0,0.0
25474,1.0,1,32.95000076293945,1.0,0.0,0.0
25475,2.0,2,289.0,1.0,390.0,0.0
25482,1.0,1,15.0,1.0,0.0,0.0
25484,2.0,1,51.5,1.0,0.0,0.0
25486,1.0,1,25.5,1.0,0.0,0.0
25493,2.0,1,76.5,1.0,0.0,0.0
25495,3.0,1,145.48000144958496,1.0,0.0,0.0
25500,1.0,1,69.0,1.0,0.0,0.0
25501,2.0,1,267.5,1.0,0.0,0.0
25515,1.0,1,5.989999771118164,1.0,0.0,0.0
25519,2.0,1,114.48999977111816,1.0,0.0,0.0
25520,1.0,1,68.0,1.0,0.0,0.0
25521,3.0,1,299.49000549316406,1.0,0.0,0.0
25528,3.0,1,219.9499969482422,1.0,0.0,0.0
25532,2.0,1,128.9499969482422,1.0,0.0,0.0
25535,1.0,1,12.989999771118164,1.0,0.0,0.0
25543,1.0,2,69.75,1.0,1268.0,0.0
25545,2.0,1,104.88999938964844,1.0,0.0,0.0
25550,2.0,1,109.93999862670898,1.0,0.0,0.0
25553,1.0,1,17.850000381469727,1.0,0.0,0.0
25557,2.0,1,73.9799976348877,1.0,0.0,0.0
25558,1.0,1,10.0,1.0,0.0,0.0
25561,1.0,1,8.0,1.0,0.0,0.0
25567,1.0,2,37.605000495910645,1.0,656.0,0.0
25569,1.0,1,30.950000762939453,1.0,0.0,0.0
25570,1.0,1,34.9900016784668,1.0,0.0,0.0
25572,1.0,1,36.7599983215332,1.0,0.0,0.0
25575,1.0,1,43.700000762939446,1.0,0.0,0.0
25580,1.0,1,64.5,1.0,0.0,0.0
25585,1.0,1,68.0,1.0,0.0,0.0
25594,1.0,1,179.9499969482422,1.0,0.0,0.0
25595,2.5,2,115.35500144958496,1.0,61.0,0.0
25598,1.0,1,17.579999923706055,1.0,0.0,0.0
25600,1.0,1,12.649999618530272,1.0,0.0,0.0
25602,4.0,1,106.06000137329102,1.0,0.0,0.0
25604,1.0,1,37.720001220703125,1.0,0.0,0.0
25612,1.0,1,59.0,1.0,0.0,0.0
25617,1.0,1,49.9900016784668,1.0,0.0,0.0
25625,2.0,1,124.44999694824217,1.0,0.0,0.0
25627,1.0,1,29.989999771118164,1.0,0.0,0.0
25635,4.0,1,255.0800018310547,1.0,0.0,0.0
25636,2.0,1,83.4900016784668,1.0,0.0,0.0
25638,1.0,1,18.75,1.0,0.0,0.0
25642,1.0,1,89.98999786376953,1.0,0.0,0.0
25645,1.0,1,8.449999809265137,1.0,0.0,0.0
25649,1.0,1,38.950000762939446,1.0,0.0,0.0
25651,1.0,1,29.0,1.0,0.0,0.0
25653,2.5,2,108.26500034332275,1.0,29.0,0.0
25656,2.5,2,134.6500015258789,1.0,94.0,0.0
25658,1.0,1,19.989999771118164,1.0,0.0,0.0
25666,1.0,1,114.9499969482422,1.0,0.0,0.0
25669,2.0,1,158.98999977111816,1.0,0.0,0.0
25672,1.0,1,20.0,1.0,0.0,0.0
25678,1.0,1,8.989999771118164,1.0,0.0,0.0
25682,3.0,1,223.48999786376953,1.0,0.0,0.0
25688,1.0,1,148.0,1.0,0.0,0.0
25691,1.0,1,277.0799865722656,1.0,0.0,0.0
25699,1.0,1,4.989999771118164,1.0,0.0,0.0
25700,1.0,1,19.950000762939453,1.0,0.0,0.0
25703,1.0,1,68.0,1.0,0.0,0.0
25706,1.0,1,19.989999771118164,1.0,0.0,0.0
25715,1.0,1,45.97999954223633,1.0,0.0,0.0
25720,3.0,1,265.6300048828125,1.0,0.0,0.0
25722,1.0,1,40.0,1.0,0.0,0.0
25724,1.0,1,15.0,1.0,0.0,0.0
25731,1.0,1,68.0,1.0,0.0,0.0
25735,1.0,1,79.94999694824217,1.0,0.0,0.0
25736,2.0,1,226.15000534057617,1.0,0.0,0.0
25743,3.5,2,166.94500064849854,1.0,269.0,0.0
25746,1.0,1,89.98999786376953,1.0,0.0,0.0
25748,1.0,2,39.28000068664551,1.0,138.0,0.0
25750,2.0,2,383.7300033569336,1.0,14.0,0.0
25751,3.0,1,118.4299964904785,1.0,0.0,0.0
25752,1.0,1,19.989999771118164,1.0,0.0,0.0
25757,1.0,1,45.0,1.0,0.0,0.0
25758,1.0,2,20.97000026702881,1.0,333.0,0.0
25759,1.0,1,19.989999771118164,1.0,0.0,0.0
25763,1.0,1,16.450000762939453,1.0,0.0,0.0
25768,1.0,1,223.97000122070312,1.0,0.0,0.0
25776,2.0,1,112.5,1.0,0.0,0.0
25782,2.0,1,31.989999771118164,1.0,0.0,0.0
25785,1.0,1,69.0,1.0,0.0,0.0
25795,2.0,1,247.3899955749512,1.0,0.0,0.0
25805,1.0,2,144.4950008392334,1.0,243.0,0.0
25806,1.0,3,39.66000111897787,1.0,540.0,118.79393923933998
25808,1.0,1,29.989999771118164,1.0,0.0,0.0
25812,2.0,1,84.3700008392334,1.0,0.0,0.0
25818,1.0,1,107.9499969482422,1.0,0.0,0.0
25822,1.0,1,59.0,1.0,0.0,0.0
25823,1.0,1,17.5,1.0,0.0,0.0
25825,1.0,1,53.720001220703125,1.0,0.0,0.0
25831,2.0,1,76.5,1.0,0.0,0.0
25832,1.0,1,49.93999862670898,1.0,0.0,0.0
25844,4.0,1,125.05999851226807,1.0,0.0,0.0
25854,1.0,1,125.0,1.0,0.0,0.0
25862,2.0,1,58.989999771118164,1.0,0.0,0.0
25873,1.0,1,45.08000183105469,1.0,0.0,0.0
25874,1.5,2,86.3149995803833,1.0,23.0,0.0
25879,1.0,1,29.989999771118164,1.0,0.0,0.0
25881,2.0,1,59.9900016784668,1.0,0.0,0.0
25882,1.0,1,98.0,1.0,0.0,0.0
25883,1.0,1,64.94999694824219,1.0,0.0,0.0
25900,1.0,1,30.540000915527344,1.0,0.0,0.0
25904,2.0,2,69.64500141143799,1.0,626.0,0.0
25906,1.0,1,35.0,1.0,0.0,0.0
25912,2.0,1,88.45000076293945,1.0,0.0,0.0
25919,1.0,1,38.970001220703125,1.0,0.0,0.0
25920,4.0,1,276.2200012207031,1.0,0.0,0.0
25922,1.0,1,39.450000762939446,1.0,0.0,0.0
25923,1.0,1,93.38999938964844,1.0,0.0,0.0
25928,1.0,1,47.040000915527344,1.0,0.0,0.0
25931,1.0,1,39.950000762939446,1.0,0.0,0.0
25932,1.0,1,25.0,1.0,0.0,0.0
25934,2.0,1,248.98999786376953,1.0,0.0,0.0
25937,1.0,1,169.0,1.0,0.0,0.0
25940,1.0,1,230.0,1.0,0.0,0.0
25941,1.0,1,26.989999771118164,1.0,0.0,0.0
25946,1.0,1,39.9900016784668,1.0,0.0,0.0
25953,2.0,1,51.94000053405761,1.0,0.0,0.0
25958,1.0,1,20.0,1.0,0.0,0.0
25959,1.0,1,165.0,1.0,0.0,0.0
25964,1.0,2,22.494999885559082,1.0,681.0,0.0
25981,1.0,1,25.450000762939453,1.0,0.0,0.0
25985,3.0,2,230.99500274658203,1.0,1880.0,0.0
25988,1.0,2,25.19000005722046,1.0,4.0,0.0
26001,3.0,1,94.97999954223633,1.0,0.0,0.0
26004,1.0,1,26.96999931335449,1.0,0.0,0.0
26010,3.0,1,78.20999932289124,1.0,0.0,0.0
26013,1.0,1,92.0,1.0,0.0,0.0
26022,1.0,1,91.16000366210936,1.0,0.0,0.0
26030,1.0,1,59.0,1.0,0.0,0.0
26033,2.0,1,218.0,1.0,0.0,0.0
26042,1.0,1,32.0,1.0,0.0,0.0
26049,1.0,1,49.5,1.0,0.0,0.0
26051,1.0,1,67.94999694824219,1.0,0.0,0.0
26053,2.0,1,123.0,1.0,0.0,0.0
26054,1.0,1,59.9900016784668,1.0,0.0,0.0
26055,2.0,1,149.5,1.0,0.0,0.0
26059,1.0,1,45.0,1.0,0.0,0.0
26062,2.0,2,74.97500133514404,1.0,83.0,0.0
26064,1.0,1,9.770000457763674,1.0,0.0,0.0
26069,1.0,1,13.75,1.0,0.0,0.0
26073,1.0,1,32.9900016784668,1.0,0.0,0.0
26074,4.0,1,177.05000114440918,1.0,0.0,0.0
26076,1.0,1,173.0,1.0,0.0,0.0
26095,2.0,1,104.9299964904785,1.0,0.0,0.0
26111,1.0,2,24.994999885559082,1.0,291.0,0.0
26113,1.0,1,39.0,1.0,0.0,0.0
26115,1.0,1,16.239999771118164,1.0,0.0,0.0
26116,1.0,1,129.0,1.0,0.0,0.0
26124,2.0,1,235.8499984741211,1.0,0.0,0.0
26125,1.0,1,42.9900016784668,1.0,0.0,0.0
26127,1.0,1,10.0,1.0,0.0,0.0
26137,1.0,1,60.0,1.0,0.0,0.0
26149,1.0,1,11.989999771118164,1.0,0.0,0.0
26156,1.0,1,98.0,1.0,0.0,0.0
26159,1.0,1,62.5099983215332,1.0,0.0,0.0
26161,1.0,1,158.0,1.0,0.0,0.0
26162,4.0,1,162.43999671936035,1.0,0.0,0.0
26169,1.5,2,47.19999980926514,1.0,100.0,0.0
26170,1.0,1,8.510000228881836,1.0,0.0,0.0
26177,1.0,1,29.40999984741211,1.0,0.0,0.0
26181,1.0,1,74.0,1.0,0.0,0.0
26182,3.0,1,155.9900016784668,1.0,0.0,0.0
26184,1.5,2,27.875,1.0,398.0,0.0
26185,2.0,2,133.22500038146973,1.0,736.0,0.0
26188,1.0,1,17.950000762939453,1.0,0.0,0.0
26193,1.0,1,87.48999786376953,1.0,0.0,0.0
26194,1.0,1,15.0,1.0,0.0,0.0
26199,1.0,1,31.030000686645508,1.0,0.0,0.0
26200,2.0,1,39.8100004196167,1.0,0.0,0.0
26202,1.0,1,42.0,1.0,0.0,0.0
26203,2.0,1,55.0,1.0,0.0,0.0
26210,4.0,1,127.830002784729,1.0,0.0,0.0
26212,1.5,2,67.5,1.0,165.0,0.0
26226,1.0,1,29.0,1.0,0.0,0.0
26229,1.0,1,59.5,1.0,0.0,0.0
26231,1.0,1,39.0,1.0,0.0,0.0
26234,1.0,1,25.5,1.0,0.0,0.0
26236,1.0,2,34.0,1.0,285.0,0.0
26237,4.0,1,131.2700023651123,1.0,0.0,0.0
26238,2.0,1,170.0,1.0,0.0,0.0
26239,1.0,1,25.0,1.0,0.0,0.0
26240,2.0,1,71.98000144958496,1.0,0.0,0.0
26241,1.0,1,73.98999786376953,1.0,0.0,0.0
26245,3.0,1,250.4900016784668,1.0,0.0,0.0
26248,4.0,1,364.68999671936035,1.0,0.0,0.0
26249,1.0,1,229.0,1.0,0.0,0.0
26250,1.0,2,27.744999885559082,1.0,717.0,0.0
26251,3.0,1,104.0,1.0,0.0,0.0
26252,1.0,1,101.98999786376952,1.0,0.0,0.0
26265,1.0,1,49.950000762939446,1.0,0.0,0.0
26270,1.0,1,28.0,1.0,0.0,0.0
26272,2.0,1,103.29000091552734,1.0,0.0,0.0
26274,1.0,1,49.950000762939446,1.0,0.0,0.0
26280,1.0,1,34.0,1.0,0.0,0.0
26285,2.0,1,53.95000076293945,1.0,0.0,0.0
26290,1.0,1,42.9900016784668,1.0,0.0,0.0
26291,3.0,1,137.51999855041504,1.0,0.0,0.0
26292,1.0,1,28.0,1.0,0.0,0.0
26293,2.0,1,166.0,1.0,0.0,0.0
26294,1.0,1,38.970001220703125,1.0,0.0,0.0
26297,2.0,1,143.93999862670898,1.0,0.0,0.0
26298,1.0,2,46.47500038146973,1.0,1925.0,0.0
26312,2.0,1,237.11999511718747,1.0,0.0,0.0
26314,1.0,1,11.25,1.0,0.0,0.0
26322,1.0,1,54.9900016784668,1.0,0.0,0.0
26323,2.0,1,69.94000053405762,1.0,0.0,0.0
26324,1.0,1,13.949999809265137,1.0,0.0,0.0
26328,2.0,2,140.625,1.0,114.0,0.0
26335,1.0,1,79.0,1.0,0.0,0.0
26337,1.0,1,11.510000228881836,1.0,0.0,0.0
26344,2.0,1,48.619998931884766,1.0,0.0,0.0
26348,2.0,1,442.5,1.0,0.0,0.0
26353,1.0,1,35.0,1.0,0.0,0.0
26354,1.0,1,29.89999961853028,1.0,0.0,0.0
26355,1.0,1,12.0,1.0,0.0,0.0
26360,1.0,1,23.0,1.0,0.0,0.0
26361,2.0,1,81.23999977111816,1.0,0.0,0.0
26362,1.0,1,7.989999771118163,1.0,0.0,0.0
26363,3.0,1,167.5099983215332,1.0,0.0,0.0
26368,1.0,1,44.5,1.0,0.0,0.0
26370,1.0,1,39.9900016784668,1.0,0.0,0.0
26373,1.0,1,64.0,1.0,0.0,0.0
26379,1.0,1,55.0,1.0,0.0,0.0
26380,1.0,2,42.99499988555908,1.0,1198.0,0.0
26383,3.0,1,244.97999954223633,1.0,0.0,0.0
26387,1.0,1,24.0,1.0,0.0,0.0
26388,2.0,1,94.0,1.0,0.0,0.0
26389,1.0,1,25.0,1.0,0.0,0.0
26391,1.0,1,40.0,1.0,0.0,0.0
26392,2.0,1,77.98999977111816,1.0,0.0,0.0
26394,1.0,2,22.5,1.0,126.0,0.0
26396,1.0,1,13.489999771118164,1.0,0.0,0.0
26398,1.0,1,14.899999618530272,1.0,0.0,0.0
26399,1.0,1,54.0,1.0,0.0,0.0
26400,2.0,1,68.0,1.0,0.0,0.0
26401,1.0,1,20.950000762939453,1.0,0.0,0.0
26403,1.0,1,70.0,1.0,0.0,0.0
26406,1.0,1,49.950000762939446,1.0,0.0,0.0
26417,1.0,1,38.0,1.0,0.0,0.0
26418,3.0,1,223.9900016784668,1.0,0.0,0.0
26422,1.0,1,18.0,1.0,0.0,0.0
26433,1.0,1,39.5,1.0,0.0,0.0
26435,3.0,1,164.5,1.0,0.0,0.0
26436,1.0,1,42.9900016784668,1.0,0.0,0.0
26437,2.0,1,37.96999979019165,1.0,0.0,0.0
26440,2.0,1,101.68999671936034,1.0,0.0,0.0
26444,1.0,2,18.06999969482422,1.0,75.0,0.0
26454,1.0,1,19.26000022888184,1.0,0.0,0.0
26456,1.0,1,34.9900016784668,1.0,0.0,0.0
26460,1.0,1,99.98999786376952,1.0,0.0,0.0
26461,1.0,1,19.989999771118164,1.0,0.0,0.0
26463,2.0,2,59.47500038146973,1.0,83.0,0.0
26471,1.0,1,11.989999771118164,1.0,0.0,0.0
26472,1.0,1,158.3300018310547,1.0,0.0,0.0
26475,1.0,1,8.989999771118164,1.0,0.0,0.0
26478,1.5,1,183.79999923706055,2.0,9.0,0.0
26481,1.0,1,174.0,1.0,0.0,0.0
26488,2.0,2,45.00500011444092,1.0,128.0,0.0
26489,1.0,1,29.989999771118164,1.0,0.0,0.0
26492,1.0,1,43.5099983215332,1.0,0.0,0.0
26493,1.0,2,35.99499988555908,1.0,279.0,0.0
26496,1.0,1,18.989999771118164,1.0,0.0,0.0
26498,1.0,1,49.5,1.0,0.0,0.0
26509,1.0,1,12.989999771118164,1.0,0.0,0.0
26512,1.0,1,12.989999771118164,1.0,0.0,0.0
26520,4.0,1,290.439998626709,1.0,0.0,0.0
26529,2.0,1,58.0,1.0,0.0,0.0
26531,1.0,2,30.970000267028805,1.0,46.0,0.0
26534,1.0,1,141.5800018310547,2.0,3.0,0.0
26538,1.0,1,40.0,1.0,0.0,0.0
26539,1.0,1,11.579999923706056,1.0,0.0,0.0
26544,3.5,2,222.93000030517578,1.0,261.0,0.0
26551,1.0,1,34.0,1.0,0.0,0.0
26555,1.0,1,38.0,1.0,0.0,0.0
26556,1.0,1,30.0,1.0,0.0,0.0
26560,1.0,1,191.0,1.0,0.0,0.0
26563,1.0,1,66.0,1.0,0.0,0.0
26564,3.0,1,229.93000411987305,1.0,0.0,0.0
26570,1.0,2,52.265000343322754,1.0,380.0,0.0
26582,1.0,1,25.0,1.0,0.0,0.0
26591,2.0,1,124.98999786376952,1.0,0.0,0.0
26593,1.0,1,19.950000762939453,1.0,0.0,0.0
26598,2.0,1,375.0,1.0,0.0,0.0
26609,1.0,1,9.5,1.0,0.0,0.0
26611,1.0,1,32.0,1.0,0.0,0.0
26612,1.0,1,29.989999771118164,1.0,0.0,0.0
26614,2.0,2,60.28499984741211,1.0,550.0,0.0
26618,1.0,1,109.0,1.0,0.0,0.0
26621,1.0,2,34.36500072479248,1.0,464.0,0.0
26624,1.0,1,25.0,1.0,0.0,0.0
26626,1.0,1,16.989999771118164,1.0,0.0,0.0
26629,1.0,1,59.5,1.0,0.0,0.0
26632,2.0,1,61.739999771118164,1.0,0.0,0.0
26646,2.0,1,60.0,1.0,0.0,0.0
26647,1.0,1,20.0,1.0,0.0,0.0
26651,1.0,2,28.950000762939453,1.0,1390.0,0.0
26655,2.0,1,152.57000541687012,1.0,0.0,0.0
26661,1.0,1,96.0,1.0,0.0,0.0
26662,1.0,1,39.5,1.0,0.0,0.0
26669,1.0,1,24.989999771118164,1.0,0.0,0.0
26670,1.0,1,79.44999694824217,1.0,0.0,0.0
26673,1.0,1,21.89999961853028,1.0,0.0,0.0
26679,1.0,1,37.950000762939446,1.0,0.0,0.0
26688,1.0,1,150.0,1.0,0.0,0.0
26689,1.0,2,63.99499988555908,1.0,429.0,0.0
26696,4.0,1,141.6200008392334,1.0,0.0,0.0
26697,1.0,1,89.9800033569336,1.0,0.0,0.0
26698,1.0,1,20.0,1.0,0.0,0.0
26702,1.0,1,169.0,1.0,0.0,0.0
26713,1.0,1,45.9900016784668,1.0,0.0,0.0
26715,1.0,1,80.0,1.0,0.0,0.0
26717,1.0,1,84.98999786376953,1.0,0.0,0.0
26727,1.0,2,78.9950008392334,1.0,681.0,0.0
26741,2.0,2,75.49000072479248,1.0,161.0,0.0
26745,1.0,1,74.98999786376953,1.0,0.0,0.0
26749,1.0,1,67.0,1.0,0.0,0.0
26750,1.0,1,25.0,1.0,0.0,0.0
26753,2.0,1,73.18000030517578,1.0,0.0,0.0
26754,1.0,1,27.950000762939453,1.0,0.0,0.0
26757,2.0,1,60.950000762939446,1.0,0.0,0.0
26758,1.0,1,28.0,1.0,0.0,0.0
26759,1.0,1,30.0,1.0,0.0,0.0
26763,1.0,1,36.0,1.0,0.0,0.0
26766,2.0,1,44.78000068664551,1.0,0.0,0.0
26767,1.0,1,16.979999542236328,1.0,0.0,0.0
26776,1.0,1,155.0,1.0,0.0,0.0
26778,1.0,1,41.989999771118164,2.0,12.0,0.0
26780,2.0,1,131.98999786376953,1.0,0.0,0.0
26785,1.0,1,38.5,1.0,0.0,0.0
26786,3.0,2,166.28500080108643,1.0,19.0,0.0
26792,1.0,1,14.989999771118164,1.0,0.0,0.0
26805,1.0,1,44.0,1.0,0.0,0.0
26807,1.0,1,18.64999961853028,1.0,0.0,0.0
26810,1.0,1,23.15999984741211,1.0,0.0,0.0
26814,3.0,2,129.66500163078308,1.0,577.0,0.0
26816,1.0,1,11.989999771118164,1.0,0.0,0.0
26819,1.0,1,59.0,1.0,0.0,0.0
26822,2.0,1,49.58999824523926,1.0,0.0,0.0
26824,1.0,2,129.49500274658203,1.0,26.0,0.0
26828,1.0,1,142.99000549316406,1.0,0.0,0.0
26833,2.0,1,308.5,1.0,0.0,0.0
26838,1.0,1,99.73999786376952,1.0,0.0,0.0
26839,1.0,1,28.989999771118164,1.0,0.0,0.0
26842,1.0,1,79.98999786376953,1.0,0.0,0.0
26845,1.0,1,42.9900016784668,1.0,0.0,0.0
26847,1.0,2,54.9950008392334,1.0,37.0,0.0
26850,1.0,1,25.979999542236328,1.0,0.0,0.0
26853,1.0,2,51.25,1.0,568.0,0.0
26868,1.0,1,189.0,1.0,0.0,0.0
26876,1.0,1,145.0,1.0,0.0,0.0
26878,1.5,2,37.0,1.0,945.0,0.0
26882,4.0,1,126.93000030517578,1.0,0.0,0.0
26888,2.0,1,199.9399995803833,1.0,0.0,0.0
26890,4.0,1,455.3699951171875,1.0,0.0,0.0
26894,1.0,1,31.989999771118164,1.0,0.0,0.0
26896,2.0,1,189.48999786376953,1.0,0.0,0.0
26898,1.0,1,43.0,1.0,0.0,0.0
26901,2.0,1,148.0,1.0,0.0,0.0
26908,1.0,1,25.0,1.0,0.0,0.0
26910,1.0,1,125.0,1.0,0.0,0.0
26914,1.0,1,45.950000762939446,1.0,0.0,0.0
26917,1.0,1,148.0,1.0,0.0,0.0
26919,1.5,2,122.23999977111816,1.0,202.0,0.0
26923,1.0,1,24.0,1.0,0.0,0.0
26926,1.0,2,83.9950008392334,1.0,518.0,0.0
26932,2.0,1,96.95000076293945,1.0,0.0,0.0
26935,2.0,1,44.97999954223633,1.0,0.0,0.0
26942,3.0,1,57.989999771118164,1.0,0.0,0.0
26946,1.0,2,60.75,1.0,442.0,0.0
26948,1.0,1,42.5,1.0,0.0,0.0
26949,1.5,2,75.37999820709229,1.0,258.0,0.0
26966,1.0,2,53.48999881744385,1.0,897.0,0.0
26969,1.0,2,39.69499969482421,1.0,965.0,0.0
26974,1.0,1,25.0,1.0,0.0,0.0
26976,1.0,1,31.190000534057617,1.0,0.0,0.0
26977,2.0,1,103.29000091552736,1.0,0.0,0.0
26980,4.0,1,185.9900016784668,1.0,0.0,0.0
26981,1.0,1,25.0,1.0,0.0,0.0
26982,1.0,1,12.0,1.0,0.0,0.0
26983,1.0,1,25.0,1.0,0.0,0.0
26985,1.0,1,154.0,1.0,0.0,0.0
26989,1.0,1,147.99000549316406,1.0,0.0,0.0
26999,2.0,1,73.0,1.0,0.0,0.0
27002,1.0,1,27.989999771118164,1.0,0.0,0.0
27003,1.0,2,41.29500102996826,1.0,301.0,0.0
27011,1.0,1,13.989999771118164,1.0,0.0,0.0
27012,2.0,1,103.45000076293945,1.0,0.0,0.0
27013,1.0,1,36.9900016784668,1.0,0.0,0.0
27015,1.0,1,33.599998474121094,1.0,0.0,0.0
27020,1.0,1,36.880001068115234,1.0,0.0,0.0
27026,1.0,1,42.0,1.0,0.0,0.0
27029,4.0,1,239.4099998474121,1.0,0.0,0.0
27031,2.0,2,239.5,1.0,48.0,0.0
27035,1.0,1,128.0,1.0,0.0,0.0
27041,1.5,2,30.519999980926514,1.0,580.0,0.0
27042,1.0,1,14.0,1.0,0.0,0.0
27043,1.0,1,49.9900016784668,1.0,0.0,0.0
27050,1.0,1,6.989999771118164,1.0,0.0,0.0
27054,1.0,2,303.25,1.0,615.0,0.0
27055,1.0,1,29.989999771118164,1.0,0.0,0.0
27056,1.0,1,49.450000762939446,1.0,0.0,0.0
27058,1.0,2,64.39999961853027,1.0,326.0,0.0
27067,1.0,1,32.45000076293945,1.0,0.0,0.0
27078,1.0,1,120.0,1.0,0.0,0.0
27081,1.0,1,71.94999694824219,1.0,0.0,0.0
27090,1.0,1,36.400001525878906,1.0,0.0,0.0
27091,1.0,1,67.98999786376953,1.0,0.0,0.0
27092,2.0,1,54.989999771118164,1.0,0.0,0.0
27094,1.0,1,25.0,1.0,0.0,0.0
27102,2.0,1,291.3700075149536,1.0,0.0,0.0
27110,2.0,1,99.97000122070312,1.0,0.0,0.0
27112,1.0,1,55.0,1.0,0.0,0.0
27117,2.0,1,127.26000213623048,1.0,0.0,0.0
27124,1.0,1,33.54999923706055,1.0,0.0,0.0
27127,1.0,1,9.989999771118164,1.0,0.0,0.0
27130,1.0,1,29.89999961853028,1.0,0.0,0.0
27131,2.0,1,177.93999671936035,1.0,0.0,0.0
27132,1.0,1,36.950000762939446,1.0,0.0,0.0
27135,1.5,2,169.48999881744385,1.0,121.0,0.0
27142,1.0,1,48.0,1.0,0.0,0.0
27143,1.0,1,34.0,1.0,0.0,0.0
27154,3.0,2,156.46999979019165,1.0,1128.0,0.0
27159,1.0,2,32.13500022888183,1.0,21.0,0.0
27163,1.0,1,20.0,1.0,0.0,0.0
27165,1.0,1,52.68999862670898,1.0,0.0,0.0
27166,1.0,2,43.38499879837036,1.0,786.0,0.0
27167,1.0,1,14.0,1.0,0.0,0.0
27170,1.0,1,19.989999771118164,1.0,0.0,0.0
27175,1.0,1,19.0,1.0,0.0,0.0
27176,1.0,1,87.94000244140625,1.0,0.0,0.0
27177,1.0,1,74.5,1.0,0.0,0.0
27178,1.0,1,19.989999771118164,1.0,0.0,0.0
27187,1.0,1,29.989999771118164,1.0,0.0,0.0
27190,1.0,1,36.0,1.0,0.0,0.0
27199,1.0,1,34.9900016784668,1.0,0.0,0.0
27202,4.0,1,297.45000076293945,1.0,0.0,0.0
27203,1.0,1,109.0,1.0,0.0,0.0
27205,1.0,2,64.5,1.0,232.0,0.0
27209,1.0,1,14.81999969482422,1.0,0.0,0.0
27212,2.0,1,284.0,2.0,13.0,0.0
27215,1.0,1,59.0,1.0,0.0,0.0
27219,4.0,1,253.92000198364258,1.0,0.0,0.0
27221,2.0,1,207.56999969482422,1.0,0.0,0.0
27224,1.0,1,21.0,1.0,0.0,0.0
27230,1.0,1,11.979999542236328,1.0,0.0,0.0
27233,1.0,1,42.950000762939446,1.0,0.0,0.0
27234,1.0,1,59.0,1.0,0.0,0.0
27239,1.0,1,31.989999771118164,1.0,0.0,0.0
27240,3.0,1,269.98999786376953,1.0,0.0,0.0
27249,1.5,1,384.0,2.0,18.0,0.0
27250,2.0,1,31.75,1.0,0.0,0.0
27251,1.0,1,16.75,1.0,0.0,0.0
27254,2.0,1,69.5,1.0,0.0,0.0
27257,1.0,1,44.9900016784668,1.0,0.0,0.0
27265,1.0,1,14.989999771118164,1.0,0.0,0.0
27269,1.0,1,398.0,1.0,0.0,0.0
27270,1.0,1,48.0,1.0,0.0,0.0
27277,1.0,1,16.850000381469727,1.0,0.0,0.0
27291,4.0,1,200.09999990463257,1.0,0.0,0.0
27294,1.0,1,15.75,1.0,0.0,0.0
27302,1.0,1,64.0,1.0,0.0,0.0
27305,2.0,1,214.23999786376953,1.0,0.0,0.0
27307,1.5,2,66.49499988555908,1.0,594.0,0.0
27309,1.0,1,9.989999771118164,1.0,0.0,0.0
27310,1.0,1,38.119998931884766,1.0,0.0,0.0
27311,1.0,3,47.31666692097982,1.0,132.0,123.03657992645927
27312,2.0,1,109.09999656677243,1.0,0.0,0.0
27315,1.0,1,12.600000381469728,1.0,0.0,0.0
27321,2.0,1,35.3700008392334,1.0,0.0,0.0
27331,1.0,2,41.61999988555908,1.0,970.0,0.0
27333,1.0,2,48.239999771118164,1.0,38.0,0.0
27342,2.0,1,23.9399995803833,1.0,0.0,0.0
27354,1.3333333333333333,3,102.99000231424968,1.0,296.5,303.3488091290289
27362,1.0,1,49.97999954223633,1.0,0.0,0.0
27365,2.0,1,72.94999980926514,1.0,0.0,0.0
27374,1.0,1,79.5,1.0,0.0,0.0
27375,1.0,1,44.630001068115234,1.0,0.0,0.0
27391,1.0,1,1.75,1.0,0.0,0.0
27392,4.0,1,180.95999908447266,1.0,0.0,0.0
27404,1.0,1,29.989999771118164,1.0,0.0,0.0
27405,2.0,1,72.6400032043457,1.0,0.0,0.0
27407,1.0,1,24.989999771118164,1.0,0.0,0.0
27410,1.0,1,34.9900016784668,1.0,0.0,0.0
27413,3.0,1,186.87000274658203,1.0,0.0,0.0
27414,1.0,1,5.989999771118164,1.0,0.0,0.0
27416,1.0,1,63.7400016784668,1.0,0.0,0.0
27421,1.0,1,3.1700000762939453,1.0,0.0,0.0
27422,1.0,2,28.42499923706055,1.0,824.0,0.0
27423,1.0,1,39.83000183105469,1.0,0.0,0.0
27425,1.0,1,13.270000457763672,1.0,0.0,0.0
27426,1.0,1,24.989999771118164,1.0,0.0,0.0
27428,1.0,2,87.46999931335448,1.0,182.0,0.0
27430,1.0,1,39.9900016784668,1.0,0.0,0.0
27434,1.0,1,8.75,1.0,0.0,0.0
27437,1.0,1,18.0,1.0,0.0,0.0
27440,2.0,1,406.98999977111816,1.0,0.0,0.0
27441,1.0,1,28.0,1.0,0.0,0.0
27443,4.0,1,252.02000617980957,1.0,0.0,0.0
27445,1.0,1,59.0,1.0,0.0,0.0
27460,1.0,1,150.0,1.0,0.0,0.0
27461,1.0,1,10.0,1.0,0.0,0.0
27463,1.0,1,54.0,1.0,0.0,0.0
27464,1.0,1,14.989999771118164,1.0,0.0,0.0
27469,1.0,1,34.9900016784668,1.0,0.0,0.0
27473,3.0,1,130.97000122070312,1.0,0.0,0.0
27475,1.0,1,8.989999771118164,1.0,0.0,0.0
27476,1.0,1,299.95001220703125,1.0,0.0,0.0
27477,1.0,1,39.9900016784668,1.0,0.0,0.0
27479,2.0,1,96.5,1.0,0.0,0.0
27480,2.0,1,101.98999977111816,1.0,0.0,0.0
27487,1.0,1,10.920000076293944,1.0,0.0,0.0
27489,1.5,2,109.99499988555908,1.0,959.0,0.0
27492,1.0,1,54.9900016784668,1.0,0.0,0.0
27493,1.0,1,28.0,1.0,0.0,0.0
27495,1.0,2,47.224998474121094,1.0,486.0,0.0
27503,1.5,2,70.9950008392334,1.0,585.0,0.0
27504,1.0,1,29.8799991607666,1.0,0.0,0.0
27506,1.0,1,12.289999961853027,1.0,0.0,0.0
27508,1.0,1,19.989999771118164,1.0,0.0,0.0
27515,1.0,1,50.09000015258789,1.0,0.0,0.0
27519,1.0,1,10.0,1.0,0.0,0.0
27521,1.0,1,39.5,1.0,0.0,0.0
27524,1.0,1,199.94999694824216,1.0,0.0,0.0
27526,3.0,1,320.0,1.0,0.0,0.0
27530,1.0,1,75.7300033569336,1.0,0.0,0.0
27532,1.0,1,47.16999816894531,1.0,0.0,0.0
27533,1.0,1,19.989999771118164,1.0,0.0,0.0
27535,1.0,1,495.0,1.0,0.0,0.0
27538,1.0,1,69.98999786376953,1.0,0.0,0.0
27546,1.0,1,74.5,1.0,0.0,0.0
27548,1.3333333333333333,3,57.65333398183187,1.0,256.5,113.84419177103415
27553,1.0,1,50.380001068115234,1.0,0.0,0.0
27557,1.0,1,25.0,1.0,0.0,0.0
27559,1.0,1,99.5,1.0,0.0,0.0
27561,1.0,1,57.930000305175774,1.0,0.0,0.0
27563,1.0,1,55.0,1.0,0.0,0.0
27565,2.0,1,172.98999977111816,1.0,0.0,0.0
27568,2.0,1,87.57000160217285,1.0,0.0,0.0
27584,2.0,1,204.89999771118164,1.0,0.0,0.0
27585,1.0,1,9.5,1.0,0.0,0.0
27588,1.0,1,100.98999786376952,1.0,0.0,0.0
27603,1.0,1,99.5,1.0,0.0,0.0
27604,1.0,1,100.0,1.0,0.0,0.0
27610,2.0,1,65.44000244140625,1.0,0.0,0.0
27613,1.0,1,79.5,1.0,0.0,0.0
27619,1.0,2,27.49000072479248,1.0,506.0,0.0
27621,1.0,1,49.950000762939446,1.0,0.0,0.0
27629,1.0,1,220.0,1.0,0.0,0.0
27630,4.0,1,634.6399993896484,1.0,0.0,0.0
27635,3.0,1,82.44000244140625,1.0,0.0,0.0
27638,2.0,1,116.88999938964845,1.0,0.0,0.0
27641,1.0,1,13.0,1.0,0.0,0.0
27644,1.0,1,62.0,1.0,0.0,0.0
27647,1.0,2,28.730000495910645,1.0,933.0,0.0
27650,2.0,1,43.989999771118164,1.0,0.0,0.0
27651,2.0,1,104.9900016784668,1.0,0.0,0.0
27652,2.0,1,114.48999977111816,1.0,0.0,0.0
27654,1.0,1,51.0,1.0,0.0,0.0
27656,1.0,1,39.9900016784668,1.0,0.0,0.0
27659,2.0,1,50.989999771118164,1.0,0.0,0.0
27660,1.0,1,49.9900016784668,1.0,0.0,0.0
27665,1.0,1,150.0,1.0,0.0,0.0
27669,1.0,1,23.729999542236328,1.0,0.0,0.0
27682,1.0,2,92.5,1.0,972.0,0.0
27685,1.0,1,32.0,1.0,0.0,0.0
27688,1.0,1,65.0,1.0,0.0,0.0
27690,1.0,1,378.0,1.0,0.0,0.0
27693,2.0,1,183.0,1.0,0.0,0.0
27695,2.0,2,95.68499994277954,1.0,188.0,0.0
27703,1.0,1,9.949999809265137,1.0,0.0,0.0
27705,1.0,1,9.0,1.0,0.0,0.0
27707,1.0,1,127.51000213623048,1.0,0.0,0.0
27710,2.0,1,154.5,1.0,0.0,0.0
27720,1.0,1,44.9900016784668,1.0,0.0,0.0
27721,2.0,1,46.80000114440918,1.0,0.0,0.0
27723,1.0,1,247.5,1.0,0.0,0.0
27724,1.0,1,122.59999847412108,1.0,0.0,0.0
27733,1.0,1,68.0,1.0,0.0,0.0
27734,1.0,1,11.140000343322754,1.0,0.0,0.0
27741,1.0,1,189.9900054931641,1.0,0.0,0.0
27746,1.5,2,75.99499988555908,1.0,54.0,0.0
27749,1.0,1,159.9499969482422,1.0,0.0,0.0
27757,1.0,1,26.989999771118164,1.0,0.0,0.0
27761,1.0,1,25.0,1.0,0.0,0.0
27768,3.0,1,190.93999862670898,1.0,0.0,0.0
27769,1.0,1,44.9900016784668,1.0,0.0,0.0
27770,1.0,1,26.0,1.0,0.0,0.0
27773,1.0,1,299.95001220703125,1.0,0.0,0.0
27777,1.0,1,49.5,1.0,0.0,0.0
27789,4.0,1,136.9699993133545,1.0,0.0,0.0
27790,2.0,2,78.17500019073486,1.0,387.0,0.0
27793,1.0,1,129.92999267578125,1.0,0.0,0.0
27801,1.0,1,68.0,1.0,0.0,0.0
27803,1.0,1,109.0,1.0,0.0,0.0
27806,2.0,1,196.81999969482422,1.0,0.0,0.0
27807,1.0,1,55.9900016784668,1.0,0.0,0.0
27808,1.0,2,44.14999961853027,1.0,322.0,0.0
27816,1.5,2,142.09500312805176,1.0,1530.0,0.0
27818,1.0,2,34.890000343322754,1.0,205.0,0.0
27819,1.0,1,39.950000762939446,1.0,0.0,0.0
27823,2.0,1,59.75,1.0,0.0,0.0
27825,1.0,1,69.94999694824219,1.0,0.0,0.0
27826,1.0,1,44.9900016784668,1.0,0.0,0.0
27827,1.0,1,82.98999786376953,1.0,0.0,0.0
27828,1.0,1,99.0,1.0,0.0,0.0
27829,1.0,1,47.950000762939446,1.0,0.0,0.0
27830,1.5,4,52.3650004863739,1.0,42.333333333333336,19.55334583474995
27833,1.0,1,20.590000152587887,1.0,0.0,0.0
27836,4.0,1,382.37999725341797,1.0,0.0,0.0
27837,1.0,2,11.799999713897705,1.0,130.0,0.0
27840,1.0,1,249.9900054931641,1.0,0.0,0.0
27844,1.0,1,39.9900016784668,1.0,0.0,0.0
27847,1.0,1,20.0,1.0,0.0,0.0
27848,2.0,1,218.54999923706055,1.0,0.0,0.0
27851,2.0,1,172.0999984741211,1.0,0.0,0.0
27854,1.0,1,448.0,1.0,0.0,0.0
27855,1.0,1,903.0,1.0,0.0,0.0
27857,1.5,2,39.22499990463257,1.0,460.0,0.0
27859,1.0,1,22.76000022888184,1.0,0.0,0.0
27861,2.0,2,70.97000026702881,1.0,118.0,0.0
27863,1.0,2,33.670000076293945,1.0,531.0,0.0
27866,2.0,1,80.20000076293945,1.0,0.0,0.0
27871,1.0,1,41.5,1.0,0.0,0.0
27874,1.0,1,79.98999786376953,1.0,0.0,0.0
27881,1.0,1,58.0,1.0,0.0,0.0
27885,1.0,1,199.9900054931641,1.0,0.0,0.0
27890,1.0,2,67.49499893188477,1.0,700.0,0.0
27893,1.0,2,94.0,1.0,470.0,0.0
27896,1.0,1,24.979999542236328,1.0,0.0,0.0
27902,2.0,1,102.64999961853027,1.0,0.0,0.0
27922,1.0,1,18.709999084472656,1.0,0.0,0.0
27923,4.0,1,367.98000144958496,1.0,0.0,0.0
27925,1.0,1,35.0,1.0,0.0,0.0
27930,1.0,1,36.34000015258789,1.0,0.0,0.0
27933,2.0,1,508.0,1.0,0.0,0.0
27936,1.0,1,65.94999694824219,1.0,0.0,0.0
27939,1.0,1,49.9900016784668,1.0,0.0,0.0
27943,1.0,1,39.0,1.0,0.0,0.0
27945,1.0,1,28.0,1.0,0.0,0.0
27947,1.0,1,26.0,1.0,0.0,0.0
27949,4.0,1,292.8799991607666,1.0,0.0,0.0
27950,4.0,1,145.1899995803833,1.0,0.0,0.0
27951,1.0,1,191.99000549316406,2.0,16.0,0.0
27952,1.0,1,280.6700134277344,1.0,0.0,0.0
27955,2.0,1,40.38000011444092,1.0,0.0,0.0
27957,1.0,1,25.0,1.0,0.0,0.0
27967,2.0,1,77.9900016784668,1.0,0.0,0.0
27970,3.0,1,97.94000053405762,1.0,0.0,0.0
27972,1.0,1,5.369999885559082,1.0,0.0,0.0
27976,1.0,1,42.0,1.0,0.0,0.0
27984,1.0,1,42.9900016784668,1.0,0.0,0.0
27987,1.0,2,91.31999969482422,1.0,1575.0,0.0
27993,1.0,1,54.9900016784668,1.0,0.0,0.0
27998,1.0,1,110.0,1.0,0.0,0.0
28000,1.0,1,59.9900016784668,1.0,0.0,0.0
28003,1.0,1,50.0,1.0,0.0,0.0
28010,1.0,1,15.989999771118164,1.0,0.0,0.0
28012,1.0,1,26.0,1.0,0.0,0.0
28015,1.0,1,24.0,1.0,0.0,0.0
28016,2.0,1,186.8700065612793,1.0,0.0,0.0
28018,1.0,1,51.970001220703125,1.0,0.0,0.0
28025,1.0,1,39.5,1.0,0.0,0.0
28030,1.0,1,50.0,1.0,0.0,0.0
28031,1.0,1,7.989999771118163,1.0,0.0,0.0
28036,1.0,1,30.0,1.0,0.0,0.0
28037,2.0,1,132.0,1.0,0.0,0.0
28039,1.0,1,19.540000915527344,1.0,0.0,0.0
28040,1.0,1,12.989999771118164,1.0,0.0,0.0
28043,1.0,1,58.9900016784668,1.0,0.0,0.0
28044,1.0,2,27.875,1.0,600.0,0.0
28045,1.0,1,34.9900016784668,1.0,0.0,0.0
28046,1.0,1,48.9900016784668,1.0,0.0,0.0
28054,1.0,1,38.0,1.0,0.0,0.0
28055,1.0,1,88.0,1.0,0.0,0.0
28057,1.0,1,34.22999954223633,1.0,0.0,0.0
28058,1.0,1,67.94999694824219,1.0,0.0,0.0
28060,1.0,1,89.98999786376953,1.0,0.0,0.0
28063,2.0,1,153.0,1.0,0.0,0.0
28065,3.0,1,127.9000015258789,1.0,0.0,0.0
28077,1.0,1,99.5,1.0,0.0,0.0
28085,2.0,1,89.95000076293945,1.0,0.0,0.0
28093,2.0,1,145.0,1.0,0.0,0.0
28096,1.0,1,22.989999771118164,1.0,0.0,0.0
28108,2.0,1,202.9900016784668,1.0,0.0,0.0
28109,3.0,1,46.11999988555908,1.0,0.0,0.0
28113,1.0,1,44.0,1.0,0.0,0.0
28122,2.0,1,173.0,1.0,0.0,0.0
28126,2.0,1,74.47999954223633,1.0,0.0,0.0
28128,1.0,1,44.0,1.0,0.0,0.0
28132,3.0,1,113.9900016784668,1.0,0.0,0.0
28135,1.0,1,166.0,1.0,0.0,0.0
28138,1.0,1,29.89999961853028,1.0,0.0,0.0
28141,2.0,1,220.9900016784668,1.0,0.0,0.0
28143,2.0,1,407.9499969482422,1.0,0.0,0.0
28145,3.0,1,185.9300022125244,1.0,0.0,0.0
28146,1.0,1,24.0,1.0,0.0,0.0
28148,1.0,1,59.0,1.0,0.0,0.0
28150,1.0,2,64.98999881744385,1.0,319.0,0.0
28151,2.0,1,50.5,1.0,0.0,0.0
28152,1.0,1,18.0,1.0,0.0,0.0
28159,1.0,1,24.0,1.0,0.0,0.0
28165,1.0,1,46.220001220703125,1.0,0.0,0.0
28168,1.0,1,334.9900016784668,2.0,18.0,0.0
28171,1.0,1,43.6599998474121,1.0,0.0,0.0
28174,4.0,1,177.74999809265137,1.0,0.0,0.0
28182,1.0,1,78.0,1.0,0.0,0.0
28183,1.0,1,29.950000762939453,1.0,0.0,0.0
28187,1.0,2,136.48999977111816,1.0,717.0,0.0
28189,1.0,1,100.0,1.0,0.0,0.0
28192,2.0,1,47.75,1.0,0.0,0.0
28199,1.0,1,180.0,1.0,0.0,0.0
28200,1.0,1,13.989999771118164,1.0,0.0,0.0
28201,1.0,1,37.2599983215332,1.0,0.0,0.0
28205,1.0,1,9.899999618530272,1.0,0.0,0.0
28211,1.0,1,83.18000030517578,1.0,0.0,0.0
28214,2.0,1,159.98999786376953,1.0,0.0,0.0
28215,1.0,1,72.0,1.0,0.0,0.0
28216,1.0,1,26.989999771118164,1.0,0.0,0.0
28217,2.0,1,110.98999977111816,1.0,0.0,0.0
28220,1.0,1,25.0,1.0,0.0,0.0
28224,1.0,1,60.560001373291016,1.0,0.0,0.0
28227,1.0,1,26.989999771118164,1.0,0.0,0.0
28231,1.0,1,59.5,1.0,0.0,0.0
28232,2.0,1,269.44999980926514,1.0,0.0,0.0
28234,2.0,1,390.90000915527344,1.0,0.0,0.0
28235,1.0,1,75.5999984741211,1.0,0.0,0.0
28248,2.0,1,245.5,1.0,0.0,0.0
28257,1.0,1,123.98999786376952,1.0,0.0,0.0
28264,1.0,1,31.989999771118164,1.0,0.0,0.0
28273,2.0,1,72.35000038146973,1.0,0.0,0.0
28275,1.0,2,41.85499954223633,1.0,201.0,0.0
28277,1.0,1,25.0,1.0,0.0,0.0
28279,1.0,1,37.5,1.0,0.0,0.0
28282,1.0,1,35.09000015258789,1.0,0.0,0.0
28286,1.0,1,179.9499969482422,1.0,0.0,0.0
28288,4.0,1,304.98999786376953,1.0,0.0,0.0
28289,1.0,1,51.720001220703125,1.0,0.0,0.0
28294,2.0,1,99.80000305175781,1.0,0.0,0.0
28296,1.0,1,49.0,1.0,0.0,0.0
28301,1.0,1,186.3699951171875,1.0,0.0,0.0
28306,1.0,1,15.279999732971191,1.0,0.0,0.0
28311,1.0,1,75.0,1.0,0.0,0.0
28312,1.0,1,84.98999786376953,1.0,0.0,0.0
28319,1.0,1,45.0,1.0,0.0,0.0
28320,1.0,1,114.98999786376952,1.0,0.0,0.0
28321,1.0,1,99.0,1.0,0.0,0.0
28322,1.0,1,109.5,1.0,0.0,0.0
28328,1.0,1,45.9900016784668,1.0,0.0,0.0
28330,3.0,1,191.0,1.0,0.0,0.0
28334,3.0,1,290.48999977111816,1.0,0.0,0.0
28337,1.0,1,99.93000030517578,1.0,0.0,0.0
28338,4.0,1,269.9300022125244,1.0,0.0,0.0
28351,1.0,1,23.950000762939453,1.0,0.0,0.0
28355,2.0,2,180.66000175476074,1.0,447.0,0.0
28356,3.0,1,114.79999828338623,1.0,0.0,0.0
28367,1.0,1,198.0,1.0,0.0,0.0
28372,1.0,1,96.0,1.0,0.0,0.0
28375,1.0,1,24.0,1.0,0.0,0.0
28385,1.0,1,10.880000114440918,1.0,0.0,0.0
28395,3.0,1,66.23000049591064,1.0,0.0,0.0
28398,3.0,1,367.98999977111816,1.0,0.0,0.0
28401,1.0,1,119.5,1.0,0.0,0.0
28413,1.0,1,179.0,1.0,0.0,0.0
28414,2.0,1,89.40999984741211,1.0,0.0,0.0
28416,1.0,1,25.0,1.0,0.0,0.0
28418,1.0,1,129.97999572753906,1.0,0.0,0.0
28426,1.0,1,14.460000038146973,1.0,0.0,0.0
28427,1.0,1,21.989999771118164,1.0,0.0,0.0
28428,1.0,1,48.430000305175774,1.0,0.0,0.0
28433,2.0,1,245.98999977111816,1.0,0.0,0.0
28436,1.0,1,229.9900054931641,1.0,0.0,0.0
28440,1.0,1,14.600000381469728,1.0,0.0,0.0
28442,2.0,1,97.95000076293945,1.0,0.0,0.0
28451,2.5,2,129.69000053405762,1.0,779.0,0.0
28452,1.0,2,35.36999988555908,1.0,88.0,0.0
28457,1.0,1,40.950000762939446,1.0,0.0,0.0
28465,2.0,1,127.94999694824217,1.0,0.0,0.0
28473,3.0,1,54.96999931335449,1.0,0.0,0.0
28478,2.0,1,23.489999771118164,1.0,0.0,0.0
28486,2.0,1,121.98999977111816,1.0,0.0,0.0
28494,1.0,1,32.650001525878906,1.0,0.0,0.0
28499,2.0,1,71.0,1.0,0.0,0.0
28500,1.0,1,14.989999771118164,1.0,0.0,0.0
28503,1.0,1,92.0,1.0,0.0,0.0
28506,1.0,1,67.94999694824219,1.0,0.0,0.0
28507,1.0,1,198.0,1.0,0.0,0.0
28515,1.0,1,25.0,1.0,0.0,0.0
28521,1.0,1,52.0,1.0,0.0,0.0
28522,1.0,1,42.0,1.0,0.0,0.0
28533,1.0,1,51.0,1.0,0.0,0.0
28546,1.0,1,52.0,1.0,0.0,0.0
28547,2.0,1,48.9900016784668,1.0,0.0,0.0
28551,1.0,1,78.71000099182129,2.0,12.0,0.0
28557,1.0,1,29.989999771118164,1.0,0.0,0.0
28558,1.0,1,31.989999771118164,1.0,0.0,0.0
28560,1.0,2,32.0,1.0,647.0,0.0
28567,1.0,1,24.030000686645508,1.0,0.0,0.0
28572,1.0,1,99.98999786376952,1.0,0.0,0.0
28576,1.0,1,26.989999771118164,1.0,0.0,0.0
28582,1.0,1,32.9900016784668,1.0,0.0,0.0
28583,1.0,1,69.0,1.0,0.0,0.0
28585,1.0,1,12.0,1.0,0.0,0.0
28590,1.0,2,28.3100004196167,1.0,1059.0,0.0
28592,1.0,2,33.49499988555908,1.0,688.0,0.0
28594,1.0,1,95.0,1.0,0.0,0.0
28604,2.0,1,45.97999954223633,1.0,0.0,0.0
28605,1.0,2,26.494999885559082,1.0,455.0,0.0
28607,4.0,1,236.8100004196167,1.0,0.0,0.0
28609,1.0,2,57.7450008392334,1.0,1088.0,0.0
28617,2.0,1,38.489999771118164,1.0,0.0,0.0
28620,1.0,1,35.0,1.0,0.0,0.0
28624,2.0,1,96.38999748229979,1.0,0.0,0.0
28626,1.0,1,86.0,1.0,0.0,0.0
28643,1.0,1,9.5,1.0,0.0,0.0
28645,4.0,1,171.44999980926514,1.0,0.0,0.0
28648,2.0,1,103.81999778747557,1.0,0.0,0.0
28650,2.0,1,80.5,1.0,0.0,0.0
28652,1.0,1,14.989999771118164,1.0,0.0,0.0
28654,1.0,1,36.0,1.0,0.0,0.0
28658,1.0,1,50.0,1.0,0.0,0.0
28659,4.0,1,220.10000157356262,1.0,0.0,0.0
28661,1.0,1,19.989999771118164,1.0,0.0,0.0
28670,1.0,1,99.94999694824216,1.0,0.0,0.0
28681,1.0,1,134.61000061035156,1.0,0.0,0.0
28682,4.0,1,222.73999977111816,1.0,0.0,0.0
28689,2.0,1,120.0,1.0,0.0,0.0
28692,1.0,1,34.9900016784668,1.0,0.0,0.0
28693,1.0,1,18.840000152587887,1.0,0.0,0.0
28699,1.0,1,25.0,1.0,0.0,0.0
28700,1.0,1,49.9900016784668,1.0,0.0,0.0
28703,1.0,1,44.9900016784668,1.0,0.0,0.0
28707,2.5,2,172.82000064849854,1.0,463.0,0.0
28709,1.5,2,54.80000019073486,1.0,169.0,0.0
28713,1.0,1,39.5,1.0,0.0,0.0
28720,1.0,1,24.979999542236328,1.0,0.0,0.0
28721,1.0,1,79.5,1.0,0.0,0.0
28722,1.0,1,25.0,1.0,0.0,0.0
28723,1.0,1,29.989999771118164,1.0,0.0,0.0
28741,1.0,1,29.989999771118164,1.0,0.0,0.0
28745,1.0,1,34.0,1.0,0.0,0.0
28747,1.0,1,208.6000061035156,1.0,0.0,0.0
28753,1.0,1,25.0,1.0,0.0,0.0
28756,1.0,1,34.9900016784668,1.0,0.0,0.0
28760,2.0,1,113.94999694824217,1.0,0.0,0.0
28775,2.0,1,192.99000549316406,1.0,0.0,0.0
28780,1.0,1,87.0999984741211,1.0,0.0,0.0
28782,1.0,1,110.0,1.0,0.0,0.0
28786,1.0,1,59.950000762939446,1.0,0.0,0.0
28788,2.0,1,197.0800018310547,1.0,0.0,0.0
28795,1.0,1,155.0,1.0,0.0,0.0
28796,1.0,1,10.989999771118164,1.0,0.0,0.0
28799,3.0,1,120.35999751091005,1.0,0.0,0.0
28804,1.0,1,4.630000114440918,1.0,0.0,0.0
28806,1.0,1,39.9900016784668,1.0,0.0,0.0
28812,1.0,1,49.5,1.0,0.0,0.0
28814,1.0,1,59.900001525878906,1.0,0.0,0.0
28825,1.0,1,49.9900016784668,1.0,0.0,0.0
28828,2.0,2,86.00999975204468,1.0,188.0,0.0
28829,1.0,1,50.950000762939446,1.0,0.0,0.0
28838,1.0,1,38.0,1.0,0.0,0.0
28842,1.0,1,7.110000133514404,1.0,0.0,0.0
28852,1.0,1,129.9499969482422,1.0,0.0,0.0
28854,1.0,2,24.0,1.0,1571.0,0.0
28856,1.0,1,79.5,1.0,0.0,0.0
28857,2.0,1,119.45000076293945,1.0,0.0,0.0
28859,1.0,1,37.720001220703125,1.0,0.0,0.0
28860,1.0,1,36.450000762939446,1.0,0.0,0.0
28861,2.0,1,215.98999977111816,1.0,0.0,0.0
28863,1.0,1,25.0,1.0,0.0,0.0
28864,2.0,1,49.56999969482422,1.0,0.0,0.0
28866,3.0,1,218.93999671936035,1.0,0.0,0.0
28868,1.0,1,113.90000152587892,1.0,0.0,0.0
28870,1.0,1,34.9900016784668,1.0,0.0,0.0
28876,2.0,1,104.4299964904785,1.0,0.0,0.0
28879,4.0,1,274.98999977111816,1.0,0.0,0.0
28882,1.5,2,131.47000122070312,1.0,338.0,0.0
28884,2.0,1,118.47000122070312,1.0,0.0,0.0
28885,1.0,1,42.11000061035156,1.0,0.0,0.0
28890,1.0,1,29.989999771118164,1.0,0.0,0.0
28892,1.0,1,45.0,1.0,0.0,0.0
28894,2.0,1,41.5,1.0,0.0,0.0
28900,1.0,1,88.2699966430664,1.0,0.0,0.0
28902,1.0,1,145.95000076293945,2.0,2.0,0.0
28910,2.0,1,169.5,1.0,0.0,0.0
28912,3.0,1,83.88000106811523,1.0,0.0,0.0
28916,2.0,1,172.95000076293945,1.0,0.0,0.0
28919,4.0,1,154.61999893188477,1.0,0.0,0.0
28922,1.0,1,24.989999771118164,1.0,0.0,0.0
28923,1.0,1,98.0,1.0,0.0,0.0
28930,1.0,1,6.989999771118164,1.0,0.0,0.0
28939,1.0,1,39.9900016784668,1.0,0.0,0.0
28940,2.0,1,40.829999923706055,1.0,0.0,0.0
28941,1.0,1,121.98999786376952,1.0,0.0,0.0
28944,1.0,1,36.0,1.0,0.0,0.0
28949,1.0,1,12.43000030517578,1.0,0.0,0.0
28950,1.0,1,25.0,1.0,0.0,0.0
28951,1.0,1,25.989999771118164,1.0,0.0,0.0
28953,1.0,1,10.0,1.0,0.0,0.0
28954,1.0,1,24.0,1.0,0.0,0.0
28970,1.5,1,307.26000213623047,2.0,1.0,0.0
28976,2.0,1,64.60000038146973,1.0,0.0,0.0
28979,2.0,1,75.3700008392334,1.0,0.0,0.0
28984,1.0,1,14.149999618530272,1.0,0.0,0.0
28987,1.0,1,44.9900016784668,1.0,0.0,0.0
28989,2.0,1,84.5,1.0,0.0,0.0
28992,1.0,1,28.86000061035156,1.0,0.0,0.0
28993,2.0,1,25.62999951839447,1.0,0.0,0.0
29001,2.0,1,242.0,1.0,0.0,0.0
29002,3.0,1,350.2099952697754,1.0,0.0,0.0
29012,2.0,3,88.4066670735677,1.0,178.0,76.36753236814714
29026,1.0,1,37.950000762939446,1.0,0.0,0.0
29027,1.0,1,20.479999542236328,1.0,0.0,0.0
29033,1.5,1,112.48000144958496,2.0,7.0,0.0
29037,1.5,2,39.920000076293945,1.0,408.0,0.0
29042,1.0,1,36.9900016784668,1.0,0.0,0.0
29044,1.0,1,49.5,1.0,0.0,0.0
29048,2.5,2,146.1800012588501,1.0,595.0,0.0
29051,1.0,1,39.0,1.0,0.0,0.0
29058,1.0,1,39.9900016784668,1.0,0.0,0.0
29063,1.5,2,72.48499965667725,1.0,221.0,0.0
29069,1.0,1,27.950000762939453,1.0,0.0,0.0
29078,2.0,1,34.9399995803833,1.0,0.0,0.0
29087,1.0,1,58.0,1.0,0.0,0.0
29088,1.0,1,34.9900016784668,1.0,0.0,0.0
29089,2.0,1,74.96999931335449,1.0,0.0,0.0
29094,1.0,1,14.600000381469728,1.0,0.0,0.0
29096,1.0,1,12.0,1.0,0.0,0.0
29106,2.0,1,43.0,1.0,0.0,0.0
29109,2.0,1,52.44000244140625,1.0,0.0,0.0
29117,1.0,1,44.9900016784668,1.0,0.0,0.0
29118,1.0,1,36.0,1.0,0.0,0.0
29127,1.0,1,21.0,1.0,0.0,0.0
29131,4.0,1,213.34999847412107,1.0,0.0,0.0
29135,2.0,1,172.93999671936035,1.0,0.0,0.0
29139,3.0,2,123.9650011062622,1.0,141.0,0.0
29141,1.0,1,10.210000038146973,1.0,0.0,0.0
29145,1.0,1,47.9900016784668,1.0,0.0,0.0
29146,2.0,1,88.15999984741211,1.0,0.0,0.0
29159,1.0,1,54.950000762939446,1.0,0.0,0.0
29162,2.0,1,89.0,1.0,0.0,0.0
29164,1.0,1,24.989999771118164,1.0,0.0,0.0
29167,1.0,1,39.450000762939446,1.0,0.0,0.0
29171,1.0,1,12.979999542236328,1.0,0.0,0.0
29181,1.0,1,68.98999786376953,1.0,0.0,0.0
29182,4.0,1,336.4800033569336,1.0,0.0,0.0
29186,1.0,1,92.0,1.0,0.0,0.0
29187,4.0,1,112.71999979019165,1.0,0.0,0.0
29190,1.0,1,12.989999771118164,1.0,0.0,0.0
29191,1.0,1,200.0,1.0,0.0,0.0
29210,1.0,1,10.699999809265137,1.0,0.0,0.0
29213,1.0,1,34.22999954223633,1.0,0.0,0.0
29214,1.0,1,10.18000030517578,1.0,0.0,0.0
29217,2.0,1,88.77999877929688,1.0,0.0,0.0
29225,1.0,1,179.99000549316406,1.0,0.0,0.0
29226,1.0,1,25.0,1.0,0.0,0.0
29228,2.25,4,185.46750164031982,1.0,266.6666666666667,133.50031210949783
29230,2.0,1,62.5,1.0,0.0,0.0
29231,3.0,1,170.46999740600586,1.0,0.0,0.0
29238,1.0,1,64.94999694824219,1.0,0.0,0.0
29240,1.0,1,110.0,1.0,0.0,0.0
29241,1.0,1,139.0,1.0,0.0,0.0
29245,2.0,1,305.45000076293945,1.0,0.0,0.0
29249,1.0,1,7.989999771118163,1.0,0.0,0.0
29255,1.0,2,44.47500038146973,1.0,1548.0,0.0
29256,1.0,1,23.88999938964844,1.0,0.0,0.0
29267,1.0,1,24.0,1.0,0.0,0.0
29268,2.0,1,205.9499969482422,1.0,0.0,0.0
29269,1.0,1,29.0,1.0,0.0,0.0
29273,1.0,1,95.0,1.0,0.0,0.0
29274,3.0,1,124.94999885559082,1.0,0.0,0.0
29281,1.0,1,39.9900016784668,1.0,0.0,0.0
29284,1.0,1,79.0,1.0,0.0,0.0
29288,1.0,2,33.375000953674316,1.0,81.0,0.0
29290,1.0,1,13.600000381469728,1.0,0.0,0.0
29294,2.0,1,413.98999977111816,1.0,0.0,0.0
29295,1.0,1,199.0,1.0,0.0,0.0
29297,1.0,1,13.989999771118164,1.0,0.0,0.0
29305,1.0,1,74.98999786376953,1.0,0.0,0.0
29306,1.0,1,15.0,1.0,0.0,0.0
29308,2.0,1,213.98999977111816,1.0,0.0,0.0
29315,1.0,1,36.950000762939446,1.0,0.0,0.0
29317,2.0,1,127.0,1.0,0.0,0.0
29321,3.0,1,132.8300018310547,1.0,0.0,0.0
29326,2.0,1,68.88000106811523,1.0,0.0,0.0
29327,1.5,2,35.84000062942505,1.0,306.0,0.0
29328,2.0,1,119.0,1.0,0.0,0.0
29329,2.0,1,96.9800033569336,1.0,0.0,0.0
29331,1.5,2,53.67000198364258,1.0,148.0,0.0
29350,1.0,2,80.97500038146973,1.0,744.0,0.0
29361,2.0,1,73.98999977111816,1.0,0.0,0.0
29363,1.0,1,159.0,1.0,0.0,0.0
29367,1.3333333333333333,3,78.82666778564453,1.0,223.0,98.99494936611666
29368,2.0,1,144.73999977111816,1.0,0.0,0.0
29370,2.0,1,55.0,1.0,0.0,0.0
29376,3.0,1,53.07000160217285,1.0,0.0,0.0
29378,1.0,1,29.5,1.0,0.0,0.0
29383,1.0,1,11.649999618530272,1.0,0.0,0.0
29384,2.0,1,198.51999664306638,1.0,0.0,0.0
29386,1.0,1,34.9900016784668,1.0,0.0,0.0
29388,1.0,1,25.0,1.0,0.0,0.0
29391,1.0,1,98.0,1.0,0.0,0.0
29399,4.0,1,212.51999950408936,1.0,0.0,0.0
29403,1.0,1,19.989999771118164,1.0,0.0,0.0
29404,1.0,1,13.989999771118164,1.0,0.0,0.0
29405,2.0,1,173.95000076293945,1.0,0.0,0.0
29411,1.0,2,84.98999977111816,1.0,297.0,0.0
29412,2.0,1,191.95000076293945,1.0,0.0,0.0
29416,1.0,1,25.0,1.0,0.0,0.0
29417,1.0,2,40.99000072479248,1.0,86.0,0.0
29419,4.0,1,308.45000076293945,1.0,0.0,0.0
29424,1.0,1,19.950000762939453,1.0,0.0,0.0
29427,1.0,1,42.9900016784668,1.0,0.0,0.0
29435,1.0,1,59.5,1.0,0.0,0.0
29446,2.0,1,144.7400016784668,1.0,0.0,0.0
29451,1.0,1,4.989999771118164,1.0,0.0,0.0
29453,2.0,1,90.86000061035155,1.0,0.0,0.0
29454,2.0,1,537.0,1.0,0.0,0.0
29461,1.0,1,19.989999771118164,1.0,0.0,0.0
29466,1.0,1,395.0,1.0,0.0,0.0
29473,1.0,1,13.760000228881836,1.0,0.0,0.0
29476,1.0,1,14.489999771118164,1.0,0.0,0.0
29477,1.0,1,23.989999771118164,1.0,0.0,0.0
29490,3.0,1,103.94999980926514,1.0,0.0,0.0
29495,2.0,1,158.95000076293945,1.0,0.0,0.0
29497,1.0,1,17.950000762939453,1.0,0.0,0.0
29504,1.0,1,89.0,1.0,0.0,0.0
29514,2.0,1,85.66000366210938,1.0,0.0,0.0
29516,1.0,1,79.98999786376953,1.0,0.0,0.0
29524,1.0,1,15.0,1.0,0.0,0.0
29527,2.0,1,32.13000011444092,1.0,0.0,0.0
29528,1.0,1,50.0,1.0,0.0,0.0
29536,1.0,1,15.18000030517578,1.0,0.0,0.0
29537,1.0,1,52.900001525878906,1.0,0.0,0.0
29542,2.0,1,81.9900016784668,1.0,0.0,0.0
29546,1.0,2,25.0,1.0,170.0,0.0
29548,1.0,1,25.0,1.0,0.0,0.0
29556,1.0,1,36.0,1.0,0.0,0.0
29563,1.0,1,24.0,1.0,0.0,0.0
29566,1.0,1,30.950000762939453,1.0,0.0,0.0
29568,1.0,1,79.94999694824217,1.0,0.0,0.0
29571,4.0,1,182.9900016784668,1.0,0.0,0.0
29575,2.0,1,64.98000144958496,1.0,0.0,0.0
29584,3.0,1,165.4000015258789,1.0,0.0,0.0
29586,1.0,1,68.0,1.0,0.0,0.0
29591,1.0,1,54.0,1.0,0.0,0.0
29593,1.0,3,45.99666659037272,1.0,126.5,102.5304832720494
29594,1.0,2,66.0,1.0,696.0,0.0
29599,1.0,1,56.77999877929688,1.0,0.0,0.0
29604,3.0,1,102.0,1.0,0.0,0.0
29615,2.0,1,36.97999954223633,1.0,0.0,0.0
29620,1.0,1,79.5,1.0,0.0,0.0
29621,2.0,2,182.97500038146973,1.0,580.0,0.0
29627,1.0,2,19.369999885559082,1.0,1337.0,0.0
29628,1.0,1,40.0,1.0,0.0,0.0
29630,2.0,1,74.20000076293945,1.0,0.0,0.0
29638,1.0,1,470.989990234375,1.0,0.0,0.0
29639,1.0,1,60.29999923706056,1.0,0.0,0.0
29646,2.0,1,228.9900016784668,1.0,0.0,0.0
29648,1.0,1,189.0,1.0,0.0,0.0
29649,1.0,1,62.0,1.0,0.0,0.0
29651,1.0,1,12.5,1.0,0.0,0.0
29653,1.0,1,6.989999771118164,1.0,0.0,0.0
29662,3.0,1,78.89000129699707,1.0,0.0,0.0
29665,1.0,2,61.510000228881836,1.0,704.0,0.0
29666,1.0,1,248.97999572753903,1.0,0.0,0.0
29667,1.5,2,149.99499893188477,1.0,59.0,0.0
29669,4.0,1,292.2599983215332,1.0,0.0,0.0
29673,1.0,1,59.950000762939446,1.0,0.0,0.0
29674,1.0,1,44.880001068115234,1.0,0.0,0.0
29678,1.0,1,43.9900016784668,1.0,0.0,0.0
29686,1.0,1,65.0,1.0,0.0,0.0
29688,1.0,1,18.0,1.0,0.0,0.0
29689,1.0,1,21.89999961853028,1.0,0.0,0.0
29690,1.0,1,65.0,1.0,0.0,0.0
29692,1.0,1,16.989999771118164,1.0,0.0,0.0
29697,1.0,1,54.950000762939446,1.0,0.0,0.0
29699,2.5,2,109.330002784729,1.0,366.0,0.0
29707,2.0,1,98.9900016784668,1.0,0.0,0.0
29709,1.0,1,89.5,1.0,0.0,0.0
29710,1.0,1,59.5,1.0,0.0,0.0
29715,1.0,1,9.949999809265137,1.0,0.0,0.0
29717,1.0,1,74.98999786376953,1.0,0.0,0.0
29729,2.5,2,90.1850004196167,1.0,83.0,0.0
29734,1.0,1,49.9900016784668,1.0,0.0,0.0
29735,1.0,1,35.0,1.0,0.0,0.0
29738,1.0,1,99.98999786376952,1.0,0.0,0.0
29740,4.0,1,101.50999832153322,1.0,0.0,0.0
29742,1.0,1,64.5,1.0,0.0,0.0
29743,1.0,1,29.0,1.0,0.0,0.0
29752,1.0,1,104.0,1.0,0.0,0.0
29768,1.0,1,135.94000244140625,1.0,0.0,0.0
29788,2.0,1,114.0,1.0,0.0,0.0
29790,1.0,1,43.0,1.0,0.0,0.0
29791,1.0,2,71.9950008392334,1.0,57.0,0.0
29797,2.0,1,59.5,1.0,0.0,0.0
29799,1.0,1,24.96999931335449,1.0,0.0,0.0
29800,1.0,1,52.0,1.0,0.0,0.0
29803,1.0,1,16.989999771118164,1.0,0.0,0.0
29807,2.0,1,100.22000122070312,1.0,0.0,0.0
29808,1.0,1,282.239990234375,1.0,0.0,0.0
29811,1.0,1,144.72000122070312,1.0,0.0,0.0
29813,2.5,2,161.8350009918213,1.0,410.0,0.0
29818,1.0,1,33.75,1.0,0.0,0.0
29820,2.0,1,22.989999771118164,1.0,0.0,0.0
29824,1.0,1,39.09999847412109,1.0,0.0,0.0
29827,1.0,1,48.0,1.0,0.0,0.0
29829,2.0,1,146.98999786376953,1.0,0.0,0.0
29830,1.0,1,34.95000076293945,1.0,0.0,0.0
29832,2.0,1,86.22999954223633,1.0,0.0,0.0
29838,1.0,2,10.46999979019165,1.0,422.0,0.0
29850,1.0,1,17.989999771118164,1.0,0.0,0.0
29851,2.0,1,217.0,1.0,0.0,0.0
29853,1.0,1,98.0,1.0,0.0,0.0
29855,2.0,1,85.3499984741211,1.0,0.0,0.0
29861,2.0,1,82.80000019073486,1.0,0.0,0.0
29862,1.0,1,127.51000213623048,1.0,0.0,0.0
29863,1.0,1,12.140000343322754,1.0,0.0,0.0
29873,1.0,1,79.94999694824217,1.0,0.0,0.0
29876,1.0,1,54.5,1.0,0.0,0.0
29883,1.0,1,29.5,1.0,0.0,0.0
29884,1.0,1,64.94999694824219,1.0,0.0,0.0
29887,1.0,1,41.9900016784668,1.0,0.0,0.0
29889,3.0,1,138.89000129699707,1.0,0.0,0.0
29892,1.0,1,42.0,1.0,0.0,0.0
29896,2.0,1,195.3400011062622,1.0,0.0,0.0
29900,1.5,2,37.980000495910645,1.0,1259.0,0.0
29905,3.0,1,408.9600028991699,1.0,0.0,0.0
29906,1.0,1,10.909999847412108,1.0,0.0,0.0
29911,1.0,1,28.959999084472656,1.0,0.0,0.0
29916,2.0,1,247.0,1.0,0.0,0.0
29923,2.0,1,14.279999732971191,1.0,0.0,0.0
29925,1.0,1,59.84999847412109,1.0,0.0,0.0
29928,2.0,1,259.98000717163086,1.0,0.0,0.0
29935,1.0,1,59.9900016784668,1.0,0.0,0.0
29941,4.0,1,161.8200044631958,1.0,0.0,0.0
29948,1.0,2,36.49499988555908,1.0,244.0,0.0
29954,1.0,1,34.9900016784668,1.0,0.0,0.0
29957,1.0,2,30.0,1.0,1445.0,0.0
29967,1.0,1,12.0,1.0,0.0,0.0
29969,1.0,1,62.0,1.0,0.0,0.0
29970,1.0,1,16.0,1.0,0.0,0.0
29971,1.0,1,48.400001525878906,1.0,0.0,0.0
29973,1.0,1,88.0,1.0,0.0,0.0
29974,1.0,1,108.62000274658205,1.0,0.0,0.0
29978,3.0,1,170.31999969482422,1.0,0.0,0.0
29980,2.0,1,23.109999656677246,1.0,0.0,0.0
29981,1.0,2,50.954999923706055,1.0,175.0,0.0
29984,1.0,1,17.950000762939453,1.0,0.0,0.0
29986,2.0,1,55.98000144958496,1.0,0.0,0.0
29991,1.0,1,29.950000762939453,1.0,0.0,0.0
29994,4.0,1,369.4799995422363,1.0,0.0,0.0
29998,2.0,1,55.96999931335449,1.0,0.0,0.0
30002,2.0,1,169.98999977111816,1.0,0.0,0.0
30012,1.0,1,29.989999771118164,1.0,0.0,0.0
30013,1.0,1,9.380000114440918,1.0,0.0,0.0
30024,2.0,1,25.829999923706055,1.0,0.0,0.0
30025,2.0,1,139.0,1.0,0.0,0.0
30027,1.0,1,79.5,1.0,0.0,0.0
30058,2.5,2,156.96499752998352,1.0,607.0,0.0
30060,1.0,1,59.450000762939446,1.0,0.0,0.0
30066,1.0,1,94.98999786376952,1.0,0.0,0.0
30067,1.0,1,14.989999771118164,1.0,0.0,0.0
30068,3.0,1,87.55000114440918,1.0,0.0,0.0
30073,4.0,1,250.72000122070312,1.0,0.0,0.0
30081,2.0,1,128.5,1.0,0.0,0.0
30083,4.0,1,521.9399967193604,1.0,0.0,0.0
30091,2.0,1,63.260000228881836,1.0,0.0,0.0
30092,1.0,1,19.989999771118164,1.0,0.0,0.0
30093,1.0,1,25.0,1.0,0.0,0.0
30094,1.0,1,18.0,1.0,0.0,0.0
30095,3.0,1,245.9600009918213,1.0,0.0,0.0
30099,1.0,1,15.640000343322754,1.0,0.0,0.0
30109,2.0,1,273.97999572753906,1.0,0.0,0.0
30119,1.0,1,98.8199996948242,1.0,0.0,0.0
30126,1.0,1,14.0,1.0,0.0,0.0
30136,1.3333333333333333,3,37.71999931335449,1.0,445.5,389.6158364337877
30138,1.0,1,57.9900016784668,1.0,0.0,0.0
30141,2.0,1,79.47999954223633,1.0,0.0,0.0
30142,2.0,1,70.58000183105469,1.0,0.0,0.0
30143,1.0,1,48.52999877929688,1.0,0.0,0.0
30144,3.0,1,169.5,1.0,0.0,0.0
30159,1.0,1,46.0,1.0,0.0,0.0
30162,1.0,1,75.0,1.0,0.0,0.0
30163,2.0,1,163.82999992370605,1.0,0.0,0.0
30165,2.0,1,84.9900016784668,1.0,0.0,0.0
30166,2.0,1,166.0,1.0,0.0,0.0
30168,1.0,1,64.98999786376953,1.0,0.0,0.0
30170,1.0,4,48.7425012588501,1.0,366.0,90.14987520790032
30171,2.0,1,107.96999740600586,1.0,0.0,0.0
30173,1.0,2,125.5,1.0,148.0,0.0
30176,2.0,2,85.4700003862381,1.0,84.0,0.0
30177,1.0,1,10.0,1.0,0.0,0.0
30181,1.0,1,100.0,1.0,0.0,0.0
30192,1.0,1,52.0,1.0,0.0,0.0
30197,2.0,1,44.989999771118164,1.0,0.0,0.0
30199,2.0,1,179.5,1.0,0.0,0.0
30206,2.0,2,104.4500002861023,1.0,192.0,0.0
30208,2.0,2,154.60999965667725,1.0,478.0,0.0
30211,2.0,1,138.11999702453613,1.0,0.0,0.0
30212,1.5,2,67.08499908447266,1.0,296.0,0.0
30217,1.0,1,13.9399995803833,1.0,0.0,0.0
30229,1.0,1,122.56999969482422,1.0,0.0,0.0
30233,1.0,1,13.0,1.0,0.0,0.0
30237,4.0,1,91.47999954223633,1.0,0.0,0.0
30238,1.0,1,69.98999786376953,1.0,0.0,0.0
30244,2.0,1,63.989999771118164,1.0,0.0,0.0
30246,1.0,1,30.0,1.0,0.0,0.0
30247,1.0,1,53.950000762939446,1.0,0.0,0.0
30248,4.0,1,596.7299919128418,1.0,0.0,0.0
30251,1.0,1,13.989999771118164,1.0,0.0,0.0
30252,1.0,1,33.9900016784668,1.0,0.0,0.0
30255,2.0,1,74.1500015258789,1.0,0.0,0.0
30256,1.0,1,9.5600004196167,1.0,0.0,0.0
30264,1.0,1,329.989990234375,1.0,0.0,0.0
30266,2.0,1,35.1300003528595,1.0,0.0,0.0
30267,1.0,1,64.98999786376953,1.0,0.0,0.0
30276,1.0,1,34.0,1.0,0.0,0.0
30277,1.0,1,69.94999694824219,1.0,0.0,0.0
30278,1.0,1,25.0,1.0,0.0,0.0
30279,1.0,1,57.9900016784668,1.0,0.0,0.0
30281,1.0,1,39.5,1.0,0.0,0.0
30282,4.0,1,255.95999908447266,1.0,0.0,0.0
30283,2.0,1,206.5,1.0,0.0,0.0
30292,1.0,1,319.0,1.0,0.0,0.0
30296,1.0,1,16.0,1.0,0.0,0.0
30299,4.0,1,126.48000144958496,1.0,0.0,0.0
30302,1.0,1,59.950000762939446,1.0,0.0,0.0
30305,1.5,2,115.99499988555908,1.0,1469.0,0.0
30315,1.0,1,19.950000762939453,1.0,0.0,0.0
30319,1.0,1,34.5,1.0,0.0,0.0
30321,4.0,1,137.03000164031982,1.0,0.0,0.0
30323,2.0,1,94.95000076293945,1.0,0.0,0.0
30324,1.0,1,27.950000762939453,1.0,0.0,0.0
30334,1.0,1,82.0,1.0,0.0,0.0
30336,2.0,1,139.29999923706055,1.0,0.0,0.0
30346,1.0,1,37.88999938964844,1.0,0.0,0.0
30347,1.0,1,100.0,1.0,0.0,0.0
30350,1.0,1,45.0,1.0,0.0,0.0
30359,1.0,1,20.0,1.0,0.0,0.0
30360,1.0,1,39.950000762939446,1.0,0.0,0.0
30362,1.0,1,15.0,1.0,0.0,0.0
30365,1.0,1,109.0,1.0,0.0,0.0
30372,1.0,1,44.0,1.0,0.0,0.0
30373,3.0,1,112.46000099182129,1.0,0.0,0.0
30380,4.0,1,371.4700126647949,1.0,0.0,0.0
30382,3.0,1,539.989990234375,1.0,0.0,0.0
30386,1.0,1,128.0,1.0,0.0,0.0
30390,4.0,1,134.1599998474121,1.0,0.0,0.0
30391,1.0,1,60.0,1.0,0.0,0.0
30396,1.0,1,129.60000610351562,1.0,0.0,0.0
30397,1.0,1,88.0,1.0,0.0,0.0
30403,1.0,1,14.989999771118164,1.0,0.0,0.0
30405,1.0,1,22.89999961853028,1.0,0.0,0.0
30413,2.0,1,43.64999961853027,1.0,0.0,0.0
30416,1.0,1,42.9900016784668,1.0,0.0,0.0
30423,1.0,1,36.9900016784668,1.0,0.0,0.0
30427,2.0,1,42.279998779296875,1.0,0.0,0.0
30428,2.0,1,279.98999786376953,1.0,0.0,0.0
30429,3.0,1,185.7200050354004,1.0,0.0,0.0
30439,4.0,1,364.57999324798584,1.0,0.0,0.0
30441,1.0,1,78.0,1.0,0.0,0.0
30443,1.0,2,134.9950008392334,1.0,476.0,0.0
30446,2.0,1,159.97000122070312,1.0,0.0,0.0
30451,1.0,1,38.9900016784668,1.0,0.0,0.0
30452,1.0,1,26.0,1.0,0.0,0.0
30456,1.0,1,65.0,1.0,0.0,0.0
30458,1.0,1,40.9900016784668,1.0,0.0,0.0
30461,1.0,1,161.0,1.0,0.0,0.0
30464,1.0,1,29.40999984741211,1.0,0.0,0.0
30466,1.0,1,98.0,1.0,0.0,0.0
30467,1.0,1,36.5,1.0,0.0,0.0
30468,1.0,1,48.0,1.0,0.0,0.0
30469,1.0,1,29.989999771118164,1.0,0.0,0.0
30482,1.0,1,44.9900016784668,1.0,0.0,0.0
30485,1.0,1,39.0,1.0,0.0,0.0
30487,1.0,1,39.9900016784668,1.0,0.0,0.0
30491,1.0,1,76.33000183105469,1.0,0.0,0.0
30500,4.0,1,383.2700004577637,1.0,0.0,0.0
30507,1.0,1,65.0,1.0,0.0,0.0
30514,1.0,1,232.1799964904785,2.0,1.0,0.0
30516,1.0,1,104.0,1.0,0.0,0.0
30518,1.0,1,197.93999671936032,2.0,6.0,0.0
30520,1.0,1,49.02999877929688,1.0,0.0,0.0
30521,1.0,1,63.59999847412109,1.0,0.0,0.0
30525,1.0,1,37.5,1.0,0.0,0.0
30528,1.0,1,89.98999786376953,1.0,0.0,0.0
30534,1.0,1,25.0,1.0,0.0,0.0
30538,1.0,1,36.0,1.0,0.0,0.0
30540,1.0,2,42.31500053405762,1.0,412.0,0.0
30543,2.0,1,74.19000053405762,1.0,0.0,0.0
30547,1.0,1,24.36000061035156,1.0,0.0,0.0
30548,1.0,1,49.9900016784668,1.0,0.0,0.0
30553,1.6666666666666667,3,183.68000030517578,1.0,401.0,223.44574285494903
30558,1.0,1,22.96999931335449,1.0,0.0,0.0
30559,1.0,1,24.950000762939453,1.0,0.0,0.0
30567,1.0,1,147.1300048828125,1.0,0.0,0.0
30572,2.0,1,42.989999771118164,1.0,0.0,0.0
30575,1.0,1,11.899999618530272,1.0,0.0,0.0
30579,1.0,1,52.0,1.0,0.0,0.0
30581,1.0,1,12.989999771118164,1.0,0.0,0.0
30584,1.0,1,109.0,1.0,0.0,0.0
30587,1.0,1,97.0,1.0,0.0,0.0
30592,1.0,1,6.440000057220459,1.0,0.0,0.0
30593,1.0,1,47.900001525878906,1.0,0.0,0.0
30595,1.5,2,46.989999771118164,1.0,305.0,0.0
30598,1.0,1,9.800000190734863,1.0,0.0,0.0
30606,1.0,3,85.1999994913737,1.0,74.0,63.63961030678928
30609,1.0,1,19.989999771118164,1.0,0.0,0.0
30617,1.0,1,51.02999877929688,1.0,0.0,0.0
30622,1.0,1,9.949999809265137,1.0,0.0,0.0
30625,2.0,2,191.7450008392334,1.0,149.0,0.0
30629,1.0,1,78.0,1.0,0.0,0.0
30640,2.0,1,99.0,1.0,0.0,0.0
30643,2.0,1,298.9799919128418,1.0,0.0,0.0
30646,1.3333333333333333,2,67.11999988555908,1.5,24.0,29.698484809834994
30647,1.0,1,65.0,1.0,0.0,0.0
30648,1.0,1,25.0,1.0,0.0,0.0
30650,2.0,1,69.0,1.0,0.0,0.0
30657,1.0,2,24.994999885559082,1.0,35.0,0.0
30661,2.0,1,116.98999977111816,1.0,0.0,0.0
30662,1.0,1,74.94999694824217,1.0,0.0,0.0
30666,2.5,2,467.63999938964844,1.0,587.0,0.0
30668,3.0,1,204.399995803833,1.0,0.0,0.0
30673,2.0,1,87.36000061035156,1.0,0.0,0.0
30675,1.0,1,21.96999931335449,1.0,0.0,0.0
30680,2.0,1,261.8399963378906,1.0,0.0,0.0
30682,1.0,1,56.5,1.0,0.0,0.0
30688,1.0,2,36.16000175476074,1.0,117.0,0.0
30691,2.0,1,50.9900016784668,1.0,0.0,0.0
30696,2.0,1,54.97999954223633,1.0,0.0,0.0
30698,1.0,1,42.0,1.0,0.0,0.0
30702,1.0,2,53.4950008392334,1.0,1010.0,0.0
30703,1.0,1,168.0,1.0,0.0,0.0
30709,1.0,1,12.989999771118164,1.0,0.0,0.0
30710,2.0,1,129.98999786376953,1.0,0.0,0.0
30713,1.0,1,74.5,1.0,0.0,0.0
30714,1.0,1,48.0,1.0,0.0,0.0
30715,2.0,1,69.98999977111816,1.0,0.0,0.0
30728,1.0,1,21.989999771118164,1.0,0.0,0.0
30733,2.0,1,77.18000030517578,1.0,0.0,0.0
30734,1.0,1,8.949999809265137,1.0,0.0,0.0
30749,1.0,1,29.989999771118164,1.0,0.0,0.0
30752,2.0,1,249.95000076293945,1.0,0.0,0.0
30755,1.0,1,29.39999961853028,1.0,0.0,0.0
30759,1.0,1,46.950000762939446,1.0,0.0,0.0
30765,1.0,1,31.239999771118164,1.0,0.0,0.0
30766,1.0,1,49.9900016784668,1.0,0.0,0.0
30768,1.0,1,141.00999450683594,1.0,0.0,0.0
30771,1.0,1,125.9499969482422,1.0,0.0,0.0
30773,1.0,2,77.99499893188477,1.0,909.0,0.0
30774,1.0,1,25.0,1.0,0.0,0.0
30778,4.0,1,114.86999988555908,1.0,0.0,0.0
30780,2.0,1,36.989999771118164,1.0,0.0,0.0
30788,1.0,1,48.0,1.0,0.0,0.0
30794,1.0,1,33.27000045776367,1.0,0.0,0.0
30799,4.0,1,197.98999786376953,1.0,0.0,0.0
30800,1.0,1,42.0,1.0,0.0,0.0
30801,1.5,2,38.63499927520752,1.0,176.0,0.0
30802,1.0,1,149.9499969482422,1.0,0.0,0.0
30807,1.0,1,52.0,1.0,0.0,0.0
30808,3.0,1,75.98999977111816,1.0,0.0,0.0
30813,1.0,1,39.9900016784668,1.0,0.0,0.0
30814,1.0,1,77.6500015258789,1.0,0.0,0.0
30815,1.0,1,31.989999771118164,1.0,0.0,0.0
30826,2.0,1,437.260009765625,1.0,0.0,0.0
30827,1.0,1,56.08000183105469,1.0,0.0,0.0
30828,1.0,1,22.0,1.0,0.0,0.0
30837,1.0,1,38.84000015258789,1.0,0.0,0.0
30843,1.0,1,11.949999809265137,1.0,0.0,0.0
30845,2.0,1,148.95000076293945,1.0,0.0,0.0
30847,1.0,1,221.0500030517578,1.0,0.0,0.0
30848,1.0,1,36.450000762939446,1.0,0.0,0.0
30849,1.0,1,12.989999771118164,1.0,0.0,0.0
30850,1.0,1,25.0,1.0,0.0,0.0
30853,1.0,2,57.0,1.0,1515.0,0.0
30855,1.0,1,15.989999771118164,1.0,0.0,0.0
30858,1.0,1,24.989999771118164,1.0,0.0,0.0
30869,1.0,2,32.739999771118164,1.0,8.0,0.0
30873,1.0,1,215.0,1.0,0.0,0.0
30874,2.0,1,109.98999977111816,1.0,0.0,0.0
30877,1.0,2,91.49499988555908,1.0,163.0,0.0
30878,4.0,1,242.93000030517578,1.0,0.0,0.0
30881,4.0,1,177.9699993133545,1.0,0.0,0.0
30883,4.0,1,168.19999980926514,1.0,0.0,0.0
30889,2.0,1,58.060001373291016,1.0,0.0,0.0
30891,4.0,1,182.60000133514404,1.0,0.0,0.0
30893,2.0,1,230.52999877929688,1.0,0.0,0.0
30894,1.0,1,179.99000549316406,1.0,0.0,0.0
30905,1.5,2,79.4950008392334,1.0,586.0,0.0
30906,1.0,1,25.0,1.0,0.0,0.0
30908,2.0,1,49.989999771118164,1.0,0.0,0.0
30914,1.0,1,25.600000381469727,1.0,0.0,0.0
30916,4.0,1,127.9900016784668,1.0,0.0,0.0
30921,1.0,1,40.0,1.0,0.0,0.0
30927,3.0,1,135.48999977111816,1.0,0.0,0.0
30931,1.0,1,18.989999771118164,1.0,0.0,0.0
30934,1.0,1,46.0,1.0,0.0,0.0
30937,1.0,1,74.94999694824217,1.0,0.0,0.0
30938,1.0,1,37.130001068115234,1.0,0.0,0.0
30940,1.0,1,44.790000915527344,1.0,0.0,0.0
30941,3.0,1,138.77000045776367,1.0,0.0,0.0
30942,1.0,1,15.989999771118164,1.0,0.0,0.0
30953,1.0,1,45.5,1.0,0.0,0.0
30959,1.0,1,44.9900016784668,1.0,0.0,0.0
30965,1.0,1,49.9900016784668,1.0,0.0,0.0
30967,2.0,1,64.95000076293945,1.0,0.0,0.0
30969,1.0,1,25.0,1.0,0.0,0.0
30971,4.0,1,403.0,1.0,0.0,0.0
30974,1.0,1,28.559999465942383,1.0,0.0,0.0
30975,1.0,1,147.6300048828125,1.0,0.0,0.0
30984,1.0,1,11.989999771118164,1.0,0.0,0.0
30988,2.0,1,259.9000015258789,1.0,0.0,0.0
30990,2.0,1,51.989999771118164,1.0,0.0,0.0
30993,1.0,1,54.0,1.0,0.0,0.0
30994,2.0,1,127.14000320434569,1.0,0.0,0.0
30997,2.0,1,78.62999820709229,1.0,0.0,0.0
31002,1.0,1,135.0,1.0,0.0,0.0
31003,4.0,1,224.48000144958496,1.0,0.0,0.0
31005,1.0,1,12.850000381469728,1.0,0.0,0.0
31015,3.0,2,210.99000358581543,1.0,188.0,0.0
31018,1.0,1,99.0,1.0,0.0,0.0
31023,2.0,1,75.9800033569336,1.0,0.0,0.0
31026,2.0,1,77.9000015258789,1.0,0.0,0.0
31027,2.5,2,131.7199993133545,1.0,1509.0,0.0
31040,3.0,1,80.40000057220459,1.0,0.0,0.0
31043,1.0,1,59.5,1.0,0.0,0.0
31045,1.0,1,79.67000007629395,2.0,10.0,0.0
31046,2.0,1,57.450000762939446,1.0,0.0,0.0
31049,1.0,1,32.44999980926514,2.0,4.0,0.0
31051,2.0,1,212.89999961853027,1.0,0.0,0.0
31052,1.0,1,84.0,1.0,0.0,0.0
31053,1.0,1,34.0,1.0,0.0,0.0
31054,2.0,1,60.89999961853028,1.0,0.0,0.0
31056,4.0,1,242.3400001525879,1.0,0.0,0.0
31057,1.0,1,11.659999847412108,1.0,0.0,0.0
31059,2.0,1,129.96999740600586,1.0,0.0,0.0
31060,1.0,1,27.299999237060547,1.0,0.0,0.0
31069,1.0,1,14.010000228881836,1.0,0.0,0.0
31070,1.0,1,68.0,1.0,0.0,0.0
31072,1.0,1,28.200000762939453,1.0,0.0,0.0
31077,1.0,1,28.950000762939453,1.0,0.0,0.0
31080,1.0,1,44.9900016784668,1.0,0.0,0.0
31081,1.0,1,10.989999771118164,1.0,0.0,0.0
31084,1.0,1,16.950000762939453,1.0,0.0,0.0
31099,1.0,2,36.890000343322754,1.0,284.0,0.0
31105,1.0,1,54.0,1.0,0.0,0.0
31109,1.0,1,60.0,1.0,0.0,0.0
31110,1.0,1,19.989999771118164,1.0,0.0,0.0
31115,1.0,1,27.0,1.0,0.0,0.0
31121,1.0,1,99.5,1.0,0.0,0.0
31129,1.0,1,10.989999771118164,1.0,0.0,0.0
31132,2.0,1,58.75,1.0,0.0,0.0
31134,2.0,1,179.99000549316406,1.0,0.0,0.0
31139,1.0,1,180.0,1.0,0.0,0.0
31145,2.0,1,54.889999389648445,1.0,0.0,0.0
31155,1.0,1,84.94999694824217,1.0,0.0,0.0
31156,1.0,1,94.98999786376952,1.0,0.0,0.0
31157,1.0,1,16.0,1.0,0.0,0.0
31159,1.0,1,88.0,1.0,0.0,0.0
31160,1.0,1,25.950000762939453,1.0,0.0,0.0
31162,1.0,1,40.720001220703125,1.0,0.0,0.0
31166,1.0,1,16.489999771118164,1.0,0.0,0.0
31170,1.0,1,99.98999786376952,1.0,0.0,0.0
31171,1.5,2,163.88999938964844,1.0,147.0,0.0
31173,1.0,1,25.0,1.0,0.0,0.0
31175,1.0,1,25.0,1.0,0.0,0.0
31178,1.0,1,29.450000762939453,1.0,0.0,0.0
31180,2.0,1,154.98999977111816,1.0,0.0,0.0
31184,1.0,1,8.979999542236328,1.0,0.0,0.0
31195,1.0,1,89.5999984741211,1.0,0.0,0.0
31198,2.0,1,103.45000076293945,1.0,0.0,0.0
31199,1.0,1,69.98999786376953,1.0,0.0,0.0
31204,2.0,1,123.29999923706056,1.0,0.0,0.0
31212,1.0,1,140.0,1.0,0.0,0.0
31217,1.0,1,106.0,1.0,0.0,0.0
31219,1.0,1,115.0,1.0,0.0,0.0
31229,2.0,1,303.0,1.0,0.0,0.0
31231,1.0,1,30.450000762939453,1.0,0.0,0.0
31232,1.0,1,43.970001220703125,1.0,0.0,0.0
31233,2.0,1,55.0,1.0,0.0,0.0
31238,1.0,1,9.989999771118164,1.0,0.0,0.0
31247,1.0,1,25.0,1.0,0.0,0.0
31249,1.0,1,109.9499969482422,1.0,0.0,0.0
31251,4.0,1,238.0000057220459,1.0,0.0,0.0
31252,1.0,1,57.950000762939446,1.0,0.0,0.0
31255,2.0,1,59.15000057220458,1.0,0.0,0.0
31258,1.0,1,36.9900016784668,1.0,0.0,0.0
31261,2.0,1,152.0,1.0,0.0,0.0
31264,1.0,1,44.97999954223633,1.0,0.0,0.0
31267,1.0,1,129.99000549316406,1.0,0.0,0.0
31269,1.0,1,20.89999961853028,1.0,0.0,0.0
31274,3.0,1,84.69000053405762,1.0,0.0,0.0
31277,1.0,1,35.0,1.0,0.0,0.0
31280,1.0,2,30.99000072479248,1.0,108.0,0.0
31285,1.0,2,89.96999835968018,1.0,356.0,0.0
31293,1.0,1,24.299999237060547,1.0,0.0,0.0
31300,4.0,1,176.5999984741211,1.0,0.0,0.0
31307,1.0,1,25.0,1.0,0.0,0.0
31309,1.0,1,25.0,1.0,0.0,0.0
31312,2.5,2,89.29999923706055,1.0,1157.0,0.0
31323,2.0,1,234.0,1.0,0.0,0.0
31327,1.0,1,13.789999961853027,1.0,0.0,0.0
31328,1.0,1,51.950000762939446,1.0,0.0,0.0
31329,1.0,1,189.0,1.0,0.0,0.0
31330,1.0,1,169.9499969482422,1.0,0.0,0.0
31333,1.0,2,51.64999961853027,1.0,47.0,0.0
31334,1.0,2,10.240000009536743,1.0,126.0,0.0
31337,1.0,1,56.77999877929688,1.0,0.0,0.0
31338,2.0,1,51.94000244140625,1.0,0.0,0.0
31339,1.0,1,45.0,1.0,0.0,0.0
31341,1.0,1,7.019999980926514,1.0,0.0,0.0
31342,1.6666666666666667,3,101.33000055948894,1.0,724.5,689.4291116568838
31343,1.6666666666666667,3,89.39999961853027,1.0,484.0,466.6904755831214
31349,1.0,2,32.25,1.0,223.0,0.0
31351,1.0,1,34.45000076293945,1.0,0.0,0.0
31352,1.0,1,13.609999656677246,1.0,0.0,0.0
31354,1.0,1,70.0,1.0,0.0,0.0
31357,1.0,1,30.0,1.0,0.0,0.0
31359,1.0,1,169.99000549316406,1.0,0.0,0.0
31364,2.0,1,116.0,1.0,0.0,0.0
31378,4.0,1,252.44999885559082,1.0,0.0,0.0
31382,1.0,1,29.950000762939453,1.0,0.0,0.0
31391,2.0,1,150.9099998474121,1.0,0.0,0.0
31395,1.0,1,34.9900016784668,1.0,0.0,0.0
31396,2.0,2,65.22000026702881,1.0,754.0,0.0
31398,1.0,1,129.97999572753906,1.0,0.0,0.0
31401,1.0,1,130.64999389648438,1.0,0.0,0.0
31403,2.0,1,114.94999694824217,1.0,0.0,0.0
31406,1.0,1,132.3000030517578,1.0,0.0,0.0
31407,1.0,1,59.9900016784668,1.0,0.0,0.0
31410,1.0,1,89.94999694824217,1.0,0.0,0.0
31411,1.5,2,79.46999931335449,1.0,858.0,0.0
31412,2.0,1,141.95000076293945,1.0,0.0,0.0
31414,3.0,1,134.93000030517578,1.0,0.0,0.0
31421,1.0,1,9.949999809265137,1.0,0.0,0.0
31427,1.0,1,34.95000076293945,1.0,0.0,0.0
31428,1.0,1,16.420000076293945,1.0,0.0,0.0
31433,1.0,1,34.349998474121094,1.0,0.0,0.0
31437,2.0,1,31.989999771118164,1.0,0.0,0.0
31443,1.0,1,16.0,1.0,0.0,0.0
31446,1.0,1,49.5,1.0,0.0,0.0
31449,3.0,1,124.5099983215332,1.0,0.0,0.0
31451,1.0,1,149.92999267578125,1.0,0.0,0.0
31452,1.0,1,55.0,1.0,0.0,0.0
31453,1.0,1,11.380000114440918,1.0,0.0,0.0
31457,1.0,1,60.0,1.0,0.0,0.0
31461,1.0,1,98.0,1.0,0.0,0.0
31463,3.0,1,69.47000026702881,1.0,0.0,0.0
31464,1.0,1,30.0,1.0,0.0,0.0
31468,2.0,1,42.989999771118164,1.0,0.0,0.0
31474,1.0,1,66.0,1.0,0.0,0.0
31475,1.0,1,81.0,1.0,0.0,0.0
31479,1.0,1,49.0,1.0,0.0,0.0
31480,1.0,1,100.33999633789062,1.0,0.0,0.0
31486,2.0,1,436.9900016784668,1.0,0.0,0.0
31488,2.0,1,66.51999855041504,1.0,0.0,0.0
31493,1.0,1,20.239999771118164,1.0,0.0,0.0
31495,1.0,1,52.0,1.0,0.0,0.0
31497,1.0,1,10.5,1.0,0.0,0.0
31499,1.0,1,24.0,1.0,0.0,0.0
31501,1.0,1,65.0,1.0,0.0,0.0
31502,1.0,1,25.0,1.0,0.0,0.0
31508,1.0,1,25.0,1.0,0.0,0.0
31511,4.0,1,256.95000076293945,1.0,0.0,0.0
31515,2.0,1,37.989999771118164,1.0,0.0,0.0
31517,1.0,1,32.0,1.0,0.0,0.0
31518,1.0,1,24.0,1.0,0.0,0.0
31523,2.0,1,114.4900016784668,1.0,0.0,0.0
31528,1.0,1,55.0,1.0,0.0,0.0
31531,1.0,1,14.989999771118164,1.0,0.0,0.0
31541,1.0,1,29.5,1.0,0.0,0.0
31555,1.0,1,29.989999771118164,1.0,0.0,0.0
31562,2.0,1,95.94999694824219,1.0,0.0,0.0
31564,1.0,1,79.5,1.0,0.0,0.0
31570,1.0,1,24.989999771118164,1.0,0.0,0.0
31574,1.0,2,48.0,1.0,134.0,0.0
31576,1.0,1,98.0,1.0,0.0,0.0
31577,1.0,1,36.9900016784668,1.0,0.0,0.0
31578,1.0,1,118.98999786376952,1.0,0.0,0.0
31582,1.0,1,11.710000038146973,1.0,0.0,0.0
31587,1.0,1,174.41000366210938,1.0,0.0,0.0
31593,1.0,1,71.0,1.0,0.0,0.0
31599,1.0,2,36.84000015258789,1.0,121.0,0.0
31604,1.0,1,16.100000381469727,1.0,0.0,0.0
31623,2.0,1,205.8799991607666,1.0,0.0,0.0
31638,1.5,4,164.22750043869019,1.0,475.0,532.4556319544381
31640,1.0,1,23.0,1.0,0.0,0.0
31643,1.0,1,12.100000381469728,1.0,0.0,0.0
31645,1.0,1,18.0,1.0,0.0,0.0
31654,1.0,2,39.47500038146973,1.0,1692.0,0.0
31655,1.0,1,35.0,1.0,0.0,0.0
31663,1.0,1,234.9900054931641,2.0,3.0,0.0
31664,1.0,1,64.93000030517578,1.0,0.0,0.0
31665,1.0,1,29.989999771118164,1.0,0.0,0.0
31669,1.0,1,84.20999908447266,1.0,0.0,0.0
31670,1.0,1,90.29000091552734,1.0,0.0,0.0
31676,3.0,1,209.47999572753906,1.0,0.0,0.0
31677,1.0,1,37.2599983215332,1.0,0.0,0.0
31680,1.0,2,30.880001068115234,1.0,114.0,0.0
31686,2.0,1,306.93999099731445,1.0,0.0,0.0
31690,1.0,1,60.0,1.0,0.0,0.0
31692,1.0,1,33.0,1.0,0.0,0.0
31693,1.0,1,20.0,1.0,0.0,0.0
31694,1.0,1,34.95000076293945,1.0,0.0,0.0
31699,2.0,1,194.0,1.0,0.0,0.0
31701,1.0,1,258.0,1.0,0.0,0.0
31705,2.0,1,69.0,1.0,0.0,0.0
31715,1.0,1,50.0,1.0,0.0,0.0
31716,4.0,1,288.1399974822998,1.0,0.0,0.0
31725,1.0,1,50.9900016784668,1.0,0.0,0.0
31732,1.0,1,39.0,1.0,0.0,0.0
31733,1.0,1,24.0,1.0,0.0,0.0
31734,2.0,1,203.29999923706055,1.0,0.0,0.0
31738,2.0,1,70.5,1.0,0.0,0.0
31746,1.0,1,24.989999771118164,1.0,0.0,0.0
31753,2.5,2,114.77499961853027,1.0,262.0,0.0
31756,2.0,1,57.94000053405762,1.0,0.0,0.0
31763,1.0,2,31.920000076293945,1.0,425.0,0.0
31769,2.0,1,70.0,1.0,0.0,0.0
31779,1.0,1,42.0,1.0,0.0,0.0
31785,1.0,1,70.3499984741211,1.0,0.0,0.0
31787,1.0,1,19.989999771118164,1.0,0.0,0.0
31794,1.0,1,109.98999786376952,1.0,0.0,0.0
31797,1.0,1,35.95000076293945,1.0,0.0,0.0
31799,1.0,1,47.0,1.0,0.0,0.0
31800,2.0,1,131.0,1.0,0.0,0.0
31801,1.0,1,99.0,1.0,0.0,0.0
31805,2.0,1,158.98999977111816,1.0,0.0,0.0
31808,2.0,1,150.4499969482422,1.0,0.0,0.0
31811,1.0,1,72.69999694824217,1.0,0.0,0.0
31812,1.0,2,89.25,1.0,54.0,0.0
31813,1.0,1,58.0,1.0,0.0,0.0
31817,1.0,1,26.0,1.0,0.0,0.0
31818,1.6666666666666667,3,166.99333381652832,1.0,246.0,196.5756851698602
31820,1.0,1,208.0,1.0,0.0,0.0
31822,1.0,1,34.97999954223633,1.0,0.0,0.0
31825,4.0,1,613.9000129699707,1.0,0.0,0.0
31832,1.0,1,14.0,1.0,0.0,0.0
31833,1.0,2,52.035000801086426,1.0,79.0,0.0
31834,3.0,1,35.49000000953674,1.0,0.0,0.0
31837,1.0,1,135.0,1.0,0.0,0.0
31838,2.0,1,38.02999973297119,1.0,0.0,0.0
31848,1.0,1,16.969999313354492,1.0,0.0,0.0
31852,1.0,2,10.150000095367432,1.0,520.0,0.0
31853,2.0,1,80.47999954223633,1.0,0.0,0.0
31858,1.0,1,118.0,1.0,0.0,0.0
31859,2.5,2,65.2250018119812,1.0,429.0,0.0
31860,1.0,1,57.630001068115234,1.0,0.0,0.0
31864,1.0,1,125.9499969482422,1.0,0.0,0.0
31865,1.0,1,34.5,1.0,0.0,0.0
31866,1.0,1,49.0,1.0,0.0,0.0
31868,1.0,1,24.8700008392334,1.0,0.0,0.0
31870,1.0,1,34.95000076293945,1.0,0.0,0.0
31888,1.0,1,59.950000762939446,1.0,0.0,0.0
31890,1.0,1,94.4800033569336,1.0,0.0,0.0
31906,1.0,1,145.0,1.0,0.0,0.0
31908,3.0,1,142.95999908447266,1.0,0.0,0.0
31910,1.0,1,29.5,1.0,0.0,0.0
31930,1.0,1,52.0,1.0,0.0,0.0
31933,2.0,1,43.05999946594238,1.0,0.0,0.0
31934,1.0,1,68.0,1.0,0.0,0.0
31939,1.0,1,123.61000061035156,1.0,0.0,0.0
31940,2.0,1,190.0,1.0,0.0,0.0
31945,1.0,1,54.0,1.0,0.0,0.0
31949,1.5,2,37.80500030517578,1.0,108.0,0.0
31952,1.0,2,64.68999862670898,1.0,691.0,0.0
31955,1.0,1,14.949999809265137,1.0,0.0,0.0
31959,2.0,1,27.899999618530273,1.0,0.0,0.0
31966,1.0,1,109.34999847412108,1.0,0.0,0.0
31967,1.0,1,49.5,1.0,0.0,0.0
31970,1.0,1,36.0,1.0,0.0,0.0
31973,1.0,1,170.0,1.0,0.0,0.0
31980,1.0,1,9.989999771118164,1.0,0.0,0.0
31984,1.0,1,8.989999771118164,1.0,0.0,0.0
31989,1.0,1,55.650001525878906,1.0,0.0,0.0
31992,1.0,1,11.8100004196167,1.0,0.0,0.0
31999,1.0,1,168.0,1.0,0.0,0.0
32002,1.0,1,63.33000183105469,1.0,0.0,0.0
32004,1.0,1,96.98999786376952,1.0,0.0,0.0
32020,1.0,2,63.7400016784668,1.0,534.0,0.0
32024,1.0,1,72.2300033569336,1.0,0.0,0.0
32029,1.0,1,128.0,1.0,0.0,0.0
32034,1.0,1,15.989999771118164,1.0,0.0,0.0
32038,2.0,1,209.9800033569336,1.0,0.0,0.0
32039,1.0,1,39.5,1.0,0.0,0.0
32042,2.0,1,204.94999694824216,1.0,0.0,0.0
32044,3.0,1,102.57999992370605,1.0,0.0,0.0
32052,1.0,1,10.0,1.0,0.0,0.0
32055,1.0,1,12.739999771118164,1.0,0.0,0.0
32059,3.0,1,320.83000564575195,1.0,0.0,0.0
32060,1.0,1,82.0,1.0,0.0,0.0
32069,1.0,1,49.5,1.0,0.0,0.0
32070,1.0,1,24.0,1.0,0.0,0.0
32071,1.0,1,99.98999786376952,1.0,0.0,0.0
32074,1.0,1,30.0,1.0,0.0,0.0
32076,2.0,1,60.079999923706055,1.0,0.0,0.0
32077,1.0,1,75.0,1.0,0.0,0.0
32078,1.0,1,198.0,1.0,0.0,0.0
32081,1.0,1,137.5,1.0,0.0,0.0
32082,2.0,1,42.45000076293945,1.0,0.0,0.0
32087,2.0,1,88.0,1.0,0.0,0.0
32096,2.0,1,214.48999786376953,1.0,0.0,0.0
32101,2.0,1,69.98000144958496,1.0,0.0,0.0
32105,1.0,1,39.950000762939446,1.0,0.0,0.0
32106,1.0,1,49.950000762939446,1.0,0.0,0.0
32107,2.0,1,75.98999977111816,1.0,0.0,0.0
32114,1.0,1,52.9900016784668,1.0,0.0,0.0
32118,1.0,1,14.989999771118164,1.0,0.0,0.0
32128,1.0,1,65.0,1.0,0.0,0.0
32130,1.0,1,49.900001525878906,1.0,0.0,0.0
32132,1.0,1,124.9499969482422,1.0,0.0,0.0
32137,2.0,1,90.97000312805176,1.0,0.0,0.0
32148,1.0,1,82.0,1.0,0.0,0.0
32156,4.0,1,193.4000015258789,1.0,0.0,0.0
32159,1.0,1,68.0,1.0,0.0,0.0
32162,2.0,1,164.4900016784668,1.0,0.0,0.0
32167,1.0,1,25.0,1.0,0.0,0.0
32169,2.0,1,45.59000015258789,1.0,0.0,0.0
32171,2.0,1,65.98999977111816,1.0,0.0,0.0
32174,2.0,1,55.99000000953674,1.0,0.0,0.0
32176,1.0,1,99.0,1.0,0.0,0.0
32178,1.0,2,61.9749984741211,1.0,853.0,0.0
32179,4.0,1,217.4000015258789,1.0,0.0,0.0
32180,4.0,1,206.47999954223633,1.0,0.0,0.0
32184,1.0,1,158.3300018310547,1.0,0.0,0.0
32185,2.0,2,78.46999835968018,1.0,233.0,0.0
32187,1.0,1,21.739999771118164,1.0,0.0,0.0
32197,2.0,1,97.98999977111816,1.0,0.0,0.0
32204,1.0,1,20.0,1.0,0.0,0.0
32207,2.0,1,66.0,1.0,0.0,0.0
32210,1.0,1,19.989999771118164,1.0,0.0,0.0
32211,1.0,1,118.0,1.0,0.0,0.0
32215,1.0,1,25.989999771118164,1.0,0.0,0.0
32222,1.0,2,28.994999885559082,1.0,266.0,0.0
32230,1.0,1,11.989999771118164,1.0,0.0,0.0
32233,1.0,1,42.0,1.0,0.0,0.0
32234,2.0,1,123.95000076293945,1.0,0.0,0.0
32241,1.0,1,53.950000762939446,1.0,0.0,0.0
32251,1.0,1,12.859999656677246,1.0,0.0,0.0
32253,1.0,1,29.950000762939453,1.0,0.0,0.0
32266,1.0,1,9.989999771118164,1.0,0.0,0.0
32267,1.0,1,22.89999961853028,1.0,0.0,0.0
32268,2.0,1,124.97999954223633,1.0,0.0,0.0
32270,2.0,1,58.97999954223633,1.0,0.0,0.0
32271,4.0,1,207.64000034332275,1.0,0.0,0.0
32273,1.0,1,49.950000762939446,1.0,0.0,0.0
32276,1.0,1,44.0,1.0,0.0,0.0
32278,2.0,1,56.98000144958496,1.0,0.0,0.0
32279,1.0,1,16.0,1.0,0.0,0.0
32281,1.0,1,334.1300048828125,1.0,0.0,0.0
32291,1.0,1,16.0,1.0,0.0,0.0
32295,1.0,1,49.0,1.0,0.0,0.0
32296,1.0,1,13.43000030517578,1.0,0.0,0.0
32301,1.5,2,178.99000072479248,1.0,370.0,0.0
32302,1.0,1,50.0,1.0,0.0,0.0
32303,1.0,1,189.0,1.0,0.0,0.0
32304,1.0,1,37.7400016784668,1.0,0.0,0.0
32308,1.0,1,119.0,1.0,0.0,0.0
32314,1.0,3,154.9966672261556,1.0,723.5,282.13560569343247
32315,2.0,1,81.44999694824217,1.0,0.0,0.0
32316,1.0,2,55.9950008392334,1.0,608.0,0.0
32317,1.0,2,60.24499893188476,1.0,160.0,0.0
32319,1.0,1,12.949999809265137,1.0,0.0,0.0
32331,4.0,1,381.84999656677246,1.0,0.0,0.0
32332,2.0,1,79.0,1.0,0.0,0.0
32333,2.0,1,43.989999771118164,1.0,0.0,0.0
32334,1.0,1,97.94999694824216,1.0,0.0,0.0
32338,3.0,1,316.95000076293945,1.0,0.0,0.0
32345,2.0,1,29.940000534057617,1.0,0.0,0.0
32350,1.0,1,36.0,1.0,0.0,0.0
32357,2.0,1,469.5,1.0,0.0,0.0
32366,1.0,1,13.989999771118164,1.0,0.0,0.0
32367,2.0,1,66.96000099182129,1.0,0.0,0.0
32372,2.0,1,107.89999771118164,1.0,0.0,0.0
32382,1.0,1,17.0,1.0,0.0,0.0
32397,1.0,1,15.0,1.0,0.0,0.0
32400,1.0,1,13.989999771118164,1.0,0.0,0.0
32401,1.0,1,29.989999771118164,1.0,0.0,0.0
32405,1.0,1,59.0,1.0,0.0,0.0
32409,1.0,1,18.76000022888184,1.0,0.0,0.0
32411,1.0,1,15.989999771118164,1.0,0.0,0.0
32423,1.0,1,28.0,1.0,0.0,0.0
32434,2.0,1,334.5,1.0,0.0,0.0
32436,1.0,1,19.0,1.0,0.0,0.0
32439,1.0,1,45.0,1.0,0.0,0.0
32441,2.0,1,190.9900016784668,1.0,0.0,0.0
32445,1.0,1,28.0,1.0,0.0,0.0
32447,1.0,1,54.950000762939446,1.0,0.0,0.0
32451,2.0,1,93.5,1.0,0.0,0.0
32452,2.0,1,147.93999481201172,1.0,0.0,0.0
32453,1.0,1,21.0,1.0,0.0,0.0
32454,1.0,1,45.0,1.0,0.0,0.0
32457,1.0,1,148.97999572753906,1.0,0.0,0.0
32464,2.0,1,85.98999977111816,1.0,0.0,0.0
32468,1.0,1,40.400001525878906,1.0,0.0,0.0
32479,1.0,2,46.71500015258789,1.0,131.0,0.0
32481,1.0,1,20.0,1.0,0.0,0.0
32482,1.0,1,27.989999771118164,1.0,0.0,0.0
32484,1.0,1,160.0,1.0,0.0,0.0
32486,1.0,1,160.0,1.0,0.0,0.0
32487,1.0,1,25.0,1.0,0.0,0.0
32491,1.0,1,19.989999771118164,1.0,0.0,0.0
32492,1.0,1,52.0,1.0,0.0,0.0
32496,2.0,1,122.28999710083008,1.0,0.0,0.0
32497,2.0,1,236.43000030517578,1.0,0.0,0.0
32505,3.0,1,336.1299934387207,1.0,0.0,0.0
32520,1.5,2,113.49499893188477,1.0,94.0,0.0
32524,1.0,1,39.9900016784668,1.0,0.0,0.0
32528,2.0,1,21.31999969482422,1.0,0.0,0.0
32530,1.0,1,69.0,1.0,0.0,0.0
32532,2.5,2,147.4900016784668,1.0,388.0,0.0
32534,2.0,1,33.97999954223633,1.0,0.0,0.0
32538,1.0,1,10.989999771118164,1.0,0.0,0.0
32539,4.0,1,247.9800033569336,1.0,0.0,0.0
32540,1.0,1,17.65999984741211,1.0,0.0,0.0
32541,1.0,1,112.5,1.0,0.0,0.0
32542,1.0,1,22.5,1.0,0.0,0.0
32547,1.0,1,44.58000183105469,1.0,0.0,0.0
32552,1.0,1,75.0,1.0,0.0,0.0
32553,1.0,1,41.9900016784668,1.0,0.0,0.0
32561,2.0,1,97.94999694824217,1.0,0.0,0.0
32564,1.0,1,13.350000381469728,1.0,0.0,0.0
32566,3.0,1,57.80999946594238,1.0,0.0,0.0
32577,1.0,1,26.56999969482421,1.0,0.0,0.0
32578,1.0,2,41.75,1.0,1021.0,0.0
32579,1.5,2,28.545000076293945,1.0,112.0,0.0
32580,1.0,1,44.9900016784668,1.0,0.0,0.0
32583,2.0,1,118.96999740600586,1.0,0.0,0.0
32586,2.0,1,144.64999961853027,1.0,0.0,0.0
32590,1.0,1,20.0,1.0,0.0,0.0
32596,1.5,2,75.49499893188477,1.0,777.0,0.0
32601,2.0,2,79.21999835968018,1.0,1098.0,0.0
32607,1.0,1,49.950000762939446,1.0,0.0,0.0
32608,1.0,1,197.91999816894528,1.0,0.0,0.0
32609,1.0,1,44.0,1.0,0.0,0.0
32612,1.0,3,76.13333384195964,1.0,1150.5,733.2697320904498
32613,1.0,1,179.99000549316406,1.0,0.0,0.0
32619,1.0,2,42.98500061035156,1.0,340.0,0.0
32620,1.0,1,14.989999771118164,1.0,0.0,0.0
32626,1.0,1,68.70999908447266,1.0,0.0,0.0
32627,1.0,1,48.0,1.0,0.0,0.0
32628,2.0,1,102.0,1.0,0.0,0.0
32629,1.0,1,44.97999954223633,1.0,0.0,0.0
32631,1.0,1,17.989999771118164,1.0,0.0,0.0
32637,1.0,1,77.0,1.0,0.0,0.0
32647,1.0,1,6.989999771118164,1.0,0.0,0.0
32648,1.0,2,25.9950008392334,1.0,180.0,0.0
32649,1.0,1,36.61000061035156,1.0,0.0,0.0
32651,3.0,1,183.6999969482422,1.0,0.0,0.0
32653,1.0,1,12.5,1.0,0.0,0.0
32654,1.0,1,171.0,1.0,0.0,0.0
32656,1.0,1,24.989999771118164,1.0,0.0,0.0
32658,1.0,1,29.950000762939453,1.0,0.0,0.0
32660,1.0,1,113.90000152587892,1.0,0.0,0.0
32672,1.0,1,32.9900016784668,1.0,0.0,0.0
32676,1.0,1,38.0,1.0,0.0,0.0
32678,1.0,1,48.959999084472656,1.0,0.0,0.0
32680,1.0,1,45.7400016784668,1.0,0.0,0.0
32681,1.0,1,18.0,1.0,0.0,0.0
32684,1.0,1,9.789999961853027,1.0,0.0,0.0
32686,1.0,1,34.0,1.0,0.0,0.0
32687,2.5,2,176.09499835968018,1.0,360.0,0.0
32690,1.0,1,20.0,1.0,0.0,0.0
32695,1.0,1,52.950000762939446,1.0,0.0,0.0
32713,1.0,1,60.0,1.0,0.0,0.0
32719,1.0,1,8.489999771118164,1.0,0.0,0.0
32723,2.0,1,39.88999938964844,1.0,0.0,0.0
32730,3.0,1,91.74999904632568,1.0,0.0,0.0
32731,2.0,1,94.0,1.0,0.0,0.0
32732,1.0,1,79.94999694824217,1.0,0.0,0.0
32734,1.0,1,9.989999771118164,1.0,0.0,0.0
32735,1.0,1,28.0,1.0,0.0,0.0
32739,3.0,1,245.9900016784668,1.0,0.0,0.0
32743,1.0,1,15.899999618530272,1.0,0.0,0.0
32745,1.0,1,11.75,1.0,0.0,0.0
32749,3.0,1,156.97999954223633,1.0,0.0,0.0
32751,1.0,3,54.96333312988281,1.0,435.5,528.208765546351
32753,1.0,1,89.44999694824217,1.0,0.0,0.0
32758,1.5,2,131.98999977111816,1.0,694.0,0.0
32766,2.0,1,151.5,1.0,0.0,0.0
32768,2.0,1,205.0,1.0,0.0,0.0
32770,2.0,1,17.989999771118164,1.0,0.0,0.0
32785,2.0,1,73.95000076293945,1.0,0.0,0.0
32788,2.0,1,75.9900016784668,1.0,0.0,0.0
32789,1.0,1,7.949999809265136,1.0,0.0,0.0
32794,1.0,1,12.220000267028809,1.0,0.0,0.0
32798,1.0,1,59.93999862670898,1.0,0.0,0.0
32799,1.75,4,131.48500156402588,1.0,179.0,205.45802491019913
32800,1.0,2,23.475000381469727,1.0,259.0,0.0
32804,1.0,1,17.989999771118164,1.0,0.0,0.0
32814,1.0,1,37.7599983215332,1.0,0.0,0.0
32815,1.0,1,79.98999786376953,1.0,0.0,0.0
32817,1.0,1,16.75,1.0,0.0,0.0
32821,2.0,1,170.0,1.0,0.0,0.0
32824,2.0,1,184.0,1.0,0.0,0.0
32826,2.0,1,62.260000228881836,1.0,0.0,0.0
32829,1.0,2,31.994999885559082,1.0,210.0,0.0
32831,1.0,1,30.0,1.0,0.0,0.0
32839,1.0,1,9.789999961853027,1.0,0.0,0.0
32845,1.0,1,12.630000114440918,1.0,0.0,0.0
32866,1.5,2,94.56500005722046,1.0,357.0,0.0
32871,2.0,1,444.48999977111816,1.0,0.0,0.0
32881,1.0,1,17.989999771118164,1.0,0.0,0.0
32886,1.0,1,69.0,1.0,0.0,0.0
32889,1.0,1,28.0,1.0,0.0,0.0
32891,1.0,1,30.0,1.0,0.0,0.0
32899,1.0,2,103.97500038146973,1.0,425.0,0.0
32902,1.0,1,25.0,1.0,0.0,0.0
32913,1.0,1,65.0,1.0,0.0,0.0
32919,2.0,1,216.68000030517578,1.0,0.0,0.0
32923,1.0,1,52.33000183105469,1.0,0.0,0.0
32930,2.0,1,39.579999923706055,1.0,0.0,0.0
32934,2.0,1,365.98999977111816,1.0,0.0,0.0
32935,2.0,1,35.489999771118164,1.0,0.0,0.0
32936,2.0,1,99.44999694824217,1.0,0.0,0.0
32937,1.0,1,110.0,1.0,0.0,0.0
32940,1.0,1,33.86000061035156,1.0,0.0,0.0
32947,1.0,1,72.48999786376953,1.0,0.0,0.0
32954,3.0,1,176.95000076293945,1.0,0.0,0.0
32956,3.0,1,124.48999977111816,1.0,0.0,0.0
32964,1.5,2,52.0,1.0,377.0,0.0
32965,1.0,1,28.0,1.0,0.0,0.0
32967,1.0,1,19.989999771118164,1.0,0.0,0.0
32969,1.0,1,43.9900016784668,1.0,0.0,0.0
32971,1.0,1,69.94999694824219,1.0,0.0,0.0
32984,1.0,1,13.989999771118164,1.0,0.0,0.0
32988,1.0,1,325.0,1.0,0.0,0.0
32989,3.0,1,164.97999954223633,1.0,0.0,0.0
32994,1.0,1,25.0,1.0,0.0,0.0
32996,3.0,1,74.98999977111816,1.0,0.0,0.0
32998,2.0,1,220.45999908447266,1.0,0.0,0.0
33000,1.0,1,68.0,1.0,0.0,0.0
33002,2.0,2,58.34500026702881,1.0,58.0,0.0
33003,1.0,1,12.989999771118164,1.0,0.0,0.0
33005,1.0,1,34.9900016784668,1.0,0.0,0.0
33006,1.0,3,47.483333587646484,1.0,129.5,120.91525958289962
33010,1.0,1,59.9900016784668,1.0,0.0,0.0
33013,3.0,1,248.0799961090088,1.0,0.0,0.0
33016,1.0,1,10.140000343322754,1.0,0.0,0.0
33021,1.0,1,40.0,1.0,0.0,0.0
33023,1.0,1,33.88999938964844,1.0,0.0,0.0
33030,1.0,1,12.0,1.0,0.0,0.0
33037,1.0,1,18.520000457763672,1.0,0.0,0.0
33038,2.0,1,88.0,1.0,0.0,0.0
33039,1.0,1,169.97999572753906,1.0,0.0,0.0
33040,3.0,1,167.95000076293945,1.0,0.0,0.0
33042,1.0,2,67.49499988555908,1.0,66.0,0.0
33044,1.0,2,7.815000057220459,1.0,786.0,0.0
33046,1.0,1,59.5,1.0,0.0,0.0
33049,1.5,2,71.5,1.0,2019.0,0.0
33055,1.0,2,88.4950008392334,1.0,49.0,0.0
33065,1.0,1,54.9900016784668,1.0,0.0,0.0
33068,4.0,1,194.39999961853027,1.0,0.0,0.0
33071,1.3333333333333333,3,92.5099983215332,1.0,390.5,419.31432124362266
33072,1.5,2,188.23999977111816,1.0,1074.0,0.0
33087,1.0,1,42.0,1.0,0.0,0.0
33095,1.0,1,39.5,1.0,0.0,0.0
33096,1.0,1,149.89999389648438,1.0,0.0,0.0
33110,1.0,1,17.850000381469727,1.0,0.0,0.0
33112,1.0,1,21.40999984741211,1.0,0.0,0.0
33113,2.0,1,68.35000038146973,1.0,0.0,0.0
33119,1.0,1,264.0,1.0,0.0,0.0
33131,2.0,1,34.39999961853028,1.0,0.0,0.0
33134,4.0,1,67.8000020980835,1.0,0.0,0.0
33136,1.3333333333333333,3,72.8700008392334,1.0,46.5,36.062445840513924
33137,1.0,1,80.22000122070312,1.0,0.0,0.0
33141,1.0,1,49.9900016784668,1.0,0.0,0.0
33145,1.0,2,17.6899995803833,1.0,150.0,0.0
33151,1.0,1,149.0,1.0,0.0,0.0
33154,2.0,1,35.97999954223633,1.0,0.0,0.0
33158,1.0,1,22.299999237060547,1.0,0.0,0.0
33175,1.0,2,86.16999816894531,1.0,24.0,0.0
33184,1.0,3,50.52333323160807,1.0,212.0,103.23759005323593
33193,1.0,1,32.0,1.0,0.0,0.0
33197,1.0,2,67.94000053405762,1.0,171.0,0.0
33199,1.0,1,12.020000457763672,1.0,0.0,0.0
33207,1.0,2,32.234999656677246,1.0,19.0,0.0
33209,3.5,2,155.4250020980835,1.0,22.0,0.0
33221,1.0,1,29.989999771118164,1.0,0.0,0.0
33222,1.0,1,38.0,1.0,0.0,0.0
33224,1.0,1,32.95000076293945,1.0,0.0,0.0
33225,1.0,1,24.950000762939453,1.0,0.0,0.0
33236,2.0,1,44.989999771118164,1.0,0.0,0.0
33241,1.0,1,129.99000549316406,1.0,0.0,0.0
33244,1.0,2,34.44999980926514,1.0,111.0,0.0
33246,4.0,1,438.5800075531006,1.0,0.0,0.0
33247,1.0,1,99.0,1.0,0.0,0.0
33260,2.0,1,55.97999954223633,1.0,0.0,0.0
33267,2.0,1,195.97999954223633,1.0,0.0,0.0
33268,1.0,1,83.0,1.0,0.0,0.0
33275,2.0,1,134.0,1.0,0.0,0.0
33276,1.0,1,19.989999771118164,1.0,0.0,0.0
33278,1.0,1,29.989999771118164,1.0,0.0,0.0
33287,1.0,1,18.0,1.0,0.0,0.0
33292,1.0,1,99.94999694824216,1.0,0.0,0.0
33294,3.0,2,226.729998588562,1.0,284.0,0.0
33295,1.0,1,55.0,1.0,0.0,0.0
33298,1.0,1,39.5,1.0,0.0,0.0
33303,1.0,1,7.900000095367431,1.0,0.0,0.0
33307,1.0,1,210.0,1.0,0.0,0.0
33312,1.0,1,103.12999725341795,1.0,0.0,0.0
33313,1.0,1,26.979999542236328,1.0,0.0,0.0
33317,3.0,1,481.9700012207031,1.0,0.0,0.0
33318,1.0,1,26.0,1.0,0.0,0.0
33329,2.0,1,111.8000030517578,1.0,0.0,0.0
33331,2.0,1,216.0900001525879,1.0,0.0,0.0
33332,1.0,1,22.21999931335449,1.0,0.0,0.0
33333,1.0,2,18.84000015258789,1.0,804.0,0.0
33334,1.0,2,116.5,1.0,310.0,0.0
33338,1.0,1,98.0,1.0,0.0,0.0
33341,1.0,1,148.99000549316406,1.0,0.0,0.0
33348,1.0,2,26.199999809265137,1.0,472.0,0.0
33351,1.0,1,49.5,1.0,0.0,0.0
33354,1.0,1,28.40999984741211,1.0,0.0,0.0
33366,2.5,2,531.1650066375732,1.0,65.0,0.0
33369,1.0,1,149.5,1.0,0.0,0.0
33374,1.0,1,39.9900016784668,1.0,0.0,0.0
33376,1.0,1,145.0,1.0,0.0,0.0
33378,1.0,1,11.989999771118164,1.0,0.0,0.0
33380,1.0,1,36.0,1.0,0.0,0.0
33383,1.0,1,29.5,1.0,0.0,0.0
33385,3.0,1,163.42999839782715,1.0,0.0,0.0
33387,1.0,1,36.9900016784668,1.0,0.0,0.0
33388,1.0,1,74.98999786376953,1.0,0.0,0.0
33391,1.0,1,62.0,1.0,0.0,0.0
33393,2.0,1,44.989999771118164,1.0,0.0,0.0
33400,4.0,1,192.9900016784668,1.0,0.0,0.0
33401,2.0,1,74.5,1.0,0.0,0.0
33405,1.6666666666666667,3,178.13333384195963,1.0,612.0,342.239682094289
33413,4.0,1,73.96000099182129,1.0,0.0,0.0
33424,1.0,1,18.989999771118164,1.0,0.0,0.0
33433,1.0,1,88.98999786376953,1.0,0.0,0.0
33434,1.5,2,102.4449987411499,1.0,311.0,0.0
33437,4.0,1,351.90999603271484,1.0,0.0,0.0
33438,1.0,1,30.920000076293945,1.0,0.0,0.0
33442,1.0,1,286.0,1.0,0.0,0.0
33450,2.0,1,81.6200008392334,1.0,0.0,0.0
33451,3.0,1,118.28999900817871,1.0,0.0,0.0
33453,1.0,1,8.949999809265137,1.0,0.0,0.0
33454,1.0,1,55.0,1.0,0.0,0.0
33455,3.0,1,98.09000205993652,1.0,0.0,0.0
33456,2.0,1,41.510000228881836,1.0,0.0,0.0
33465,3.0,1,129.9399995803833,1.0,0.0,0.0
33472,1.0,1,49.950000762939446,1.0,0.0,0.0
33478,1.0,1,9.949999809265137,1.0,0.0,0.0
33483,2.0,1,117.96999931335449,1.0,0.0,0.0
33489,2.0,1,228.93999862670898,1.0,0.0,0.0
33490,1.3333333333333333,3,123.65999857584636,1.0,595.5,214.2533546995239
33501,1.0,2,32.5,1.0,212.0,0.0
33502,2.0,1,106.9800033569336,1.0,0.0,0.0
33518,2.0,1,206.0,1.0,0.0,0.0
33519,1.0,1,44.0,1.0,0.0,0.0
33520,1.0,1,42.0,1.0,0.0,0.0
33521,1.0,1,29.0,1.0,0.0,0.0
33522,1.0,1,69.98999786376953,1.0,0.0,0.0
33526,1.0,1,62.9900016784668,1.0,0.0,0.0
33528,2.0,2,218.80999946594238,1.0,584.0,0.0
33529,1.0,1,101.83999633789062,1.0,0.0,0.0
33537,3.0,2,179.33500003814697,1.0,313.0,0.0
33540,1.0,1,49.950000762939446,1.0,0.0,0.0
33545,2.0,2,254.2199993133545,1.0,31.0,0.0
33549,1.0,1,11.989999771118164,1.0,0.0,0.0
33556,1.0,1,22.8799991607666,1.0,0.0,0.0
33558,1.0,1,72.0,1.0,0.0,0.0
33561,1.0,2,23.470000743865967,1.0,674.0,0.0
33568,1.0,1,159.99000549316406,1.0,0.0,0.0
33573,1.0,1,61.0,1.0,0.0,0.0
33576,1.0,1,10.720000267028809,1.0,0.0,0.0
33577,1.0,1,149.0,1.0,0.0,0.0
33587,1.0,1,84.98999786376953,1.0,0.0,0.0
33592,1.0,1,68.98999786376953,1.0,0.0,0.0
33596,4.0,1,125.27000331878662,1.0,0.0,0.0
33601,2.0,1,43.989999771118164,1.0,0.0,0.0
33606,2.0,1,225.06999969482422,1.0,0.0,0.0
33611,1.0,1,54.0,1.0,0.0,0.0
33612,2.0,1,103.0,1.0,0.0,0.0
33614,1.0,1,17.989999771118164,1.0,0.0,0.0
33616,1.5,2,26.46500015258789,1.0,143.0,0.0
33619,1.0,1,13.600000381469728,1.0,0.0,0.0
33624,1.5,2,33.945000648498535,1.0,935.0,0.0
33627,1.0,1,28.799999237060547,1.0,0.0,0.0
33628,1.0,1,54.9900016784668,1.0,0.0,0.0
33629,1.0,1,325.0,1.0,0.0,0.0
33631,1.0,1,65.16999816894531,1.0,0.0,0.0
33634,1.0,1,242.2899932861328,1.0,0.0,0.0
33635,2.0,2,149.63500261306763,1.0,175.0,0.0
33642,1.0,1,18.950000762939453,1.0,0.0,0.0
33643,1.0,1,24.5,1.0,0.0,0.0
33648,3.0,1,310.9099998474121,1.0,0.0,0.0
33649,1.0,1,118.75,1.0,0.0,0.0
33660,2.0,1,102.0,1.0,0.0,0.0
33664,1.0,1,19.950000762939453,1.0,0.0,0.0
33668,1.0,1,26.0,1.0,0.0,0.0
33673,2.0,2,50.02500104904175,1.0,140.0,0.0
33674,1.0,1,10.899999618530272,1.0,0.0,0.0
33677,2.0,1,78.4900016784668,1.0,0.0,0.0
33678,1.0,1,186.94999694824216,1.0,0.0,0.0
33679,1.0,1,109.0,1.0,0.0,0.0
33680,1.0,1,44.950000762939446,1.0,0.0,0.0
33688,1.0,1,40.0,1.0,0.0,0.0
33692,1.0,1,119.0,1.0,0.0,0.0
33695,2.0,1,91.0,1.0,0.0,0.0
33696,4.0,1,448.43001079559326,1.0,0.0,0.0
33705,1.0,1,32.099998474121094,1.0,0.0,0.0
33709,1.0,1,29.989999771118164,1.0,0.0,0.0
33710,1.0,1,45.0,1.0,0.0,0.0
33719,1.0,1,40.0,1.0,0.0,0.0
33722,1.5,2,250.5,1.0,163.0,0.0
33729,1.0,1,94.5,1.0,0.0,0.0
33730,1.0,1,159.0,1.0,0.0,0.0
33733,1.0,1,29.5,1.0,0.0,0.0
33734,1.0,1,68.0,1.0,0.0,0.0
33738,2.0,1,68.48999977111816,1.0,0.0,0.0
33749,1.0,1,60.0,1.0,0.0,0.0
33760,1.0,1,26.43000030517578,1.0,0.0,0.0
33769,1.0,1,7.34000015258789,1.0,0.0,0.0
33772,1.0,1,199.9900054931641,1.0,0.0,0.0
33776,1.5,2,61.970001220703125,1.0,374.0,0.0
33781,1.0,1,199.9900054931641,1.0,0.0,0.0
33783,1.0,1,160.0,1.0,0.0,0.0
33787,1.0,1,79.5,1.0,0.0,0.0
33789,2.0,1,110.0,1.0,0.0,0.0
33793,2.3333333333333335,3,287.4933331807454,1.0,592.0,42.42640687119285
33798,4.0,1,156.34000205993652,1.0,0.0,0.0
33802,1.0,1,45.0,1.0,0.0,0.0
33810,1.0,2,85.99500274658203,1.0,1192.0,0.0
33813,1.0,1,69.0,1.0,0.0,0.0
33820,1.0,1,24.989999771118164,1.0,0.0,0.0
33822,2.0,1,72.9800033569336,1.0,0.0,0.0
33825,2.0,1,26.109999656677246,1.0,0.0,0.0
33826,2.0,1,48.739999771118164,1.0,0.0,0.0
33828,3.0,2,154.0,1.0,223.0,0.0
33830,1.0,1,198.0,1.0,0.0,0.0
33840,1.0,1,52.0,1.0,0.0,0.0
33841,2.0,1,148.98999786376953,1.0,0.0,0.0
33845,1.0,1,125.0,1.0,0.0,0.0
33847,2.0,1,475.0,1.0,0.0,0.0
33856,2.0,1,82.60000038146973,1.0,0.0,0.0
33859,2.0,1,219.0,1.0,0.0,0.0
33860,1.5,2,82.68499946594238,1.0,656.0,0.0
33867,2.0,2,70.73000001907349,1.0,281.0,0.0
33879,2.0,1,264.98999786376953,1.0,0.0,0.0
33895,1.0,1,79.5,1.0,0.0,0.0
33900,2.0,1,184.92000198364258,1.0,0.0,0.0
33903,1.0,1,59.0,1.0,0.0,0.0
33904,1.0,1,14.989999771118164,1.0,0.0,0.0
33914,4.0,1,134.48999977111816,1.0,0.0,0.0
33916,2.0,1,99.93999862670898,1.0,0.0,0.0
33924,4.0,1,509.5,1.0,0.0,0.0
33931,1.0,1,29.5,1.0,0.0,0.0
33934,1.0,1,28.0,1.0,0.0,0.0
33935,3.0,1,152.83000373840332,1.0,0.0,0.0
33936,1.0,1,29.989999771118164,1.0,0.0,0.0
33941,1.0,1,34.650001525878906,1.0,0.0,0.0
33945,1.0,1,9.0,1.0,0.0,0.0
33947,4.0,1,257.4800033569336,1.0,0.0,0.0
33952,2.0,1,54.489999771118164,1.0,0.0,0.0
33954,2.0,1,87.9800033569336,1.0,0.0,0.0
33955,1.0,1,34.9900016784668,1.0,0.0,0.0
33956,1.0,1,76.0,1.0,0.0,0.0
33961,1.0,1,25.0,1.0,0.0,0.0
33968,1.0,1,29.989999771118164,1.0,0.0,0.0
33969,1.0,1,49.950000762939446,1.0,0.0,0.0
33976,1.0,2,36.22500038146973,1.0,480.0,0.0
33979,1.0,1,33.599998474121094,1.0,0.0,0.0
33992,1.0,1,22.0,1.0,0.0,0.0
33994,4.0,1,269.4199981689453,1.0,0.0,0.0
33997,3.0,1,303.4900016784668,1.0,0.0,0.0
33998,2.5,2,108.2300009727478,1.0,894.0,0.0
33999,1.0,1,19.81999969482421,1.0,0.0,0.0
34000,1.0,1,178.0,1.0,0.0,0.0
34007,1.0,1,37.79999923706056,1.0,0.0,0.0
34009,1.5,2,97.97000122070312,1.0,293.0,0.0
34011,2.0,1,143.90999603271484,1.0,0.0,0.0
34013,1.0,2,38.36500072479248,1.0,640.0,0.0
34024,2.0,1,30.489999771118164,1.0,0.0,0.0
34027,1.0,1,65.98999786376953,1.0,0.0,0.0
34028,1.0,1,32.0,1.0,0.0,0.0
34029,2.0,1,174.5,1.0,0.0,0.0
34030,1.0,1,10.949999809265137,1.0,0.0,0.0
34033,2.0,1,42.56999969482422,1.0,0.0,0.0
34037,3.0,1,83.98999977111816,1.0,0.0,0.0
34048,1.0,1,33.9900016784668,1.0,0.0,0.0
34049,1.0,1,59.7400016784668,1.0,0.0,0.0
34050,1.0,1,32.0,1.0,0.0,0.0
34054,1.0,1,15.899999618530272,1.0,0.0,0.0
34056,2.0,1,42.96999931335449,1.0,0.0,0.0
34062,1.0,1,83.75,1.0,0.0,0.0
34063,2.0,1,32.5,1.0,0.0,0.0
34064,1.0,1,25.0,1.0,0.0,0.0
34070,1.0,1,55.0,1.0,0.0,0.0
34073,1.0,1,59.950000762939446,1.0,0.0,0.0
34075,2.0,1,165.5900001525879,1.0,0.0,0.0
34082,1.0,1,45.0,1.0,0.0,0.0
34084,1.0,1,14.0,1.0,0.0,0.0
34086,1.0,1,14.989999771118164,1.0,0.0,0.0
34088,1.0,1,28.989999771118164,1.0,0.0,0.0
34094,1.0,1,45.0,1.0,0.0,0.0
34096,2.0,2,96.39500045776367,1.0,735.0,0.0
34098,4.0,1,210.70000076293945,1.0,0.0,0.0
34109,1.0,1,25.0,1.0,0.0,0.0
34114,1.0,1,89.98999786376953,1.0,0.0,0.0
34117,1.0,1,25.0,1.0,0.0,0.0
34121,1.0,1,168.0,1.0,0.0,0.0
34122,1.5,2,62.98500061035156,1.0,908.0,0.0
34126,2.0,1,195.0,1.0,0.0,0.0
34127,3.0,1,275.98999977111816,1.0,0.0,0.0
34128,1.0,1,135.0,1.0,0.0,0.0
34131,3.0,1,118.97000312805176,1.0,0.0,0.0
34132,1.0,1,78.0,1.0,0.0,0.0
34135,1.0,1,35.0,1.0,0.0,0.0
34136,1.0,1,50.9900016784668,1.0,0.0,0.0
34137,1.0,3,74.63333320617676,1.0,96.0,25.45584412271571
34142,1.0,1,34.29999923706055,1.0,0.0,0.0
34145,2.0,1,83.48000144958496,1.0,0.0,0.0
34149,1.0,1,52.0,1.0,0.0,0.0
34156,1.0,1,69.5,1.0,0.0,0.0
34161,1.0,1,13.989999771118164,1.0,0.0,0.0
34163,1.0,1,13.600000381469728,1.0,0.0,0.0
34176,1.0,1,89.98999786376953,1.0,0.0,0.0
34182,1.0,1,199.0,1.0,0.0,0.0
34186,3.0,1,218.9900016784668,1.0,0.0,0.0
34188,2.0,1,108.95000076293945,1.0,0.0,0.0
34192,2.0,1,76.98999977111816,1.0,0.0,0.0
34193,1.0,1,13.989999771118164,1.0,0.0,0.0
34194,1.0,1,24.0,1.0,0.0,0.0
34198,1.0,2,113.0,1.0,69.0,0.0
34203,1.0,1,105.5,1.0,0.0,0.0
34221,1.0,1,42.0,1.0,0.0,0.0
34223,2.0,1,55.489999771118164,1.0,0.0,0.0
34225,1.0,1,104.5,1.0,0.0,0.0
34229,3.0,1,444.939998626709,1.0,0.0,0.0
34232,1.0,1,29.5,1.0,0.0,0.0
34239,4.0,1,236.43999862670898,1.0,0.0,0.0
34246,1.0,1,149.0,1.0,0.0,0.0
34251,1.0,1,56.08000183105469,1.0,0.0,0.0
34252,1.0,1,37.630001068115234,1.0,0.0,0.0
34253,1.0,1,14.989999771118164,1.0,0.0,0.0
34259,1.0,1,14.979999542236328,1.0,0.0,0.0
34261,1.0,1,299.95001220703125,1.0,0.0,0.0
34271,1.0,1,199.9900054931641,1.0,0.0,0.0
34272,4.0,1,238.0,1.0,0.0,0.0
34279,1.0,1,169.0,1.0,0.0,0.0
34285,1.0,1,158.27000427246094,1.0,0.0,0.0
34287,1.0,1,16.989999771118164,1.0,0.0,0.0
34290,1.0,1,18.0,1.0,0.0,0.0
34295,1.0,1,374.9500122070313,1.0,0.0,0.0
34299,2.0,1,125.98999977111816,1.0,0.0,0.0
34305,1.0,1,37.2599983215332,1.0,0.0,0.0
34309,1.0,1,25.0,1.0,0.0,0.0
34310,1.0,1,28.989999771118164,1.0,0.0,0.0
34319,4.0,1,241.4900016784668,1.0,0.0,0.0
34320,3.0,1,833.0,1.0,0.0,0.0
34324,1.0,1,25.0,1.0,0.0,0.0
34328,1.0,1,64.98999786376953,1.0,0.0,0.0
34331,1.0,1,259.69000244140625,1.0,0.0,0.0
34340,1.0,2,49.48500061035156,1.0,1164.0,0.0
34341,4.0,1,90.94000244140625,1.0,0.0,0.0
34342,4.0,1,271.5999984741211,1.0,0.0,0.0
34345,1.0,1,5.090000152587891,1.0,0.0,0.0
34351,2.0,1,72.78999900817873,1.0,0.0,0.0
34354,1.0,1,195.0,1.0,0.0,0.0
34358,1.0,1,10.5,1.0,0.0,0.0
34381,1.0,1,68.70999908447266,1.0,0.0,0.0
34384,1.0,1,12.989999771118164,1.0,0.0,0.0
34388,1.0,2,34.75,1.0,177.0,0.0
34395,2.0,2,661.9649982452393,1.5,16.0,15.556349186104045
34396,1.0,1,73.43000030517578,1.0,0.0,0.0
34402,1.0,1,101.75,1.0,0.0,0.0
34404,1.0,1,24.989999771118164,1.0,0.0,0.0
34409,1.5,2,119.48000001907349,1.0,1100.0,0.0
34420,1.0,1,41.9900016784668,1.0,0.0,0.0
34425,1.0,1,39.450000762939446,1.0,0.0,0.0
34429,1.0,1,18.5,1.0,0.0,0.0
34431,1.0,1,89.0,1.0,0.0,0.0
34435,1.0,1,131.0,1.0,0.0,0.0
34437,1.0,1,24.989999771118164,1.0,0.0,0.0
34438,1.0,1,21.989999771118164,1.0,0.0,0.0
34443,1.0,1,17.0,1.0,0.0,0.0
34444,2.0,1,37.79999923706055,1.0,0.0,0.0
34446,1.3333333333333333,3,96.88333384195964,1.0,270.0,151.32085117392117
34451,1.0,1,16.850000381469727,1.0,0.0,0.0
34455,2.0,1,174.72000122070312,1.0,0.0,0.0
34461,1.5,2,65.97000026702881,1.0,659.0,0.0
34462,1.0,1,18.950000762939453,1.0,0.0,0.0
34464,1.5,2,38.05500030517578,1.0,339.0,0.0
34465,4.0,1,141.37000179290771,1.0,0.0,0.0
34470,2.0,1,101.93999671936034,1.0,0.0,0.0
34471,1.0,1,10.979999542236328,1.0,0.0,0.0
34472,4.0,1,218.1400032043457,1.0,0.0,0.0
34477,1.5,2,32.489999890327454,1.0,25.0,0.0
34481,1.0,1,65.0,1.0,0.0,0.0
34482,1.0,1,95.47000122070312,1.0,0.0,0.0
34485,4.0,1,90.95999908447266,1.0,0.0,0.0
34488,2.0,1,81.98000144958496,1.0,0.0,0.0
34509,1.0,1,65.0,1.0,0.0,0.0
34511,1.0,1,89.94999694824217,1.0,0.0,0.0
34517,1.0,1,39.97999954223633,1.0,0.0,0.0
34523,1.0,1,79.5,1.0,0.0,0.0
34527,2.0,1,93.0,1.0,0.0,0.0
34530,1.0,1,19.8799991607666,1.0,0.0,0.0
34532,1.0,1,19.989999771118164,1.0,0.0,0.0
34540,1.0,1,115.0,1.0,0.0,0.0
34541,4.0,1,327.38999938964844,1.0,0.0,0.0
34544,1.0,1,25.950000762939453,1.0,0.0,0.0
34549,2.0,1,42.97999954223633,1.0,0.0,0.0
34552,2.0,1,197.0,1.0,0.0,0.0
34554,1.0,1,159.99000549316406,1.0,0.0,0.0
34555,1.3333333333333333,2,102.54499959945679,1.5,55.5,70.0035713374682
34556,1.0,1,14.989999771118164,1.0,0.0,0.0
34568,1.0,1,198.0,1.0,0.0,0.0
34575,2.0,1,189.98999977111816,1.0,0.0,0.0
34579,1.0,1,110.0,1.0,0.0,0.0
34581,1.0,1,208.6000061035156,1.0,0.0,0.0
34582,1.0,1,74.5,1.0,0.0,0.0
34583,1.0,1,64.0,1.0,0.0,0.0
34584,4.0,1,185.5,1.0,0.0,0.0
34586,1.0,2,64.49499988555908,1.0,1660.0,0.0
34589,2.0,1,77.35999965667725,1.0,0.0,0.0
34592,1.0,1,17.209999084472656,1.0,0.0,0.0
34594,1.0,1,24.950000762939453,1.0,0.0,0.0
34596,2.0,2,93.8700008392334,1.0,283.0,0.0
34597,1.0,1,11.260000228881836,1.0,0.0,0.0
34608,1.0,1,14.989999771118164,1.0,0.0,0.0
34609,2.0,2,124.9950008392334,1.0,370.0,0.0
34618,3.0,1,176.93999862670896,1.0,0.0,0.0
34626,1.0,1,48.5,1.0,0.0,0.0
34628,2.0,1,158.0,1.0,0.0,0.0
34629,1.0,1,42.0,1.0,0.0,0.0
34632,1.0,1,36.0,1.0,0.0,0.0
34638,1.0,1,24.0,1.0,0.0,0.0
34643,1.0,1,119.9499969482422,1.0,0.0,0.0
34645,1.0,2,108.99499988555908,1.0,57.0,0.0
34646,1.0,2,46.170000076293945,1.0,209.0,0.0
34648,1.0,1,23.989999771118164,1.0,0.0,0.0
34652,1.0,2,41.5,1.0,396.0,0.0
34653,1.0,1,18.559999465942383,1.0,0.0,0.0
34657,2.0,1,56.20000076293945,1.0,0.0,0.0
34658,1.0,2,39.46500015258789,1.0,141.0,0.0
34663,1.0,1,23.0,1.0,0.0,0.0
34679,2.0,2,195.22000122070312,1.0,113.0,0.0
34680,2.0,1,88.98000144958496,1.0,0.0,0.0
34681,2.0,1,85.9000015258789,1.0,0.0,0.0
34684,1.0,1,68.0,1.0,0.0,0.0
34685,1.0,1,23.950000762939453,1.0,0.0,0.0
34691,1.0,2,21.375,1.0,1544.0,0.0
34693,2.0,1,156.95000076293945,1.0,0.0,0.0
34695,2.0,1,118.93999862670897,1.0,0.0,0.0
34700,1.0,1,28.959999084472656,1.0,0.0,0.0
34701,2.0,1,36.489999771118164,1.0,0.0,0.0
34702,1.0,1,89.94999694824217,1.0,0.0,0.0
34705,1.0,1,60.0,1.0,0.0,0.0
34706,1.0,1,178.0,1.0,0.0,0.0
34707,1.0,1,34.0,1.0,0.0,0.0
34710,1.0,1,39.0,1.0,0.0,0.0
34714,1.0,2,193.2450008392334,1.0,688.0,0.0
34716,1.0,1,9.25,1.0,0.0,0.0
34717,2.0,1,43.0,1.0,0.0,0.0
34725,1.0,2,64.99499893188477,1.0,871.0,0.0
34749,2.0,1,69.45000076293945,1.0,0.0,0.0
34750,1.0,1,90.98999786376952,1.0,0.0,0.0
34752,1.0,1,81.37999725341797,1.0,0.0,0.0
34754,4.0,1,312.49000358581543,1.0,0.0,0.0
34758,1.0,1,36.0,1.0,0.0,0.0
34763,2.0,1,104.94000244140625,1.0,0.0,0.0
34766,1.0,1,61.54999923706056,1.0,0.0,0.0
34767,1.0,2,62.47500038146973,1.0,138.0,0.0
34768,4.0,1,157.71999740600586,1.0,0.0,0.0
34770,1.0,1,9.270000457763674,1.0,0.0,0.0
34773,1.0,1,59.0,1.0,0.0,0.0
34774,1.0,1,34.97999954223633,1.0,0.0,0.0
34775,1.0,1,39.0,1.0,0.0,0.0
34776,1.0,1,2.990000009536743,1.0,0.0,0.0
34778,1.0,1,24.989999771118164,1.0,0.0,0.0
34779,4.0,1,116.8899974822998,1.0,0.0,0.0
34780,1.0,1,176.0,1.0,0.0,0.0
34782,1.0,1,25.989999771118164,1.0,0.0,0.0
34783,1.0,1,19.989999771118164,1.0,0.0,0.0
34787,1.0,1,29.520000457763672,1.0,0.0,0.0
34789,1.0,1,34.970001220703125,1.0,0.0,0.0
34795,4.0,1,214.30999946594238,1.0,0.0,0.0
34802,1.0,1,24.989999771118164,1.0,0.0,0.0
34806,1.0,1,18.0,1.0,0.0,0.0
34807,1.0,1,169.0,1.0,0.0,0.0
34813,1.0,1,49.5,1.0,0.0,0.0
34819,1.0,1,40.130001068115234,1.0,0.0,0.0
34824,2.0,2,83.39500045776367,1.0,51.0,0.0
34826,2.0,1,32.94000053405762,1.0,0.0,0.0
34835,2.0,1,110.97000122070312,1.0,0.0,0.0
34836,1.0,1,36.0,1.0,0.0,0.0
34843,4.0,1,138.2100009918213,1.0,0.0,0.0
34845,1.0,1,25.989999771118164,1.0,0.0,0.0
34849,1.0,1,15.989999771118164,1.0,0.0,0.0
34852,1.5,2,49.9900016784668,1.0,222.0,0.0
34853,1.0,1,33.0,1.0,0.0,0.0
34856,1.0,1,25.0,1.0,0.0,0.0
34858,2.5,2,168.99499988555908,1.0,1139.0,0.0
34862,1.0,1,55.950000762939446,1.0,0.0,0.0
34865,4.0,1,67.92999935150146,1.0,0.0,0.0
34867,1.0,1,167.0,1.0,0.0,0.0
34868,1.0,1,115.0,1.0,0.0,0.0
34870,2.0,1,54.989999771118164,1.0,0.0,0.0
34871,1.0,1,98.0,1.0,0.0,0.0
34873,2.0,1,134.9499969482422,1.0,0.0,0.0
34877,3.0,1,69.0,1.0,0.0,0.0
34880,2.0,1,152.48999977111816,1.0,0.0,0.0
34882,1.0,1,76.0,1.0,0.0,0.0
34898,1.0,1,28.0,1.0,0.0,0.0
34903,1.0,1,60.0,1.0,0.0,0.0
34914,2.0,1,135.9900016784668,1.0,0.0,0.0
34929,2.0,2,97.7450008392334,1.0,434.0,0.0
34934,2.0,1,99.45000076293945,1.0,0.0,0.0
34941,1.0,1,30.0,1.0,0.0,0.0
34942,1.0,1,58.0,1.0,0.0,0.0
34947,2.0,1,99.48999977111816,1.0,0.0,0.0
34951,1.0,1,20.0,1.0,0.0,0.0
34952,1.6666666666666667,3,79.4566666285197,1.0,353.5,202.93964620053913
34956,2.0,1,55.19999980926514,1.0,0.0,0.0
34957,2.0,1,63.989999771118164,1.0,0.0,0.0
34958,2.0,1,40.0,1.0,0.0,0.0
34959,1.0,1,135.0,1.0,0.0,0.0
34962,1.0,2,30.994999885559082,1.0,401.0,0.0
34967,2.0,1,166.5999984741211,1.0,0.0,0.0
34971,2.0,1,134.98999786376953,1.0,0.0,0.0
34976,1.0,1,49.950000762939446,1.0,0.0,0.0
34980,1.0,1,25.0,1.0,0.0,0.0
34987,4.0,1,128.23999977111816,1.0,0.0,0.0
34993,2.0,1,276.4000015258789,1.0,0.0,0.0
35007,1.0,1,82.98999786376953,1.0,0.0,0.0
35017,1.0,1,36.9900016784668,1.0,0.0,0.0
35023,1.5,2,56.805001735687256,1.0,1070.0,0.0
35027,1.0,1,17.969999313354492,1.0,0.0,0.0
35031,3.0,1,288.95000076293945,1.0,0.0,0.0
35032,1.0,1,47.0,1.0,0.0,0.0
35038,1.0,1,28.0,1.0,0.0,0.0
35040,1.5,2,37.48500061035156,1.0,84.0,0.0
35042,1.0,1,13.770000457763672,1.0,0.0,0.0
35044,1.0,1,6.989999771118164,1.0,0.0,0.0
35046,1.0,1,29.5,1.0,0.0,0.0
35050,1.0,1,39.9900016784668,1.0,0.0,0.0
35061,1.0,1,27.989999771118164,1.0,0.0,0.0
35065,1.0,1,25.0,1.0,0.0,0.0
35066,1.0,1,65.4000015258789,1.0,0.0,0.0
35068,1.0,1,12.0,1.0,0.0,0.0
35077,1.0,1,50.880001068115234,1.0,0.0,0.0
35080,1.0,1,55.0,1.0,0.0,0.0
35081,1.0,1,149.89999389648438,1.0,0.0,0.0
35090,1.0,1,61.2400016784668,1.0,0.0,0.0
35093,1.0,2,66.47500038146973,1.0,79.0,0.0
35096,1.0,1,13.989999771118164,1.0,0.0,0.0
35099,4.0,1,202.7599983215332,1.0,0.0,0.0
35104,1.0,1,15.270000457763672,1.0,0.0,0.0
35106,2.0,1,70.90999984741211,1.0,0.0,0.0
35107,1.0,2,20.96000027656555,1.0,340.0,0.0
35109,1.0,1,65.0,1.0,0.0,0.0
35112,1.0,1,69.5,1.0,0.0,0.0
35117,1.0,1,29.989999771118164,1.0,0.0,0.0
35118,2.0,1,78.9800033569336,1.0,0.0,0.0
35120,2.5,2,89.9500002861023,1.0,202.0,0.0
35129,2.0,1,45.08000183105469,1.0,0.0,0.0
35130,1.0,1,25.0,1.0,0.0,0.0
35131,1.0,1,10.449999809265137,1.0,0.0,0.0
35133,1.5,2,58.48499870300293,1.0,55.0,0.0
35134,1.0,1,33.0,1.0,0.0,0.0
35138,2.0,2,432.47000074386597,1.0,189.0,0.0
35152,1.0,1,59.9900016784668,1.0,0.0,0.0
35155,1.0,1,52.130001068115234,1.0,0.0,0.0
35159,2.0,1,221.75,1.0,0.0,0.0
35160,1.0,1,115.0,1.0,0.0,0.0
35161,1.0,3,46.9966672261556,1.0,584.0,596.7981233214462
35164,1.0,1,77.98999786376953,1.0,0.0,0.0
35165,1.0,1,11.199999809265137,1.0,0.0,0.0
35168,1.0,1,242.2899932861328,1.0,0.0,0.0
35171,1.0,1,19.989999771118164,1.0,0.0,0.0
35177,4.0,1,294.49000549316406,1.0,0.0,0.0
35180,1.0,2,54.5,1.0,836.0,0.0
35182,1.0,1,58.0,1.0,0.0,0.0
35183,1.0,1,70.16000366210938,1.0,0.0,0.0
35187,1.0,1,9.989999771118164,1.0,0.0,0.0
35196,1.0,1,9.989999771118164,1.0,0.0,0.0
35199,2.0,2,46.71500015258789,1.0,90.0,0.0
35200,4.0,1,123.57000160217285,1.0,0.0,0.0
35203,1.0,1,5.639999866485596,1.0,0.0,0.0
35211,1.0,1,25.0,1.0,0.0,0.0
35212,1.0,1,98.0,1.0,0.0,0.0
35217,1.0,1,39.950000762939446,1.0,0.0,0.0
35218,2.0,1,245.6999969482422,1.0,0.0,0.0
35220,1.0,1,8.0,1.0,0.0,0.0
35225,1.0,1,34.9900016784668,1.0,0.0,0.0
35226,2.0,1,187.5,1.0,0.0,0.0
35227,1.0,1,34.22999954223633,1.0,0.0,0.0
35228,1.0,1,27.950000762939453,1.0,0.0,0.0
35232,1.0,1,29.989999771118164,1.0,0.0,0.0
35235,1.0,1,47.16999816894531,1.0,0.0,0.0
35246,1.0,1,13.659999847412108,1.0,0.0,0.0
35247,1.0,1,23.0,1.0,0.0,0.0
35248,2.0,1,64.94000244140625,1.0,0.0,0.0
35250,1.0,1,25.0,1.0,0.0,0.0
35257,2.0,1,68.69000148773193,1.0,0.0,0.0
35258,1.0,1,160.0,1.0,0.0,0.0
35262,1.0,1,69.5,1.0,0.0,0.0
35265,1.0,1,19.989999771118164,1.0,0.0,0.0
35266,1.0,1,69.44999694824219,1.0,0.0,0.0
35267,1.0,1,50.0,1.0,0.0,0.0
35268,2.0,1,76.98999786376953,1.0,0.0,0.0
35282,1.0,1,14.949999809265137,1.0,0.0,0.0
35283,2.5,2,125.10999870300293,1.0,1196.0,0.0
35285,1.0,1,18.989999771118164,1.0,0.0,0.0
35289,1.0,2,77.0,1.0,70.0,0.0
35290,2.0,1,143.93999671936035,1.0,0.0,0.0
35295,1.0,1,29.989999771118164,1.0,0.0,0.0
35298,1.0,1,65.0,1.0,0.0,0.0
35299,1.0,1,32.0,1.0,0.0,0.0
35302,1.0,1,22.0,1.0,0.0,0.0
35308,1.0,1,13.890000343322754,1.0,0.0,0.0
35312,1.0,1,8.470000267028809,1.0,0.0,0.0
35323,1.0,1,87.5,1.0,0.0,0.0
35325,3.0,1,208.5,1.0,0.0,0.0
35328,1.0,1,49.9900016784668,1.0,0.0,0.0
35332,1.0,1,9.65999984741211,1.0,0.0,0.0
35338,1.0,1,19.989999771118164,1.0,0.0,0.0
35341,1.0,1,16.0,1.0,0.0,0.0
35344,2.0,1,24.979999542236328,1.0,0.0,0.0
35352,2.0,1,90.0,1.0,0.0,0.0
35353,1.0,1,49.950000762939446,1.0,0.0,0.0
35366,2.0,1,46.55000114440918,1.0,0.0,0.0
35376,1.0,1,54.950000762939446,1.0,0.0,0.0
35378,1.0,1,27.299999237060547,1.0,0.0,0.0
35384,1.0,1,18.0,1.0,0.0,0.0
35391,3.0,1,74.84000015258789,1.0,0.0,0.0
35393,1.0,1,58.0,1.0,0.0,0.0
35400,1.0,2,44.47499990463257,1.0,516.0,0.0
35412,1.0,1,32.0,1.0,0.0,0.0
35415,1.0,1,76.48999786376953,1.0,0.0,0.0
35416,1.0,1,14.989999771118164,1.0,0.0,0.0
35417,2.0,1,554.9899978637695,1.0,0.0,0.0
35418,2.0,2,105.83499813079834,1.0,669.0,0.0
35422,2.0,1,59.989999771118164,1.0,0.0,0.0
35426,1.0,1,25.0,1.0,0.0,0.0
35434,1.0,1,16.950000762939453,1.0,0.0,0.0
35436,2.0,1,43.18000030517578,1.0,0.0,0.0
35437,1.0,1,9.960000038146973,1.0,0.0,0.0
35439,2.0,1,174.9900016784668,1.0,0.0,0.0
35445,2.0,1,72.36000061035156,1.0,0.0,0.0
35449,1.0,1,38.0,1.0,0.0,0.0
35454,1.0,1,33.95000076293945,1.0,0.0,0.0
35457,2.0,1,219.0,1.0,0.0,0.0
35459,1.0,1,89.5,1.0,0.0,0.0
35466,2.0,1,44.9900016784668,1.0,0.0,0.0
35473,1.0,1,74.97000122070312,1.0,0.0,0.0
35474,1.0,1,150.0,1.0,0.0,0.0
35478,1.0,1,22.989999771118164,1.0,0.0,0.0
35484,2.0,1,223.29999732971189,1.0,0.0,0.0
35485,1.0,1,16.6299991607666,1.0,0.0,0.0
35487,1.0,1,119.98999786376952,1.0,0.0,0.0
35496,1.0,1,34.9900016784668,1.0,0.0,0.0
35498,2.0,1,73.95000076293945,1.0,0.0,0.0
35510,1.0,2,48.470001220703125,1.0,761.0,0.0
35513,1.0,1,16.0,1.0,0.0,0.0
35521,1.0,1,71.25,1.0,0.0,0.0
35527,1.0,1,6.949999809265137,1.0,0.0,0.0
35532,2.0,1,51.98000144958496,1.0,0.0,0.0
35543,2.0,1,84.78000259399414,1.0,0.0,0.0
35545,1.0,2,36.75,1.0,1405.0,0.0
35548,1.5,2,52.90500020980835,1.0,234.0,0.0
35550,2.0,1,111.77999877929688,1.0,0.0,0.0
35557,2.0,1,161.44000244140625,1.0,0.0,0.0
35559,1.0,1,55.0,1.0,0.0,0.0
35560,2.0,1,148.69999980926514,1.0,0.0,0.0
35561,1.0,1,42.0,1.0,0.0,0.0
35562,3.0,1,448.54999923706055,1.0,0.0,0.0
35567,3.0,1,140.31999969482422,1.0,0.0,0.0
35570,3.0,1,104.77000045776367,1.0,0.0,0.0
35573,1.0,1,29.989999771118164,1.0,0.0,0.0
35583,2.0,1,400.4099998474121,1.0,0.0,0.0
35586,1.0,1,129.0,1.0,0.0,0.0
35596,1.0,1,125.0,1.0,0.0,0.0
35598,1.0,1,135.0,1.0,0.0,0.0
35599,2.0,1,128.9699993133545,1.0,0.0,0.0
35604,1.0,1,12.0,1.0,0.0,0.0
35617,1.0,1,258.0,1.0,0.0,0.0
35619,4.0,1,105.0600004196167,1.0,0.0,0.0
35627,1.0,1,15.899999618530272,1.0,0.0,0.0
35628,1.0,1,36.0,1.0,0.0,0.0
35632,4.0,1,249.78000259399414,1.0,0.0,0.0
35633,1.0,1,25.0,1.0,0.0,0.0
35635,2.0,1,112.0,1.0,0.0,0.0
35640,1.0,1,25.0,1.0,0.0,0.0
35644,1.0,1,113.90000152587892,1.0,0.0,0.0
35647,3.0,1,437.9699954986572,1.0,0.0,0.0
35648,1.0,1,18.5,1.0,0.0,0.0
35649,1.0,1,32.9900016784668,1.0,0.0,0.0
35653,3.0,1,107.85000228881836,1.0,0.0,0.0
35655,1.0,1,141.6199951171875,1.0,0.0,0.0
35659,1.0,2,11.355000019073486,1.0,211.0,0.0
35660,1.0,1,39.9900016784668,1.0,0.0,0.0
35662,1.0,1,36.0,1.0,0.0,0.0
35666,1.0,1,17.639999389648438,1.0,0.0,0.0
35677,1.0,1,45.0,1.0,0.0,0.0
35680,1.0,1,176.0,1.0,0.0,0.0
35687,1.0,1,38.0,1.0,0.0,0.0
35688,2.0,1,118.9900016784668,1.0,0.0,0.0
35698,4.0,1,199.58999824523926,1.0,0.0,0.0
35700,1.0,1,25.0,1.0,0.0,0.0
35701,1.5,2,46.49499988555908,1.0,978.0,0.0
35705,1.0,1,378.0,1.0,0.0,0.0
35706,1.0,1,30.39999961853028,1.0,0.0,0.0
35709,2.0,1,111.48999977111816,1.0,0.0,0.0
35713,1.0,1,59.97999954223633,1.0,0.0,0.0
35714,1.5,2,56.474998474121094,1.0,381.0,0.0
35722,1.0,1,54.950000762939446,1.0,0.0,0.0
35726,1.0,1,52.5,1.0,0.0,0.0
35728,1.0,1,87.94999694824217,1.0,0.0,0.0
35731,1.0,1,60.0,1.0,0.0,0.0
35741,1.0,1,17.899999618530273,1.0,0.0,0.0
35742,2.0,1,379.989990234375,1.0,0.0,0.0
35746,1.0,2,69.49499893188477,1.0,20.0,0.0
35748,1.0,2,45.97500038146973,1.0,68.0,0.0
35755,1.0,1,98.0,1.0,0.0,0.0
35767,1.0,1,400.0,1.0,0.0,0.0
35769,1.0,1,38.0,1.0,0.0,0.0
35770,1.0,2,36.359999656677246,1.0,642.0,0.0
35778,1.0,1,18.89999961853028,1.0,0.0,0.0
35782,2.0,1,31.69000005722046,1.0,0.0,0.0
35786,1.0,1,128.0,1.0,0.0,0.0
35788,1.0,1,29.989999771118164,1.0,0.0,0.0
35792,2.0,1,161.4900016784668,1.0,0.0,0.0
35794,4.0,1,138.8900032043457,1.0,0.0,0.0
35809,1.0,1,149.0,1.0,0.0,0.0
35810,1.0,1,41.450000762939446,1.0,0.0,0.0
35822,1.0,1,24.0,1.0,0.0,0.0
35834,1.0,1,16.969999313354492,1.0,0.0,0.0
35835,1.0,1,159.9499969482422,1.0,0.0,0.0
35838,2.0,1,79.18000030517578,1.0,0.0,0.0
35839,2.0,1,224.99000549316406,1.0,0.0,0.0
35844,1.0,1,53.0,1.0,0.0,0.0
35846,1.0,1,68.87999725341797,1.0,0.0,0.0
35847,2.0,1,58.95000076293945,1.0,0.0,0.0
35848,1.0,1,79.94999694824217,1.0,0.0,0.0
35853,1.0,2,57.69999980926514,1.0,68.0,0.0
35854,1.0,1,31.989999771118164,1.0,0.0,0.0
35855,1.0,1,38.0,1.0,0.0,0.0
35859,3.0,1,118.21999740600586,1.0,0.0,0.0
35860,2.0,1,53.23000144958496,1.0,0.0,0.0
35864,1.0,1,78.0,1.0,0.0,0.0
35868,2.0,2,50.74499988555908,1.0,73.0,0.0
35869,2.0,1,48.97999954223633,1.0,0.0,0.0
35878,4.0,1,137.98000144958496,1.0,0.0,0.0
35887,1.0,1,19.670000076293945,1.0,0.0,0.0
35901,3.0,1,108.17000007629395,1.0,0.0,0.0
35902,1.0,1,52.9900016784668,1.0,0.0,0.0
35903,1.0,1,19.0,1.0,0.0,0.0
35904,4.0,1,386.0999927520752,1.0,0.0,0.0
35906,1.0,1,36.0,1.0,0.0,0.0
35909,2.0,1,59.170000076293945,1.0,0.0,0.0
35910,1.0,1,35.4900016784668,1.0,0.0,0.0
35921,1.0,1,44.77999877929688,1.0,0.0,0.0
35924,1.0,1,68.9000015258789,1.0,0.0,0.0
35925,1.0,1,23.18000030517578,1.0,0.0,0.0
35926,1.0,1,53.97999954223633,1.0,0.0,0.0
35931,1.0,1,88.0,1.0,0.0,0.0
35933,1.0,2,74.9950008392334,1.0,162.0,0.0
35934,1.0,1,42.0,1.0,0.0,0.0
35936,1.0,1,22.950000762939453,1.0,0.0,0.0
35937,1.0,1,35.9900016784668,1.0,0.0,0.0
35939,1.0,2,53.470001220703125,1.0,146.0,0.0
35946,4.0,1,93.43000030517578,1.0,0.0,0.0
35950,1.0,1,129.8800048828125,1.0,0.0,0.0
35951,1.0,1,45.0,1.0,0.0,0.0
35957,2.0,1,91.5,1.0,0.0,0.0
35959,2.0,1,151.77999877929688,1.0,0.0,0.0
35961,2.0,1,62.9900016784668,1.0,0.0,0.0
35966,2.0,1,83.0,1.0,0.0,0.0
35977,3.0,1,202.88000106811523,1.0,0.0,0.0
35978,1.0,1,31.979999542236328,1.0,0.0,0.0
35979,4.0,1,176.97999954223633,1.0,0.0,0.0
35980,1.0,1,30.0,1.0,0.0,0.0
35984,1.0,1,141.75,1.0,0.0,0.0
35991,1.5,2,36.415000438690186,1.0,483.0,0.0
35996,1.0,1,32.0,1.0,0.0,0.0
36009,2.0,1,47.0,1.0,0.0,0.0
36011,1.0,1,19.57999992370605,1.0,0.0,0.0
36020,1.0,1,94.94999694824216,1.0,0.0,0.0
36021,1.0,1,32.9900016784668,1.0,0.0,0.0
36024,2.0,2,74.3450014591217,1.0,800.0,0.0
36028,1.0,1,24.5,1.0,0.0,0.0
36030,1.0,2,38.0,1.0,607.0,0.0
36032,2.0,1,89.5,1.0,0.0,0.0
36037,1.0,1,695.0,1.0,0.0,0.0
36040,1.0,1,28.0,1.0,0.0,0.0
36045,1.0,1,6.679999828338623,1.0,0.0,0.0
36049,1.0,1,698.0,1.0,0.0,0.0
36052,1.0,2,19.489999771118164,1.0,109.0,0.0
36055,1.6666666666666667,3,119.16333325703938,1.0,596.5,396.6869042456532
36058,2.0,1,74.97999954223633,1.0,0.0,0.0
36062,1.0,1,17.5,1.0,0.0,0.0
36073,1.0,1,25.989999771118164,1.0,0.0,0.0
36075,1.3333333333333333,3,41.59666697184245,1.0,595.5,12.020815280171307
36082,1.0,1,17.989999771118164,1.0,0.0,0.0
36086,1.0,1,50.84000015258789,1.0,0.0,0.0
36091,1.0,1,39.9900016784668,1.0,0.0,0.0
36092,1.0,1,22.0,1.0,0.0,0.0
36093,1.0,1,71.75,1.0,0.0,0.0
36103,1.0,1,39.9900016784668,1.0,0.0,0.0
36110,4.0,1,143.22999954223633,1.0,0.0,0.0
36112,1.0,1,99.0,1.0,0.0,0.0
36114,1.0,1,199.9900054931641,1.0,0.0,0.0
36116,1.0,1,142.8000030517578,1.0,0.0,0.0
36120,1.0,1,112.98999786376952,1.0,0.0,0.0
36134,1.0,1,25.0,1.0,0.0,0.0
36138,4.0,1,302.5,1.0,0.0,0.0
36139,2.0,1,95.07000350952148,1.0,0.0,0.0
36141,4.0,1,66.8799991607666,1.0,0.0,0.0
36144,2.5,2,84.26000118255615,1.0,1839.0,0.0
36153,1.0,1,110.0,1.0,0.0,0.0
36154,1.0,1,24.989999771118164,1.0,0.0,0.0
36155,1.0,1,24.5,1.0,0.0,0.0
36157,1.0,1,55.0,1.0,0.0,0.0
36162,1.5,2,88.1399998664856,1.0,18.0,0.0
36170,2.0,1,173.5,1.0,0.0,0.0
36174,2.0,1,42.13000011444092,1.0,0.0,0.0
36181,1.0,1,52.0,1.0,0.0,0.0
36186,1.0,1,29.40999984741211,1.0,0.0,0.0
36188,2.5,2,203.44000148773193,1.0,1360.0,0.0
36192,1.0,1,39.5,1.0,0.0,0.0
36195,2.5,2,128.25999927520752,1.0,87.0,0.0
36196,4.0,1,250.99000072479248,1.0,0.0,0.0
36198,1.0,1,299.989990234375,1.0,0.0,0.0
36201,4.0,1,339.0999984741211,1.0,0.0,0.0
36204,1.0,1,26.479999542236328,1.0,0.0,0.0
36207,4.0,1,362.42000007629395,1.0,0.0,0.0
36208,1.5,2,45.90000057220459,1.0,57.0,0.0
36209,1.0,1,170.0,1.0,0.0,0.0
36212,1.0,1,190.0,1.0,0.0,0.0
36214,1.0,1,64.98999786376953,1.0,0.0,0.0
36215,4.0,1,192.48999786376953,1.0,0.0,0.0
36216,1.0,1,94.98999786376952,1.0,0.0,0.0
36220,1.0,1,54.5,1.0,0.0,0.0
36221,1.0,1,12.489999771118164,1.0,0.0,0.0
36222,2.0,1,95.95000076293945,1.0,0.0,0.0
36224,1.0,1,68.0,1.0,0.0,0.0
36225,2.0,1,192.88999557495117,1.0,0.0,0.0
36227,1.5,2,44.970001220703125,1.0,296.0,0.0
36231,1.0,1,19.989999771118164,1.0,0.0,0.0
36235,1.0,2,20.634999752044678,1.0,18.0,0.0
36236,2.0,1,69.88999938964844,1.0,0.0,0.0
36238,2.0,1,31.989999771118164,1.0,0.0,0.0
36247,1.0,1,56.0,1.0,0.0,0.0
36249,1.5,2,64.48999881744385,1.0,106.0,0.0
36251,1.0,1,56.0,1.0,0.0,0.0
36252,2.0,1,73.9900016784668,1.0,0.0,0.0
36259,1.5,2,19.484999656677246,1.0,34.0,0.0
36262,3.0,1,331.8400020599365,1.0,0.0,0.0
36263,1.0,1,22.5,1.0,0.0,0.0
36264,1.0,1,37.950000762939446,1.0,0.0,0.0
36267,4.0,1,255.98999977111816,1.0,0.0,0.0
36268,1.0,2,31.9950008392334,1.0,35.0,0.0
36273,4.0,1,223.4900016784668,1.0,0.0,0.0
36275,4.0,1,177.8300018310547,1.0,0.0,0.0
36276,1.0,1,68.0,1.0,0.0,0.0
36277,1.0,1,165.0,1.0,0.0,0.0
36279,1.0,1,34.9900016784668,1.0,0.0,0.0
36284,1.0,1,19.989999771118164,1.0,0.0,0.0
36286,1.0,1,29.0,1.0,0.0,0.0
36289,1.0,1,24.989999771118164,1.0,0.0,0.0
36292,1.0,1,49.9900016784668,1.0,0.0,0.0
36293,1.0,1,34.9900016784668,1.0,0.0,0.0
36295,1.0,2,181.49499988555908,1.0,143.0,0.0
36296,1.0,1,72.0,1.0,0.0,0.0
36300,1.0,1,79.98999786376953,1.0,0.0,0.0
36312,1.0,1,38.0,1.0,0.0,0.0
36316,1.0,2,27.790000915527344,1.0,53.0,0.0
36323,2.0,1,158.18999862670898,1.0,0.0,0.0
36325,2.0,1,87.9900016784668,1.0,0.0,0.0
36332,1.0,1,35.0,1.0,0.0,0.0
36338,1.0,1,26.950000762939453,1.0,0.0,0.0
36342,1.0,1,27.979999542236328,1.0,0.0,0.0
36345,1.0,1,74.93000030517578,1.0,0.0,0.0
36356,1.0,1,40.0,1.0,0.0,0.0
36359,1.0,1,14.979999542236328,1.0,0.0,0.0
36363,1.5,2,60.72000026702881,1.0,1177.0,0.0
36375,1.0,1,39.9900016784668,1.0,0.0,0.0
36377,1.0,1,59.5,1.0,0.0,0.0
36385,2.0,1,158.98000526428223,1.0,0.0,0.0
36386,1.0,1,49.970001220703125,1.0,0.0,0.0
36389,3.0,1,108.9800033569336,1.0,0.0,0.0
36392,2.0,1,73.98999977111816,1.0,0.0,0.0
36406,1.0,1,54.9900016784668,1.0,0.0,0.0
36407,1.0,1,106.0,1.0,0.0,0.0
36417,1.0,1,17.5,1.0,0.0,0.0
36418,1.0,1,23.0,1.0,0.0,0.0
36421,1.0,1,54.9900016784668,1.0,0.0,0.0
36422,1.0,1,26.239999771118164,1.0,0.0,0.0
36423,2.0,1,190.0,1.0,0.0,0.0
36425,2.0,1,66.94000244140625,1.0,0.0,0.0
36426,2.0,1,57.9000015258789,1.0,0.0,0.0
36427,2.0,1,212.0,1.0,0.0,0.0
36428,1.0,1,178.0,1.0,0.0,0.0
36431,4.0,1,207.92999649047852,1.0,0.0,0.0
36441,1.0,1,299.95001220703125,1.0,0.0,0.0
36442,1.0,1,85.0,1.0,0.0,0.0
36444,1.0,1,52.0,1.0,0.0,0.0
36448,1.0,2,23.22000026702881,1.0,313.0,0.0
36450,2.0,1,71.5,1.0,0.0,0.0
36453,1.0,1,169.0,1.0,0.0,0.0
36455,1.0,1,29.40999984741211,1.0,0.0,0.0
36457,1.0,1,55.0,1.0,0.0,0.0
36460,1.0,1,28.0,1.0,0.0,0.0
36463,1.0,1,89.98999786376953,1.0,0.0,0.0
36465,1.0,1,28.0,1.0,0.0,0.0
36478,3.0,1,184.17999458312988,1.0,0.0,0.0
36479,1.0,1,69.94999694824219,1.0,0.0,0.0
36482,1.5,2,66.75,1.0,156.0,0.0
36486,1.0,1,2.5899999141693115,1.0,0.0,0.0
36496,4.0,1,75.37999916076662,1.0,0.0,0.0
36497,1.0,1,79.98999786376953,1.0,0.0,0.0
36506,1.0,1,24.5,1.0,0.0,0.0
36507,1.5,2,166.4899959564209,1.0,533.0,0.0
36511,2.0,1,19.71999979019165,1.0,0.0,0.0
36514,1.0,1,29.989999771118164,1.0,0.0,0.0
36515,1.0,1,40.400001525878906,1.0,0.0,0.0
36519,1.0,1,154.5,1.0,0.0,0.0
36521,2.0,1,114.9800033569336,1.0,0.0,0.0
36525,2.0,1,71.0,1.0,0.0,0.0
36526,1.0,1,23.1200008392334,1.0,0.0,0.0
36528,1.0,1,14.989999771118164,1.0,0.0,0.0
36532,1.0,2,19.244999885559082,1.0,225.0,0.0
36546,2.5,2,99.46999931335449,1.0,279.0,0.0
36548,1.0,1,36.9900016784668,1.0,0.0,0.0
36550,4.0,1,167.23000144958496,1.0,0.0,0.0
36559,2.0,1,115.98999786376953,1.0,0.0,0.0
36561,2.0,2,86.4250020980835,1.0,228.0,0.0
36577,1.0,1,25.200000762939453,1.0,0.0,0.0
36579,1.0,1,30.0,1.0,0.0,0.0
36583,2.0,1,104.97999954223633,1.0,0.0,0.0
36584,1.5,1,99.97000312805176,2.0,0.0,0.0
36585,2.0,1,130.22999954223633,1.0,0.0,0.0
36587,2.0,1,146.12000274658203,1.0,0.0,0.0
36588,1.0,1,99.9800033569336,1.0,0.0,0.0
36596,3.0,1,101.97000122070312,1.0,0.0,0.0
36600,1.0,1,27.989999771118164,1.0,0.0,0.0
36601,1.0,1,49.9900016784668,1.0,0.0,0.0
36609,1.0,1,299.0,1.0,0.0,0.0
36614,1.0,1,41.9900016784668,1.0,0.0,0.0
36615,1.0,1,59.450000762939446,1.0,0.0,0.0
36619,1.0,2,36.67500019073486,1.0,715.0,0.0
36620,1.0,1,24.989999771118164,1.0,0.0,0.0
36625,1.0,1,52.130001068115234,1.0,0.0,0.0
36626,1.0,1,21.0,1.0,0.0,0.0
36627,1.0,1,52.0,1.0,0.0,0.0
36629,2.0,3,341.95666694641113,1.0,121.5,53.033008588991066
36632,1.0,1,75.0,1.0,0.0,0.0
36635,1.0,1,99.0,1.0,0.0,0.0
36639,1.0,1,24.690000534057617,1.0,0.0,0.0
36642,1.0,1,26.43000030517578,1.0,0.0,0.0
36646,1.0,1,88.0,1.0,0.0,0.0
36649,1.0,2,71.74499988555908,1.0,410.0,0.0
36653,3.0,1,112.48999977111816,1.0,0.0,0.0
36657,2.0,1,117.98999786376953,1.0,0.0,0.0
36660,2.0,1,67.9900016784668,1.0,0.0,0.0
36663,2.0,1,102.97999954223633,1.0,0.0,0.0
36673,1.0,1,44.9900016784668,1.0,0.0,0.0
36680,1.0,1,27.989999771118164,1.0,0.0,0.0
36684,1.0,1,45.5,1.0,0.0,0.0
36686,1.0,1,28.0,1.0,0.0,0.0
36687,1.0,1,32.0,1.0,0.0,0.0
36694,4.0,1,187.89999961853027,1.0,0.0,0.0
36697,2.0,1,39.670000076293945,1.0,0.0,0.0
36701,1.0,1,24.989999771118164,1.0,0.0,0.0
36704,2.0,1,40.959999084472656,1.0,0.0,0.0
36712,1.0,1,11.989999771118164,1.0,0.0,0.0
36717,1.0,1,34.95000076293945,1.0,0.0,0.0
36719,1.0,1,212.0,1.0,0.0,0.0
36720,2.0,1,159.49000549316406,1.0,0.0,0.0
36721,3.0,1,203.18000030517578,1.0,0.0,0.0
36724,1.0,1,104.9499969482422,1.0,0.0,0.0
36725,1.0,1,99.0,1.0,0.0,0.0
36727,1.0,1,11.130000114440918,1.0,0.0,0.0
36731,2.0,1,38.75,1.0,0.0,0.0
36735,1.0,3,42.5,1.0,470.0,441.23463146040564
36738,1.0,1,10.880000114440918,1.0,0.0,0.0
36743,1.0,1,42.9900016784668,1.0,0.0,0.0
36749,2.0,1,53.489999771118164,1.0,0.0,0.0
36752,1.5,2,42.5,1.0,158.0,0.0
36753,1.0,1,11.989999771118164,1.0,0.0,0.0
36754,1.0,1,9.989999771118164,1.0,0.0,0.0
36755,2.5,2,135.08499908447266,1.0,1406.0,0.0
36760,2.0,1,114.0,1.0,0.0,0.0
36763,1.0,1,32.0,1.0,0.0,0.0
36764,3.0,1,107.45000076293945,1.0,0.0,0.0
36772,1.0,1,34.9900016784668,1.0,0.0,0.0
36773,2.0,1,172.98000717163086,1.0,0.0,0.0
36776,1.0,1,4.010000228881836,1.0,0.0,0.0
36778,1.0,1,32.0,1.0,0.0,0.0
36779,1.0,1,25.5,1.0,0.0,0.0
36782,1.0,1,35.0,1.0,0.0,0.0
36791,1.5,2,74.74499988555908,1.0,531.0,0.0
36795,1.0,1,49.93999862670898,1.0,0.0,0.0
36797,1.0,1,99.94999694824216,1.0,0.0,0.0
36798,1.0,1,46.09000015258789,1.0,0.0,0.0
36799,1.0,1,89.5,1.0,0.0,0.0
36802,1.5,2,72.0,1.0,1393.0,0.0
36808,1.0,1,54.0,1.0,0.0,0.0
36810,1.0,1,25.0,1.0,0.0,0.0
36812,1.0,1,50.0,1.0,0.0,0.0
36813,1.0,1,14.390000343322754,1.0,0.0,0.0
36815,1.0,1,50.0,1.0,0.0,0.0
36816,1.0,1,64.9000015258789,1.0,0.0,0.0
36828,1.0,1,34.5,1.0,0.0,0.0
36830,1.0,1,49.0,1.0,0.0,0.0
36831,2.0,1,51.9900016784668,1.0,0.0,0.0
36832,1.0,1,50.0,1.0,0.0,0.0
36833,1.0,1,195.0,1.0,0.0,0.0
36836,1.0,1,45.9900016784668,1.0,0.0,0.0
36840,2.0,1,154.94999980926514,1.0,0.0,0.0
36842,2.0,1,46.96999931335449,1.0,0.0,0.0
36846,2.0,1,178.9700050354004,1.0,0.0,0.0
36849,1.0,1,149.94000244140625,1.0,0.0,0.0
36853,1.0,1,24.239999771118164,1.0,0.0,0.0
36854,3.0,1,135.98999977111816,1.0,0.0,0.0
36862,2.0,1,129.0,1.0,0.0,0.0
36869,1.0,1,29.950000762939453,1.0,0.0,0.0
36870,1.0,2,44.875000953674316,1.0,364.0,0.0
36888,1.0,1,29.989999771118164,1.0,0.0,0.0
36896,1.0,1,14.899999618530272,1.0,0.0,0.0
36898,1.0,1,23.729999542236328,1.0,0.0,0.0
36899,1.0,1,69.5,1.0,0.0,0.0
36902,1.0,1,54.930000305175774,1.0,0.0,0.0
36904,1.0,1,39.4099998474121,1.0,0.0,0.0
36907,1.5,2,517.4750003814697,1.0,169.0,0.0
36909,1.0,1,62.9900016784668,1.0,0.0,0.0
36910,1.0,1,69.0,1.0,0.0,0.0
36916,1.0,1,5.989999771118164,1.0,0.0,0.0
36917,4.0,1,516.9799957275391,1.0,0.0,0.0
36920,1.0,1,11.829999923706056,1.0,0.0,0.0
36922,1.0,1,89.94999694824217,1.0,0.0,0.0
36925,1.0,1,44.0,1.0,0.0,0.0
36931,1.0,1,7.849999904632568,1.0,0.0,0.0
36937,1.0,1,24.989999771118164,1.0,0.0,0.0
36939,2.0,1,104.5,1.0,0.0,0.0
36940,1.0,1,29.0,1.0,0.0,0.0
36947,1.0,1,22.0,1.0,0.0,0.0
36950,1.0,1,39.5,1.0,0.0,0.0
36952,1.0,1,49.5,1.0,0.0,0.0
36961,1.5,2,38.25,1.0,1170.0,0.0
36962,1.0,1,99.98999786376952,1.0,0.0,0.0
36966,1.0,1,40.0,1.0,0.0,0.0
36971,1.0,1,75.56999969482422,1.0,0.0,0.0
36972,1.0,1,17.989999771118164,1.0,0.0,0.0
36979,2.0,1,75.0,1.0,0.0,0.0
36981,1.0,1,23.989999771118164,1.0,0.0,0.0
36989,1.0,1,73.98999786376953,1.0,0.0,0.0
36990,1.0,1,20.479999542236328,1.0,0.0,0.0
36992,1.0,1,299.0,1.0,0.0,0.0
36997,1.0,1,28.170000076293945,1.0,0.0,0.0
36999,1.0,1,16.530000686645508,1.0,0.0,0.0
37001,1.0,1,59.5,1.0,0.0,0.0
37007,1.0,2,31.715000152587887,1.0,386.0,0.0
37008,2.0,1,42.69000053405762,1.0,0.0,0.0
37012,2.0,1,191.10000228881836,1.0,0.0,0.0
37016,1.0,1,81.98999786376953,1.0,0.0,0.0
37017,1.0,1,48.9900016784668,1.0,0.0,0.0
37029,1.0,1,49.5,1.0,0.0,0.0
37037,2.0,1,148.8999977111816,1.0,0.0,0.0
37041,4.0,1,114.44000053405762,1.0,0.0,0.0
37042,4.0,1,206.57000350952148,1.0,0.0,0.0
37044,2.0,1,166.23999786376953,1.0,0.0,0.0
37046,1.0,1,104.5,1.0,0.0,0.0
37055,1.0,1,45.0,1.0,0.0,0.0
37056,1.0,1,12.06999969482422,1.0,0.0,0.0
37057,1.0,2,38.84499979019165,1.0,1139.0,0.0
37059,1.0,1,99.98999786376952,1.0,0.0,0.0
37062,1.0,1,49.9900016784668,1.0,0.0,0.0
37065,1.0,1,16.360000610351562,1.0,0.0,0.0
37069,1.0,2,66.4950008392334,1.0,562.0,0.0
37070,2.0,1,167.5,1.0,0.0,0.0
37081,1.0,1,28.5,1.0,0.0,0.0
37084,4.0,1,111.61000061035156,1.0,0.0,0.0
37086,2.0,1,198.5,1.0,0.0,0.0
37087,2.0,1,88.95000076293945,1.0,0.0,0.0
37088,2.0,1,24.979999780654907,1.0,0.0,0.0
37093,1.0,1,71.69000244140625,1.0,0.0,0.0
37099,2.0,1,99.4900016784668,1.0,0.0,0.0
37100,1.0,1,149.0,1.0,0.0,0.0
37109,2.0,1,93.94999694824219,1.0,0.0,0.0
37118,2.0,1,449.9699954986572,2.0,3.0,0.0
37120,1.0,1,25.200000762939453,1.0,0.0,0.0
37125,1.0,1,34.9900016784668,1.0,0.0,0.0
37129,1.0,2,30.449999809265137,1.0,137.0,0.0
37132,1.0,1,36.950000762939446,1.0,0.0,0.0
37137,1.0,1,24.71999931335449,1.0,0.0,0.0
37140,2.0,1,242.0,1.0,0.0,0.0
37141,2.0,1,367.99000549316406,1.0,0.0,0.0
37145,1.0,1,14.899999618530272,1.0,0.0,0.0
37146,1.6666666666666667,3,46.97333367665609,1.0,685.5,450.4270196158308
37151,1.0,1,150.0,1.0,0.0,0.0
37152,1.0,2,52.375,1.0,940.0,0.0
37153,1.0,1,13.260000228881836,1.0,0.0,0.0
37154,4.0,1,191.8499984741211,1.0,0.0,0.0
37164,1.0,1,26.0,1.0,0.0,0.0
37168,1.0,1,48.0,1.0,0.0,0.0
37170,4.0,1,94.73999786376953,1.0,0.0,0.0
37174,1.0,1,46.0,1.0,0.0,0.0
37175,1.0,1,49.9900016784668,1.0,0.0,0.0
37179,1.0,1,34.970001220703125,1.0,0.0,0.0
37181,1.0,1,20.38999938964844,1.0,0.0,0.0
37188,1.0,1,119.9800033569336,1.0,0.0,0.0
37191,3.0,1,244.8300018310547,1.0,0.0,0.0
37192,1.0,1,18.0,1.0,0.0,0.0
37198,1.0,1,5.989999771118164,1.0,0.0,0.0
37200,2.0,1,14.87999963760376,1.0,0.0,0.0
37207,4.0,1,146.2299976348877,1.0,0.0,0.0
37221,1.0,1,20.0,1.0,0.0,0.0
37224,1.0,1,25.0,1.0,0.0,0.0
37225,4.0,1,217.1599998474121,1.0,0.0,0.0
37228,2.0,1,101.9000015258789,1.0,0.0,0.0
37232,1.0,1,73.1500015258789,1.0,0.0,0.0
37240,1.0,1,70.68000030517578,1.0,0.0,0.0
37241,1.0,1,129.99000549316406,1.0,0.0,0.0
37248,1.0,1,98.0,1.0,0.0,0.0
37251,1.0,1,140.0,1.0,0.0,0.0
37253,1.0,1,65.0,1.0,0.0,0.0
37254,2.0,1,92.0,1.0,0.0,0.0
37260,1.5,2,77.45000076293945,1.0,122.0,0.0
37272,1.0,1,18.840000152587887,1.0,0.0,0.0
37273,1.0,1,125.0,1.0,0.0,0.0
37279,1.0,1,49.9900016784668,1.0,0.0,0.0
37280,2.0,1,121.98999977111816,1.0,0.0,0.0
37282,2.0,1,293.5,2.0,5.0,0.0
37283,1.0,1,115.3000030517578,1.0,0.0,0.0
37284,2.0,1,766.989990234375,1.0,0.0,0.0
37286,1.0,1,49.0,1.0,0.0,0.0
37287,1.0,1,29.950000762939453,1.0,0.0,0.0
37292,4.0,1,179.17999839782715,1.0,0.0,0.0
37293,4.0,1,128.9300012588501,1.0,0.0,0.0
37304,1.0,1,20.950000762939453,1.0,0.0,0.0
37306,1.0,2,54.989999771118164,1.0,395.0,0.0
37307,1.0,1,40.0,1.0,0.0,0.0
37308,1.0,1,44.0,1.0,0.0,0.0
37309,1.0,1,38.0,1.0,0.0,0.0
37310,1.0,1,25.0,1.0,0.0,0.0
37317,1.0,2,74.98999977111816,1.0,38.0,0.0
37323,1.0,1,46.68999862670898,1.0,0.0,0.0
37325,1.0,1,25.0,1.0,0.0,0.0
37326,1.0,1,29.989999771118164,1.0,0.0,0.0
37328,1.0,1,35.970001220703125,1.0,0.0,0.0
37329,1.0,1,22.0,1.0,0.0,0.0
37332,1.0,2,45.75,1.0,137.0,0.0
37336,1.3333333333333333,3,66.9733320871989,1.0,56.0,41.012193308819754
37340,1.0,1,135.0,1.0,0.0,0.0
37347,1.0,1,89.0,1.0,0.0,0.0
37351,1.0,2,98.5,1.0,1760.0,0.0
37352,4.0,1,300.95000076293945,1.0,0.0,0.0
37357,1.0,1,35.959999084472656,1.0,0.0,0.0
37361,1.0,1,83.30999755859375,1.0,0.0,0.0
37363,2.0,1,219.5,1.0,0.0,0.0
37380,1.0,1,69.0,1.0,0.0,0.0
37382,4.0,1,214.98999977111816,1.0,0.0,0.0
37385,1.0,1,94.94000244140625,2.0,12.0,0.0
37394,1.0,1,26.989999771118164,1.0,0.0,0.0
37401,1.0,1,19.989999771118164,1.0,0.0,0.0
37402,2.5,2,225.49000072479248,1.0,132.0,0.0
37404,1.0,1,218.82000732421875,1.0,0.0,0.0
37405,1.0,1,99.98999786376952,1.0,0.0,0.0
37413,2.0,1,97.9900016784668,1.0,0.0,0.0
37418,1.0,1,199.9900054931641,1.0,0.0,0.0
37419,2.0,1,51.0,1.0,0.0,0.0
37421,1.0,1,20.0,1.0,0.0,0.0
37428,1.0,1,60.0,1.0,0.0,0.0
37430,2.0,1,122.95000076293945,1.0,0.0,0.0
37437,1.0,1,58.9900016784668,1.0,0.0,0.0
37449,2.5,1,263.98000144958496,2.0,15.0,0.0
37451,1.0,1,13.600000381469728,1.0,0.0,0.0
37452,1.0,1,16.969999313354492,1.0,0.0,0.0
37454,1.0,1,11.989999771118164,1.0,0.0,0.0
37459,2.0,1,38.89999961853027,1.0,0.0,0.0
37460,1.0,1,5.900000095367432,1.0,0.0,0.0
37462,1.0,1,69.98999786376953,1.0,0.0,0.0
37463,1.0,1,36.9900016784668,1.0,0.0,0.0
37467,2.5,2,105.65500068664551,1.0,239.0,0.0
37468,1.0,1,18.6200008392334,1.0,0.0,0.0
37483,1.0,1,55.0,1.0,0.0,0.0
37484,1.0,1,25.0,1.0,0.0,0.0
37487,3.0,1,227.46000218391418,1.0,0.0,0.0
37491,1.0,1,38.93999862670898,1.0,0.0,0.0
37493,4.0,1,178.82999801635742,1.0,0.0,0.0
37495,1.0,1,29.989999771118164,1.0,0.0,0.0
37500,1.0,1,25.0,1.0,0.0,0.0
37507,1.0,1,9.949999809265137,1.0,0.0,0.0
37512,2.0,1,134.9900016784668,1.0,0.0,0.0
37515,1.0,1,34.9900016784668,1.0,0.0,0.0
37517,1.0,2,126.4950008392334,1.0,370.0,0.0
37518,1.0,1,429.0,1.0,0.0,0.0
37524,1.0,2,18.100000381469727,1.0,916.0,0.0
37531,1.0,1,36.9900016784668,1.0,0.0,0.0
37533,3.0,1,195.48999786376953,1.0,0.0,0.0
37534,1.0,1,399.0,1.0,0.0,0.0
37540,1.0,1,52.0,1.0,0.0,0.0
37541,1.0,1,345.0,1.0,0.0,0.0
37544,1.0,1,193.94999694824216,1.0,0.0,0.0
37545,1.0,1,42.11000061035156,1.0,0.0,0.0
37549,4.0,1,146.88999938964844,1.0,0.0,0.0
37551,1.0,1,24.030000686645508,1.0,0.0,0.0
37561,1.0,1,169.99000549316406,1.0,0.0,0.0
37562,1.0,1,74.0,1.0,0.0,0.0
37564,2.0,1,93.49000000953674,1.0,0.0,0.0
37568,1.5,1,26.0,2.0,3.0,0.0
37569,2.5,2,154.58999824523926,1.0,1418.0,0.0
37571,1.0,1,176.0,1.0,0.0,0.0
37572,2.0,1,87.0,1.0,0.0,0.0
37573,2.0,1,81.98999786376953,1.0,0.0,0.0
37577,1.0,1,8.380000114440918,1.0,0.0,0.0
37578,1.0,1,76.0,1.0,0.0,0.0
37583,1.0,1,90.5999984741211,1.0,0.0,0.0
37587,1.0,1,54.950000762939446,1.0,0.0,0.0
37590,1.0,1,9.15999984741211,1.0,0.0,0.0
37600,1.0,2,123.72999954223633,1.0,76.0,0.0
37615,1.0,1,11.989999771118164,1.0,0.0,0.0
37616,1.0,2,59.0,1.0,61.0,0.0
37618,1.0,1,129.9499969482422,1.0,0.0,0.0
37623,1.0,1,24.989999771118164,1.0,0.0,0.0
37634,1.5,2,171.95000076293945,1.0,1108.0,0.0
37635,1.5,2,39.49499988555908,1.0,1670.0,0.0
37637,1.0,1,99.0,1.0,0.0,0.0
37641,2.0,1,71.98999977111816,1.0,0.0,0.0
37642,2.0,1,54.989999771118164,1.0,0.0,0.0
37644,1.0,1,18.0,1.0,0.0,0.0
37647,1.0,1,89.98999786376953,1.0,0.0,0.0
37652,1.0,2,30.47499942779541,1.0,740.0,0.0
37663,4.0,1,150.0499973297119,1.0,0.0,0.0
37665,1.0,1,68.56999969482422,1.0,0.0,0.0
37672,3.0,1,65.93000030517578,1.0,0.0,0.0
37677,1.0,1,7.0,1.0,0.0,0.0
37678,4.0,1,82.21999931335449,1.0,0.0,0.0
37686,1.0,1,59.700000762939446,1.0,0.0,0.0
37689,1.0,1,91.43000030517578,1.0,0.0,0.0
37690,2.0,1,99.0,1.0,0.0,0.0
37692,1.0,2,21.0,1.0,867.0,0.0
37697,1.0,1,60.0,1.0,0.0,0.0
37700,3.0,1,118.48000144958496,1.0,0.0,0.0
37703,1.0,1,29.989999771118164,1.0,0.0,0.0
37706,1.0,1,25.0,1.0,0.0,0.0
37708,1.0,1,60.0,1.0,0.0,0.0
37712,1.0,1,20.0,1.0,0.0,0.0
37714,1.0,1,171.52999877929688,1.0,0.0,0.0
37715,2.0,1,221.98000526428225,1.0,0.0,0.0
37722,1.0,1,80.01000213623048,1.0,0.0,0.0
37724,3.0,1,166.98999786376953,1.0,0.0,0.0
37733,4.0,1,279.5500030517578,1.0,0.0,0.0
37734,1.0,1,16.969999313354492,1.0,0.0,0.0
37736,2.0,1,34.0,1.0,0.0,0.0
37738,1.0,1,95.0,1.0,0.0,0.0
37739,1.0,1,16.969999313354492,1.0,0.0,0.0
37743,1.0,1,172.0,1.0,0.0,0.0
37744,2.5,2,212.95999908447266,1.0,465.0,0.0
37767,1.0,1,15.0,1.0,0.0,0.0
37770,1.0,1,33.33000183105469,1.0,0.0,0.0
37772,1.0,1,29.0,1.0,0.0,0.0
37774,1.0,1,154.0,1.0,0.0,0.0
37775,1.0,1,34.970001220703125,1.0,0.0,0.0
37777,1.0,1,10.109999656677246,1.0,0.0,0.0
37778,2.0,1,53.60000038146973,1.0,0.0,0.0
37782,1.0,1,11.989999771118164,1.0,0.0,0.0
37783,2.0,1,145.98999786376953,1.0,0.0,0.0
37788,1.0,1,26.0,1.0,0.0,0.0
37791,1.0,1,14.989999771118164,1.0,0.0,0.0
37805,1.0,2,104.9900016784668,1.0,1173.0,0.0
37826,1.0,1,79.94999694824217,1.0,0.0,0.0
37827,1.0,1,75.0,1.0,0.0,0.0
37833,1.0,1,19.989999771118164,1.0,0.0,0.0
37839,1.0,1,73.91999816894531,1.0,0.0,0.0
37841,1.0,1,45.9900016784668,1.0,0.0,0.0
37850,2.0,1,289.98999786376953,1.0,0.0,0.0
37852,2.0,1,107.94000244140625,1.0,0.0,0.0
37853,1.5,2,62.385000228881836,1.0,2161.0,0.0
37859,2.0,1,154.98999786376953,1.0,0.0,0.0
37861,1.0,1,55.0,1.0,0.0,0.0
37867,3.0,1,73.88000011444092,1.0,0.0,0.0
37868,1.0,1,42.0,1.0,0.0,0.0
37873,1.0,1,22.96999931335449,1.0,0.0,0.0
37877,1.0,1,46.0,1.0,0.0,0.0
37881,1.0,1,79.0,1.0,0.0,0.0
37885,1.0,1,79.94999694824217,1.0,0.0,0.0
37890,2.0,1,37.34000015258789,1.0,0.0,0.0
37892,2.0,1,105.9799976348877,1.0,0.0,0.0
37893,1.0,1,65.0,1.0,0.0,0.0
37897,1.0,1,44.0,1.0,0.0,0.0
37902,1.0,1,45.93999862670898,1.0,0.0,0.0
37904,1.0,1,39.9900016784668,1.0,0.0,0.0
37916,2.0,1,210.0,1.0,0.0,0.0
37920,2.0,1,104.9900016784668,1.0,0.0,0.0
37930,1.0,1,11.949999809265137,1.0,0.0,0.0
37932,1.0,1,47.9900016784668,1.0,0.0,0.0
37935,1.0,1,41.9900016784668,1.0,0.0,0.0
37937,1.0,1,26.340000152587887,1.0,0.0,0.0
37940,1.0,2,47.81499910354614,1.0,42.0,0.0
37953,1.0,1,86.51000213623048,1.0,0.0,0.0
37961,1.0,1,115.0,1.0,0.0,0.0
37969,2.5,2,336.26499700546265,1.0,67.0,0.0
37973,2.0,1,36.94000053405762,1.0,0.0,0.0
37981,1.5,2,58.08500003814697,1.0,261.0,0.0
37983,2.0,1,113.56000137329102,1.0,0.0,0.0
37986,2.0,1,109.89999771118163,1.0,0.0,0.0
37988,1.0,3,58.556667963663735,1.0,397.0,308.2985565973347
37989,1.0,1,143.0,1.0,0.0,0.0
37990,2.0,1,225.19999694824216,1.0,0.0,0.0
37991,1.0,1,56.38999938964844,1.0,0.0,0.0
38003,2.0,1,64.98999977111816,1.0,0.0,0.0
38004,2.0,1,244.0,1.0,0.0,0.0
38008,3.0,1,70.46000242233276,1.0,0.0,0.0
38011,2.0,1,115.26000213623048,1.0,0.0,0.0
38015,1.0,1,88.0,1.0,0.0,0.0
38016,1.0,1,18.0,1.0,0.0,0.0
38020,1.0,1,32.95000076293945,1.0,0.0,0.0
38023,1.0,1,8.979999542236328,1.0,0.0,0.0
38025,1.0,1,64.5199966430664,1.0,0.0,0.0
38030,1.0,1,34.9900016784668,1.0,0.0,0.0
38033,1.0,1,42.0,1.0,0.0,0.0
38045,4.0,1,258.98000144958496,1.0,0.0,0.0
38050,1.0,1,66.0,1.0,0.0,0.0
38052,1.0,1,145.0,1.0,0.0,0.0
38053,1.5,2,108.73499965667725,1.0,888.0,0.0
38054,1.0,1,13.100000381469728,1.0,0.0,0.0
38055,1.0,1,18.0,1.0,0.0,0.0
38057,1.0,1,121.87999725341795,1.0,0.0,0.0
38058,4.0,1,160.89999961853027,1.0,0.0,0.0
38061,4.0,1,321.4700012207031,1.0,0.0,0.0
38065,1.0,1,37.950000762939446,1.0,0.0,0.0
38068,1.0,1,98.0,1.0,0.0,0.0
38070,1.0,1,55.9900016784668,1.0,0.0,0.0
38075,1.0,1,14.989999771118164,1.0,0.0,0.0
38076,1.0,1,101.0,1.0,0.0,0.0
38077,1.0,1,49.5,1.0,0.0,0.0
38081,1.0,1,19.950000762939453,1.0,0.0,0.0
38084,1.0,1,13.050000190734863,1.0,0.0,0.0
38085,1.0,1,46.7599983215332,1.0,0.0,0.0
38087,1.0,1,25.0,1.0,0.0,0.0
38090,1.0,1,40.0,1.0,0.0,0.0
38105,1.0,1,25.0,1.0,0.0,0.0
38106,1.0,1,19.700000762939453,1.0,0.0,0.0
38107,1.0,1,180.0,1.0,0.0,0.0
38108,1.0,1,29.989999771118164,1.0,0.0,0.0
38118,2.0,1,69.9900016784668,1.0,0.0,0.0
38119,1.0,1,14.75,1.0,0.0,0.0
38128,1.0,1,12.989999771118164,1.0,0.0,0.0
38131,1.0,1,120.0,1.0,0.0,0.0
38138,1.0,1,113.2300033569336,1.0,0.0,0.0
38141,1.0,2,112.125,1.5,1.5,0.7071067811865476
38143,1.0,1,38.4900016784668,1.0,0.0,0.0
38145,1.0,1,11.659999847412108,1.0,0.0,0.0
38146,2.0,1,71.79000091552734,1.0,0.0,0.0
38149,1.0,1,115.25,1.0,0.0,0.0
38151,2.0,1,122.98999786376953,1.0,0.0,0.0
38157,1.0,1,40.0,1.0,0.0,0.0
38162,1.0,1,29.25,1.0,0.0,0.0
38164,1.0,1,72.0,1.0,0.0,0.0
38168,1.0,1,35.68000030517578,1.0,0.0,0.0
38176,1.0,1,98.0,1.0,0.0,0.0
38181,1.0,2,54.45000076293945,1.0,475.0,0.0
38182,1.0,1,66.5,1.0,0.0,0.0
38190,1.0,1,25.0,1.0,0.0,0.0
38204,3.0,1,96.95999717712402,1.0,0.0,0.0
38215,4.0,1,266.3600044250488,1.0,0.0,0.0
38217,2.0,1,107.95000076293945,1.0,0.0,0.0
38218,2.0,2,99.17499923706055,1.0,243.0,0.0
38223,1.0,1,38.950000762939446,1.0,0.0,0.0
38226,1.0,1,27.989999771118164,1.0,0.0,0.0
38227,1.0,2,99.0,1.0,86.0,0.0
38231,2.0,1,74.98999977111816,1.0,0.0,0.0
38241,1.0,1,74.5,1.0,0.0,0.0
38242,1.0,1,54.0,1.0,0.0,0.0
38244,1.0,1,98.0,1.0,0.0,0.0
38246,1.0,1,39.950000762939446,1.0,0.0,0.0
38249,4.0,1,101.52000141143799,1.0,0.0,0.0
38251,1.5,2,97.5,1.0,316.0,0.0
38253,1.0,2,105.5,1.0,544.0,0.0
38265,1.0,1,119.0,1.0,0.0,0.0
38268,2.0,2,52.94000053405762,1.0,87.0,0.0
38271,1.0,1,17.979999542236328,1.0,0.0,0.0
38278,1.0,1,51.0,1.0,0.0,0.0
38280,2.0,1,44.989999771118164,1.0,0.0,0.0
38281,1.0,1,70.0,1.0,0.0,0.0
38283,2.0,1,131.98999786376953,1.0,0.0,0.0
38285,1.0,1,29.989999771118164,1.0,0.0,0.0
38287,2.0,2,78.73500061035156,1.0,35.0,0.0
38296,2.0,1,249.95000076293945,1.0,0.0,0.0
38297,1.0,1,59.52000045776367,1.0,0.0,0.0
38300,1.0,1,29.950000762939453,1.0,0.0,0.0
38305,2.0,1,89.87000274658203,1.0,0.0,0.0
38307,1.0,1,5.989999771118164,1.0,0.0,0.0
38311,1.0,1,55.950000762939446,1.0,0.0,0.0
38314,1.0,2,27.329999923706055,1.0,303.0,0.0
38319,1.0,1,33.97999954223633,1.0,0.0,0.0
38322,1.0,1,25.0,1.0,0.0,0.0
38332,1.0,2,32.99000000953674,1.0,49.0,0.0
38336,2.0,1,249.0,1.0,0.0,0.0
38343,2.0,1,80.13000011444092,1.0,0.0,0.0
38344,1.0,1,39.5,1.0,0.0,0.0
38345,1.0,1,45.0,1.0,0.0,0.0
38352,1.0,1,22.790000915527344,1.0,0.0,0.0
38358,4.0,1,201.0,1.0,0.0,0.0
38360,1.0,1,23.0,1.0,0.0,0.0
38361,2.0,1,35.09000015258789,1.0,0.0,0.0
38370,1.0,1,49.9900016784668,1.0,0.0,0.0
38373,1.0,1,27.299999237060547,1.0,0.0,0.0
38379,1.0,1,7.949999809265136,1.0,0.0,0.0
38381,1.0,1,14.949999809265137,1.0,0.0,0.0
38385,1.0,1,18.950000762939453,1.0,0.0,0.0
38386,2.0,1,400.0,1.0,0.0,0.0
38397,1.0,1,25.0,1.0,0.0,0.0
38404,1.5,2,115.62000131607056,1.0,362.0,0.0
38407,1.0,1,150.0,1.0,0.0,0.0
38410,1.0,1,111.98999786376952,1.0,0.0,0.0
38416,2.0,1,58.9900016784668,1.0,0.0,0.0
38421,3.0,1,114.4900016784668,1.0,0.0,0.0
38430,1.0,1,42.1599998474121,1.0,0.0,0.0
38431,1.0,1,25.0,1.0,0.0,0.0
38435,1.0,1,178.0,1.0,0.0,0.0
38441,1.0,1,12.989999771118164,1.0,0.0,0.0
38445,1.0,1,8.640000343322756,1.0,0.0,0.0
38448,1.0,1,88.0,1.0,0.0,0.0
38449,1.0,1,74.0,1.0,0.0,0.0
38450,1.5,2,84.69999885559082,1.0,45.0,0.0
38451,1.0,1,21.63999938964844,1.0,0.0,0.0
38457,1.0,1,53.9900016784668,1.0,0.0,0.0
38460,2.0,1,86.0,1.0,0.0,0.0
38461,1.0,1,62.970001220703125,1.0,0.0,0.0
38464,1.0,2,31.42500019073486,1.0,28.0,0.0
38470,1.0,1,75.0,1.0,0.0,0.0
38474,2.0,1,50.09999942779541,1.0,0.0,0.0
38481,1.0,1,18.0,1.0,0.0,0.0
38482,1.0,1,298.0,1.0,0.0,0.0
38485,1.0,2,49.72500038146973,1.0,683.0,0.0
38488,1.0,1,39.9900016784668,1.0,0.0,0.0
38491,3.0,1,232.98999977111816,1.0,0.0,0.0
38493,1.0,1,17.0,1.0,0.0,0.0
38496,1.0,1,8.65999984741211,1.0,0.0,0.0
38504,1.0,1,32.900001525878906,1.0,0.0,0.0
38508,1.0,1,54.0,1.0,0.0,0.0
38509,1.0,1,25.0,1.0,0.0,0.0
38515,2.0,1,170.94999980926514,1.0,0.0,0.0
38518,1.0,1,54.0,1.0,0.0,0.0
38524,1.0,1,29.989999771118164,1.0,0.0,0.0
38528,1.0,1,24.0,1.0,0.0,0.0
38529,2.0,1,99.98999786376953,1.0,0.0,0.0
38530,4.0,1,190.05999946594238,1.0,0.0,0.0
38532,2.0,1,82.8700008392334,1.0,0.0,0.0
38537,1.0,1,65.0,1.0,0.0,0.0
38541,3.0,1,410.9799976348877,1.0,0.0,0.0
38543,1.0,1,375.0,1.0,0.0,0.0
38544,1.0,2,44.464998722076416,1.0,762.0,0.0
38546,2.0,1,64.83000183105469,1.0,0.0,0.0
38547,1.0,1,139.9499969482422,1.0,0.0,0.0
38551,1.0,1,25.0,1.0,0.0,0.0
38556,2.0,1,91.12999725341797,1.0,0.0,0.0
38557,2.5,2,212.4700002670288,1.0,528.0,0.0
38558,1.0,1,24.989999771118164,1.0,0.0,0.0
38559,2.5,2,67.95000123977661,1.0,341.0,0.0
38560,2.0,1,264.0,1.0,0.0,0.0
38564,1.0,1,14.949999809265137,1.0,0.0,0.0
38566,1.0,1,68.0,1.0,0.0,0.0
38567,2.0,1,306.0,1.0,0.0,0.0
38568,1.0,1,19.0,1.0,0.0,0.0
38569,2.0,1,70.93000030517578,1.0,0.0,0.0
38571,4.0,2,303.330002784729,1.0,1064.0,0.0
38572,1.0,1,134.9499969482422,1.0,0.0,0.0
38577,2.0,3,129.98333231608072,1.0,54.5,41.71930009000631
38578,1.0,1,38.9900016784668,1.0,0.0,0.0
38582,1.0,1,9.989999771118164,1.0,0.0,0.0
38584,1.0,1,19.989999771118164,1.0,0.0,0.0
38585,1.0,1,10.890000343322754,1.0,0.0,0.0
38586,1.0,1,41.950000762939446,1.0,0.0,0.0
38589,1.0,1,52.930000305175774,1.0,0.0,0.0
38595,1.0,1,8.0,1.0,0.0,0.0
38597,2.0,1,34.0,1.0,0.0,0.0
38600,1.0,1,24.989999771118164,1.0,0.0,0.0
38628,1.0,1,6.440000057220459,1.0,0.0,0.0
38637,1.0,1,37.9900016784668,1.0,0.0,0.0
38638,1.0,1,175.0,1.0,0.0,0.0
38642,2.0,1,62.9900016784668,1.0,0.0,0.0
38643,1.0,1,45.950000762939446,1.0,0.0,0.0
38645,2.0,1,161.5,1.0,0.0,0.0
38653,1.0,1,36.880001068115234,1.0,0.0,0.0
38655,1.5,2,138.24500274658203,1.0,546.0,0.0
38659,1.0,1,25.5,1.0,0.0,0.0
38663,4.0,1,171.96000480651855,1.0,0.0,0.0
38678,1.0,1,34.06999969482422,1.0,0.0,0.0
38681,1.0,1,55.0,1.0,0.0,0.0
38689,1.0,1,16.8799991607666,1.0,0.0,0.0
38693,1.0,1,37.0,1.0,0.0,0.0
38699,1.0,1,32.9900016784668,1.0,0.0,0.0
38704,1.0,1,65.98999786376953,1.0,0.0,0.0
38716,1.0,1,194.8600006103516,1.0,0.0,0.0
38719,4.0,1,81.84999942779541,1.0,0.0,0.0
38724,1.0,1,34.900001525878906,1.0,0.0,0.0
38727,4.0,1,157.1100025177002,1.0,0.0,0.0
38736,2.0,1,30.489999771118164,1.0,0.0,0.0
38738,1.0,1,74.25,1.0,0.0,0.0
38742,1.0,1,49.5,1.0,0.0,0.0
38749,1.0,1,19.989999771118164,1.0,0.0,0.0
38750,1.0,1,59.0,1.0,0.0,0.0
38752,1.0,1,11.979999542236328,1.0,0.0,0.0
38755,1.0,1,59.5,1.0,0.0,0.0
38757,1.5,2,85.35999774932861,1.0,904.0,0.0
38770,1.0,1,32.0,1.0,0.0,0.0
38772,1.5,2,172.49499893188477,1.0,913.0,0.0
38775,1.0,1,19.950000762939453,1.0,0.0,0.0
38788,1.0,1,25.0,1.0,0.0,0.0
38789,2.0,1,97.25,1.0,0.0,0.0
38798,1.0,1,22.89999961853028,1.0,0.0,0.0
38803,1.5,2,126.47500038146973,1.0,866.0,0.0
38804,1.0,1,37.9900016784668,1.0,0.0,0.0
38807,1.0,1,14.989999771118164,1.0,0.0,0.0
38811,1.0,1,20.0,1.0,0.0,0.0
38812,4.0,1,225.79999828338623,1.0,0.0,0.0
38826,1.0,1,17.5,1.0,0.0,0.0
38832,2.0,1,144.0,1.0,0.0,0.0
38836,1.0,3,43.646666844685875,1.3333333333333333,34.0,44.50842616853577
38839,1.0,1,44.0,1.0,0.0,0.0
38843,1.0,1,15.279999732971191,1.0,0.0,0.0
38845,2.0,1,146.5,1.0,0.0,0.0
38846,2.0,1,39.47999954223633,1.0,0.0,0.0
38850,1.0,1,16.989999771118164,1.0,0.0,0.0
38851,4.0,1,414.6000003814697,1.0,0.0,0.0
38855,2.0,1,75.95000076293945,1.0,0.0,0.0
38862,1.0,1,100.98999786376952,1.0,0.0,0.0
38866,2.0,1,137.95000076293945,1.0,0.0,0.0
38867,1.0,1,58.5,1.0,0.0,0.0
38869,1.0,1,29.989999771118164,1.0,0.0,0.0
38870,1.0,1,42.0,1.0,0.0,0.0
38882,2.0,1,157.1699981689453,1.0,0.0,0.0
38884,3.0,1,91.0,1.0,0.0,0.0
38896,1.0,1,82.0,1.0,0.0,0.0
38898,1.0,1,36.0,1.0,0.0,0.0
38904,1.0,1,39.9900016784668,1.0,0.0,0.0
38905,2.0,1,68.95000076293945,1.0,0.0,0.0
38908,2.0,1,53.75,1.0,0.0,0.0
38910,1.5,2,59.989999771118164,1.0,468.0,0.0
38911,1.0,1,12.989999771118164,1.0,0.0,0.0
38914,1.0,1,26.0,1.0,0.0,0.0
38916,1.0,1,89.93000030517578,1.0,0.0,0.0
38921,1.0,1,32.75,1.0,0.0,0.0
38930,1.0,1,14.989999771118164,1.0,0.0,0.0
38931,1.0,1,173.9499969482422,1.0,0.0,0.0
38932,1.0,1,65.0,1.0,0.0,0.0
38934,2.0,1,27.75,1.0,0.0,0.0
38935,1.0,1,15.0,1.0,0.0,0.0
38939,4.0,1,280.9199962615967,1.0,0.0,0.0
38941,1.0,1,22.0,1.0,0.0,0.0
38945,1.0,1,23.25,1.0,0.0,0.0
38947,1.0,1,114.0,1.0,0.0,0.0
38953,1.0,1,24.0,1.0,0.0,0.0
38954,1.0,1,34.9900016784668,1.0,0.0,0.0
38955,1.0,1,10.909999847412108,1.0,0.0,0.0
38959,2.0,1,58.989999771118164,1.0,0.0,0.0
38960,1.0,2,77.25,1.0,198.0,0.0
38964,1.0,1,55.1599998474121,1.0,0.0,0.0
38981,1.0,1,9.5600004196167,1.0,0.0,0.0
38985,1.0,2,22.0,1.0,105.0,0.0
38987,1.0,1,240.0,1.0,0.0,0.0
38995,3.0,1,117.34999752044678,1.0,0.0,0.0
38998,2.0,1,29.989999771118164,1.0,0.0,0.0
39004,1.0,1,199.0,1.0,0.0,0.0
39007,1.0,1,49.950000762939446,1.0,0.0,0.0
39010,2.0,1,64.95000076293945,1.0,0.0,0.0
39011,2.0,1,135.9399995803833,1.0,0.0,0.0
39017,1.0,1,50.0,1.0,0.0,0.0
39023,1.0,1,45.950000762939446,1.0,0.0,0.0
39026,1.0,1,25.0,1.0,0.0,0.0
39027,1.0,1,24.950000762939453,1.0,0.0,0.0
39031,1.0,1,12.670000076293944,1.0,0.0,0.0
39040,1.0,1,98.0,1.0,0.0,0.0
39044,1.6666666666666667,3,33.8133331934611,1.0,449.0,364.8670990922585
39045,2.0,1,114.98999977111816,1.0,0.0,0.0
39056,1.0,1,59.5,1.0,0.0,0.0
39057,1.0,1,90.98999977111816,2.0,16.0,0.0
39064,2.0,1,248.99000549316406,1.0,0.0,0.0
39066,1.0,1,44.0,1.0,0.0,0.0
39069,1.0,1,12.0,1.0,0.0,0.0
39075,1.0,1,71.0,1.0,0.0,0.0
39078,1.0,1,49.950000762939446,1.0,0.0,0.0
39081,1.0,1,429.0,1.0,0.0,0.0
39087,1.0,1,37.680000305175774,1.0,0.0,0.0
39091,1.0,1,187.6000061035156,1.0,0.0,0.0
39099,2.0,1,55.459999084472656,1.0,0.0,0.0
39101,1.0,1,13.050000190734863,1.0,0.0,0.0
39103,1.0,1,28.0,1.0,0.0,0.0
39104,2.0,1,68.9900016784668,1.0,0.0,0.0
39111,1.5,2,193.1100025177002,1.0,287.0,0.0
39115,2.0,1,106.95999717712402,1.0,0.0,0.0
39116,1.0,1,15.989999771118164,1.0,0.0,0.0
39122,1.0,1,42.9900016784668,1.0,0.0,0.0
39123,1.0,1,49.9900016784668,1.0,0.0,0.0
39127,1.0,1,69.5,1.0,0.0,0.0
39132,1.0,1,34.0,1.0,0.0,0.0
39136,1.0,1,88.0,1.0,0.0,0.0
39145,1.0,1,108.98999786376952,1.0,0.0,0.0
39146,2.0,2,131.0,1.0,174.0,0.0
39150,1.5,2,51.47000026702881,1.0,701.0,0.0
39155,1.0,1,50.0,1.0,0.0,0.0
39161,1.0,1,26.989999771118164,1.0,0.0,0.0
39162,1.0,1,25.0,1.0,0.0,0.0
39164,2.0,1,58.989999771118164,1.0,0.0,0.0
39166,1.0,1,101.0,1.0,0.0,0.0
39176,1.0,3,42.81666692097982,1.0,547.0,188.09040379562165
39181,1.0,1,78.0,1.0,0.0,0.0
39185,2.0,1,148.5,1.0,0.0,0.0
39195,1.5,2,43.99499988555908,1.0,1399.0,0.0
39196,1.0,1,45.0,1.0,0.0,0.0
39202,1.0,1,28.0,1.0,0.0,0.0
39203,1.0,1,25.0,1.0,0.0,0.0
39204,1.0,2,27.484999656677246,1.0,499.0,0.0
39205,1.0,1,25.0,1.0,0.0,0.0
39206,1.0,1,129.99000549316406,1.0,0.0,0.0
39209,1.0,1,105.55999755859376,1.0,0.0,0.0
39214,1.0,1,14.989999771118164,1.0,0.0,0.0
39217,1.0,2,28.045000076293945,1.0,190.0,0.0
39219,3.0,1,88.2400016784668,1.0,0.0,0.0
39220,1.0,1,98.0,1.0,0.0,0.0
39224,1.5,4,68.89250087738037,1.0,811.0,651.1965909001674
39225,3.0,1,220.93999862670898,1.0,0.0,0.0
39229,1.0,1,25.0,1.0,0.0,0.0
39230,1.5,2,54.53000068664551,1.0,1678.0,0.0
39243,2.0,1,144.96999740600586,1.0,0.0,0.0
39245,1.0,1,10.109999656677246,1.0,0.0,0.0
39246,1.0,1,88.0,1.0,0.0,0.0
39255,1.0,1,78.0,1.0,0.0,0.0
39263,1.0,1,38.0,1.0,0.0,0.0
39265,3.0,1,390.95000076293945,1.0,0.0,0.0
39269,1.0,2,52.93499994277954,1.0,372.0,0.0
39271,2.0,1,86.25,1.0,0.0,0.0
39276,1.0,1,22.989999771118164,1.0,0.0,0.0
39280,1.0,1,194.94999694824216,1.0,0.0,0.0
39285,2.0,1,126.9499969482422,1.0,0.0,0.0
39286,1.0,1,24.989999771118164,1.0,0.0,0.0
39293,1.0,1,119.98999786376952,1.0,0.0,0.0
39295,3.0,1,79.97999954223633,1.0,0.0,0.0
39299,1.0,2,66.29499816894531,1.0,525.0,0.0
39300,1.0,1,34.29999923706055,1.0,0.0,0.0
39304,1.0,1,40.0,1.0,0.0,0.0
39305,2.0,1,182.0,1.0,0.0,0.0
39313,1.0,1,29.5,1.0,0.0,0.0
39316,1.0,1,25.0,1.0,0.0,0.0
39319,1.0,1,23.170000076293945,1.0,0.0,0.0
39324,4.0,1,260.0,1.0,0.0,0.0
39327,2.0,1,291.939998626709,1.0,0.0,0.0
39328,1.0,1,183.0599975585937,1.0,0.0,0.0
39333,1.0,1,36.5,1.0,0.0,0.0
39343,1.0,1,45.0,1.0,0.0,0.0
39345,2.0,1,40.489999771118164,1.0,0.0,0.0
39347,2.0,1,404.9900016784668,1.0,0.0,0.0
39348,2.0,1,241.29000473022467,1.0,0.0,0.0
39351,2.0,1,98.98999977111816,1.0,0.0,0.0
39352,1.0,1,26.0,1.0,0.0,0.0
39359,1.0,1,14.989999771118164,1.0,0.0,0.0
39370,1.0,1,99.98999786376952,1.0,0.0,0.0
39371,3.0,1,101.94000053405762,1.0,0.0,0.0
39376,1.0,1,10.1899995803833,1.0,0.0,0.0
39378,2.0,1,108.48999786376953,1.0,0.0,0.0
39381,2.0,1,31.0,1.0,0.0,0.0
39382,1.0,1,59.9900016784668,1.0,0.0,0.0
39386,1.0,1,36.9900016784668,1.0,0.0,0.0
39393,2.0,1,164.0,1.0,0.0,0.0
39399,1.0,2,143.5,1.0,24.0,0.0
39400,1.0,1,87.5,1.0,0.0,0.0
39403,1.0,1,16.950000762939453,1.0,0.0,0.0
39405,2.0,1,183.5,1.0,0.0,0.0
39407,2.0,1,38.94000053405762,1.0,0.0,0.0
39411,2.0,1,146.0,1.0,0.0,0.0
39413,2.0,1,85.0,1.0,0.0,0.0
39415,1.0,1,50.0,1.0,0.0,0.0
39419,1.0,1,29.0,1.0,0.0,0.0
39420,1.0,1,13.989999771118164,1.0,0.0,0.0
39424,1.0,1,99.0,1.0,0.0,0.0
39436,1.0,1,23.0,1.0,0.0,0.0
39437,1.5,2,149.89000034332275,1.0,1236.0,0.0
39442,1.0,1,109.0,1.0,0.0,0.0
39451,3.0,1,214.47000122070312,1.0,0.0,0.0
39454,1.0,2,59.24499893188476,1.0,44.0,0.0
39455,2.0,1,31.489999771118164,1.0,0.0,0.0
39458,1.5,2,47.58000040054321,1.0,351.0,0.0
39460,1.0,1,98.0,1.0,0.0,0.0
39465,1.0,1,52.0,1.0,0.0,0.0
39469,1.0,1,44.959999084472656,1.0,0.0,0.0
39472,1.0,2,36.75,1.0,214.0,0.0
39475,1.0,1,18.0,1.0,0.0,0.0
39476,1.0,1,19.790000915527344,1.0,0.0,0.0
39477,3.0,1,345.13000106811523,1.0,0.0,0.0
39485,1.0,1,23.96999931335449,1.0,0.0,0.0
39488,1.0,1,59.9900016784668,1.0,0.0,0.0
39490,4.0,1,169.38999938964844,1.0,0.0,0.0
39491,1.0,2,49.57000160217285,1.0,523.0,0.0
39492,1.5,2,119.73999881744385,1.0,262.0,0.0
39502,1.0,1,39.950000762939446,1.0,0.0,0.0
39505,1.0,1,7.900000095367431,1.0,0.0,0.0
39507,1.0,2,37.7400016784668,1.0,194.0,0.0
39511,1.0,1,54.950000762939446,1.0,0.0,0.0
39512,1.0,1,8.949999809265137,1.0,0.0,0.0
39514,2.0,1,113.9000015258789,1.0,0.0,0.0
39516,1.0,1,36.0,1.0,0.0,0.0
39518,1.0,1,24.989999771118164,1.0,0.0,0.0
39519,1.0,2,29.994999885559082,1.0,876.0,0.0
39521,1.0,1,65.98999786376953,1.0,0.0,0.0
39522,1.0,1,12.970000267028809,1.0,0.0,0.0
39534,1.0,2,55.9950008392334,1.0,282.0,0.0
39547,2.0,2,149.01999759674072,1.0,426.0,0.0
39549,1.0,1,37.950000762939446,1.0,0.0,0.0
39555,1.0,1,35.0,1.0,0.0,0.0
39563,1.0,1,28.950000762939453,1.0,0.0,0.0
39568,1.0,1,25.0,1.0,0.0,0.0
39569,2.0,1,80.38999938964844,1.0,0.0,0.0
39570,1.0,1,138.0,1.0,0.0,0.0
39573,3.0,1,243.94000053405762,1.0,0.0,0.0
39576,1.0,1,16.350000381469727,1.0,0.0,0.0
39580,1.0,1,25.0,1.0,0.0,0.0
39581,1.0,1,84.5,1.0,0.0,0.0
39585,1.0,1,109.0,1.0,0.0,0.0
39586,1.0,1,9.380000114440918,1.0,0.0,0.0
39588,2.0,1,158.0,1.0,0.0,0.0
39589,1.0,1,78.0,1.0,0.0,0.0
39590,1.0,1,69.98999786376953,1.0,0.0,0.0
39597,1.0,1,129.5,1.0,0.0,0.0
39600,2.0,2,115.3650016784668,1.0,187.0,0.0
39610,1.0,1,21.989999771118164,1.0,0.0,0.0
39611,1.0,1,17.0,1.0,0.0,0.0
39614,1.0,1,40.0,1.0,0.0,0.0
39615,3.0,1,48.820000648498535,1.0,0.0,0.0
39617,1.0,1,12.0,1.0,0.0,0.0
39620,1.0,1,115.0,1.0,0.0,0.0
39621,1.0,1,56.0,1.0,0.0,0.0
39629,2.0,2,73.32500076293945,1.0,51.0,0.0
39632,4.0,1,188.48999786376953,1.0,0.0,0.0
39634,4.0,1,148.45000076293945,1.0,0.0,0.0
39635,1.0,1,84.05999755859375,1.0,0.0,0.0
39641,1.0,1,47.950000762939446,1.0,0.0,0.0
39643,1.0,3,32.26333363850912,1.0,119.5,118.08683245815344
39648,3.0,1,86.89000129699707,1.0,0.0,0.0
39651,1.0,1,79.98999786376953,1.0,0.0,0.0
39657,1.0,1,84.0,1.0,0.0,0.0
39660,2.0,1,179.8800048828125,1.0,0.0,0.0
39665,1.0,1,16.989999771118164,1.0,0.0,0.0
39667,2.0,1,167.94999980926514,1.0,0.0,0.0
39677,1.0,1,29.40999984741211,1.0,0.0,0.0
39678,1.0,1,148.0,1.0,0.0,0.0
39689,3.0,1,166.98999977111816,1.0,0.0,0.0
39695,1.0,1,175.0,1.0,0.0,0.0
39696,1.0,1,26.989999771118164,1.0,0.0,0.0
39702,1.0,1,39.5,1.0,0.0,0.0
39704,1.0,1,20.989999771118164,1.0,0.0,0.0
39709,3.0,1,81.93000030517578,1.0,0.0,0.0
39712,1.0,1,44.9900016784668,1.0,0.0,0.0
39715,1.0,1,20.950000762939453,1.0,0.0,0.0
39716,2.0,1,163.77000045776367,1.0,0.0,0.0
39717,1.0,1,17.989999771118164,1.0,0.0,0.0
39718,2.0,1,68.56000137329102,1.0,0.0,0.0
39721,1.5,2,86.7750015258789,1.0,332.0,0.0
39729,2.0,1,101.9900016784668,1.0,0.0,0.0
39732,1.0,1,39.950000762939446,1.0,0.0,0.0
39745,1.0,1,12.0,1.0,0.0,0.0
39756,2.0,1,73.9900016784668,1.0,0.0,0.0
39758,1.0,1,29.989999771118164,1.0,0.0,0.0
39761,1.0,1,13.800000190734863,1.0,0.0,0.0
39762,1.0,1,39.9900016784668,1.0,0.0,0.0
39764,4.0,1,357.18000411987305,1.0,0.0,0.0
39770,1.0,1,11.979999542236328,1.0,0.0,0.0
39772,3.0,1,130.89999961853027,1.0,0.0,0.0
39775,2.0,1,58.489999771118164,1.0,0.0,0.0
39779,1.0,1,50.0,1.0,0.0,0.0
39781,1.0,1,36.9900016784668,1.0,0.0,0.0
39785,1.0,3,27.0,1.0,621.5,325.9762261269984
39786,1.0,1,16.5,1.0,0.0,0.0
39788,1.0,1,49.5,1.0,0.0,0.0
39790,1.0,1,129.0,1.0,0.0,0.0
39795,1.0,1,49.9900016784668,1.0,0.0,0.0
39799,1.0,1,15.989999771118164,1.0,0.0,0.0
39801,2.0,1,84.93000030517578,1.0,0.0,0.0
39803,1.0,1,28.5,1.0,0.0,0.0
39805,1.0,1,27.89999961853028,1.0,0.0,0.0
39807,1.0,1,42.0,1.0,0.0,0.0
39809,1.0,1,19.989999771118164,1.0,0.0,0.0
39818,1.0,1,172.75,1.0,0.0,0.0
39822,1.0,1,25.0,1.0,0.0,0.0
39823,1.0,1,91.8499984741211,1.0,0.0,0.0
39831,2.0,1,42.489999771118164,1.0,0.0,0.0
39847,1.5,2,118.18499755859375,1.0,332.0,0.0
39857,1.0,1,16.0,1.0,0.0,0.0
39860,1.0,1,35.0,1.0,0.0,0.0
39867,1.0,1,53.970001220703125,1.0,0.0,0.0
39872,2.0,1,256.4299964904785,1.0,0.0,0.0
39875,1.0,1,48.9900016784668,1.0,0.0,0.0
39876,1.0,1,8.829999923706055,1.0,0.0,0.0
39877,1.0,1,79.0,1.0,0.0,0.0
39888,1.0,1,34.9900016784668,1.0,0.0,0.0
39903,1.0,1,24.0,1.0,0.0,0.0
39905,1.0,1,49.5,1.0,0.0,0.0
39908,2.0,1,58.56999969482422,1.0,0.0,0.0
39913,1.0,1,63.59999847412109,1.0,0.0,0.0
39916,1.0,1,34.880001068115234,1.0,0.0,0.0
39917,1.0,1,39.0,1.0,0.0,0.0
39918,2.0,2,134.24499988555908,1.0,280.0,0.0
39919,4.0,1,120.01000022888184,1.0,0.0,0.0
39921,2.0,1,50.0,1.0,0.0,0.0
39923,1.0,1,53.0,1.0,0.0,0.0
39928,1.0,1,35.0,1.0,0.0,0.0
39930,1.0,1,49.5,1.0,0.0,0.0
39935,1.0,1,72.0,1.0,0.0,0.0
39936,1.0,1,15.75,1.0,0.0,0.0
39937,1.0,1,69.98999786376953,1.0,0.0,0.0
39939,1.0,1,30.0,1.0,0.0,0.0
39947,1.0,1,52.0,1.0,0.0,0.0
39950,1.0,1,19.989999771118164,1.0,0.0,0.0
39951,1.0,1,39.97999954223633,1.0,0.0,0.0
39955,1.0,1,22.190000534057617,1.0,0.0,0.0
39960,2.0,1,32.38999938964844,1.0,0.0,0.0
39964,1.5,2,44.97500038146973,1.0,254.0,0.0
39984,1.0,1,6.929999828338623,1.0,0.0,0.0
39985,1.0,2,11.450000286102295,1.0,385.0,0.0
39988,2.0,2,91.23000049591064,1.0,825.0,0.0
39995,2.0,1,94.95000076293945,1.0,0.0,0.0
39999,1.0,1,35.0,1.0,0.0,0.0
40000,3.0,1,465.35999870300293,1.0,0.0,0.0
40004,1.0,1,29.989999771118164,1.0,0.0,0.0
40019,1.0,1,8.77999973297119,1.0,0.0,0.0
40022,1.0,1,44.9900016784668,1.0,0.0,0.0
40024,3.0,1,183.94000148773193,1.0,0.0,0.0
40028,1.0,1,115.0,1.0,0.0,0.0
40030,1.0,1,139.99000549316406,1.0,0.0,0.0
40033,1.0,1,43.6599998474121,1.0,0.0,0.0
40039,2.0,1,145.5,1.0,0.0,0.0
40046,4.0,1,252.84999752044675,1.0,0.0,0.0
40049,2.0,1,62.69999885559082,1.0,0.0,0.0
40057,1.0,1,35.0,1.0,0.0,0.0
40059,1.0,1,18.590000152587887,1.0,0.0,0.0
40063,2.0,1,90.15999984741211,1.0,0.0,0.0
40071,1.0,1,56.0,1.0,0.0,0.0
40072,1.0,1,45.0,1.0,0.0,0.0
40077,1.0,1,23.96999931335449,1.0,0.0,0.0
40081,1.0,2,189.20999908447266,1.0,50.0,0.0
40083,2.0,1,71.94000053405762,1.0,0.0,0.0
40085,1.0,1,12.770000457763672,1.0,0.0,0.0
40088,1.0,1,78.0,1.0,0.0,0.0
40091,1.0,1,55.0,1.0,0.0,0.0
40097,1.0,1,24.670000076293945,1.0,0.0,0.0
40098,1.5,2,105.5,1.0,1137.0,0.0
40102,1.0,1,46.5,1.0,0.0,0.0
40103,1.0,1,128.0,1.0,0.0,0.0
40104,2.0,3,389.71333440144855,1.0,348.5,184.55486988968892
40105,1.0,1,25.0,1.0,0.0,0.0
40115,2.0,2,148.6999969482422,1.0,614.0,0.0
40125,1.5,2,156.5,1.0,422.0,0.0
40126,1.0,1,25.0,1.0,0.0,0.0
40127,1.0,1,150.0,1.0,0.0,0.0
40128,1.0,1,33.9900016784668,1.0,0.0,0.0
40129,1.0,1,169.0,1.0,0.0,0.0
40138,1.0,1,25.0,1.0,0.0,0.0
40142,2.0,1,50.0,1.0,0.0,0.0
40143,1.0,1,54.0,1.0,0.0,0.0
40145,1.0,1,25.0,1.0,0.0,0.0
40146,1.0,1,119.0,1.0,0.0,0.0
40151,2.0,1,64.98999977111816,1.0,0.0,0.0
40157,1.0,1,79.94999694824217,1.0,0.0,0.0
40158,1.0,1,100.0,1.0,0.0,0.0
40160,1.0,1,97.3000030517578,1.0,0.0,0.0
40163,1.0,1,24.950000762939453,1.0,0.0,0.0
40164,1.0,1,200.0,1.0,0.0,0.0
40166,2.0,1,47.38999938964844,1.0,0.0,0.0
40174,1.0,1,16.0,1.0,0.0,0.0
40183,1.0,1,90.0,1.0,0.0,0.0
40190,1.0,1,15.0,1.0,0.0,0.0
40193,2.0,1,33.34000015258789,1.0,0.0,0.0
40196,1.0,1,33.970001220703125,1.0,0.0,0.0
40197,2.0,1,89.95000076293945,1.0,0.0,0.0
40213,1.0,1,150.0,1.0,0.0,0.0
40222,1.0,1,68.0,1.0,0.0,0.0
40225,1.0,1,55.4900016784668,1.0,0.0,0.0
40227,2.0,1,78.9799976348877,1.0,0.0,0.0
40233,1.0,2,67.2249984741211,1.0,822.0,0.0
40245,1.0,2,99.5,1.0,226.0,0.0
40252,1.0,2,30.70499897003174,1.0,76.0,0.0
40261,1.0,1,56.0,1.0,0.0,0.0
40262,1.0,1,54.900001525878906,1.0,0.0,0.0
40264,2.0,1,56.96999931335449,1.0,0.0,0.0
40270,1.0,1,98.0,1.0,0.0,0.0
40274,1.0,1,19.5,1.0,0.0,0.0
40275,1.0,1,32.0,1.0,0.0,0.0
40281,1.0,1,10.899999618530272,1.0,0.0,0.0
40290,1.0,1,32.9900016784668,1.0,0.0,0.0
40295,2.0,1,46.989999771118164,1.0,0.0,0.0
40297,1.0,1,45.4900016784668,1.0,0.0,0.0
40298,4.0,1,179.87999820709229,1.0,0.0,0.0
40299,1.0,1,208.6000061035156,1.0,0.0,0.0
40301,2.0,2,174.43499946594238,1.0,89.0,0.0
40303,1.0,1,24.979999542236328,1.0,0.0,0.0
40305,1.0,1,49.5,1.0,0.0,0.0
40307,1.0,1,239.9900054931641,1.0,0.0,0.0
40308,1.0,1,31.3700008392334,1.0,0.0,0.0
40310,3.0,2,331.83999514579773,1.0,117.0,0.0
40312,3.0,1,240.5,1.0,0.0,0.0
40316,1.0,1,79.0,1.0,0.0,0.0
40329,1.0,1,35.27000045776367,1.0,0.0,0.0
40335,2.0,1,114.97999763488768,1.0,0.0,0.0
40340,1.0,1,64.5,1.0,0.0,0.0
40344,1.0,1,48.59000015258789,1.0,0.0,0.0
40346,1.0,1,38.59000015258789,1.0,0.0,0.0
40348,1.0,1,69.98999786376953,1.0,0.0,0.0
40349,1.0,1,124.0,1.0,0.0,0.0
40356,2.5,2,156.91500186920166,1.0,653.0,0.0
40358,1.5,2,55.98500061035156,1.0,39.0,0.0
40359,2.0,1,82.96999740600586,1.0,0.0,0.0
40373,1.0,1,169.99000549316406,1.0,0.0,0.0
40374,2.0,1,54.989999771118164,1.0,0.0,0.0
40376,1.0,1,3.5,1.0,0.0,0.0
40382,1.0,1,90.0,1.0,0.0,0.0
40386,2.0,1,129.9799976348877,1.0,0.0,0.0
40390,2.0,1,143.22000122070312,1.0,0.0,0.0
40397,1.0,1,10.119999885559082,1.0,0.0,0.0
40398,1.0,1,38.970001220703125,1.0,0.0,0.0
40403,1.0,1,8.350000381469727,1.0,0.0,0.0
40404,1.0,1,13.93000030517578,1.0,0.0,0.0
40408,3.0,1,112.97999954223633,1.0,0.0,0.0
40412,1.0,1,37.0,1.0,0.0,0.0
40415,1.0,1,30.0,1.0,0.0,0.0
40417,1.0,1,11.529999732971191,1.0,0.0,0.0
40418,2.0,1,206.0,1.0,0.0,0.0
40419,2.0,1,66.9900016784668,1.0,0.0,0.0
40421,3.0,1,72.54000091552734,1.0,0.0,0.0
40425,4.0,1,213.31000232696533,1.0,0.0,0.0
40428,2.0,1,79.98000144958496,1.0,0.0,0.0
40430,1.0,1,70.0,1.0,0.0,0.0
40433,2.3333333333333335,3,104.90000025431316,1.0,112.0,69.29646455628166
40447,1.0,1,58.0,1.0,0.0,0.0
40458,1.0,1,8.989999771118164,1.0,0.0,0.0
40460,1.0,1,30.979999542236328,1.0,0.0,0.0
40462,1.0,1,21.950000762939453,1.0,0.0,0.0
40464,1.0,1,27.989999771118164,1.0,0.0,0.0
40472,1.0,1,29.5,1.0,0.0,0.0
40473,1.0,1,69.9000015258789,1.0,0.0,0.0
40475,1.0,1,40.0,1.0,0.0,0.0
40480,4.0,1,201.20999670028687,1.0,0.0,0.0
40481,1.5,2,333.97000312805176,1.0,245.0,0.0
40482,1.0,1,140.0,1.0,0.0,0.0
40489,2.0,1,69.0,1.0,0.0,0.0
40491,1.0,1,64.0,1.0,0.0,0.0
40493,2.0,1,131.47000122070312,1.0,0.0,0.0
40511,2.0,1,310.0,1.0,0.0,0.0
40515,1.0,1,89.98999786376953,1.0,0.0,0.0
40518,1.0,1,44.9900016784668,1.0,0.0,0.0
40520,1.0,1,129.99000549316406,1.0,0.0,0.0
40526,1.0,1,67.47000122070312,1.0,0.0,0.0
40533,1.0,1,69.98999786376953,1.0,0.0,0.0
40534,1.5,2,80.0049991607666,1.0,132.0,0.0
40535,1.0,1,30.540000915527344,1.0,0.0,0.0
40537,1.0,1,68.98999786376953,1.0,0.0,0.0
40539,1.0,1,25.0,1.0,0.0,0.0
40540,1.0,1,55.0,1.0,0.0,0.0
40547,2.0,1,33.170000076293945,1.0,0.0,0.0
40549,1.5,2,57.0,1.0,1769.0,0.0
40554,1.5,2,93.9900016784668,1.0,49.0,0.0
40558,1.0,1,199.0,1.0,0.0,0.0
40559,1.0,1,9.989999771118164,1.0,0.0,0.0
40566,2.0,2,82.9950008392334,1.0,326.0,0.0
40567,1.0,1,99.98999786376952,1.0,0.0,0.0
40568,1.0,1,23.96999931335449,1.0,0.0,0.0
40570,2.0,1,121.0,1.0,0.0,0.0
40574,1.0,1,128.3000030517578,1.0,0.0,0.0
40577,1.0,1,88.0,1.0,0.0,0.0
40579,4.0,1,192.4900016784668,1.0,0.0,0.0
40581,1.0,1,60.0,1.0,0.0,0.0
40585,1.0,1,119.0,1.0,0.0,0.0
40587,1.0,1,39.5,1.0,0.0,0.0
40591,1.5,2,46.22500038146973,1.0,910.0,0.0
40596,1.0,1,29.96999931335449,1.0,0.0,0.0
40597,2.0,1,55.18000030517578,1.0,0.0,0.0
40599,1.0,1,79.5,1.0,0.0,0.0
40600,1.0,1,80.0,1.0,0.0,0.0
40603,1.0,1,26.0,1.0,0.0,0.0
40606,1.0,1,29.979999542236328,1.0,0.0,0.0
40608,1.5,2,234.79500007629395,1.0,472.0,0.0
40613,1.0,1,74.0,1.0,0.0,0.0
40615,1.0,1,54.5,1.0,0.0,0.0
40635,1.0,1,48.869998931884766,1.0,0.0,0.0
40643,2.5,2,182.58499908447266,1.0,443.0,0.0
40646,1.0,1,109.98999786376952,1.0,0.0,0.0
40649,2.0,1,113.5,1.0,0.0,0.0
40650,1.0,1,16.950000762939453,1.0,0.0,0.0
40653,2.0,1,109.93999671936034,1.0,0.0,0.0
40655,1.0,1,44.950000762939446,1.0,0.0,0.0
40659,3.0,1,67.57999992370605,1.0,0.0,0.0
40666,2.0,1,209.49000549316406,1.0,0.0,0.0
40670,1.0,1,49.9900016784668,1.0,0.0,0.0
40673,1.0,1,52.130001068115234,1.0,0.0,0.0
40677,1.0,1,28.989999771118164,1.0,0.0,0.0
40680,1.0,1,36.0,1.0,0.0,0.0
40681,1.0,1,18.0,1.0,0.0,0.0
40682,3.0,1,158.0,1.0,0.0,0.0
40684,1.0,1,10.0,1.0,0.0,0.0
40694,1.0,1,30.989999771118164,1.0,0.0,0.0
40697,3.0,1,445.94999980926514,1.0,0.0,0.0
40699,1.0,1,69.86000061035156,1.0,0.0,0.0
40704,3.0,1,35.619999408721924,1.0,0.0,0.0
40708,1.0,1,36.0,1.0,0.0,0.0
40712,1.0,1,3.990000009536743,1.0,0.0,0.0
40715,2.5,2,206.12500190734863,1.0,502.0,0.0
40719,1.0,1,200.0,1.0,0.0,0.0
40722,1.0,1,20.790000915527344,1.0,0.0,0.0
40723,1.0,1,27.0,1.0,0.0,0.0
40730,1.0,1,18.989999771118164,1.0,0.0,0.0
40731,1.0,1,20.8799991607666,1.0,0.0,0.0
40734,1.0,1,29.40999984741211,1.0,0.0,0.0
40744,1.0,1,29.989999771118164,1.0,0.0,0.0
40745,2.0,1,346.0,1.0,0.0,0.0
40746,2.5,2,119.7899980545044,1.0,314.0,0.0
40751,1.0,1,25.0,1.0,0.0,0.0
40752,1.0,1,14.789999961853027,1.0,0.0,0.0
40757,1.0,1,26.989999771118164,1.0,0.0,0.0
40759,1.0,1,32.0,1.0,0.0,0.0
40766,1.0,1,54.9900016784668,1.0,0.0,0.0
40768,1.0,1,31.989999771118164,1.0,0.0,0.0
40773,1.0,2,30.864999771118164,1.0,212.0,0.0
40776,1.0,1,33.33000183105469,1.0,0.0,0.0
40778,1.0,1,19.950000762939453,1.0,0.0,0.0
40779,1.0,1,26.989999771118164,1.0,0.0,0.0
40787,1.0,1,47.9900016784668,1.0,0.0,0.0
40789,1.0,1,13.5,1.0,0.0,0.0
40813,3.0,1,124.88999938964844,1.0,0.0,0.0
40817,1.0,1,118.0,1.0,0.0,0.0
40821,2.0,1,142.48999977111816,1.0,0.0,0.0
40823,1.0,1,147.99000549316406,1.0,0.0,0.0
40825,1.0,1,78.0,1.0,0.0,0.0
40826,1.0,1,18.0,1.0,0.0,0.0
40843,2.0,1,144.29000091552734,1.0,0.0,0.0
40845,1.0,1,42.950000762939446,1.0,0.0,0.0
40848,3.0,2,187.69500064849854,1.0,320.0,0.0
40851,2.0,1,147.93000030517578,1.0,0.0,0.0
40855,2.0,1,118.0,1.0,0.0,0.0
40858,1.0,1,56.0,1.0,0.0,0.0
40859,2.0,1,99.98999786376953,1.0,0.0,0.0
40860,1.0,1,8.989999771118164,1.0,0.0,0.0
40861,1.0,1,32.970001220703125,1.0,0.0,0.0
40862,1.0,1,168.0,1.0,0.0,0.0
40866,1.0,1,575.0,1.0,0.0,0.0
40867,1.0,1,25.0,1.0,0.0,0.0
40871,1.0,2,31.450000762939453,1.0,85.0,0.0
40878,1.0,1,26.0,1.0,0.0,0.0
40896,2.0,1,237.0,1.0,0.0,0.0
40904,1.0,1,15.0,1.0,0.0,0.0
40917,2.0,1,84.98999977111816,1.0,0.0,0.0
40926,1.0,1,45.119998931884766,1.0,0.0,0.0
40929,1.0,1,28.989999771118164,1.0,0.0,0.0
40932,2.0,1,34.28999996185303,1.0,0.0,0.0
40944,3.0,1,240.0,1.0,0.0,0.0
40948,1.0,1,19.989999771118164,1.0,0.0,0.0
40951,1.0,1,45.0,1.0,0.0,0.0
40956,1.0,1,399.0,1.0,0.0,0.0
40957,2.0,1,43.8700008392334,1.0,0.0,0.0
40960,1.0,1,58.5,1.0,0.0,0.0
40969,1.5,2,38.99499988555908,1.0,1848.0,0.0
40970,1.5,2,32.5,1.0,266.0,0.0
40971,1.0,1,53.9900016784668,1.0,0.0,0.0
40986,1.0,1,16.950000762939453,1.0,0.0,0.0
40991,2.0,1,70.5,1.0,0.0,0.0
40995,2.0,1,46.329999923706055,1.0,0.0,0.0
40996,2.0,1,89.98999786376953,1.0,0.0,0.0
40998,2.0,1,334.939998626709,2.0,7.0,0.0
40999,1.0,1,49.79999923706056,1.0,0.0,0.0
41008,1.0,2,25.99000072479248,1.0,927.0,0.0
41011,1.0,1,10.989999771118164,1.0,0.0,0.0
41017,1.0,1,68.0,1.0,0.0,0.0
41018,2.0,1,127.97999763488768,1.0,0.0,0.0
41022,2.0,1,68.09000015258789,1.0,0.0,0.0
41023,2.0,2,582.9249992370605,1.0,259.0,0.0
41029,1.0,1,83.79000091552734,1.0,0.0,0.0
41035,2.0,1,76.93000030517578,1.0,0.0,0.0
41036,1.0,1,41.38999938964844,1.0,0.0,0.0
41041,2.0,1,40.46999931335449,1.0,0.0,0.0
41042,2.0,1,139.9799976348877,1.0,0.0,0.0
41043,1.0,1,5.949999809265137,1.0,0.0,0.0
41050,1.0,1,25.0,1.0,0.0,0.0
41052,1.0,1,69.98999786376953,1.0,0.0,0.0
41062,1.0,1,30.0,1.0,0.0,0.0
41064,1.0,1,37.950000762939446,1.0,0.0,0.0
41065,1.0,1,38.5,1.0,0.0,0.0
41066,1.0,1,32.45000076293945,1.0,0.0,0.0
41068,1.0,1,29.989999771118164,1.0,0.0,0.0
41078,1.0,1,33.9900016784668,1.0,0.0,0.0
41082,1.0,1,399.0,1.0,0.0,0.0
41087,1.0,1,85.5999984741211,1.0,0.0,0.0
41099,3.0,1,203.98999786376953,1.0,0.0,0.0
41102,1.0,1,22.0,1.0,0.0,0.0
41105,1.0,1,36.400001525878906,1.0,0.0,0.0
41108,1.0,1,25.0,1.0,0.0,0.0
41109,1.0,1,80.0,1.0,0.0,0.0
41114,1.0,1,65.0,1.0,0.0,0.0
41119,1.0,1,24.989999771118164,1.0,0.0,0.0
41124,1.0,1,44.930000305175774,1.0,0.0,0.0
41126,2.0,1,53.22999954223633,1.0,0.0,0.0
41129,1.0,1,36.9900016784668,1.0,0.0,0.0
41139,4.0,1,151.11000156402588,1.0,0.0,0.0
41142,2.0,1,153.81999969482422,1.0,0.0,0.0
41149,1.0,1,29.950000762939453,1.0,0.0,0.0
41152,3.0,1,142.79000091552734,1.0,0.0,0.0
41159,1.0,1,56.0,1.0,0.0,0.0
41166,2.0,1,137.48999977111816,1.0,0.0,0.0
41168,1.0,1,59.0,1.0,0.0,0.0
41172,2.0,1,76.5,1.0,0.0,0.0
41174,4.0,1,298.2399950027466,1.0,0.0,0.0
41176,1.0,1,39.9900016784668,1.0,0.0,0.0
41184,4.0,1,267.98999977111816,1.0,0.0,0.0
41191,1.0,1,25.5,1.0,0.0,0.0
41192,2.0,1,179.97999954223633,1.0,0.0,0.0
41193,1.0,1,24.989999771118164,1.0,0.0,0.0
41204,2.0,1,303.0,1.0,0.0,0.0
41205,1.0,1,118.0,1.0,0.0,0.0
41208,1.0,1,60.9900016784668,2.0,4.0,0.0
41216,1.0,3,20.53333330154419,1.0,971.5,819.5367593952086
41218,1.0,1,94.98999786376952,1.0,0.0,0.0
41221,1.0,1,62.36000061035156,1.0,0.0,0.0
41222,1.0,1,5.289999961853027,1.0,0.0,0.0
41223,1.0,1,22.5,1.0,0.0,0.0
41225,2.0,1,58.96999931335449,1.0,0.0,0.0
41227,2.0,1,80.98999977111816,1.0,0.0,0.0
41232,1.0,1,21.950000762939453,1.0,0.0,0.0
41233,1.0,1,18.0,1.0,0.0,0.0
41235,2.0,1,68.4900016784668,1.0,0.0,0.0
41240,4.0,1,179.97999954223633,1.0,0.0,0.0
41244,3.0,1,60.89999961853027,1.0,0.0,0.0
41257,1.0,1,104.94000244140624,1.0,0.0,0.0
41261,1.0,1,45.0,1.0,0.0,0.0
41265,2.0,1,41.989999771118164,1.0,0.0,0.0
41268,1.0,1,38.0,1.0,0.0,0.0
41271,1.0,1,18.989999771118164,1.0,0.0,0.0
41272,1.0,1,2.799999952316284,1.0,0.0,0.0
41274,1.0,1,13.770000457763672,1.0,0.0,0.0
41278,1.0,1,35.18000030517578,1.0,0.0,0.0
41284,1.0,1,61.2400016784668,1.0,0.0,0.0
41289,1.0,1,39.9900016784668,1.0,0.0,0.0
41297,1.0,1,24.0,1.0,0.0,0.0
41302,1.0,1,396.0,1.0,0.0,0.0
41305,2.0,1,109.9900016784668,1.0,0.0,0.0
41306,1.0,1,60.150001525878906,1.0,0.0,0.0
41308,1.0,1,79.98999786376953,1.0,0.0,0.0
41310,1.0,1,138.75,1.0,0.0,0.0
41311,1.0,1,32.9900016784668,1.0,0.0,0.0
41321,1.0,1,10.3100004196167,1.0,0.0,0.0
41322,1.0,2,33.480000495910645,1.0,24.0,0.0
41323,1.0,1,103.91000366210938,1.0,0.0,0.0
41326,1.0,1,239.9900054931641,1.0,0.0,0.0
41338,1.0,1,49.950000762939446,1.0,0.0,0.0
41342,1.0,1,25.0,1.0,0.0,0.0
41343,2.0,1,209.94000625610352,1.0,0.0,0.0
41348,1.0,1,89.5999984741211,1.0,0.0,0.0
41349,1.0,1,56.950000762939446,1.0,0.0,0.0
41355,2.0,1,158.32000541687012,1.0,0.0,0.0
41375,1.0,1,17.950000762939453,1.0,0.0,0.0
41376,1.0,1,9.880000114440918,1.0,0.0,0.0
41381,1.0,1,12.989999771118164,1.0,0.0,0.0
41384,1.0,1,11.140000343322754,1.0,0.0,0.0
41386,1.0,2,50.96999931335449,1.0,916.0,0.0
41388,1.0,1,17.989999771118164,1.0,0.0,0.0
41390,1.0,2,457.49499893188477,1.0,1065.0,0.0
41392,1.0,1,14.989999771118164,1.0,0.0,0.0
41393,3.0,1,121.72999954223633,1.0,0.0,0.0
41395,1.0,1,7.980000019073486,1.0,0.0,0.0
41396,1.0,2,90.93000030517578,1.0,746.0,0.0
41397,1.0,1,63.9900016784668,1.0,0.0,0.0
41405,1.0,1,25.0,1.0,0.0,0.0
41408,1.0,1,15.989999771118164,1.0,0.0,0.0
41414,1.0,2,170.0,1.0,492.0,0.0
41416,2.0,1,141.95000076293945,1.0,0.0,0.0
41417,1.5,2,132.18499755859375,1.0,2050.0,0.0
41420,1.0,1,119.0,1.0,0.0,0.0
41424,3.0,1,67.98000144958496,1.0,0.0,0.0
41431,1.5,2,40.4950008392334,1.0,215.0,0.0
41434,1.0,1,69.2300033569336,1.0,0.0,0.0
41437,1.0,3,25.733332951863606,1.0,363.0,178.19090885900997
41440,2.0,1,77.5,1.0,0.0,0.0
41441,1.0,1,24.0,1.0,0.0,0.0
41443,3.0,1,260.560001373291,1.0,0.0,0.0
41444,1.0,1,24.0,1.0,0.0,0.0
41451,1.0,1,65.0,1.0,0.0,0.0
41453,1.0,1,38.0,1.0,0.0,0.0
41454,1.0,1,15.0,1.0,0.0,0.0
41466,1.0,1,34.9900016784668,1.0,0.0,0.0
41471,1.0,1,51.0,1.0,0.0,0.0
41473,1.0,1,169.0,1.0,0.0,0.0
41476,1.0,1,24.989999771118164,1.0,0.0,0.0
41477,1.0,1,85.79000091552734,1.0,0.0,0.0
41481,1.0,1,89.5,1.0,0.0,0.0
41482,1.0,1,65.0,1.0,0.0,0.0
41483,1.0,1,54.9900016784668,1.0,0.0,0.0
41484,1.0,1,99.98999786376952,1.0,0.0,0.0
41490,1.0,1,35.83000183105469,1.0,0.0,0.0
41491,1.0,1,8.640000343322756,1.0,0.0,0.0
41493,1.5,2,42.05000066757202,1.0,69.0,0.0
41495,1.0,1,24.950000762939453,1.0,0.0,0.0
41498,1.0,1,308.0,1.0,0.0,0.0
41503,1.0,1,81.77999877929686,1.0,0.0,0.0
41507,1.0,1,29.950000762939453,1.0,0.0,0.0
41509,1.0,1,79.98999786376953,1.0,0.0,0.0
41512,1.0,1,36.0,1.0,0.0,0.0
41514,2.0,1,41.94000005722046,1.0,0.0,0.0
41517,1.0,1,7.0,1.0,0.0,0.0
41520,2.0,1,135.0,1.0,0.0,0.0
41524,1.0,1,25.0,1.0,0.0,0.0
41529,1.0,1,44.9900016784668,1.0,0.0,0.0
41531,2.0,2,29.799999713897705,1.0,434.0,0.0
41536,1.0,1,110.0,1.0,0.0,0.0
41537,1.0,1,172.0,1.0,0.0,0.0
41538,1.0,2,46.9950008392334,1.0,35.0,0.0
41540,1.0,1,22.0,1.0,0.0,0.0
41541,1.0,1,48.0,1.0,0.0,0.0
41544,1.0,1,14.989999771118164,1.0,0.0,0.0
41546,1.0,1,29.989999771118164,1.0,0.0,0.0
41550,1.0,1,13.699999809265137,1.0,0.0,0.0
41553,1.0,1,35.0,1.0,0.0,0.0
41555,4.0,1,188.98999977111816,1.0,0.0,0.0
41556,3.0,1,137.7199993133545,1.0,0.0,0.0
41558,1.0,1,41.9900016784668,1.0,0.0,0.0
41567,1.0,1,39.0,1.0,0.0,0.0
41568,1.0,1,14.0,1.0,0.0,0.0
41570,1.0,1,158.0,1.0,0.0,0.0
41575,3.0,1,186.9800033569336,1.0,0.0,0.0
41581,3.0,1,66.89000129699707,1.0,0.0,0.0
41585,2.5,1,304.9700012207031,2.0,24.0,0.0
41586,4.0,1,180.64000129699707,1.0,0.0,0.0
41588,1.0,2,30.4950008392334,1.0,444.0,0.0
41591,3.0,1,102.94000053405762,1.0,0.0,0.0
41594,1.0,1,16.0,1.0,0.0,0.0
41595,2.0,1,400.9099998474121,1.0,0.0,0.0
41601,1.3333333333333333,3,28.793333053588867,1.0,325.0,288.4995667241114
41607,1.0,1,24.0,1.0,0.0,0.0
41619,1.0,2,52.819999694824226,1.0,91.0,0.0
41621,4.0,1,192.98000144958496,1.0,0.0,0.0
41622,4.0,1,168.5,1.0,0.0,0.0
41633,1.0,1,49.9900016784668,1.0,0.0,0.0
41636,1.0,1,42.950000762939446,1.0,0.0,0.0
41640,2.0,1,66.43999862670898,1.0,0.0,0.0
41644,1.5,2,72.9950008392334,1.0,1545.0,0.0
41645,1.0,1,39.9900016784668,1.0,0.0,0.0
41646,2.0,3,132.93333450953165,1.0,394.5,161.92745289171938
41647,1.0,1,6.449999809265137,1.0,0.0,0.0
41649,1.0,1,19.979999542236328,1.0,0.0,0.0
41651,1.0,3,49.83000055948893,1.0,170.5,115.25840533340725
41655,1.0,1,20.950000762939453,1.0,0.0,0.0
41656,1.0,1,169.0,1.0,0.0,0.0
41657,1.0,1,19.5,1.0,0.0,0.0
41659,2.0,1,82.3499984741211,1.0,0.0,0.0
41662,1.0,1,28.540000915527344,1.0,0.0,0.0
41665,1.0,1,31.989999771118164,1.0,0.0,0.0
41670,1.0,1,181.94999694824216,1.0,0.0,0.0
41672,1.0,1,78.0,1.0,0.0,0.0
41673,4.0,1,195.69000148773193,1.0,0.0,0.0
41678,2.5,2,97.98999977111816,1.0,195.0,0.0
41688,1.0,1,45.0,1.0,0.0,0.0
41694,1.0,1,17.75,1.0,0.0,0.0
41699,2.0,1,239.93999481201172,1.0,0.0,0.0
41710,1.0,1,160.0,1.0,0.0,0.0
41711,1.0,1,49.5,1.0,0.0,0.0
41713,1.0,1,69.0,1.0,0.0,0.0
41718,2.0,1,179.99000549316406,1.0,0.0,0.0
41719,2.0,1,134.18000030517578,1.0,0.0,0.0
41722,1.0,1,44.79999923706056,1.0,0.0,0.0
41723,1.0,1,17.0,1.0,0.0,0.0
41727,1.0,1,58.959999084472656,1.0,0.0,0.0
41731,1.0,1,15.0,1.0,0.0,0.0
41740,1.0,1,55.0,1.0,0.0,0.0
41747,2.0,1,62.0,1.0,0.0,0.0
41750,2.0,2,32.71499991416931,1.0,1722.0,0.0
41751,2.0,1,27.449999809265137,1.0,0.0,0.0
41752,1.0,1,23.989999771118164,1.0,0.0,0.0
41754,1.0,1,98.0,1.0,0.0,0.0
41767,1.0,3,31.82666778564453,1.0,56.5,60.10407640085654
41769,1.0,1,6.9099998474121085,1.0,0.0,0.0
41771,1.0,2,24.645000457763672,1.0,563.0,0.0
41776,2.0,1,147.43000030517578,1.0,0.0,0.0
41780,1.0,1,21.559999465942383,1.0,0.0,0.0
41787,1.0,1,58.0,1.0,0.0,0.0
41789,1.3333333333333333,3,41.260000228881836,1.0,437.0,199.4041122946064
41791,1.0,1,76.0,1.0,0.0,0.0
41794,2.0,1,239.98999786376953,1.0,0.0,0.0
41801,1.0,1,65.94999694824219,1.0,0.0,0.0
41805,1.0,1,39.9900016784668,1.0,0.0,0.0
41806,1.0,1,59.9900016784668,1.0,0.0,0.0
41807,1.0,1,25.0,1.0,0.0,0.0
41817,1.0,1,13.0,1.0,0.0,0.0
41818,1.0,1,25.0,1.0,0.0,0.0
41823,1.0,1,52.5,1.0,0.0,0.0
41830,2.0,1,63.94000053405761,1.0,0.0,0.0
41832,1.0,1,9.949999809265137,1.0,0.0,0.0
41833,1.0,1,18.989999771118164,1.0,0.0,0.0
41840,1.0,1,54.9900016784668,1.0,0.0,0.0
41842,1.0,1,25.0,1.0,0.0,0.0
41849,1.0,1,36.0,1.0,0.0,0.0
41850,1.0,1,48.31999969482422,1.0,0.0,0.0
41857,1.0,1,32.900001525878906,1.0,0.0,0.0
41861,1.0,1,32.0,1.0,0.0,0.0
41876,3.0,1,44.429999351501465,1.0,0.0,0.0
41877,1.0,1,17.989999771118164,1.0,0.0,0.0
41880,2.0,1,186.98999786376953,1.0,0.0,0.0
41882,4.0,1,191.5999984741211,1.0,0.0,0.0
41884,1.0,1,23.950000762939453,1.0,0.0,0.0
41886,1.0,1,31.979999542236328,1.0,0.0,0.0
41889,4.0,1,324.3499984741211,1.0,0.0,0.0
41891,2.3333333333333335,3,200.14000129699707,1.0,51.0,7.0710678118654755
41892,2.5,2,216.48999977111816,1.0,255.0,0.0
41893,2.0,1,94.5,1.0,0.0,0.0
41894,3.0,1,240.98999977111816,1.0,0.0,0.0
41895,1.0,1,26.96999931335449,1.0,0.0,0.0
41901,2.0,1,66.43000030517578,1.0,0.0,0.0
41905,1.0,2,175.77999877929688,1.0,966.0,0.0
41910,3.0,1,53.94999980926514,1.0,0.0,0.0
41911,1.0,1,25.0,1.0,0.0,0.0
41915,1.0,1,69.0,1.0,0.0,0.0
41918,1.0,1,9.989999771118164,1.0,0.0,0.0
41919,1.0,1,24.0,1.0,0.0,0.0
41921,1.0,2,45.379998683929436,1.0,1269.0,0.0
41922,1.0,1,26.0,1.0,0.0,0.0
41931,2.0,1,79.06999969482422,1.0,0.0,0.0
41933,1.0,1,52.950000762939446,1.0,0.0,0.0
41936,1.0,1,55.0,1.0,0.0,0.0
41942,1.0,1,100.0,1.0,0.0,0.0
41944,1.0,1,44.5,1.0,0.0,0.0
41946,3.0,1,125.95000076293945,1.0,0.0,0.0
41947,2.0,1,83.4900016784668,1.0,0.0,0.0
41952,1.0,1,24.0,1.0,0.0,0.0
41955,1.0,1,79.0,1.0,0.0,0.0
41962,1.0,1,128.0,1.0,0.0,0.0
41968,1.5,2,61.970001220703125,1.0,172.0,0.0
41970,1.0,1,34.41999816894531,1.0,0.0,0.0
41975,1.0,1,158.0,1.0,0.0,0.0
41977,2.0,1,43.9900016784668,1.0,0.0,0.0
41981,1.0,1,75.62000274658203,1.0,0.0,0.0
41984,1.0,1,18.0,1.0,0.0,0.0
41985,2.0,1,148.89999771118164,1.0,0.0,0.0
41988,1.0,1,43.950000762939446,1.0,0.0,0.0
41994,1.0,2,55.75,1.0,362.0,0.0
42001,2.0,1,50.739999771118164,1.0,0.0,0.0
42002,1.0,1,49.5,1.0,0.0,0.0
42003,1.0,1,52.0,1.0,0.0,0.0
42006,1.0,1,65.0,1.0,0.0,0.0
42008,3.0,1,685.3899917602539,1.0,0.0,0.0
42009,1.0,1,7.9099998474121085,1.0,0.0,0.0
42010,1.0,1,11.989999771118164,1.0,0.0,0.0
42015,1.0,1,67.11000061035156,1.0,0.0,0.0
42022,4.0,1,290.8499984741211,1.0,0.0,0.0
42023,1.0,1,34.9900016784668,1.0,0.0,0.0
42026,1.0,1,24.0,1.0,0.0,0.0
42029,4.0,1,268.23999977111816,1.0,0.0,0.0
42035,4.0,1,325.9900016784668,1.0,0.0,0.0
42036,2.0,1,65.40999984741211,1.0,0.0,0.0
42039,1.0,1,89.0,1.0,0.0,0.0
42045,1.0,1,49.0,1.0,0.0,0.0
42049,2.0,1,69.44000053405762,1.0,0.0,0.0
42050,1.0,2,115.77499961853027,1.0,416.0,0.0
42052,1.0,1,69.98999786376953,1.0,0.0,0.0
42053,1.0,1,43.9900016784668,1.0,0.0,0.0
42054,1.0,1,69.5,1.0,0.0,0.0
42070,1.0,1,298.0,1.0,0.0,0.0
42074,3.0,1,90.28999996185303,1.0,0.0,0.0
42077,1.0,1,34.5,1.0,0.0,0.0
42079,1.0,2,28.5,1.0,392.0,0.0
42083,1.0,1,14.989999771118164,1.0,0.0,0.0
42086,1.0,1,46.0,1.0,0.0,0.0
42088,1.0,1,55.0,1.0,0.0,0.0
42092,1.0,2,65.80500030517578,1.0,1173.0,0.0
42094,1.0,1,29.989999771118164,1.0,0.0,0.0
42097,2.0,1,295.2700004577637,1.0,0.0,0.0
42100,2.5,2,204.1399965286255,1.0,62.0,0.0
42103,1.0,1,39.5,1.0,0.0,0.0
42114,1.0,1,19.989999771118164,1.0,0.0,0.0
42115,2.0,1,115.9800033569336,1.0,0.0,0.0
42117,1.0,1,14.0,1.0,0.0,0.0
42119,2.0,1,111.35000228881837,1.0,0.0,0.0
42121,2.0,1,187.68999481201172,1.0,0.0,0.0
42122,1.0,1,139.9499969482422,1.0,0.0,0.0
42125,1.0,1,176.55999755859375,1.0,0.0,0.0
42126,2.0,1,305.97999572753906,1.0,0.0,0.0
42129,1.0,1,34.97999954223633,1.0,0.0,0.0
42131,1.0,1,99.5,1.0,0.0,0.0
42133,2.0,1,59.0,1.0,0.0,0.0
42136,4.0,1,106.92000198364258,1.0,0.0,0.0
42139,1.0,1,55.0,1.0,0.0,0.0
42142,1.0,1,171.9499969482422,1.0,0.0,0.0
42147,1.0,1,16.3799991607666,1.0,0.0,0.0
42149,3.0,1,89.7700023651123,1.0,0.0,0.0
42153,1.0,1,59.84999847412109,1.0,0.0,0.0
42163,2.0,1,64.98999977111816,1.0,0.0,0.0
42164,2.0,1,66.0,1.0,0.0,0.0
42171,2.0,2,253.7350025177002,1.5,16.0,1.4142135623730951
42172,1.0,1,158.0,1.0,0.0,0.0
42175,1.0,1,87.0,1.0,0.0,0.0
42176,1.0,1,34.9900016784668,1.0,0.0,0.0
42177,1.0,1,17.899999618530273,1.0,0.0,0.0
42183,1.0,1,27.0,1.0,0.0,0.0
42187,3.0,1,233.98999977111816,1.0,0.0,0.0
42189,3.0,1,105.95000076293945,1.0,0.0,0.0
42197,1.0,1,12.0,1.0,0.0,0.0
42200,2.0,1,79.36000061035156,1.0,0.0,0.0
42201,1.0,1,78.98999786376953,1.0,0.0,0.0
42202,2.0,1,72.98000144958496,1.0,0.0,0.0
42204,1.0,1,30.950000762939453,1.0,0.0,0.0
42205,1.0,1,42.7400016784668,1.0,0.0,0.0
42207,1.0,1,72.0,1.0,0.0,0.0
42216,1.0,1,134.94000244140625,1.0,0.0,0.0
42222,1.0,1,158.0,1.0,0.0,0.0
42223,1.0,1,32.9900016784668,1.0,0.0,0.0
42226,1.0,1,20.18000030517578,1.0,0.0,0.0
42227,1.0,1,75.31999969482422,1.0,0.0,0.0
42230,1.0,2,41.75,1.0,568.0,0.0
42238,2.0,1,147.93999862670898,1.0,0.0,0.0
42239,3.0,1,73.93000030517578,1.0,0.0,0.0
42243,2.0,1,72.9900016784668,1.0,0.0,0.0
42248,1.0,1,92.0,1.0,0.0,0.0
42254,1.0,1,180.0,1.0,0.0,0.0
42264,1.0,1,9.989999771118164,1.0,0.0,0.0
42266,2.0,1,112.5,1.0,0.0,0.0
42268,2.0,1,32.27999973297119,1.0,0.0,0.0
42278,1.0,1,19.989999771118164,1.0,0.0,0.0
42281,1.0,1,104.0,1.0,0.0,0.0
42289,1.0,2,46.48500156402588,1.0,334.0,0.0
42297,1.0,1,109.5,1.0,0.0,0.0
42300,1.0,1,31.989999771118164,1.0,0.0,0.0
42306,1.0,1,9.989999771118164,1.0,0.0,0.0
42308,1.0,1,43.880001068115234,1.0,0.0,0.0
42310,1.0,1,44.5,1.0,0.0,0.0
42311,1.0,2,38.0,1.0,743.0,0.0
42312,1.0,1,64.0,1.0,0.0,0.0
42319,2.0,1,150.77999877929688,1.0,0.0,0.0
42320,1.0,1,42.0,1.0,0.0,0.0
42322,3.0,3,251.94333203633627,1.0,103.0,65.05382386916237
42326,1.0,1,9.600000381469728,1.0,0.0,0.0
42327,1.0,1,42.5,1.0,0.0,0.0
42328,1.0,1,49.5,1.0,0.0,0.0
42334,2.0,1,85.95000076293945,1.0,0.0,0.0
42335,1.5,2,50.49499988555908,1.0,545.0,0.0
42340,1.5,2,174.1999969482422,1.0,1189.0,0.0
42343,2.0,1,94.0,1.0,0.0,0.0
42344,1.0,1,52.83000183105469,1.0,0.0,0.0
42358,1.0,2,15.760000228881836,1.0,869.0,0.0
42359,1.0,1,29.5,1.0,0.0,0.0
42361,1.0,1,24.989999771118164,1.0,0.0,0.0
42362,3.0,1,97.45000076293945,1.0,0.0,0.0
42369,4.0,1,277.1499996185303,1.0,0.0,0.0
42370,1.6666666666666667,3,78.98666699727376,1.0,484.0,497.80317395532944
42375,1.0,1,10.989999771118164,1.0,0.0,0.0
42379,1.0,1,143.0,1.0,0.0,0.0
42380,3.0,1,159.32999801635742,1.0,0.0,0.0
42381,1.0,1,28.0,1.0,0.0,0.0
42386,2.0,1,76.02000045776367,1.0,0.0,0.0
42391,1.0,1,80.0,1.0,0.0,0.0
42392,1.0,1,21.799999237060547,1.0,0.0,0.0
42400,1.0,1,59.5,1.0,0.0,0.0
42403,1.0,1,63.9900016784668,1.0,0.0,0.0
42405,1.0,1,46.0,1.0,0.0,0.0
42414,1.0,1,42.29999923706056,1.0,0.0,0.0
42416,1.0,1,15.640000343322754,1.0,0.0,0.0
42419,1.0,2,88.49499988555908,1.0,1237.0,0.0
42427,1.0,1,24.989999771118164,1.0,0.0,0.0
42437,1.0,1,75.0,1.0,0.0,0.0
42438,2.0,1,139.48999786376953,1.0,0.0,0.0
42445,1.0,1,16.0,1.0,0.0,0.0
42450,2.0,1,90.0,1.0,0.0,0.0
42454,1.0,1,40.0,1.0,0.0,0.0
42455,1.0,1,21.0,1.0,0.0,0.0
42457,4.0,1,179.4799976348877,1.0,0.0,0.0
42461,1.0,1,36.0,1.0,0.0,0.0
42468,2.0,1,163.99000549316406,1.0,0.0,0.0
42469,4.0,1,173.98000144958496,1.0,0.0,0.0
42482,2.0,1,80.89000129699707,1.0,0.0,0.0
42483,1.0,1,55.0,1.0,0.0,0.0
42490,1.0,1,138.0,1.0,0.0,0.0
42491,2.0,1,112.0,1.0,0.0,0.0
42496,1.0,1,34.0,1.0,0.0,0.0
42500,1.0,2,60.290000915527344,1.0,351.0,0.0
42511,2.0,1,197.5,1.0,0.0,0.0
42512,2.0,1,42.2400016784668,1.0,0.0,0.0
42513,1.0,1,182.0,1.0,0.0,0.0
42514,1.0,1,298.0,1.0,0.0,0.0
42517,1.0,1,194.0,1.0,0.0,0.0
42519,1.0,1,104.0,1.0,0.0,0.0
42524,1.0,1,29.979999542236328,1.0,0.0,0.0
42536,2.0,3,135.1333325703939,1.0,320.5,36.062445840513924
42540,1.0,1,68.61000061035156,1.0,0.0,0.0
42542,2.0,1,117.0,1.0,0.0,0.0
42546,2.5,2,233.99499797821042,1.0,226.0,0.0
42547,2.0,1,168.9900016784668,1.0,0.0,0.0
42548,1.0,1,33.9900016784668,1.0,0.0,0.0
42550,2.0,1,234.98999786376953,1.0,0.0,0.0
42552,1.0,1,81.94999694824217,1.0,0.0,0.0
42557,1.0,2,15.460000038146973,1.0,131.0,0.0
42558,1.0,1,12.989999771118164,1.0,0.0,0.0
42561,1.0,2,28.239999771118164,1.0,502.0,0.0
42567,2.0,1,257.75,1.0,0.0,0.0
42569,2.0,1,122.9900016784668,1.0,0.0,0.0
42584,1.5,2,122.68999862670898,1.0,108.0,0.0
42589,1.0,1,62.5,1.0,0.0,0.0
42597,2.0,1,169.98999786376953,1.0,0.0,0.0
42598,1.0,1,39.9900016784668,1.0,0.0,0.0
42600,2.0,1,70.5,1.0,0.0,0.0
42601,2.0,1,169.9900016784668,1.0,0.0,0.0
42605,1.0,1,23.700000762939453,1.0,0.0,0.0
42610,1.0,1,56.700000762939446,1.0,0.0,0.0
42612,1.0,1,56.38999938964844,1.0,0.0,0.0
42613,1.0,1,70.0,1.0,0.0,0.0
42618,1.0,1,399.0,1.0,0.0,0.0
42622,1.0,1,158.0,1.0,0.0,0.0
42624,1.0,1,25.0,1.0,0.0,0.0
42626,3.0,1,133.47999954223633,1.0,0.0,0.0
42631,2.0,1,255.95000076293945,1.0,0.0,0.0
42636,1.0,1,59.9900016784668,1.0,0.0,0.0
42640,1.0,1,14.989999771118164,1.0,0.0,0.0
42644,1.0,1,14.0,1.0,0.0,0.0
42646,1.0,1,69.98999786376953,1.0,0.0,0.0
42650,4.0,1,117.18000030517578,1.0,0.0,0.0
42652,1.0,1,16.3799991607666,1.0,0.0,0.0
42660,2.0,2,113.00500106811523,1.0,499.0,0.0
42661,1.0,1,14.899999618530272,1.0,0.0,0.0
42664,1.0,1,19.989999771118164,1.0,0.0,0.0
42669,1.0,1,156.0,1.0,0.0,0.0
42670,2.5,2,100.38999938964844,1.0,391.0,0.0
42671,1.0,2,53.75,1.0,225.0,0.0
42673,1.0,1,89.98999786376953,1.0,0.0,0.0
42674,2.0,2,168.2450008392334,1.0,385.0,0.0
42675,1.0,1,25.0,1.0,0.0,0.0
42677,2.0,1,87.0,1.0,0.0,0.0
42678,1.0,1,12.0600004196167,1.0,0.0,0.0
42679,1.0,1,59.9900016784668,1.0,0.0,0.0
42681,1.0,1,71.0199966430664,1.0,0.0,0.0
42685,1.0,1,98.0,1.0,0.0,0.0
42687,1.0,1,85.0,1.0,0.0,0.0
42695,1.0,1,79.5,1.0,0.0,0.0
42698,1.0,1,74.0,1.0,0.0,0.0
42704,1.0,1,20.96999931335449,1.0,0.0,0.0
42711,1.0,1,308.0,1.0,0.0,0.0
42712,2.0,1,89.94000244140625,1.0,0.0,0.0
42713,1.5,2,124.98499965667725,1.0,277.0,0.0
42717,1.0,2,35.97500002384186,1.0,962.0,0.0
42719,1.0,1,118.0,1.0,0.0,0.0
42720,2.0,1,169.48999977111816,1.0,0.0,0.0
42721,1.5,2,39.0,1.0,20.0,0.0
42730,2.0,1,245.9499969482422,1.0,0.0,0.0
42731,1.0,1,19.5,1.0,0.0,0.0
42732,1.0,1,85.0,1.0,0.0,0.0
42736,1.0,2,76.49499893188477,1.0,1408.0,0.0
42737,2.0,1,185.0,1.0,0.0,0.0
42740,1.0,1,34.0,1.0,0.0,0.0
42742,2.0,1,94.0,1.0,0.0,0.0
42744,1.0,1,13.920000076293944,1.0,0.0,0.0
42747,1.0,1,299.0,1.0,0.0,0.0
42750,2.5,2,152.64000225067142,1.0,41.0,0.0
42758,1.0,1,48.9900016784668,1.0,0.0,0.0
42770,1.0,1,84.0,1.0,0.0,0.0
42772,3.0,1,304.1499996185303,1.0,0.0,0.0
42774,2.0,1,1114.0,1.0,0.0,0.0
42801,1.0,2,116.25500011444092,1.0,723.0,0.0
42802,1.0,1,12.0,1.0,0.0,0.0
42803,1.0,1,15.989999771118164,1.0,0.0,0.0
42805,1.0,1,17.0,1.0,0.0,0.0
42814,1.0,1,94.98999786376952,1.0,0.0,0.0
42819,1.5,2,131.9950008392334,1.0,677.0,0.0
42825,1.0,1,101.75,1.0,0.0,0.0
42831,1.0,1,36.0,1.0,0.0,0.0
42835,1.0,2,30.445000648498535,1.0,680.0,0.0
42836,1.0,1,29.989999771118164,1.0,0.0,0.0
42840,1.0,1,34.95000076293945,1.0,0.0,0.0
42841,1.0,1,60.9900016784668,1.0,0.0,0.0
42846,1.0,1,69.0,1.0,0.0,0.0
42847,1.5,2,48.75,1.0,439.0,0.0
42850,1.0,2,14.989999771118164,1.0,280.0,0.0
42856,1.0,2,18.71000051498413,1.0,935.0,0.0
42858,1.0,1,39.0,1.0,0.0,0.0
42865,1.0,1,55.0,1.0,0.0,0.0
42867,1.0,1,399.0,1.0,0.0,0.0
42870,1.0,1,15.720000267028809,1.0,0.0,0.0
42875,2.5,2,491.1400022506714,1.0,58.0,0.0
42878,1.0,1,17.709999084472656,1.0,0.0,0.0
42890,1.0,1,65.30000305175781,1.0,0.0,0.0
42893,1.0,2,57.72500038146973,1.0,1037.0,0.0
42894,1.0,1,50.79999923706056,1.0,0.0,0.0
42896,1.0,1,79.5,1.0,0.0,0.0
42897,1.0,1,78.0,1.0,0.0,0.0
42898,1.0,1,90.0,1.0,0.0,0.0
42901,1.0,1,175.0,1.0,0.0,0.0
42903,1.0,1,192.5,1.0,0.0,0.0
42906,1.0,1,119.0,1.0,0.0,0.0
42907,2.0,1,117.98999786376953,1.0,0.0,0.0
42914,1.0,1,110.0,1.0,0.0,0.0
42916,1.0,1,69.94999694824219,1.0,0.0,0.0
42917,2.0,1,33.7400004863739,1.0,0.0,0.0
42918,1.0,1,308.0,1.0,0.0,0.0
42921,1.0,1,16.600000381469727,1.0,0.0,0.0
42926,2.0,1,50.10000133514404,1.0,0.0,0.0
42927,2.0,1,40.96999931335449,1.0,0.0,0.0
42928,2.0,1,59.45000076293945,1.0,0.0,0.0
42932,1.0,1,18.0,1.0,0.0,0.0
42933,1.0,1,24.979999542236328,1.0,0.0,0.0
42937,2.0,2,61.81999969482422,1.0,142.0,0.0
42939,1.0,1,39.97999954223633,1.0,0.0,0.0
42941,1.0,4,57.227500915527344,1.0,48.333333333333336,23.544284515213736
42943,1.0,1,89.0,1.0,0.0,0.0
42960,1.0,1,21.989999771118164,1.0,0.0,0.0
42964,1.0,1,37.9900016784668,1.0,0.0,0.0
42971,1.0,1,14.010000228881836,1.0,0.0,0.0
42973,1.0,1,50.4900016784668,1.0,0.0,0.0
42974,1.0,1,13.640000343322754,1.0,0.0,0.0
42975,1.0,1,16.0,1.0,0.0,0.0
42977,2.0,1,72.19000244140625,1.0,0.0,0.0
42980,1.0,2,32.49000072479248,1.0,534.0,0.0
42981,1.0,1,59.0,1.0,0.0,0.0
42982,1.0,1,22.209999084472656,1.0,0.0,0.0
42983,1.0,1,69.0,1.0,0.0,0.0
42984,1.0,1,52.0,1.0,0.0,0.0
42985,1.0,1,18.0,1.0,0.0,0.0
43001,1.0,1,15.899999618530272,1.0,0.0,0.0
43004,1.0,1,27.989999771118164,1.0,0.0,0.0
43009,2.0,2,122.42000007629395,1.0,282.0,0.0
43013,1.0,1,52.0,1.0,0.0,0.0
43014,2.0,1,88.0,1.0,0.0,0.0
43015,1.0,1,118.0,1.0,0.0,0.0
43016,4.0,1,355.3299980163574,1.0,0.0,0.0
43019,1.0,1,9.770000457763674,1.0,0.0,0.0
43028,1.0,2,45.94999885559082,1.0,51.0,0.0
43031,1.0,1,59.5,1.0,0.0,0.0
43033,1.0,1,35.2599983215332,1.0,0.0,0.0
43036,1.0,1,12.130000114440918,1.0,0.0,0.0
43041,1.0,1,176.0,1.0,0.0,0.0
43046,1.0,1,148.5,1.0,0.0,0.0
43048,1.5,2,133.9749984741211,1.0,1045.0,0.0
43050,1.5,2,26.27999973297119,1.0,491.0,0.0
43055,1.0,1,55.0,1.0,0.0,0.0
43058,3.0,1,87.55000019073486,1.0,0.0,0.0
43061,1.0,1,16.079999923706055,1.0,0.0,0.0
43064,2.0,1,77.94000244140625,1.0,0.0,0.0
43065,1.0,1,34.9900016784668,1.0,0.0,0.0
43072,1.0,1,36.400001525878906,1.0,0.0,0.0
43076,2.0,1,92.94999694824219,1.0,0.0,0.0
43078,1.0,1,45.9900016784668,1.0,0.0,0.0
43081,4.0,1,281.6699981689453,1.0,0.0,0.0
43085,4.0,1,267.2200012207031,1.0,0.0,0.0
43086,2.0,1,27.0,1.0,0.0,0.0
43087,2.0,2,133.39999961853027,1.5,37.0,36.76955262170047
43096,1.0,1,44.0,1.0,0.0,0.0
43097,2.0,1,54.94000053405762,1.0,0.0,0.0
43099,1.0,1,6.449999809265137,1.0,0.0,0.0
43104,1.0,1,12.0,1.0,0.0,0.0
43105,1.0,1,9.170000076293944,1.0,0.0,0.0
43112,1.5,2,58.47000026702881,1.0,1013.0,0.0
43113,1.0,1,44.5,1.0,0.0,0.0
43117,2.0,1,103.95000004768372,1.0,0.0,0.0
43122,1.0,2,32.5,1.0,154.0,0.0
43127,1.0,1,68.0,1.0,0.0,0.0
43132,1.0,1,9.989999771118164,1.0,0.0,0.0
43140,1.0,1,179.9499969482422,1.0,0.0,0.0
43149,1.0,1,189.0,1.0,0.0,0.0
43150,1.0,1,60.0,1.0,0.0,0.0
43151,1.0,1,12.949999809265137,1.0,0.0,0.0
43160,1.0,1,73.93000030517578,1.0,0.0,0.0
43166,2.0,1,115.73999977111816,1.0,0.0,0.0
43173,4.0,1,168.84000062942505,1.0,0.0,0.0
43179,2.0,1,332.0,1.0,0.0,0.0
43183,1.5,2,41.3100004196167,1.0,60.0,0.0
43187,2.0,1,206.4399995803833,1.0,0.0,0.0
43188,1.0,1,59.0,1.0,0.0,0.0
43199,2.0,1,86.46999931335449,1.0,0.0,0.0
43202,2.0,1,25.869999885559082,1.0,0.0,0.0
43205,1.0,1,17.75,1.0,0.0,0.0
43207,1.0,1,32.900001525878906,1.0,0.0,0.0
43208,1.0,2,24.25,1.0,529.0,0.0
43211,2.0,2,64.63499975204468,1.0,412.0,0.0
43213,1.0,1,14.840000152587892,1.0,0.0,0.0
43216,1.0,1,49.0,1.0,0.0,0.0
43221,3.0,1,69.94000053405762,1.0,0.0,0.0
43226,1.0,1,47.950000762939446,1.0,0.0,0.0
43228,1.0,1,72.0,1.0,0.0,0.0
43239,1.0,1,19.989999771118164,1.0,0.0,0.0
43243,1.0,2,34.64999961853028,1.0,664.0,0.0
43247,1.0,1,64.98999786376953,1.0,0.0,0.0
43248,1.0,1,27.0,1.0,0.0,0.0
43252,1.0,1,129.99000549316406,1.0,0.0,0.0
43258,2.0,1,43.989999771118164,1.0,0.0,0.0
43259,1.0,1,55.0,1.0,0.0,0.0
43261,3.0,1,136.9399995803833,1.0,0.0,0.0
43267,3.0,1,300.61000061035156,1.0,0.0,0.0
43269,1.5,2,154.41500091552734,1.0,144.0,0.0
43271,1.0,1,18.0,1.0,0.0,0.0
43272,1.0,1,69.5,1.0,0.0,0.0
43273,1.0,1,92.94999694824216,1.0,0.0,0.0
43275,4.0,1,281.44000244140625,1.0,0.0,0.0
43277,1.0,1,195.0,1.0,0.0,0.0
43289,1.0,1,54.5,1.0,0.0,0.0
43300,1.0,1,15.0,1.0,0.0,0.0
43303,1.5,2,95.11999893188477,1.0,455.0,0.0
43307,1.0,1,69.44999694824219,1.0,0.0,0.0
43308,3.0,2,109.58000183105469,1.0,663.0,0.0
43312,2.0,1,60.43999862670898,1.0,0.0,0.0
43317,4.0,1,213.85000038146973,1.0,0.0,0.0
43319,1.0,1,75.47000122070312,1.0,0.0,0.0
43322,1.0,1,38.0,1.0,0.0,0.0
43324,2.0,1,63.00000190734863,1.0,0.0,0.0
43326,1.0,2,72.25,1.0,4.0,0.0
43330,1.5,2,53.690001010894775,1.0,13.0,0.0
43331,1.0,1,221.0,1.0,0.0,0.0
43335,1.0,1,13.609999656677246,1.0,0.0,0.0
43336,1.0,1,18.0,1.0,0.0,0.0
43344,1.0,1,39.9900016784668,1.0,0.0,0.0
43346,1.0,1,50.0,1.0,0.0,0.0
43348,1.0,1,64.5,1.0,0.0,0.0
43350,2.0,1,149.9900016784668,1.0,0.0,0.0
43357,1.0,1,27.950000762939453,1.0,0.0,0.0
43362,2.0,1,195.89999771118164,1.0,0.0,0.0
43363,2.0,1,53.9900016784668,1.0,0.0,0.0
43364,1.0,1,33.9900016784668,1.0,0.0,0.0
43366,1.0,1,98.25,1.0,0.0,0.0
43369,2.0,1,92.0,1.0,0.0,0.0
43371,1.0,1,15.0,1.0,0.0,0.0
43377,1.0,1,48.0,1.0,0.0,0.0
43383,1.0,1,49.5,1.0,0.0,0.0
43384,1.0,1,28.989999771118164,1.0,0.0,0.0
43387,1.0,1,25.0,1.0,0.0,0.0
43388,1.0,1,28.0,1.0,0.0,0.0
43393,2.0,1,199.98999786376953,1.0,0.0,0.0
43398,2.0,1,52.0,1.0,0.0,0.0
43400,1.0,1,97.98999786376952,1.0,0.0,0.0
43402,1.0,1,265.0,1.0,0.0,0.0
43404,3.0,1,190.7900047302246,1.0,0.0,0.0
43406,1.0,1,63.0,1.0,0.0,0.0
43416,1.0,1,179.0,1.0,0.0,0.0
43418,1.0,1,10.609999656677246,1.0,0.0,0.0
43419,1.3333333333333333,3,26.983333587646484,1.0,163.5,149.19953083036154
43423,1.3333333333333333,3,176.3000005086263,1.0,263.0,217.78888860545663
43437,1.0,1,25.0,1.0,0.0,0.0
43438,1.0,1,88.41999816894531,1.0,0.0,0.0
43439,1.0,1,199.0,1.0,0.0,0.0
43440,1.0,1,17.989999771118164,1.0,0.0,0.0
43441,2.5,2,197.51999759674072,1.0,711.0,0.0
43443,1.0,1,29.989999771118164,1.0,0.0,0.0
43445,1.0,1,6.989999771118164,1.0,0.0,0.0
43450,1.0,1,21.989999771118164,1.0,0.0,0.0
43452,1.0,1,45.9900016784668,1.0,0.0,0.0
43456,1.0,1,34.9900016784668,1.0,0.0,0.0
43457,1.0,1,25.0,1.0,0.0,0.0
43460,3.0,1,136.1299991607666,1.0,0.0,0.0
43462,2.0,1,19.979999542236328,1.0,0.0,0.0
43463,2.0,1,128.98999977111816,1.0,0.0,0.0
43464,1.5,1,467.36000061035156,2.0,4.0,0.0
43466,1.0,1,12.199999809265137,1.0,0.0,0.0
43469,1.0,1,22.0,1.0,0.0,0.0
43473,3.0,1,113.98999977111816,1.0,0.0,0.0
43474,1.0,1,268.0,1.0,0.0,0.0
43475,1.0,1,44.9900016784668,1.0,0.0,0.0
43480,1.0,1,94.98999786376952,1.0,0.0,0.0
43485,1.0,1,39.9900016784668,1.0,0.0,0.0
43488,2.0,1,119.94000244140625,1.0,0.0,0.0
43492,2.0,1,43.109999656677246,1.0,0.0,0.0
43495,1.0,1,36.9900016784668,1.0,0.0,0.0
43496,1.0,2,78.47500038146973,1.0,147.0,0.0
43497,1.0,1,54.9900016784668,1.0,0.0,0.0
43499,2.0,1,51.97999954223633,1.0,0.0,0.0
43501,1.0,1,19.989999771118164,1.0,0.0,0.0
43507,2.0,1,167.8000030517578,1.0,0.0,0.0
43508,1.0,2,23.875,1.0,202.0,0.0
43512,3.0,1,232.5900001525879,1.0,0.0,0.0
43514,1.0,2,180.5,1.0,973.0,0.0
43516,2.0,1,60.0,1.0,0.0,0.0
43521,1.0,1,65.4000015258789,1.0,0.0,0.0
43522,2.0,1,175.0,1.0,0.0,0.0
43525,1.5,1,74.48999977111816,2.0,8.0,0.0
43528,1.0,1,99.0,1.0,0.0,0.0
43535,1.0,1,16.90999984741211,1.0,0.0,0.0
43536,1.0,1,63.4900016784668,1.0,0.0,0.0
43539,4.0,1,119.01999950408936,1.0,0.0,0.0
43544,1.0,1,16.0,1.0,0.0,0.0
43545,1.0,1,60.950000762939446,1.0,0.0,0.0
43557,3.0,1,176.8900032043457,1.0,0.0,0.0
43573,1.0,1,13.479999542236328,1.0,0.0,0.0
43575,2.0,1,224.98999977111816,1.0,0.0,0.0
43580,1.0,1,29.0,1.0,0.0,0.0
43581,1.0,1,49.5,1.0,0.0,0.0
43582,1.0,1,39.9900016784668,1.0,0.0,0.0
43585,1.0,1,110.0,1.0,0.0,0.0
43586,2.0,1,191.94999980926514,1.0,0.0,0.0
43590,1.0,1,128.0,1.0,0.0,0.0
43593,1.0,1,29.989999771118164,1.0,0.0,0.0
43594,1.0,1,25.0,1.0,0.0,0.0
43595,1.0,1,160.0,1.0,0.0,0.0
43601,1.0,1,19.5,1.0,0.0,0.0
43606,1.0,1,39.9900016784668,1.0,0.0,0.0
43608,1.0,1,73.94999694824217,1.0,0.0,0.0
43612,4.0,1,181.3300018310547,1.0,0.0,0.0
43613,1.0,1,16.969999313354492,1.0,0.0,0.0
43621,2.0,1,102.9799976348877,1.0,0.0,0.0
43622,1.0,1,69.98999786376953,1.0,0.0,0.0
43628,1.0,1,12.989999771118164,1.0,0.0,0.0
43631,1.3333333333333333,2,73.74499988555908,1.5,223.0,311.1269837220809
43632,1.0,1,28.190000534057617,1.0,0.0,0.0
43635,1.0,1,44.5,1.0,0.0,0.0
43637,2.0,1,39.489999771118164,1.0,0.0,0.0
43638,1.0,1,36.9900016784668,1.0,0.0,0.0
43639,4.0,1,174.71999740600586,1.0,0.0,0.0
43650,1.0,1,178.75999450683594,1.0,0.0,0.0
43651,1.0,1,45.29999923706056,1.0,0.0,0.0
43655,1.0,1,63.650001525878906,1.0,0.0,0.0
43658,1.0,1,56.0,1.0,0.0,0.0
43664,3.0,1,400.98999977111816,1.0,0.0,0.0
43665,1.0,1,20.0,1.0,0.0,0.0
43667,1.0,1,25.0,1.0,0.0,0.0
43670,1.0,1,32.9900016784668,1.0,0.0,0.0
43671,2.0,1,106.9900016784668,1.0,0.0,0.0
43672,2.0,1,89.9900016784668,1.0,0.0,0.0
43674,4.0,1,250.4499969482422,1.0,0.0,0.0
43677,1.0,1,58.0,1.0,0.0,0.0
43679,2.0,1,79.98999977111816,1.0,0.0,0.0
43683,1.5,2,88.93499946594238,1.0,105.0,0.0
43684,3.0,1,339.029993057251,1.0,0.0,0.0
43688,1.0,2,32.43500089645386,1.0,153.0,0.0
43693,1.0,1,32.5,1.0,0.0,0.0
43701,1.0,1,48.0,1.0,0.0,0.0
43702,1.0,1,74.94999694824217,1.0,0.0,0.0
43706,2.0,1,82.98999977111816,1.0,0.0,0.0
43722,2.0,1,168.5,1.0,0.0,0.0
43725,1.0,1,33.9900016784668,1.0,0.0,0.0
43727,1.0,1,75.0,1.0,0.0,0.0
43736,2.0,1,91.94999694824219,1.0,0.0,0.0
43738,1.0,1,59.5,1.0,0.0,0.0
43744,2.0,1,134.8499984741211,1.0,0.0,0.0
43745,1.0,1,14.989999771118164,1.0,0.0,0.0
43747,1.0,1,69.98999786376953,1.0,0.0,0.0
43757,1.0,1,34.9900016784668,1.0,0.0,0.0
43760,1.0,1,120.0,1.0,0.0,0.0
43761,1.0,1,32.880001068115234,1.0,0.0,0.0
43767,1.0,1,13.949999809265137,1.0,0.0,0.0
43769,1.0,1,29.989999771118164,1.0,0.0,0.0
43775,1.0,1,28.68000030517578,1.0,0.0,0.0
43777,1.5,2,106.32500076293945,1.0,90.0,0.0
43785,2.0,1,56.98000144958496,1.0,0.0,0.0
43789,2.0,1,136.0,1.0,0.0,0.0
43792,1.0,2,39.44499969482422,1.0,463.0,0.0
43793,1.0,1,44.09999847412109,1.0,0.0,0.0
43796,2.0,1,134.5399990081787,1.0,0.0,0.0
43804,1.0,1,36.0,1.0,0.0,0.0
43806,1.0,2,30.645000457763672,1.0,43.0,0.0
43811,1.0,1,29.989999771118164,1.0,0.0,0.0
43813,1.0,2,70.47499847412108,1.0,69.0,0.0
43814,1.5,2,98.97000122070312,1.0,1302.0,0.0
43815,1.0,1,21.950000762939453,1.0,0.0,0.0
43816,1.0,1,21.3799991607666,1.0,0.0,0.0
43821,1.0,1,185.0,1.0,0.0,0.0
43824,2.0,3,144.31000073750815,1.0,208.0,212.13203435596427
43825,1.0,1,59.9900016784668,1.0,0.0,0.0
43826,3.0,1,198.74000549316406,1.0,0.0,0.0
43828,1.0,1,34.040000915527344,1.0,0.0,0.0
43829,2.0,1,106.0,1.0,0.0,0.0
43831,4.0,1,400.73999977111816,1.0,0.0,0.0
43832,1.0,1,49.9900016784668,1.0,0.0,0.0
43833,1.0,1,75.11000061035155,1.0,0.0,0.0
43840,1.0,1,44.9900016784668,1.0,0.0,0.0
43843,2.0,1,48.97999954223633,1.0,0.0,0.0
43846,1.0,1,55.0,1.0,0.0,0.0
43848,1.0,1,20.0,1.0,0.0,0.0
43853,2.5,2,204.32000160217285,1.0,693.0,0.0
43855,1.0,1,55.0,1.0,0.0,0.0
43857,1.0,1,55.59999847412109,1.0,0.0,0.0
43862,1.0,1,7.980000019073486,1.0,0.0,0.0
43865,1.0,2,152.9949951171875,1.0,1671.0,0.0
43867,1.0,1,39.950000762939446,1.0,0.0,0.0
43872,3.0,1,228.93999671936035,1.0,0.0,0.0
43874,1.0,1,23.950000762939453,1.0,0.0,0.0
43877,1.0,1,82.9000015258789,1.0,0.0,0.0
43878,1.0,2,7.934999704360962,1.0,117.0,0.0
43881,1.0,2,63.35000038146973,1.0,270.0,0.0
43882,1.0,1,5.989999771118164,1.0,0.0,0.0
43888,4.0,1,180.32999801635742,1.0,0.0,0.0
43890,1.0,1,11.989999771118164,1.0,0.0,0.0
43894,1.0,1,19.0,1.0,0.0,0.0
43903,1.0,2,55.58500099182129,1.0,932.0,0.0
43905,1.0,1,49.5,1.0,0.0,0.0
43910,1.0,1,62.0,1.0,0.0,0.0
43913,1.0,1,49.5,1.0,0.0,0.0
43921,1.0,2,44.5,1.0,201.0,0.0
43925,1.0,1,18.989999771118164,1.0,0.0,0.0
43926,1.0,1,24.26000022888184,1.0,0.0,0.0
43927,1.0,1,51.59999847412109,1.0,0.0,0.0
43928,1.0,1,36.0,1.0,0.0,0.0
43930,1.0,1,18.989999771118164,1.0,0.0,0.0
43942,1.0,1,98.0,1.0,0.0,0.0
43943,2.0,1,64.5,1.0,0.0,0.0
43948,1.0,1,79.9000015258789,1.0,0.0,0.0
43950,2.0,1,59.5,1.0,0.0,0.0
43951,1.0,1,32.95000076293945,1.0,0.0,0.0
43952,1.0,1,34.900001525878906,1.0,0.0,0.0
43954,1.0,1,30.88999938964844,1.0,0.0,0.0
43955,1.0,1,34.900001525878906,1.0,0.0,0.0
43958,1.0,1,157.5,1.0,0.0,0.0
43959,2.0,1,64.95000076293945,1.0,0.0,0.0
43964,1.0,1,180.0,1.0,0.0,0.0
43967,2.0,1,86.98999977111816,1.0,0.0,0.0
43968,1.0,1,24.0,1.0,0.0,0.0
43969,2.0,1,32.97999954223633,1.0,0.0,0.0
43971,1.0,1,45.0,1.0,0.0,0.0
43974,1.0,1,99.98999786376952,1.0,0.0,0.0
43980,1.0,1,69.44999694824219,1.0,0.0,0.0
43981,1.0,1,70.0,1.0,0.0,0.0
43985,1.0,1,24.989999771118164,1.0,0.0,0.0
43986,1.0,1,12.989999771118164,1.0,0.0,0.0
43987,2.0,1,68.98000144958496,1.0,0.0,0.0
43988,1.0,1,51.9900016784668,1.0,0.0,0.0
43992,1.0,1,8.989999771118164,1.0,0.0,0.0
43998,2.0,1,65.53999996185303,1.0,0.0,0.0
44005,1.0,1,115.0,1.0,0.0,0.0
44014,2.0,1,54.8700008392334,1.0,0.0,0.0
44027,3.0,1,119.32999801635742,1.0,0.0,0.0
44028,1.0,1,36.0,1.0,0.0,0.0
44030,1.0,1,20.0,1.0,0.0,0.0
44039,1.0,1,99.0,1.0,0.0,0.0
44043,1.0,2,26.929999351501465,1.0,70.0,0.0
44048,2.0,1,44.989999771118164,1.0,0.0,0.0
44052,1.0,1,49.5,1.0,0.0,0.0
44062,3.0,1,342.15999603271484,1.0,0.0,0.0
44065,2.0,1,83.58999824523926,1.0,0.0,0.0
44070,2.0,1,65.59000015258789,1.0,0.0,0.0
44071,1.0,1,55.29999923706056,1.0,0.0,0.0
44075,1.0,1,10.989999771118164,1.0,0.0,0.0
44076,1.0,1,119.9499969482422,1.0,0.0,0.0
44083,1.0,2,14.459999561309814,1.0,373.0,0.0
44090,1.0,1,12.949999809265137,1.0,0.0,0.0
44092,2.0,1,45.4399995803833,1.0,0.0,0.0
44095,2.0,1,92.9900016784668,1.0,0.0,0.0
44098,1.0,1,25.0,1.0,0.0,0.0
44101,2.0,2,178.71499633789062,1.0,205.0,0.0
44106,1.0,1,42.950000762939446,1.0,0.0,0.0
44112,2.0,1,100.87000274658203,1.0,0.0,0.0
44116,2.0,1,522.9899978637695,1.0,0.0,0.0
44120,2.0,1,85.0,1.0,0.0,0.0
44121,1.0,1,26.0,1.0,0.0,0.0
44130,1.0,1,235.0,1.0,0.0,0.0
44134,1.0,1,50.0,1.0,0.0,0.0
44137,1.0,1,44.5,1.0,0.0,0.0
44149,2.0,1,150.4000015258789,1.0,0.0,0.0
44154,1.0,1,21.0,1.0,0.0,0.0
44158,2.0,1,73.95000076293945,1.0,0.0,0.0
44163,1.0,1,119.0,1.0,0.0,0.0
44169,1.0,1,90.0,1.0,0.0,0.0
44180,4.0,1,99.14999961853027,1.0,0.0,0.0
44182,4.0,1,314.21000480651855,1.0,0.0,0.0
44185,1.0,1,269.5,1.0,0.0,0.0
44193,1.0,2,58.49499988555908,1.0,1041.0,0.0
44194,1.0,1,3.289999961853028,1.0,0.0,0.0
44196,2.0,1,61.87000083923339,1.0,0.0,0.0
44198,1.0,1,95.0,1.0,0.0,0.0
44210,1.0,1,20.950000762939453,1.0,0.0,0.0
44211,2.0,1,97.7400016784668,1.0,0.0,0.0
44212,1.0,2,93.0,1.0,1788.0,0.0
44213,1.5,2,86.19500064849854,1.0,429.0,0.0
44216,1.0,1,19.950000762939453,1.0,0.0,0.0
44221,1.0,1,56.5,1.0,0.0,0.0
44233,2.0,2,127.49499988555908,1.0,299.0,0.0
44239,1.0,2,22.175000190734863,1.0,167.0,0.0
44243,1.0,1,25.0,1.0,0.0,0.0
44246,1.0,1,63.180000305175774,1.0,0.0,0.0
44253,1.0,1,25.0,1.0,0.0,0.0
44254,2.0,3,99.46666653951009,1.0,103.5,103.94469683442249
44256,2.0,1,37.059999465942376,1.0,0.0,0.0
44264,2.0,1,228.7800006866455,1.0,0.0,0.0
44265,1.0,1,25.0,1.0,0.0,0.0
44266,1.0,1,39.950000762939446,1.0,0.0,0.0
44270,2.0,1,140.9900016784668,1.0,0.0,0.0
44276,1.0,1,24.950000762939453,1.0,0.0,0.0
44277,2.0,1,47.45000076293945,1.0,0.0,0.0
44282,2.0,1,119.0,1.0,0.0,0.0
44289,1.0,2,34.67500066757202,1.0,986.0,0.0
44290,1.0,1,89.94999694824217,1.0,0.0,0.0
44302,1.0,1,39.5,1.0,0.0,0.0
44303,1.0,2,21.0,1.0,1933.0,0.0
44308,1.0,1,72.0,1.0,0.0,0.0
44310,2.0,1,301.9300003051758,1.0,0.0,0.0
44314,4.0,1,130.84000205993652,1.0,0.0,0.0
44315,1.0,1,36.0,1.0,0.0,0.0
44320,2.0,1,406.94999980926514,1.0,0.0,0.0
44321,4.0,1,315.4900016784668,1.0,0.0,0.0
44325,1.0,1,10.6899995803833,1.0,0.0,0.0
44326,1.0,1,72.98999786376953,1.0,0.0,0.0
44329,2.0,1,144.48999786376953,1.0,0.0,0.0
44345,1.0,1,48.9900016784668,1.0,0.0,0.0
44351,1.0,1,12.949999809265137,1.0,0.0,0.0
44352,1.0,1,56.950000762939446,1.0,0.0,0.0
44354,1.0,1,25.0,1.0,0.0,0.0
44358,1.0,1,34.0,1.0,0.0,0.0
44359,1.0,1,58.9900016784668,1.0,0.0,0.0
44364,1.0,1,28.0,1.0,0.0,0.0
44372,1.0,1,75.0,1.0,0.0,0.0
44374,1.0,1,60.0,1.0,0.0,0.0
44377,1.0,1,13.949999809265137,1.0,0.0,0.0
44381,1.0,1,205.0,1.0,0.0,0.0
44386,2.0,1,19.229999542236328,1.0,0.0,0.0
44390,3.0,2,123.98999977111816,1.0,187.0,0.0
44392,1.0,2,29.390000820159912,1.0,251.0,0.0
44396,1.0,1,24.989999771118164,1.0,0.0,0.0
44400,1.0,1,44.9900016784668,1.0,0.0,0.0
44401,2.0,1,107.5,1.0,0.0,0.0
44408,1.0,1,79.5,1.0,0.0,0.0
44410,2.0,1,86.26000022888184,1.0,0.0,0.0
44411,1.0,1,79.9800033569336,1.0,0.0,0.0
44418,1.5,2,34.75000047683716,1.0,105.0,0.0
44420,1.0,1,26.36000061035156,1.0,0.0,0.0
44423,1.0,1,25.0,1.0,0.0,0.0
44426,1.0,1,127.48999786376952,1.0,0.0,0.0
44429,1.0,2,20.980000495910645,1.0,113.0,0.0
44430,1.0,1,49.9900016784668,1.0,0.0,0.0
44434,1.0,1,65.20999908447266,1.0,0.0,0.0
44435,1.0,1,59.950000762939446,1.0,0.0,0.0
44444,1.0,1,32.900001525878906,1.0,0.0,0.0
44448,3.0,1,88.72999954223633,1.0,0.0,0.0
44449,3.0,1,154.8899974822998,1.0,0.0,0.0
44451,1.0,1,36.0,1.0,0.0,0.0
44452,1.0,1,18.989999771118164,1.0,0.0,0.0
44453,1.0,1,69.87999725341797,1.0,0.0,0.0
44454,2.0,1,84.9900016784668,1.0,0.0,0.0
44460,1.0,2,77.44999980926514,1.0,162.0,0.0
44461,1.0,1,34.9900016784668,1.0,0.0,0.0
44469,1.0,1,79.98999786376953,1.0,0.0,0.0
44470,1.0,1,34.9900016784668,1.0,0.0,0.0
44474,1.0,1,253.0,1.0,0.0,0.0
44475,1.0,1,77.98999786376953,1.0,0.0,0.0
44479,1.0,1,9.5,1.0,0.0,0.0
44482,1.0,1,23.950000762939453,1.0,0.0,0.0
44484,1.0,1,27.989999771118164,1.0,0.0,0.0
44488,2.0,1,145.94999694824216,1.0,0.0,0.0
44490,1.0,3,65.95666567484538,1.0,357.0,403.0508652763321
44493,1.5,2,78.72500038146973,1.0,59.0,0.0
44495,2.0,1,140.77999877929688,1.0,0.0,0.0
44501,1.0,1,59.9900016784668,1.0,0.0,0.0
44504,1.0,1,15.9399995803833,1.0,0.0,0.0
44519,1.0,1,42.9900016784668,1.0,0.0,0.0
44522,1.0,1,16.3700008392334,1.0,0.0,0.0
44523,1.0,1,40.0,1.0,0.0,0.0
44528,1.0,2,115.94499874114989,1.0,284.0,0.0
44531,2.0,1,121.98999977111816,1.0,0.0,0.0
44536,1.0,2,60.55000114440918,1.0,1227.0,0.0
44539,1.3333333333333333,3,59.22333335876465,1.0,178.5,112.42997820866105
44540,1.0,2,65.875,1.0,808.0,0.0
44541,1.0,1,41.9900016784668,1.0,0.0,0.0
44543,1.0,1,8.949999809265137,1.0,0.0,0.0
44549,1.0,1,37.4099998474121,1.0,0.0,0.0
44551,1.0,1,12.979999542236328,1.0,0.0,0.0
44553,1.0,1,90.0,1.0,0.0,0.0
44554,4.0,1,263.8000030517578,1.0,0.0,0.0
44558,1.0,2,77.25,1.0,53.0,0.0
44559,1.0,1,25.0,1.0,0.0,0.0
44561,1.0,1,16.0,1.0,0.0,0.0
44565,2.0,1,74.95000076293945,1.0,0.0,0.0
44567,2.0,2,54.19999980926514,1.0,1077.0,0.0
44568,4.0,1,282.95000076293945,1.0,0.0,0.0
44571,1.0,1,29.8799991607666,1.0,0.0,0.0
44576,1.0,1,45.0,1.0,0.0,0.0
44578,1.0,1,70.0,1.0,0.0,0.0
44580,2.5,2,155.22500133514404,1.0,205.0,0.0
44581,1.0,1,34.599998474121094,1.0,0.0,0.0
44588,1.5,2,209.9800052642822,1.0,661.0,0.0
44589,1.0,1,59.950000762939446,1.0,0.0,0.0
44590,4.0,1,167.63999938964844,1.0,0.0,0.0
44597,1.0,1,39.950000762939446,1.0,0.0,0.0
44602,1.0,1,40.0,1.0,0.0,0.0
44605,2.0,1,187.5,1.0,0.0,0.0
44608,1.0,1,46.9900016784668,1.0,0.0,0.0
44612,1.0,1,178.0,1.0,0.0,0.0
44613,4.0,1,214.43999862670898,1.0,0.0,0.0
44615,1.0,1,42.4900016784668,1.0,0.0,0.0
44621,3.0,1,68.66999912261963,1.0,0.0,0.0
44626,1.0,1,28.0,1.0,0.0,0.0
44628,2.5,2,141.48499870300293,1.0,49.0,0.0
44630,1.0,1,38.9900016784668,1.0,0.0,0.0
44632,2.0,1,67.21999931335449,1.0,0.0,0.0
44636,1.0,1,8.640000343322756,1.0,0.0,0.0
44638,1.0,1,36.9900016784668,1.0,0.0,0.0
44641,2.0,1,71.95000076293945,1.0,0.0,0.0
44647,1.0,1,19.950000762939453,1.0,0.0,0.0
44649,1.0,1,77.94999694824217,1.0,0.0,0.0
44660,1.0,1,40.0,1.0,0.0,0.0
44663,2.0,1,144.08999633789062,1.0,0.0,0.0
44666,2.0,1,209.2699966430664,1.0,0.0,0.0
44672,1.0,1,25.0,1.0,0.0,0.0
44680,2.0,1,91.88000106811523,1.0,0.0,0.0
44690,1.0,1,34.9900016784668,1.0,0.0,0.0
44691,3.0,1,79.58000183105469,1.0,0.0,0.0
44693,1.0,1,100.95999908447266,1.0,0.0,0.0
44697,1.0,1,325.0,1.0,0.0,0.0
44698,1.0,1,39.5,1.0,0.0,0.0
44712,1.0,1,228.0,1.0,0.0,0.0
44720,2.0,1,56.75,1.0,0.0,0.0
44722,1.0,1,99.0,1.0,0.0,0.0
44724,4.0,1,203.93999862670898,1.0,0.0,0.0
44725,1.0,1,48.0,1.0,0.0,0.0
44740,2.0,1,91.9800033569336,1.0,0.0,0.0
44742,1.0,1,34.0,1.0,0.0,0.0
44744,1.0,1,38.0,1.0,0.0,0.0
44745,1.0,1,35.27000045776367,1.0,0.0,0.0
44749,4.0,1,339.939998626709,1.0,0.0,0.0
44750,4.0,1,173.98000168800354,1.0,0.0,0.0
44757,3.0,1,271.98999977111816,1.0,0.0,0.0
44758,2.0,1,98.97999954223633,1.0,0.0,0.0
44763,3.0,1,127.4000015258789,1.0,0.0,0.0
44765,1.0,2,49.94999885559082,1.0,418.0,0.0
44766,1.0,1,21.989999771118164,1.0,0.0,0.0
44767,2.0,1,97.47999954223633,1.0,0.0,0.0
44771,1.0,1,45.950000762939446,1.0,0.0,0.0
44782,1.0,1,285.0,1.0,0.0,0.0
44783,1.0,1,52.9900016784668,1.0,0.0,0.0
44784,4.0,1,163.95000076293945,1.0,0.0,0.0
44786,1.0,1,48.0,1.0,0.0,0.0
44788,2.0,1,70.48000144958496,1.0,0.0,0.0
44789,1.0,1,6.989999771118164,1.0,0.0,0.0
44791,1.0,1,58.0,1.0,0.0,0.0
44793,1.0,1,9.989999771118164,1.0,0.0,0.0
44797,1.0,2,32.14500045776367,1.0,21.0,0.0
44799,1.0,1,48.0,1.0,0.0,0.0
44801,1.0,1,59.0,1.0,0.0,0.0
44807,1.0,1,199.0,1.0,0.0,0.0
44809,1.0,1,149.99000549316406,1.0,0.0,0.0
44810,1.0,1,54.9900016784668,1.0,0.0,0.0
44811,2.0,1,92.9900016784668,1.0,0.0,0.0
44815,1.0,1,19.0,1.0,0.0,0.0
44824,1.0,1,22.0,1.0,0.0,0.0
44827,3.0,1,142.73999691009521,1.0,0.0,0.0
44828,1.0,1,25.0,1.0,0.0,0.0
44830,3.0,1,120.04999923706055,1.0,0.0,0.0
44834,2.0,1,181.97999954223633,1.0,0.0,0.0
44844,1.0,1,129.0,1.0,0.0,0.0
44845,3.0,1,59.84999942779541,1.0,0.0,0.0
44850,1.0,1,87.5,1.0,0.0,0.0
44852,1.0,1,99.94999694824216,1.0,0.0,0.0
44861,4.0,1,193.15000438690186,1.0,0.0,0.0
44862,1.0,1,25.989999771118164,1.0,0.0,0.0
44867,3.0,1,89.98000144958496,1.0,0.0,0.0
44871,1.0,1,24.989999771118164,1.0,0.0,0.0
44872,1.0,1,27.989999771118164,1.0,0.0,0.0
44878,3.0,1,76.25,1.0,0.0,0.0
44881,1.0,1,158.3300018310547,1.0,0.0,0.0
44884,1.0,1,19.950000762939453,1.0,0.0,0.0
44885,1.0,1,139.99000549316406,1.0,0.0,0.0
44886,1.5,2,57.33500003814697,1.0,988.0,0.0
44887,1.0,1,89.98999786376953,1.0,0.0,0.0
44889,1.0,2,68.18000030517578,1.0,240.0,0.0
44894,1.0,1,26.989999771118164,1.0,0.0,0.0
44896,1.0,1,6.070000171661377,1.0,0.0,0.0
44902,1.0,1,24.989999771118164,1.0,0.0,0.0
44906,1.0,2,179.5,1.0,1120.0,0.0
44908,1.6666666666666667,3,109.88333193461101,1.0,34.5,28.991378028648448
44913,1.0,1,37.0,1.0,0.0,0.0
44918,1.0,1,48.75,1.0,0.0,0.0
44919,4.0,1,230.9799976348877,1.0,0.0,0.0
44926,1.0,1,15.710000038146973,1.0,0.0,0.0
44928,2.0,1,26.929999351501465,1.0,0.0,0.0
44932,1.0,1,49.9900016784668,1.0,0.0,0.0
44934,2.0,2,86.7049994468689,1.0,421.0,0.0
44935,1.5,2,100.25,1.0,231.0,0.0
44937,1.0,1,49.0,1.0,0.0,0.0
44945,1.0,1,42.5,1.0,0.0,0.0
44956,1.0,1,31.239999771118164,1.0,0.0,0.0
44968,2.0,1,264.5,1.0,0.0,0.0
44971,2.0,1,92.87999820709229,1.0,0.0,0.0
44975,1.5,2,93.4950008392334,1.0,433.0,0.0
44976,1.0,1,39.9900016784668,1.0,0.0,0.0
44984,4.0,1,540.0,1.0,0.0,0.0
44990,2.0,1,257.9300003051758,1.0,0.0,0.0
45000,2.0,1,32.9399995803833,1.0,0.0,0.0
45001,2.0,1,205.9900016784668,1.0,0.0,0.0
45002,1.0,1,84.0,2.0,0.0,0.0
45007,3.0,1,170.47999954223633,1.0,0.0,0.0
45008,4.0,1,241.8899993896484,1.0,0.0,0.0
45010,1.0,1,59.9900016784668,1.0,0.0,0.0
45012,1.0,1,30.57999992370605,1.0,0.0,0.0
45013,2.0,1,40.46999931335449,1.0,0.0,0.0
45014,2.0,1,534.0,1.0,0.0,0.0
45017,1.0,1,29.950000762939453,1.0,0.0,0.0
45035,1.0,1,25.0,1.0,0.0,0.0
45037,1.0,2,46.9950008392334,1.0,151.0,0.0
45038,1.0,1,24.0,1.0,0.0,0.0
45051,1.0,1,55.0,1.0,0.0,0.0
45054,2.0,1,368.87000274658203,1.0,0.0,0.0
45057,4.0,1,99.56000137329102,1.0,0.0,0.0
45060,1.0,1,43.43999862670898,1.0,0.0,0.0
45064,1.0,1,23.0,1.0,0.0,0.0
45067,1.0,1,28.0,1.0,0.0,0.0
45070,4.0,1,396.4799976348877,1.0,0.0,0.0
45071,1.0,1,37.79999923706056,1.0,0.0,0.0
45073,1.0,1,149.97000122070312,1.0,0.0,0.0
45075,2.0,1,41.709999084472656,1.0,0.0,0.0
45081,1.0,1,109.0,1.0,0.0,0.0
45085,1.0,1,39.9900016784668,1.0,0.0,0.0
45089,2.0,1,46.97999954223633,1.0,0.0,0.0
45092,2.0,1,211.0999984741211,1.0,0.0,0.0
45093,1.0,1,86.51000213623048,1.0,0.0,0.0
45101,4.0,1,435.92999649047846,1.0,0.0,0.0
45103,1.0,1,4.110000133514404,1.0,0.0,0.0
45104,2.0,1,19.039999961853027,1.0,0.0,0.0
45106,3.0,1,210.0,1.0,0.0,0.0
45108,1.0,1,25.0,1.0,0.0,0.0
45112,1.0,1,57.930000305175774,1.0,0.0,0.0
45115,2.0,1,109.97999954223633,1.0,0.0,0.0
45117,1.0,1,56.38999938964844,1.0,0.0,0.0
45119,1.0,1,95.95000076293945,2.0,23.0,0.0
45123,1.0,2,59.96999931335449,1.0,455.0,0.0
45130,1.0,1,43.6599998474121,1.0,0.0,0.0
45136,1.0,1,179.0,1.0,0.0,0.0
45138,1.0,1,95.0,1.0,0.0,0.0
45144,2.0,1,47.9900016784668,1.0,0.0,0.0
45145,1.0,1,69.98999786376953,1.0,0.0,0.0
45150,1.0,1,35.0,1.0,0.0,0.0
45162,1.0,1,14.6899995803833,1.0,0.0,0.0
45167,1.0,1,55.950000762939446,1.0,0.0,0.0
45170,2.0,1,189.98999786376953,1.0,0.0,0.0
45172,3.0,1,147.9099998474121,1.0,0.0,0.0
45173,1.0,1,76.0,1.0,0.0,0.0
45174,2.5,2,163.76000308990479,1.0,392.0,0.0
45177,1.0,1,24.989999771118164,1.0,0.0,0.0
45178,1.0,1,60.08000183105469,1.0,0.0,0.0
45179,1.0,1,59.5,1.0,0.0,0.0
45180,1.0,1,9.949999809265137,1.0,0.0,0.0
45186,3.0,1,111.98999977111816,1.0,0.0,0.0
45187,3.0,1,115.01000213623047,1.0,0.0,0.0
45198,1.0,1,21.989999771118164,1.0,0.0,0.0
45199,1.0,1,9.989999771118164,1.0,0.0,0.0
45203,1.0,1,25.0,1.0,0.0,0.0
45210,1.0,2,35.19500160217285,1.0,253.0,0.0
45213,1.0,1,25.989999771118164,1.0,0.0,0.0
45215,2.0,1,70.98000144958496,1.0,0.0,0.0
45217,1.0,1,60.0,1.0,0.0,0.0
45219,1.0,1,18.989999771118164,1.0,0.0,0.0
45227,2.0,2,77.97500038146973,1.0,1740.0,0.0
45231,1.0,1,49.950000762939446,1.0,0.0,0.0
45234,1.0,1,30.479999542236328,1.0,0.0,0.0
45236,2.0,1,71.9900016784668,1.0,0.0,0.0
45242,2.5,2,88.22500085830688,1.0,37.0,0.0
45248,1.0,1,24.989999771118164,1.0,0.0,0.0
45251,1.0,1,399.0,1.0,0.0,0.0
45253,1.0,1,49.9900016784668,1.0,0.0,0.0
45260,1.0,1,19.989999771118164,1.0,0.0,0.0
45261,1.0,1,25.0,1.0,0.0,0.0
45265,3.0,1,128.98999977111816,1.0,0.0,0.0
45270,1.0,1,12.909999847412108,1.0,0.0,0.0
45271,2.0,1,80.0,1.0,0.0,0.0
45279,1.0,1,34.9900016784668,1.0,0.0,0.0
45283,1.0,1,16.989999771118164,1.0,0.0,0.0
45284,1.0,1,17.799999237060547,1.0,0.0,0.0
45287,1.0,1,37.950000762939446,1.0,0.0,0.0
45288,1.0,1,27.299999237060547,1.0,0.0,0.0
45292,1.0,1,42.0,1.0,0.0,0.0
45297,3.0,1,105.4000015258789,1.0,0.0,0.0
45300,1.0,1,38.0,1.0,0.0,0.0
45302,2.0,1,64.99999904632568,1.0,0.0,0.0
45303,1.0,1,36.9900016784668,1.0,0.0,0.0
45305,2.0,1,158.5,1.0,0.0,0.0
45306,1.0,1,150.0,1.0,0.0,0.0
45308,1.0,1,32.0,1.0,0.0,0.0
45313,3.0,1,208.56999969482422,1.0,0.0,0.0
45316,2.0,1,966.9900016784668,1.0,0.0,0.0
45317,1.0,1,60.0,1.0,0.0,0.0
45318,1.0,1,36.0,1.0,0.0,0.0
45319,1.0,1,17.989999771118164,1.0,0.0,0.0
45322,1.0,1,72.0,1.0,0.0,0.0
45323,2.0,2,97.97999858856201,1.0,925.0,0.0
45325,4.0,1,449.64999771118164,1.0,0.0,0.0
45326,2.0,1,224.0,1.0,0.0,0.0
45327,1.0,1,49.9900016784668,1.0,0.0,0.0
45330,4.0,1,92.70999908447266,1.0,0.0,0.0
45337,1.0,2,32.22500038146973,1.0,168.0,0.0
45344,2.0,1,70.0,1.0,0.0,0.0
45351,1.0,2,136.48999977111816,1.0,847.0,0.0
45356,2.0,1,187.17000579833984,1.0,0.0,0.0
45362,1.5,2,128.79000091552734,1.0,903.0,0.0
45366,1.0,1,79.94999694824217,1.0,0.0,0.0
45367,1.0,1,21.5,1.0,0.0,0.0
45378,1.0,1,23.96999931335449,1.0,0.0,0.0
45386,1.0,1,49.9900016784668,1.0,0.0,0.0
45389,1.0,1,50.0,1.0,0.0,0.0
45390,1.0,1,29.0,1.0,0.0,0.0
45391,1.0,1,29.979999542236328,1.0,0.0,0.0
45393,1.0,1,128.0,1.0,0.0,0.0
45394,1.0,1,12.989999771118164,1.0,0.0,0.0
45403,2.0,1,71.0,1.0,0.0,0.0
45421,1.0,1,25.739999771118164,1.0,0.0,0.0
45422,2.0,1,109.7699966430664,1.0,0.0,0.0
45428,1.5,2,115.51499938964844,1.0,115.0,0.0
45430,1.0,2,49.89999961853027,1.0,147.0,0.0
45431,2.0,1,64.9900016784668,1.0,0.0,0.0
45435,1.0,1,25.0,1.0,0.0,0.0
45436,4.0,1,601.4400100708008,1.0,0.0,0.0
45439,1.0,1,12.989999771118164,1.0,0.0,0.0
45447,1.0,1,95.0,1.0,0.0,0.0
45450,3.0,1,196.74000549316406,1.0,0.0,0.0
45451,1.0,1,69.0,1.0,0.0,0.0
45452,3.0,1,124.88000106811522,1.0,0.0,0.0
45455,1.0,1,24.989999771118164,1.0,0.0,0.0
45457,1.0,1,25.0,1.0,0.0,0.0
45459,1.0,1,110.0,1.0,0.0,0.0
45466,2.0,1,67.98000144958496,1.0,0.0,0.0
45468,1.0,1,55.9900016784668,1.0,0.0,0.0
45470,1.0,1,115.15000152587892,1.0,0.0,0.0
45472,1.0,1,23.420000076293945,1.0,0.0,0.0
45475,1.0,1,9.949999809265137,1.0,0.0,0.0
45476,1.0,1,79.98999786376953,1.0,0.0,0.0
45482,1.0,1,49.9900016784668,1.0,0.0,0.0
45484,1.0,1,34.0,1.0,0.0,0.0
45485,2.0,1,292.98999977111816,1.0,0.0,0.0
45487,1.0,1,66.98999786376953,1.0,0.0,0.0
45502,1.0,1,163.9499969482422,1.0,0.0,0.0
45506,1.0,1,34.9900016784668,1.0,0.0,0.0
45513,2.0,1,77.9800033569336,1.0,0.0,0.0
45517,1.0,1,145.0,1.0,0.0,0.0
45519,2.0,1,44.97999954223633,1.0,0.0,0.0
45528,1.0,1,45.9900016784668,1.0,0.0,0.0
45530,2.0,1,204.0,1.0,0.0,0.0
45531,2.5,2,71.48500061035156,1.0,161.0,0.0
45540,1.0,1,50.0,1.0,0.0,0.0
45549,3.0,1,146.64000129699707,1.0,0.0,0.0
45554,1.0,1,59.0,1.0,0.0,0.0
45555,1.0,1,42.9900016784668,1.0,0.0,0.0
45557,1.0,1,219.5,1.0,0.0,0.0
45565,2.0,1,164.25,1.0,0.0,0.0
45568,2.0,1,119.96999740600585,1.0,0.0,0.0
45570,2.0,1,48.86000061035156,1.0,0.0,0.0
45571,2.0,1,199.98999977111816,1.0,0.0,0.0
45572,1.0,1,15.859999656677246,1.0,0.0,0.0
45573,1.0,1,145.0,1.0,0.0,0.0
45574,1.0,1,65.0,1.0,0.0,0.0
45578,1.0,1,129.9499969482422,1.0,0.0,0.0
45588,1.0,1,89.9800033569336,1.0,0.0,0.0
45592,1.0,1,22.0,1.0,0.0,0.0
45593,4.0,1,247.9800000190735,1.0,0.0,0.0
45594,1.0,2,41.49499988555908,1.0,683.0,0.0
45595,2.0,1,37.510000228881836,1.0,0.0,0.0
45597,1.0,1,49.9900016784668,1.0,0.0,0.0
45599,1.0,1,35.0,1.0,0.0,0.0
45605,1.0,1,12.970000267028809,1.0,0.0,0.0
45606,1.0,1,33.75,1.0,0.0,0.0
45607,1.0,1,36.950000762939446,1.0,0.0,0.0
45616,1.0,1,41.0,1.0,0.0,0.0
45624,1.0,1,15.0,1.0,0.0,0.0
45627,1.0,1,26.989999771118164,1.0,0.0,0.0
45628,1.0,2,68.97500038146973,1.0,776.0,0.0
45629,1.0,1,29.840000152587887,1.0,0.0,0.0
45630,1.0,1,14.399999618530272,1.0,0.0,0.0
45634,4.0,1,322.9499969482422,1.0,0.0,0.0
45635,1.0,1,57.0099983215332,1.0,0.0,0.0
45636,1.0,1,10.479999542236328,1.0,0.0,0.0
45637,2.0,1,118.95000076293945,1.0,0.0,0.0
45641,1.0,1,78.0,1.0,0.0,0.0
45643,1.0,1,90.0,1.0,0.0,0.0
45644,1.0,1,50.0,1.0,0.0,0.0
45648,2.5,2,65.97500038146973,1.0,1297.0,0.0
45665,1.0,1,27.989999771118164,1.0,0.0,0.0
45673,1.0,1,36.0,1.0,0.0,0.0
45680,2.0,1,469.20001220703125,1.0,0.0,0.0
45682,1.0,1,18.96999931335449,1.0,0.0,0.0
45683,3.0,1,186.68000030517578,1.0,0.0,0.0
45692,1.0,1,13.010000228881836,1.0,0.0,0.0
45694,1.0,1,275.0,1.0,0.0,0.0
45698,1.0,1,99.0,1.0,0.0,0.0
45707,3.0,1,111.45000076293945,1.0,0.0,0.0
45708,1.0,2,18.69999980926514,1.0,92.0,0.0
45711,3.0,1,120.01999855041504,1.0,0.0,0.0
45712,1.0,2,142.25,1.0,1608.0,0.0
45713,1.0,1,64.69000244140625,1.0,0.0,0.0
45717,1.0,1,77.0,1.0,0.0,0.0
45722,1.0,1,9.149999618530272,1.0,0.0,0.0
45730,2.0,1,116.71000385284424,1.0,0.0,0.0
45731,1.0,1,19.590000152587887,1.0,0.0,0.0
45734,2.0,1,117.6400032043457,1.0,0.0,0.0
45736,1.0,1,165.0,1.0,0.0,0.0
45745,2.0,1,244.9900054931641,1.0,0.0,0.0
45747,1.0,1,9.989999771118164,1.0,0.0,0.0
45752,1.0,2,32.47000026702881,1.0,256.0,0.0
45762,2.5,2,281.92000579833984,1.0,228.0,0.0
45765,2.0,1,104.5,1.0,0.0,0.0
45768,2.0,1,94.32999610900879,1.0,0.0,0.0
45769,1.0,1,20.0,1.0,0.0,0.0
45772,2.0,1,99.9799976348877,1.0,0.0,0.0
45775,1.0,1,26.989999771118164,1.0,0.0,0.0
45778,1.0,1,25.0,1.0,0.0,0.0
45780,1.0,1,12.0,1.0,0.0,0.0
45790,1.0,2,31.440000534057614,1.0,1052.0,0.0
45794,1.0,1,169.0,1.0,0.0,0.0
45795,1.0,1,114.75,1.0,0.0,0.0
45799,1.0,1,7.989999771118163,1.0,0.0,0.0
45802,1.0,1,53.950000762939446,1.0,0.0,0.0
45807,1.0,1,8.760000228881836,1.0,0.0,0.0
45808,2.0,1,102.4900016784668,1.0,0.0,0.0
45809,1.0,1,89.0,1.0,0.0,0.0
45810,1.0,1,36.0,1.0,0.0,0.0
45813,1.0,1,44.0,1.0,0.0,0.0
45821,1.0,1,99.98999786376952,1.0,0.0,0.0
45825,1.0,1,36.9900016784668,1.0,0.0,0.0
45831,2.0,1,229.56000137329102,2.0,6.0,0.0
45834,1.0,1,59.0,1.0,0.0,0.0
45843,2.5,2,124.76000308990479,1.0,1477.0,0.0
45844,1.0,1,29.0,1.0,0.0,0.0
45847,3.0,1,35.87999963760376,1.0,0.0,0.0
45849,1.0,1,99.0,1.0,0.0,0.0
45851,1.0,1,169.99000549316406,1.0,0.0,0.0
45853,1.0,1,14.199999809265137,1.0,0.0,0.0
45860,2.0,1,269.5,1.0,0.0,0.0
45870,1.0,1,9.5,1.0,0.0,0.0
45872,1.0,1,48.869998931884766,1.0,0.0,0.0
45874,1.0,1,270.0,1.0,0.0,0.0
45876,2.0,1,88.52000045776367,1.0,0.0,0.0
45877,1.0,1,28.0,1.0,0.0,0.0
45878,1.0,1,60.0,1.0,0.0,0.0
45881,1.5,2,79.42499923706053,1.0,292.0,0.0
45888,1.5,2,33.96000003814697,1.0,294.0,0.0
45893,2.0,1,184.44000053405762,1.0,0.0,0.0
45897,4.0,1,196.98999977111816,1.0,0.0,0.0
45900,1.0,1,29.989999771118164,1.0,0.0,0.0
45902,1.0,1,17.989999771118164,1.0,0.0,0.0
45904,1.0,1,8.989999771118164,1.0,0.0,0.0
45909,1.0,1,49.0,1.0,0.0,0.0
45912,1.0,1,18.989999771118164,1.0,0.0,0.0
45914,1.0,1,11.4399995803833,1.0,0.0,0.0
45916,1.0,1,21.989999771118164,1.0,0.0,0.0
45921,4.0,1,81.92999935150146,1.0,0.0,0.0
45929,1.0,1,89.98999786376953,1.0,0.0,0.0
45937,4.0,1,342.4399995803833,1.0,0.0,0.0
45939,1.0,1,17.989999771118164,1.0,0.0,0.0
45940,1.0,1,39.9900016784668,1.0,0.0,0.0
45943,2.0,1,431.4900016784668,2.0,1.0,0.0
45944,1.0,1,21.979999542236328,1.0,0.0,0.0
45948,2.0,1,109.87999820709227,1.0,0.0,0.0
45949,3.0,1,87.48000144958496,1.0,0.0,0.0
45956,1.0,1,37.0,1.0,0.0,0.0
45957,1.0,1,59.9900016784668,1.0,0.0,0.0
45961,1.0,1,24.0,1.0,0.0,0.0
45962,1.0,1,16.420000076293945,1.0,0.0,0.0
45967,2.0,1,101.23999977111816,1.0,0.0,0.0
45969,2.0,1,37.0,1.0,0.0,0.0
45979,1.0,1,15.949999809265137,1.0,0.0,0.0
45980,1.0,1,14.399999618530272,1.0,0.0,0.0
45981,1.0,1,49.5,1.0,0.0,0.0
45985,1.0,1,34.9900016784668,1.0,0.0,0.0
45993,1.0,1,44.0,1.0,0.0,0.0
46001,2.0,2,121.17999839782715,1.0,54.0,0.0
46008,2.0,1,432.0,1.0,0.0,0.0
46011,1.0,1,124.0,1.0,0.0,0.0
46012,2.0,1,137.98999786376953,1.0,0.0,0.0
46025,1.0,1,10.409999847412108,1.0,0.0,0.0
46038,1.0,1,40.0,1.0,0.0,0.0
46042,1.0,1,39.950000762939446,1.0,0.0,0.0
46043,1.0,2,61.959998130798326,1.0,45.0,0.0
46046,4.0,1,219.94000244140625,1.0,0.0,0.0
46065,4.0,1,324.5200080871582,1.0,0.0,0.0
46067,1.0,1,149.99000549316406,1.0,0.0,0.0
46068,1.0,1,20.96999931335449,1.0,0.0,0.0
46070,3.0,1,136.94000053405762,1.0,0.0,0.0
46078,1.0,1,20.0,1.0,0.0,0.0
46081,1.0,1,92.98999786376952,1.0,0.0,0.0
46083,1.0,1,88.0,1.0,0.0,0.0
46091,1.0,1,160.0,1.0,0.0,0.0
46094,1.0,1,39.450000762939446,1.0,0.0,0.0
46095,1.0,1,44.0,1.0,0.0,0.0
46096,1.0,1,30.0,1.0,0.0,0.0
46098,2.0,1,124.5,1.0,0.0,0.0
46103,2.0,1,151.0,1.0,0.0,0.0
46105,1.0,1,36.0,1.0,0.0,0.0
46106,1.0,1,46.0,1.0,0.0,0.0
46109,1.0,1,27.950000762939453,1.0,0.0,0.0
46113,2.0,1,159.9499969482422,1.0,0.0,0.0
46117,1.0,1,20.200000762939453,1.0,0.0,0.0
46120,1.0,1,40.0,1.0,0.0,0.0
46131,1.0,1,220.9900016784668,2.0,14.0,0.0
46135,1.0,1,94.73999786376952,1.0,0.0,0.0
46137,1.0,2,20.659999847412106,1.0,515.0,0.0
46138,1.0,1,25.989999771118164,1.0,0.0,0.0
46139,1.0,1,32.9900016784668,1.0,0.0,0.0
46142,1.0,1,40.369998931884766,1.0,0.0,0.0
46150,2.0,1,71.92000198364258,1.0,0.0,0.0
46154,1.0,1,36.2400016784668,1.0,0.0,0.0
46165,1.0,1,68.0,1.0,0.0,0.0
46168,1.0,1,59.5,1.0,0.0,0.0
46169,1.0,1,24.950000762939453,1.0,0.0,0.0
46174,1.0,1,74.9800033569336,1.0,0.0,0.0
46182,1.0,2,41.5,1.0,1710.0,0.0
46184,1.0,1,42.5,1.0,0.0,0.0
46187,1.0,2,26.0,1.0,322.0,0.0
46198,1.0,1,54.0,2.0,1.0,0.0
46200,1.0,1,10.989999771118164,1.0,0.0,0.0
46202,1.0,1,19.0,1.0,0.0,0.0
46204,1.0,1,15.0,1.0,0.0,0.0
46207,2.0,1,76.01000022888184,1.0,0.0,0.0
46211,1.0,1,30.0,1.0,0.0,0.0
46213,1.0,1,77.0,1.0,0.0,0.0
46217,2.0,1,51.5600004196167,1.0,0.0,0.0
46225,1.0,2,92.99499988555908,1.0,378.0,0.0
46239,1.0,1,12.5,1.0,0.0,0.0
46246,1.0,1,12.0,1.0,0.0,0.0
46250,2.0,2,89.96000003814697,1.0,288.0,0.0
46256,2.0,1,148.48999786376953,1.0,0.0,0.0
46257,3.0,1,175.39999961853027,1.0,0.0,0.0
46267,1.0,1,101.0,1.0,0.0,0.0
46268,1.0,1,30.0,1.0,0.0,0.0
46270,2.0,1,189.97999954223633,1.0,0.0,0.0
46274,2.0,1,78.98999977111816,1.0,0.0,0.0
46275,1.0,1,23.0,1.0,0.0,0.0
46284,1.0,1,49.5,1.0,0.0,0.0
46285,1.0,1,16.979999542236328,1.0,0.0,0.0
46287,1.0,1,58.0,1.0,0.0,0.0
46288,1.0,1,120.0,1.0,0.0,0.0
46290,1.0,1,49.5,1.0,0.0,0.0
46297,1.0,1,39.5,1.0,0.0,0.0
46304,1.0,1,52.86000061035156,1.0,0.0,0.0
46306,1.0,1,69.94999694824219,1.0,0.0,0.0
46309,1.0,1,19.5,1.0,0.0,0.0
46322,1.0,1,60.9900016784668,1.0,0.0,0.0
46335,1.0,1,135.0,1.0,0.0,0.0
46344,1.0,1,18.0,1.0,0.0,0.0
46346,4.0,1,145.48000144958496,1.0,0.0,0.0
46349,1.0,1,54.0,1.0,0.0,0.0
46354,1.0,1,82.0,1.0,0.0,0.0
46355,3.0,1,169.4900016784668,1.0,0.0,0.0
46358,1.0,1,19.989999771118164,1.0,0.0,0.0
46361,1.0,1,42.0,1.0,0.0,0.0
46365,1.0,1,14.989999771118164,1.0,0.0,0.0
46372,1.0,1,55.650001525878906,1.0,0.0,0.0
46373,4.0,1,229.97999572753906,1.0,0.0,0.0
46376,1.0,1,50.0,1.0,0.0,0.0
46377,1.0,1,116.0,1.0,0.0,0.0
46379,2.0,1,1095.0,1.0,0.0,0.0
46380,2.0,1,102.22000122070312,1.0,0.0,0.0
46385,1.0,1,39.9900016784668,1.0,0.0,0.0
46386,1.0,1,25.0,1.0,0.0,0.0
46390,2.0,1,39.75,1.0,0.0,0.0
46391,3.0,1,160.48999786376953,1.0,0.0,0.0
46398,1.0,2,146.4749984741211,1.0,61.0,0.0
46400,1.5,2,73.84500217437744,1.0,529.0,0.0
46402,1.0,1,9.949999809265137,1.0,0.0,0.0
46404,1.0,1,3.990000009536743,1.0,0.0,0.0
46405,1.0,1,119.9900016784668,2.0,11.0,0.0
46410,1.0,1,24.989999771118164,1.0,0.0,0.0
46415,1.0,1,25.0,1.0,0.0,0.0
46418,1.0,1,165.0,1.0,0.0,0.0
46421,1.5,2,62.2450008392334,1.0,838.0,0.0
46422,1.5,2,39.69999980926514,1.0,230.0,0.0
46424,2.0,1,147.9900016784668,1.0,0.0,0.0
46426,2.0,1,156.0,1.0,0.0,0.0
46427,2.5,2,239.97499847412107,1.0,34.0,0.0
46430,2.0,1,79.98999977111816,1.0,0.0,0.0
46431,2.0,1,122.6400032043457,1.0,0.0,0.0
46432,1.0,1,25.600000381469727,1.0,0.0,0.0
46434,2.0,1,71.95000076293945,1.0,0.0,0.0
46442,1.0,1,18.989999771118164,1.0,0.0,0.0
46445,1.0,1,8.989999771118164,1.0,0.0,0.0
46454,1.0,1,14.989999771118164,1.0,0.0,0.0
46457,1.0,1,80.0,1.0,0.0,0.0
46460,1.0,1,35.0,1.0,0.0,0.0
46463,1.0,2,37.58500099182129,1.0,23.0,0.0
46464,1.0,1,69.9800033569336,1.0,0.0,0.0
46466,1.0,1,399.0,1.0,0.0,0.0
46469,1.5,2,58.6349983215332,1.0,403.0,0.0
46475,2.0,1,66.5,1.0,0.0,0.0
46481,1.0,1,26.950000762939453,1.0,0.0,0.0
46482,1.0,1,10.989999771118164,1.0,0.0,0.0
46484,1.0,1,85.0,1.0,0.0,0.0
46485,1.0,1,65.0,1.0,0.0,0.0
46491,1.0,1,259.989990234375,1.0,0.0,0.0
46498,1.0,1,27.950000762939453,1.0,0.0,0.0
46502,1.0,1,68.0,1.0,0.0,0.0
46505,1.0,1,28.31999969482421,1.0,0.0,0.0
46508,2.0,1,140.45000076293945,1.0,0.0,0.0
46515,1.5,2,158.9699993133545,1.0,367.0,0.0
46522,3.0,1,89.94000053405762,1.0,0.0,0.0
46523,1.0,1,29.979999542236328,1.0,0.0,0.0
46524,4.0,1,289.7799987792969,1.0,0.0,0.0
46526,1.0,1,68.0,1.0,0.0,0.0
46532,4.0,1,210.95000076293945,1.0,0.0,0.0
46533,1.0,1,75.0,1.0,0.0,0.0
46536,1.5,2,43.0,1.0,1320.0,0.0
46537,3.0,1,175.38999938964844,1.0,0.0,0.0
46541,2.0,1,78.98999977111816,1.0,0.0,0.0
46544,1.0,1,300.0,1.0,0.0,0.0
46545,1.0,1,34.9900016784668,1.0,0.0,0.0
46549,4.0,1,130.07999801635742,1.0,0.0,0.0
46552,2.0,1,37.489999771118164,1.0,0.0,0.0
46557,2.0,1,121.54999732971193,1.0,0.0,0.0
46559,2.0,1,65.98000144958496,1.0,0.0,0.0
46560,1.0,1,21.950000762939453,1.0,0.0,0.0
46561,1.0,1,31.989999771118164,1.0,0.0,0.0
46562,1.0,1,41.959999084472656,1.0,0.0,0.0
46565,1.5,2,68.75,1.0,219.0,0.0
46566,2.0,2,133.63999795913696,1.0,205.0,0.0
46571,1.0,1,55.959999084472656,1.0,0.0,0.0
46573,1.0,1,74.33999633789062,1.0,0.0,0.0
46574,1.0,1,25.0,1.0,0.0,0.0
46578,2.0,1,35.75,1.0,0.0,0.0
46584,1.0,1,101.83999633789062,1.0,0.0,0.0
46588,1.0,1,52.0,1.0,0.0,0.0
46591,1.0,1,360.0,2.0,3.0,0.0
46596,2.0,1,34.97999954223633,1.0,0.0,0.0
46597,2.0,1,238.0,1.0,0.0,0.0
46612,1.5,2,178.8949999809265,1.0,183.0,0.0
46613,4.0,1,157.9500026702881,1.0,0.0,0.0
46617,1.0,1,39.5,1.0,0.0,0.0
46625,2.5,2,147.67999649047852,1.0,157.0,0.0
46630,4.0,1,434.36999893188477,1.0,0.0,0.0
46633,1.0,1,25.0,1.0,0.0,0.0
46638,1.0,1,41.86000061035156,1.0,0.0,0.0
46644,2.0,1,103.42000007629395,1.0,0.0,0.0
46645,1.0,1,25.0,1.0,0.0,0.0
46646,2.0,1,45.15999984741211,1.0,0.0,0.0
46647,1.0,1,10.899999618530272,1.0,0.0,0.0
46650,1.0,1,24.989999771118164,1.0,0.0,0.0
46651,1.3333333333333333,3,41.386667251586914,1.0,167.5,137.88582233137677
46657,1.0,1,140.0,1.0,0.0,0.0
46658,2.0,3,126.57666969299316,1.0,734.0,11.313708498984761
46659,1.0,1,30.950000762939453,1.0,0.0,0.0
46668,1.0,1,24.0,1.0,0.0,0.0
46669,4.0,1,383.95000076293945,1.0,0.0,0.0
46670,1.0,1,22.0,1.0,0.0,0.0
46674,2.0,1,106.1099967956543,1.0,0.0,0.0
46675,1.0,1,65.0,1.0,0.0,0.0
46681,1.0,1,52.0,1.0,0.0,0.0
46688,1.0,2,12.75,1.0,101.0,0.0
46695,2.0,2,76.07500076293945,1.0,614.0,0.0
46701,2.0,1,143.64999771118164,1.0,0.0,0.0
46705,1.0,1,69.20999908447266,1.0,0.0,0.0
46707,4.0,1,146.26000022888184,1.0,0.0,0.0
46713,2.0,1,54.90999984741211,1.0,0.0,0.0
46716,1.0,1,27.989999771118164,1.0,0.0,0.0
46718,4.0,1,122.73000144958496,1.0,0.0,0.0
46727,2.0,1,255.0,1.0,0.0,0.0
46731,1.0,1,15.899999618530272,1.0,0.0,0.0
46735,1.0,1,36.0,1.0,0.0,0.0
46736,1.0,1,19.840000152587887,1.0,0.0,0.0
46737,1.0,1,17.989999771118164,1.0,0.0,0.0
46741,1.0,1,70.94999694824219,1.0,0.0,0.0
46743,1.0,1,9.5,1.0,0.0,0.0
46746,4.0,1,177.82000350952148,1.0,0.0,0.0
46748,2.0,1,326.8999938964844,1.0,0.0,0.0
46749,4.0,1,284.5199966430664,1.0,0.0,0.0
46758,1.0,1,49.9900016784668,1.0,0.0,0.0
46761,1.6666666666666667,3,130.44666798909506,1.0,697.5,338.70414818835627
46775,1.0,1,20.8799991607666,1.0,0.0,0.0
46788,1.0,1,37.900001525878906,1.0,0.0,0.0
46789,1.5,2,115.49499988555908,1.0,41.0,0.0
46799,2.0,1,91.89999961853027,1.0,0.0,0.0
46816,1.0,1,89.98999786376953,1.0,0.0,0.0
46818,1.0,1,17.989999771118164,1.0,0.0,0.0
46822,3.0,1,89.50000095367432,1.0,0.0,0.0
46831,2.0,1,185.19999313354492,1.0,0.0,0.0
46832,1.5,2,59.220001220703125,1.0,367.0,0.0
46833,2.0,1,111.97999954223633,1.0,0.0,0.0
46835,2.0,1,93.75,1.0,0.0,0.0
46838,1.0,1,19.989999771118164,1.0,0.0,0.0
46839,1.0,1,109.0,1.0,0.0,0.0
46841,1.0,1,195.0,1.0,0.0,0.0
46842,1.0,1,15.949999809265137,1.0,0.0,0.0
46843,1.0,1,46.220001220703125,1.0,0.0,0.0
46844,1.0,1,45.0,1.0,0.0,0.0
46851,1.0,1,48.0,1.0,0.0,0.0
46856,2.0,1,71.0,1.0,0.0,0.0
46858,1.0,1,14.899999618530272,1.0,0.0,0.0
46868,1.0,1,44.950000762939446,1.0,0.0,0.0
46871,4.0,1,349.3700017929077,1.0,0.0,0.0
46877,3.0,1,57.989999771118164,1.0,0.0,0.0
46881,1.0,2,76.99000263214111,1.0,145.0,0.0
46882,2.0,1,156.94000244140625,1.0,0.0,0.0
46888,1.0,1,43.54999923706056,1.0,0.0,0.0
46890,1.0,1,39.9900016784668,1.0,0.0,0.0
46896,1.0,1,46.0,1.0,0.0,0.0
46900,1.0,1,117.98999786376952,1.0,0.0,0.0
46903,1.0,1,16.0,1.0,0.0,0.0
46905,1.0,1,160.0,1.0,0.0,0.0
46908,1.0,1,32.0,1.0,0.0,0.0
46909,1.0,1,17.75,1.0,0.0,0.0
46920,1.0,1,12.0,1.0,0.0,0.0
46925,1.0,1,29.5,1.0,0.0,0.0
46930,1.0,1,36.0,1.0,0.0,0.0
46931,2.0,1,135.93999481201172,1.0,0.0,0.0
46932,3.0,1,255.72999954223633,1.0,0.0,0.0
46933,1.0,1,28.030000686645508,1.0,0.0,0.0
46935,2.0,1,191.2900047302246,1.0,0.0,0.0
46938,1.0,1,99.0,1.0,0.0,0.0
46948,1.0,1,33.0,1.0,0.0,0.0
46950,2.5,2,137.22500038146973,1.0,131.0,0.0
46956,1.0,1,42.9900016784668,1.0,0.0,0.0
46971,1.0,1,59.9900016784668,1.0,0.0,0.0
46979,2.0,1,118.5999984741211,1.0,0.0,0.0
46985,1.0,1,175.0,1.0,0.0,0.0
46986,1.0,1,55.0,1.0,0.0,0.0
46990,1.0,1,10.020000457763672,1.0,0.0,0.0
46991,1.0,1,34.900001525878906,1.0,0.0,0.0
46998,2.5,2,87.69999885559082,1.0,728.0,0.0
47009,2.0,1,122.3000030517578,1.0,0.0,0.0
47011,1.0,1,178.0,1.0,0.0,0.0
47013,1.3333333333333333,3,26.989999771118164,1.0,147.5,12.020815280171307
47014,1.0,1,44.930000305175774,1.0,0.0,0.0
47019,2.0,1,104.4900016784668,1.0,0.0,0.0
47020,1.0,2,66.24499893188477,1.0,23.0,0.0
47026,1.0,1,59.450000762939446,1.0,0.0,0.0
47029,1.5,2,33.105000019073486,1.0,40.0,0.0
47034,1.0,1,49.950000762939446,1.0,0.0,0.0
47036,1.0,1,5.989999771118164,1.0,0.0,0.0
47040,1.0,1,169.0,1.0,0.0,0.0
47044,1.0,1,18.64999961853028,1.0,0.0,0.0
47046,1.0,1,12.0,1.0,0.0,0.0
47049,1.0,1,14.739999771118164,1.0,0.0,0.0
47050,1.0,1,79.0,1.0,0.0,0.0
47059,3.0,1,201.4799976348877,1.0,0.0,0.0
47069,1.0,1,42.97999954223633,1.0,0.0,0.0
47072,1.0,1,24.0,1.0,0.0,0.0
47081,1.0,1,42.0,1.0,0.0,0.0
47085,3.0,1,138.47999954223633,1.0,0.0,0.0
47086,1.0,2,47.5,1.0,69.0,0.0
47090,1.0,1,64.94999694824219,1.0,0.0,0.0
47095,1.0,1,16.989999771118164,1.0,0.0,0.0
47098,1.0,1,29.989999771118164,1.0,0.0,0.0
47103,1.0,1,107.9499969482422,1.0,0.0,0.0
47105,1.0,1,78.0,1.0,0.0,0.0
47106,1.0,2,23.25,1.0,814.0,0.0
47111,1.0,1,25.0,1.0,0.0,0.0
47112,4.0,1,190.47000169754028,1.0,0.0,0.0
47116,1.0,1,48.0,1.0,0.0,0.0
47123,1.0,1,74.9900016784668,2.0,15.0,0.0
47134,2.0,1,59.310001373291016,1.0,0.0,0.0
47137,1.0,1,119.98999786376952,1.0,0.0,0.0
47139,1.5,2,58.47000026702881,1.0,450.0,0.0
47142,1.0,1,75.0,1.0,0.0,0.0
47145,1.0,1,34.0,1.0,0.0,0.0
47149,1.0,1,12.0,1.0,0.0,0.0
47151,2.0,1,114.45000076293945,1.0,0.0,0.0
47155,1.0,1,4.989999771118164,1.0,0.0,0.0
47156,3.0,1,397.9900016784668,1.0,0.0,0.0
47158,3.0,1,160.97999954223633,1.0,0.0,0.0
47163,1.0,1,12.989999771118164,1.0,0.0,0.0
47166,1.0,1,109.98999786376952,1.0,0.0,0.0
47174,1.0,1,46.9900016784668,1.0,0.0,0.0
47179,1.0,1,127.55999755859376,1.0,0.0,0.0
47180,2.0,1,274.0,1.0,0.0,0.0
47183,1.0,1,11.989999771118164,1.0,0.0,0.0
47184,4.0,1,132.94000244140625,1.0,0.0,0.0
47200,1.5,2,197.75,1.0,242.0,0.0
47206,1.0,1,27.0,1.0,0.0,0.0
47211,1.0,1,180.0,1.0,0.0,0.0
47215,1.0,1,57.0,1.0,0.0,0.0
47224,1.0,1,9.989999771118164,1.0,0.0,0.0
47231,4.0,2,254.98500442504883,1.0,8.0,0.0
47234,2.0,1,133.0,1.0,0.0,0.0
47235,1.0,2,23.149999618530273,1.0,358.0,0.0
47239,1.0,1,24.190000534057617,1.0,0.0,0.0
47240,1.0,1,129.99000549316406,1.0,0.0,0.0
47241,2.5,2,244.57500171661377,1.0,84.0,0.0
47250,3.0,1,128.86999988555908,1.0,0.0,0.0
47253,1.0,1,35.9900016784668,1.0,0.0,0.0
47260,1.5,2,54.195000648498535,1.0,99.0,0.0
47262,1.0,1,266.6600036621094,1.0,0.0,0.0
47265,3.0,1,509.1999969482422,1.0,0.0,0.0
47267,2.0,1,330.98999786376953,1.0,0.0,0.0
47268,1.0,1,102.5,1.0,0.0,0.0
47269,1.0,1,9.84000015258789,1.0,0.0,0.0
47270,1.0,1,88.0,1.0,0.0,0.0
47272,1.6666666666666667,3,52.0633331934611,1.0,447.0,19.79898987322333
47273,2.0,1,28.460000038146973,1.0,0.0,0.0
47274,1.0,2,25.15500020980835,1.0,310.0,0.0
47275,2.0,1,148.98999786376953,1.0,0.0,0.0
47276,1.0,1,15.079999923706056,1.0,0.0,0.0
47278,1.0,1,169.99000549316406,1.0,0.0,0.0
47280,2.0,1,89.4900016784668,1.0,0.0,0.0
47285,1.0,1,39.9900016784668,1.0,0.0,0.0
47286,1.5,2,76.98999977111816,1.0,10.0,0.0
47287,1.0,1,51.950000762939446,1.0,0.0,0.0
47296,1.0,1,89.5,1.0,0.0,0.0
47301,1.0,1,100.0,1.0,0.0,0.0
47308,1.0,1,59.9900016784668,1.0,0.0,0.0
47309,2.5,2,204.2000026702881,1.0,164.0,0.0
47317,1.0,1,22.950000762939453,1.0,0.0,0.0
47319,2.0,1,200.0,1.0,0.0,0.0
47327,1.0,1,59.52000045776367,1.0,0.0,0.0
47330,1.0,1,37.950000762939446,1.0,0.0,0.0
47333,1.0,1,34.939998626708984,1.0,0.0,0.0
47335,1.0,1,74.9800033569336,1.0,0.0,0.0
47336,1.0,1,2.5,1.0,0.0,0.0
47338,1.0,1,24.0,1.0,0.0,0.0
47345,1.0,1,129.9499969482422,1.0,0.0,0.0
47349,1.0,1,47.9900016784668,1.0,0.0,0.0
47350,1.0,1,139.99000549316406,1.0,0.0,0.0
47352,1.0,1,53.0,1.0,0.0,0.0
47355,3.0,1,160.98000144958496,1.0,0.0,0.0
47358,1.0,1,94.52999877929688,1.0,0.0,0.0
47364,1.0,1,9.989999771118164,1.0,0.0,0.0
47367,3.0,1,390.94000244140625,1.0,0.0,0.0
47368,1.0,1,55.4900016784668,1.0,0.0,0.0
47371,1.0,1,11.0,1.0,0.0,0.0
47373,1.0,1,59.950000762939446,1.0,0.0,0.0
47377,2.0,2,132.68499994277954,1.0,579.0,0.0
47380,1.0,1,22.5,1.0,0.0,0.0
47384,1.0,1,50.9900016784668,1.0,0.0,0.0
47387,1.0,1,59.75,1.0,0.0,0.0
47391,4.0,1,218.9699993133545,1.0,0.0,0.0
47394,1.0,1,33.5,1.0,0.0,0.0
47396,1.0,1,31.989999771118164,1.0,0.0,0.0
47407,1.0,1,18.0,1.0,0.0,0.0
47411,1.0,1,160.0,1.0,0.0,0.0
47414,4.0,1,75.97999954223633,1.0,0.0,0.0
47416,1.0,1,65.0,1.0,0.0,0.0
47417,1.0,2,75.48499870300293,1.0,92.0,0.0
47420,3.0,1,114.43999767303467,1.0,0.0,0.0
47424,3.0,1,282.45000076293945,2.0,6.0,0.0
47428,1.0,1,20.780000686645508,1.0,0.0,0.0
47430,1.0,1,2.950000047683716,1.0,0.0,0.0
47434,1.0,1,29.57999992370605,1.0,0.0,0.0
47435,1.0,1,15.0,1.0,0.0,0.0
47437,1.0,1,13.590000152587892,1.0,0.0,0.0
47441,3.0,1,396.9799995422363,1.0,0.0,0.0
47444,1.0,1,60.02999877929688,1.0,0.0,0.0
47447,1.0,1,39.5,1.0,0.0,0.0
47449,1.0,1,19.0,1.0,0.0,0.0
47450,1.0,1,55.9900016784668,1.0,0.0,0.0
47453,1.5,2,37.79499912261963,1.0,744.0,0.0
47458,1.5,2,146.72500038146973,1.0,52.0,0.0
47460,2.0,1,105.9800033569336,1.0,0.0,0.0
47463,1.0,1,25.0,1.0,0.0,0.0
47473,1.0,1,7.5,1.0,0.0,0.0
47475,2.0,1,55.21999931335449,1.0,0.0,0.0
47479,1.0,1,13.539999961853027,1.0,0.0,0.0
47482,1.0,1,40.0,1.0,0.0,0.0
47484,1.0,1,64.0,1.0,0.0,0.0
47492,2.0,1,143.61000442504883,1.0,0.0,0.0
47495,1.0,1,19.989999771118164,1.0,0.0,0.0
47497,1.0,1,55.0,1.0,0.0,0.0
47502,2.0,1,154.97999954223633,1.0,0.0,0.0
47513,1.0,1,32.5,1.0,0.0,0.0
47515,2.0,1,87.0,1.0,0.0,0.0
47517,1.0,1,9.960000038146973,1.0,0.0,0.0
47518,1.0,1,28.979999542236328,1.0,0.0,0.0
47520,1.0,1,26.989999771118164,1.0,0.0,0.0
47527,2.5,2,141.21999835968018,1.0,1873.0,0.0
47531,1.0,1,65.0,1.0,0.0,0.0
47548,1.0,1,29.950000762939453,1.0,0.0,0.0
47549,1.0,1,35.0,1.0,0.0,0.0
47550,1.0,1,94.98999786376952,1.0,0.0,0.0
47556,2.0,1,93.0,1.0,0.0,0.0
47558,2.0,1,74.67000007629395,1.0,0.0,0.0
47560,2.0,1,92.20999908447266,1.0,0.0,0.0
47563,1.0,1,99.98999786376952,1.0,0.0,0.0
47564,1.0,1,42.0,1.0,0.0,0.0
47566,1.0,1,169.99000549316406,1.0,0.0,0.0
47571,1.0,1,37.950000762939446,1.0,0.0,0.0
47577,1.0,1,44.0,1.0,0.0,0.0
47579,4.0,1,358.439998626709,1.0,0.0,0.0
47580,3.0,1,65.5,1.0,0.0,0.0
47582,3.0,1,77.94000053405762,1.0,0.0,0.0
47587,1.0,1,79.0,1.0,0.0,0.0
47589,1.0,1,25.0,1.0,0.0,0.0
47599,1.0,1,27.479999542236328,1.0,0.0,0.0
47601,1.0,1,33.9900016784668,1.0,0.0,0.0
47602,1.0,1,69.9800033569336,1.0,0.0,0.0
47603,2.0,1,60.47000026702881,1.0,0.0,0.0
47604,1.0,1,289.0,1.0,0.0,0.0
47625,1.0,1,31.979999542236328,1.0,0.0,0.0
47627,1.0,1,53.0,1.0,0.0,0.0
47629,1.0,1,49.450000762939446,1.0,0.0,0.0
47635,1.0,1,25.0,1.0,0.0,0.0
47638,1.0,1,20.0,1.0,0.0,0.0
47640,2.0,1,59.940001487731934,1.0,0.0,0.0
47642,1.0,1,44.970001220703125,1.0,0.0,0.0
47646,1.0,1,9.880000114440918,1.0,0.0,0.0
47650,1.0,1,20.0,1.0,0.0,0.0
47655,1.0,1,12.0,1.0,0.0,0.0
47657,1.0,2,94.25,1.0,217.0,0.0
47660,1.0,1,25.0,1.0,0.0,0.0
47661,1.0,2,54.5,1.0,366.0,0.0
47669,1.0,1,59.9900016784668,1.0,0.0,0.0
47673,1.0,1,72.0,1.0,0.0,0.0
47678,3.0,1,200.28000450134277,1.0,0.0,0.0
47679,1.0,1,6.96999979019165,1.0,0.0,0.0
47681,2.5,2,177.73999881744385,1.0,1163.0,0.0
47682,1.0,1,79.86000061035155,1.0,0.0,0.0
47683,3.0,1,61.14999961853027,1.0,0.0,0.0
47687,1.0,1,27.5,1.0,0.0,0.0
47697,1.0,1,34.9900016784668,1.0,0.0,0.0
47699,1.0,1,20.989999771118164,1.0,0.0,0.0
47700,1.0,2,139.9800033569336,1.0,48.0,0.0
47710,2.0,1,205.5899963378906,1.0,0.0,0.0
47711,1.0,1,154.0,1.0,0.0,0.0
47714,2.0,1,123.4199981689453,1.0,0.0,0.0
47720,1.0,1,44.9900016784668,1.0,0.0,0.0
47722,2.0,1,158.89999961853027,1.0,0.0,0.0
47723,2.0,1,64.9900016784668,1.0,0.0,0.0
47725,1.0,2,46.47500038146973,1.0,766.0,0.0
47726,1.0,1,3.990000009536743,1.0,0.0,0.0
47731,3.0,1,90.96999931335449,1.0,0.0,0.0
47733,1.0,1,32.0,1.0,0.0,0.0
47735,1.0,1,11.989999771118164,1.0,0.0,0.0
47737,1.0,1,34.31999969482422,1.0,0.0,0.0
47745,1.0,1,8.5,1.0,0.0,0.0
47747,1.0,1,12.489999771118164,1.0,0.0,0.0
47752,1.0,1,249.94999694824216,1.0,0.0,0.0
47755,1.0,1,54.43999862670898,1.0,0.0,0.0
47760,4.0,1,258.3900032043457,1.0,0.0,0.0
47761,1.0,1,164.1199951171875,1.0,0.0,0.0
47765,1.0,1,7.0,1.0,0.0,0.0
47766,1.0,1,9.5,1.0,0.0,0.0
47767,1.0,2,14.690000057220459,1.0,46.0,0.0
47769,2.0,1,41.90000057220459,1.0,0.0,0.0
47773,4.0,1,179.9900016784668,1.0,0.0,0.0
47777,1.0,1,68.52999877929688,1.0,0.0,0.0
47778,1.0,1,39.97999954223633,1.0,0.0,0.0
47783,1.0,1,15.0,1.0,0.0,0.0
47789,1.0,1,29.93000030517578,1.0,0.0,0.0
47791,1.0,1,52.0,1.0,0.0,0.0
47792,1.5,1,129.95000076293945,2.0,13.0,0.0
47793,1.0,2,51.4950008392334,1.0,283.0,0.0
47794,1.3333333333333333,3,70.69666862487793,1.0,61.5,28.991378028648448
47796,2.0,1,47.5600004196167,1.0,0.0,0.0
47797,1.0,1,88.0,1.0,0.0,0.0
47798,1.0,1,38.450000762939446,1.0,0.0,0.0
47800,1.0,1,50.0,1.0,0.0,0.0
47801,1.0,1,88.0,1.0,0.0,0.0
47802,1.0,1,14.949999809265137,1.0,0.0,0.0
47803,2.0,1,57.44999980926514,1.0,0.0,0.0
47808,1.0,1,60.16999816894531,1.0,0.0,0.0
47812,1.0,1,139.99000549316406,1.0,0.0,0.0
47822,1.0,1,14.989999771118164,1.0,0.0,0.0
47823,1.0,1,63.9900016784668,1.0,0.0,0.0
47824,2.0,1,248.6500015258789,1.0,0.0,0.0
47829,1.0,1,31.590000152587887,1.0,0.0,0.0
47831,1.5,1,319.16000175476074,2.0,11.0,0.0
47842,1.0,1,38.470001220703125,1.0,0.0,0.0
47845,2.0,1,49.0,1.0,0.0,0.0
47850,1.0,1,37.84000015258789,1.0,0.0,0.0
47851,1.0,1,102.45000076293945,2.0,9.0,0.0
47854,1.0,1,87.58000183105469,1.0,0.0,0.0
47860,2.5,2,63.59000205993652,1.0,130.0,0.0
47862,1.0,1,39.9900016784668,1.0,0.0,0.0
47863,3.0,1,118.4900016784668,1.0,0.0,0.0
47866,3.0,1,161.79999923706055,1.0,0.0,0.0
47867,1.0,1,56.0,1.0,0.0,0.0
47868,1.0,1,12.989999771118164,1.0,0.0,0.0
47873,1.0,1,134.9499969482422,1.0,0.0,0.0
47881,1.0,2,21.494999885559082,1.0,270.0,0.0
47883,1.0,1,75.56999969482422,1.0,0.0,0.0
47884,4.0,1,120.92000198364258,1.0,0.0,0.0
47892,2.0,1,61.56999969482422,1.0,0.0,0.0
47898,1.0,1,32.9900016784668,1.0,0.0,0.0
47900,1.0,2,26.489999771118164,1.0,1121.0,0.0
47901,1.0,1,55.0,1.0,0.0,0.0
47905,2.0,1,72.98999977111816,1.0,0.0,0.0
47909,3.0,1,106.88999938964844,1.0,0.0,0.0
47912,1.0,1,17.989999771118164,1.0,0.0,0.0
47914,3.0,1,97.89000225067139,1.0,0.0,0.0
47923,1.0,1,99.98999786376952,1.0,0.0,0.0
47934,1.0,1,60.0,1.0,0.0,0.0
47936,1.0,1,54.450000762939446,1.0,0.0,0.0
47940,1.0,1,108.0,1.0,0.0,0.0
47945,1.5,2,48.99000072479248,1.0,257.0,0.0
47946,1.0,1,34.97999954223633,1.0,0.0,0.0
47951,1.0,1,23.479999542236328,1.0,0.0,0.0
47952,3.0,1,271.1500015258789,1.0,0.0,0.0
47956,2.0,1,63.0,1.0,0.0,0.0
47960,1.0,1,140.0,1.0,0.0,0.0
47961,1.0,2,79.98999977111816,1.0,490.0,0.0
47963,1.0,1,23.89999961853028,1.0,0.0,0.0
47965,1.0,1,184.72000122070312,1.0,0.0,0.0
47970,1.0,1,79.94999694824217,1.0,0.0,0.0
47971,1.0,1,13.06999969482422,1.0,0.0,0.0
47977,2.0,1,47.0,1.0,0.0,0.0
47986,2.0,1,45.63000011444092,1.0,0.0,0.0
47988,3.0,1,276.1500015258789,1.0,0.0,0.0
47991,1.0,1,49.900001525878906,1.0,0.0,0.0
47992,1.0,2,17.5,1.0,351.0,0.0
47998,2.0,1,39.940001487731934,1.0,0.0,0.0
47999,1.0,2,44.4950008392334,1.0,1378.0,0.0
48005,1.0,2,42.25,1.0,383.0,0.0
48006,3.0,1,228.99000549316406,1.0,0.0,0.0
48009,1.0,2,19.72000026702881,1.0,12.0,0.0
48013,4.0,1,429.94000244140625,1.0,0.0,0.0
48014,1.0,1,12.989999771118164,1.0,0.0,0.0
48015,4.0,1,150.92000198364258,1.0,0.0,0.0
48017,1.0,1,25.0,1.0,0.0,0.0
48027,2.5,2,178.87999820709229,1.0,138.0,0.0
48029,2.0,1,144.9900016784668,1.0,0.0,0.0
48031,1.0,1,10.619999885559082,1.0,0.0,0.0
48036,2.0,1,32.86999988555908,1.0,0.0,0.0
48040,1.0,1,119.0,1.0,0.0,0.0
48041,1.0,1,55.0,1.0,0.0,0.0
48045,1.0,1,26.0,1.0,0.0,0.0
48046,4.0,1,296.9799976348877,1.0,0.0,0.0
48047,3.0,1,210.9499969482422,1.0,0.0,0.0
48048,1.0,1,48.959999084472656,1.0,0.0,0.0
48056,2.0,1,291.95000076293945,1.0,0.0,0.0
48058,1.0,1,50.9900016784668,1.0,0.0,0.0
48064,1.0,1,3.25,1.0,0.0,0.0
48065,1.0,1,24.770000457763672,1.0,0.0,0.0
48066,2.0,1,50.94000053405762,1.0,0.0,0.0
48069,1.0,1,34.9900016784668,1.0,0.0,0.0
48073,3.0,1,72.00000190734863,1.0,0.0,0.0
48075,1.0,1,48.430000305175774,1.0,0.0,0.0
48076,1.0,1,64.0,1.0,0.0,0.0
48077,1.0,1,139.99000549316406,1.0,0.0,0.0
48082,2.0,1,127.98999786376952,1.0,0.0,0.0
48094,1.0,1,41.9900016784668,1.0,0.0,0.0
48100,1.0,2,68.19000053405762,1.0,42.0,0.0
48104,1.0,1,109.0,1.0,0.0,0.0
48107,1.0,1,38.0,1.0,0.0,0.0
48112,1.0,1,24.950000762939453,1.0,0.0,0.0
48115,4.0,1,218.0,1.0,0.0,0.0
48119,2.0,1,44.989999771118164,1.0,0.0,0.0
48121,1.0,1,43.9900016784668,1.0,0.0,0.0
48128,1.0,1,38.9900016784668,1.0,0.0,0.0
48131,1.0,1,25.0,1.0,0.0,0.0
48132,2.0,1,79.94999694824219,1.0,0.0,0.0
48134,1.0,1,17.75,1.0,0.0,0.0
48135,1.0,1,19.989999771118164,1.0,0.0,0.0
48136,1.0,2,66.51499938964844,1.0,194.0,0.0
48139,1.0,1,19.989999771118164,1.0,0.0,0.0
48140,1.0,1,44.0,1.0,0.0,0.0
48145,2.0,1,179.5,1.0,0.0,0.0
48146,2.0,1,107.98999786376953,1.0,0.0,0.0
48147,1.0,1,48.0,1.0,0.0,0.0
48149,1.0,1,85.9000015258789,1.0,0.0,0.0
48154,1.0,1,100.0,1.0,0.0,0.0
48155,1.0,1,81.0,1.0,0.0,0.0
48156,2.0,1,25.550000190734863,1.0,0.0,0.0
48165,1.0,1,24.0,1.0,0.0,0.0
48167,1.0,1,65.0,1.0,0.0,0.0
48170,1.0,1,26.290000915527344,1.0,0.0,0.0
48172,1.0,1,45.7400016784668,1.0,0.0,0.0
48174,1.0,1,13.989999771118164,1.0,0.0,0.0
48183,4.0,1,103.9900016784668,1.0,0.0,0.0
48197,1.0,1,47.9900016784668,1.0,0.0,0.0
48202,1.0,1,37.720001220703125,1.0,0.0,0.0
48203,1.0,1,69.5,1.0,0.0,0.0
48206,1.0,1,48.0,1.0,0.0,0.0
48211,3.0,2,372.77000284194946,1.0,27.0,0.0
48214,2.0,1,143.4499969482422,1.0,0.0,0.0
48224,2.0,1,89.9900016784668,1.0,0.0,0.0
48229,2.0,1,52.95000076293945,1.0,0.0,0.0
48230,1.0,1,46.9900016784668,1.0,0.0,0.0
48231,1.5,2,57.599998474121094,1.0,153.0,0.0
48239,1.0,1,24.989999771118164,1.0,0.0,0.0
48244,1.0,1,29.40999984741211,1.0,0.0,0.0
48245,1.0,1,188.0,1.0,0.0,0.0
48246,3.0,1,98.98000144958496,1.0,0.0,0.0
48253,2.0,1,86.98999786376953,1.0,0.0,0.0
48258,1.0,1,69.5,1.0,0.0,0.0
48259,1.0,1,39.5,1.0,0.0,0.0
48260,1.0,1,22.07999992370605,1.0,0.0,0.0
48263,1.0,1,59.5,1.0,0.0,0.0
48266,3.0,1,67.5,1.0,0.0,0.0
48278,1.0,1,39.0,1.0,0.0,0.0
48289,2.0,2,137.8350009918213,1.0,1386.0,0.0
48291,1.0,1,25.600000381469727,1.0,0.0,0.0
48292,2.0,1,107.5,1.0,0.0,0.0
48294,1.0,1,61.2400016784668,1.0,0.0,0.0
48297,3.0,1,269.9600067138672,1.0,0.0,0.0
48301,1.0,1,36.0,1.0,0.0,0.0
48302,1.0,1,11.1899995803833,1.0,0.0,0.0
48304,1.0,1,27.950000762939453,1.0,0.0,0.0
48307,1.0,1,11.989999771118164,1.0,0.0,0.0
48308,1.5,2,212.4900016784668,1.0,735.0,0.0
48312,1.5,2,42.49499988555908,1.0,262.0,0.0
48314,1.0,1,6.949999809265137,1.0,0.0,0.0
48319,1.0,1,54.34000015258789,1.0,0.0,0.0
48324,1.0,1,27.420000076293945,1.0,0.0,0.0
48326,2.0,1,116.0,1.0,0.0,0.0
48331,1.0,1,49.119998931884766,1.0,0.0,0.0
48347,1.0,1,46.0,1.0,0.0,0.0
48354,1.0,1,19.96999931335449,1.0,0.0,0.0
48356,2.0,1,52.5,1.0,0.0,0.0
48359,2.0,1,46.97999954223633,1.0,0.0,0.0
48362,1.5,2,45.04500102996826,1.0,336.0,0.0
48366,1.5,2,46.37000036239624,1.0,341.0,0.0
48370,1.0,1,59.0,1.0,0.0,0.0
48380,1.0,1,175.0,1.0,0.0,0.0
48382,1.0,2,41.974998474121094,1.0,158.0,0.0
48387,2.0,3,100.62666765848796,1.0,300.0,363.4528855298854
48389,2.0,1,48.980000019073486,1.0,0.0,0.0
48390,1.0,1,97.0,1.0,0.0,0.0
48399,1.0,1,76.0,1.0,0.0,0.0
48405,1.0,2,18.734999656677246,1.0,242.0,0.0
48415,2.0,1,83.95000076293945,1.0,0.0,0.0
48421,1.0,1,7.949999809265136,1.0,0.0,0.0
48424,1.0,1,62.0,1.0,0.0,0.0
48434,1.0,1,49.5,1.0,0.0,0.0
48444,1.0,1,85.0,1.0,0.0,0.0
48450,2.0,1,168.83000564575195,1.0,0.0,0.0
48452,1.0,1,55.0,1.0,0.0,0.0
48454,1.0,1,44.9900016784668,1.0,0.0,0.0
48459,1.0,1,13.229999542236328,1.0,0.0,0.0
48461,1.0,1,3.289999961853028,1.0,0.0,0.0
48462,1.0,1,49.9900016784668,1.0,0.0,0.0
48466,1.0,2,24.94999980926514,1.0,917.0,0.0
48468,1.0,1,22.0,1.0,0.0,0.0
48469,3.0,2,198.74499893188477,1.0,258.0,0.0
48471,1.0,1,48.0,1.0,0.0,0.0
48485,1.0,1,17.989999771118164,1.0,0.0,0.0
48486,2.0,1,103.48999977111816,1.0,0.0,0.0
48487,1.6666666666666667,3,67.31333351135254,1.0,453.5,86.97413408594535
48489,1.0,1,57.630001068115234,1.0,0.0,0.0
48494,1.0,1,62.36000061035156,1.0,0.0,0.0
48501,2.0,1,232.39999389648438,1.0,0.0,0.0
48502,1.0,1,105.37999725341795,1.0,0.0,0.0
48505,4.0,1,364.5,1.0,0.0,0.0
48511,3.0,1,129.2599983215332,1.0,0.0,0.0
48513,1.0,1,176.0,1.0,0.0,0.0
48514,1.0,1,129.0,1.0,0.0,0.0
48522,1.5,2,47.015000343322754,1.0,47.0,0.0
48526,1.0,1,24.989999771118164,1.0,0.0,0.0
48530,1.0,1,78.98999786376953,1.0,0.0,0.0
48538,1.0,1,25.0,1.0,0.0,0.0
48542,1.0,2,28.4950008392334,1.0,327.0,0.0
48543,1.0,1,20.280000686645508,1.0,0.0,0.0
48556,1.0,1,48.0,1.0,0.0,0.0
48560,2.0,1,161.45999908447266,1.0,0.0,0.0
48563,1.0,1,14.0,1.0,0.0,0.0
48566,1.0,1,45.9900016784668,1.0,0.0,0.0
48568,1.0,1,36.9900016784668,1.0,0.0,0.0
48569,1.0,1,24.989999771118164,1.0,0.0,0.0
48579,1.0,1,44.0,1.0,0.0,0.0
48580,2.0,1,299.9499969482422,1.0,0.0,0.0
48585,1.0,1,25.979999542236328,1.0,0.0,0.0
48586,1.0,1,121.0,1.0,0.0,0.0
48587,1.0,1,79.98999786376953,1.0,0.0,0.0
48597,1.0,1,264.0,1.0,0.0,0.0
48599,1.0,1,29.0,1.0,0.0,0.0
48603,1.0,1,13.989999771118164,1.0,0.0,0.0
48604,1.0,1,50.9900016784668,1.0,0.0,0.0
48609,1.0,1,6.989999771118164,1.0,0.0,0.0
48617,4.0,1,142.13000297546387,1.0,0.0,0.0
48619,2.0,1,24.56999969482422,1.0,0.0,0.0
48620,1.0,1,69.98999786376953,1.0,0.0,0.0
48622,1.0,1,59.0,1.0,0.0,0.0
48623,1.0,1,59.9900016784668,1.0,0.0,0.0
48625,1.0,3,106.29666900634766,1.3333333333333333,272.3333333333333,233.30737950895025
48627,1.0,2,45.510000228881836,1.0,36.0,0.0
48634,1.0,1,10.979999542236328,1.0,0.0,0.0
48635,3.0,1,72.9300012588501,1.0,0.0,0.0
48636,2.0,2,298.49500274658203,1.0,732.0,0.0
48637,1.0,1,695.0,1.0,0.0,0.0
48640,1.0,1,67.5,1.0,0.0,0.0
48641,1.0,1,83.0,1.0,0.0,0.0
48643,1.0,1,12.989999771118164,1.0,0.0,0.0
48646,1.0,2,99.93500137329102,1.0,682.0,0.0
48647,1.0,1,66.05000305175781,1.0,0.0,0.0
48649,1.0,1,20.0,1.0,0.0,0.0
48650,4.0,1,239.52999877929688,1.0,0.0,0.0
48652,1.0,1,62.0,1.0,0.0,0.0
48654,2.0,2,61.8100004196167,1.0,794.0,0.0
48655,2.0,1,132.9800033569336,1.0,0.0,0.0
48663,1.0,1,7.989999771118163,1.0,0.0,0.0
48668,1.0,1,9.0,1.0,0.0,0.0
48677,1.0,1,15.670000076293944,1.0,0.0,0.0
48678,1.0,1,269.3900146484375,1.0,0.0,0.0
48680,2.0,1,93.9900016784668,1.0,0.0,0.0
48692,1.0,1,7.949999809265136,1.0,0.0,0.0
48696,1.0,1,39.9900016784668,1.0,0.0,0.0
48700,4.0,1,171.7700035572052,1.0,0.0,0.0
48704,1.0,1,33.599998474121094,1.0,0.0,0.0
48705,1.0,1,44.9900016784668,1.0,0.0,0.0
48711,1.0,1,13.5,1.0,0.0,0.0
48714,2.0,1,62.45000076293945,1.0,0.0,0.0
48715,1.0,1,22.989999771118164,1.0,0.0,0.0
48716,2.0,1,11.489999771118164,1.0,0.0,0.0
48721,1.0,1,149.97999572753906,1.0,0.0,0.0
48722,2.0,1,86.98999977111816,1.0,0.0,0.0
48723,1.0,1,118.0,1.0,0.0,0.0
48724,1.0,1,8.989999771118164,1.0,0.0,0.0
48729,1.0,2,40.135000228881836,1.0,695.0,0.0
48736,1.0,1,34.95000076293945,1.0,0.0,0.0
48746,1.0,1,116.98999977111816,2.0,15.0,0.0
48756,1.0,1,49.5,1.0,0.0,0.0
48758,1.0,1,12.850000381469728,1.0,0.0,0.0
48763,1.0,1,58.9099998474121,1.0,0.0,0.0
48765,1.0,1,75.0,1.0,0.0,0.0
48767,1.0,1,8.0,1.0,0.0,0.0
48769,1.0,1,24.5,1.0,0.0,0.0
48774,3.0,1,101.14000034332275,1.0,0.0,0.0
48775,1.0,1,119.98999786376952,1.0,0.0,0.0
48785,2.0,2,248.02000045776367,1.0,436.0,0.0
48791,1.0,1,79.0,1.0,0.0,0.0
48809,2.0,1,77.98000144958496,1.0,0.0,0.0
48811,1.0,1,55.959999084472656,1.0,0.0,0.0
48812,1.5,2,100.24000084400177,1.0,1364.0,0.0
48813,2.0,1,25.979999542236328,1.0,0.0,0.0
48814,2.0,1,205.0,1.0,0.0,0.0
48818,2.0,1,178.9900016784668,1.0,0.0,0.0
48819,1.0,1,40.0,1.0,0.0,0.0
48823,1.0,1,17.989999771118164,1.0,0.0,0.0
48826,1.0,1,46.9900016784668,1.0,0.0,0.0
48830,1.5,2,164.79999947547913,1.0,1085.0,0.0
48831,1.0,1,18.0,1.0,0.0,0.0
48846,1.0,2,80.875,1.0,69.0,0.0
48847,1.0,1,32.95000076293945,1.0,0.0,0.0
48848,1.5,2,121.49000072479248,1.0,223.0,0.0
48850,2.0,1,75.0,1.0,0.0,0.0
48856,1.0,1,34.9900016784668,1.0,0.0,0.0
48857,2.0,1,214.1599998474121,1.0,0.0,0.0
48859,1.0,2,19.739999771118164,1.0,418.0,0.0
48867,2.0,1,108.98999977111816,1.0,0.0,0.0
48869,2.0,1,145.9799976348877,1.0,0.0,0.0
48870,3.0,1,81.98999977111816,1.0,0.0,0.0
48871,2.0,2,43.25500011444092,1.0,1059.0,0.0
48874,1.0,1,44.0,1.0,0.0,0.0
48875,1.0,1,70.0,1.0,0.0,0.0
48877,1.0,1,44.5,1.0,0.0,0.0
48881,1.0,1,27.799999237060547,1.0,0.0,0.0
48886,1.0,1,18.950000762939453,1.0,0.0,0.0
48888,1.0,2,39.49499988555908,1.0,254.0,0.0
48895,1.0,1,26.989999771118164,1.0,0.0,0.0
48896,1.0,1,28.0,1.0,0.0,0.0
48902,1.0,1,44.0,1.0,0.0,0.0
48906,1.0,1,39.5,1.0,0.0,0.0
48912,2.0,1,91.1500015258789,1.0,0.0,0.0
48914,1.0,1,47.200000762939446,1.0,0.0,0.0
48921,1.0,1,55.0,1.0,0.0,0.0
48925,1.0,1,69.5,1.0,0.0,0.0
48927,1.0,1,34.9900016784668,1.0,0.0,0.0
48930,1.0,1,25.0,1.0,0.0,0.0
48935,1.0,2,87.46499824523926,1.0,258.0,0.0
48941,1.0,1,138.75,1.0,0.0,0.0
48942,4.0,1,307.94000244140625,1.0,0.0,0.0
48943,4.0,1,211.4699993133545,1.0,0.0,0.0
48947,1.0,2,89.99500274658203,1.0,568.0,0.0
48952,1.0,1,27.81999969482421,1.0,0.0,0.0
48959,4.0,1,194.14999771118164,1.0,0.0,0.0
48960,2.0,3,140.63333384195963,1.0,448.5,506.9955621107546
48961,3.0,1,109.98999977111816,1.0,0.0,0.0
48962,2.0,1,95.56000137329102,1.0,0.0,0.0
48964,1.0,1,30.0,1.0,0.0,0.0
48967,1.0,1,24.989999771118164,1.0,0.0,0.0
48968,2.0,1,55.90000057220458,1.0,0.0,0.0
48969,1.0,2,11.980000019073486,1.0,232.0,0.0
48975,1.0,1,12.899999618530272,1.0,0.0,0.0
48976,1.5,2,34.984999656677246,1.0,655.0,0.0
48978,3.0,1,167.75,1.0,0.0,0.0
48985,1.0,1,59.9900016784668,1.0,0.0,0.0
48989,1.0,1,24.989999771118164,1.0,0.0,0.0
48993,2.0,1,104.62999916076662,1.0,0.0,0.0
48994,1.0,1,29.950000762939453,1.0,0.0,0.0
48996,1.0,1,198.0,1.0,0.0,0.0
49005,1.0,1,180.0,1.0,0.0,0.0
49006,1.0,2,17.494999885559082,1.0,253.0,0.0
49016,1.0,1,230.0,1.0,0.0,0.0
49020,1.0,1,26.0,1.0,0.0,0.0
49031,1.0,1,90.27999877929688,1.0,0.0,0.0
49034,1.0,1,33.209999084472656,1.0,0.0,0.0
49051,1.0,1,158.0,1.0,0.0,0.0
49052,4.0,1,129.92999744415283,1.0,0.0,0.0
49053,4.0,1,218.4900016784668,1.0,0.0,0.0
49055,1.0,1,36.0,1.0,0.0,0.0
49056,2.0,1,128.9499969482422,1.0,0.0,0.0
49063,1.0,1,9.989999771118164,1.0,0.0,0.0
49069,2.0,1,51.90999984741211,1.0,0.0,0.0
49070,1.0,1,119.0,1.0,0.0,0.0
49073,4.0,1,239.8000030517578,1.0,0.0,0.0
49076,1.0,1,7.989999771118163,1.0,0.0,0.0
49079,2.0,1,104.5,1.0,0.0,0.0
49086,1.0,1,88.0,1.0,0.0,0.0
49094,2.0,1,53.9900016784668,1.0,0.0,0.0
49096,1.0,1,39.950000762939446,1.0,0.0,0.0
49098,1.0,1,8.0,1.0,0.0,0.0
49099,1.0,1,114.12000274658205,1.0,0.0,0.0
49104,1.0,1,29.5,1.0,0.0,0.0
49106,1.0,1,25.0,1.0,0.0,0.0
49109,1.0,1,19.239999771118164,1.0,0.0,0.0
49112,1.0,1,19.0,1.0,0.0,0.0
49114,1.0,1,35.95000076293945,1.0,0.0,0.0
49123,1.0,1,66.5,1.0,0.0,0.0
49124,1.0,1,58.0,1.0,0.0,0.0
49126,2.0,1,92.73999977111816,1.0,0.0,0.0
49128,1.0,1,39.97999954223633,1.0,0.0,0.0
49130,2.0,1,92.89999771118164,1.0,0.0,0.0
49131,1.0,1,15.899999618530272,1.0,0.0,0.0
49134,2.0,1,54.93000030517578,1.0,0.0,0.0
49135,1.0,1,600.0,1.0,0.0,0.0
49137,2.0,1,88.9799976348877,1.0,0.0,0.0
49138,1.0,1,155.0,1.0,0.0,0.0
49141,1.0,1,148.0,1.0,0.0,0.0
49151,1.0,1,131.94000244140625,1.0,0.0,0.0
49152,1.0,1,75.0,1.0,0.0,0.0
49156,1.0,1,21.989999771118164,1.0,0.0,0.0
49157,1.0,1,17.309999465942383,1.0,0.0,0.0
49158,1.0,1,100.0,1.0,0.0,0.0
49162,1.0,1,79.0,1.0,0.0,0.0
49167,1.0,1,14.970000267028809,1.0,0.0,0.0
49169,1.0,1,24.0,1.0,0.0,0.0
49171,1.0,1,85.41999816894531,1.0,0.0,0.0
49173,2.0,1,88.98999977111816,1.0,0.0,0.0
49174,2.0,1,147.97000122070312,1.0,0.0,0.0
49178,1.0,1,25.0,1.0,0.0,0.0
49179,1.0,1,18.0,1.0,0.0,0.0
49180,2.0,1,41.0,1.0,0.0,0.0
49181,2.0,1,29.989999771118164,1.0,0.0,0.0
49183,1.0,1,10.5,1.0,0.0,0.0
49192,1.0,1,55.0,1.0,0.0,0.0
49194,2.0,1,92.98999977111816,1.0,0.0,0.0
49196,3.0,1,68.9300012588501,1.0,0.0,0.0
49203,1.0,1,109.98999786376952,1.0,0.0,0.0
49207,1.0,1,248.97999572753903,1.0,0.0,0.0
49208,1.0,2,31.994999885559082,1.0,47.0,0.0
49211,2.0,1,118.4900016784668,1.0,0.0,0.0
49213,1.0,1,75.31999969482422,1.0,0.0,0.0
49215,1.0,1,49.9900016784668,1.0,0.0,0.0
49216,1.0,1,29.989999771118164,1.0,0.0,0.0
49219,1.0,1,36.880001068115234,1.0,0.0,0.0
49223,2.0,1,107.9900016784668,1.0,0.0,0.0
49232,1.0,1,60.0,1.0,0.0,0.0
49233,1.0,1,18.0,1.0,0.0,0.0
49235,4.0,1,110.14999961853027,1.0,0.0,0.0
49240,1.0,1,33.0,1.0,0.0,0.0
49247,2.0,1,31.859999656677253,1.0,0.0,0.0
49252,1.0,1,39.5,1.0,0.0,0.0
49253,1.0,1,14.899999618530272,1.0,0.0,0.0
49254,2.0,1,104.9000015258789,1.0,0.0,0.0
49261,2.0,1,124.98999977111816,1.0,0.0,0.0
49264,4.0,1,243.09000396728516,1.0,0.0,0.0
49265,1.0,1,18.25,1.0,0.0,0.0
49268,2.0,1,72.98999977111816,1.0,0.0,0.0
49271,3.0,1,244.97999954223633,1.0,0.0,0.0
49272,1.5,2,48.42500066757202,1.0,13.0,0.0
49273,1.0,1,34.9900016784668,1.0,0.0,0.0
49278,1.0,1,23.989999771118164,1.0,0.0,0.0
49280,2.0,1,24.609999656677246,1.0,0.0,0.0
49285,4.0,1,345.26999855041504,1.0,0.0,0.0
49293,1.0,1,98.0,1.0,0.0,0.0
49296,1.0,1,24.989999771118164,1.0,0.0,0.0
49301,1.0,1,139.86000061035156,1.0,0.0,0.0
49310,1.0,1,38.9900016784668,1.0,0.0,0.0
49323,1.0,1,11.529999732971191,1.0,0.0,0.0
49327,1.0,1,43.880001068115234,1.0,0.0,0.0
49328,1.0,1,69.9800033569336,1.0,0.0,0.0
49331,1.5,2,42.94499969482422,1.0,48.0,0.0
49332,1.0,1,70.0,1.0,0.0,0.0
49337,1.5,2,14.855000019073486,1.0,876.0,0.0
49342,2.0,1,57.5,1.0,0.0,0.0
49343,2.0,1,57.5,1.0,0.0,0.0
49357,1.0,1,70.0,1.0,0.0,0.0
49358,2.0,1,86.98999977111816,1.0,0.0,0.0
49361,1.0,1,51.59999847412109,1.0,0.0,0.0
49364,1.0,1,65.25,1.0,0.0,0.0
49370,1.0,1,18.0,1.0,0.0,0.0
49376,1.0,1,54.9900016784668,1.0,0.0,0.0
49377,1.0,1,49.5,1.0,0.0,0.0
49380,2.0,1,138.0,1.0,0.0,0.0
49384,1.0,1,72.88999938964845,1.0,0.0,0.0
49388,1.0,1,105.95000076293945,2.0,10.0,0.0
49389,1.0,1,34.9900016784668,1.0,0.0,0.0
49393,2.0,1,283.0,1.0,0.0,0.0
49397,1.0,1,64.0,1.0,0.0,0.0
49399,1.0,1,65.0,1.0,0.0,0.0
49400,1.0,1,20.0,1.0,0.0,0.0
49405,1.0,1,49.9900016784668,1.0,0.0,0.0
49407,2.0,1,149.98999786376953,1.0,0.0,0.0
49410,1.0,1,36.950000762939446,1.0,0.0,0.0
49414,4.0,1,536.4899997711182,1.0,0.0,0.0
49415,4.0,1,231.5,1.0,0.0,0.0
49416,2.0,1,87.9900016784668,1.0,0.0,0.0
49417,4.0,1,185.79000186920166,1.0,0.0,0.0
49419,1.0,1,89.94999694824217,1.0,0.0,0.0
49444,1.0,1,25.0,1.0,0.0,0.0
49445,1.0,1,98.0,1.0,0.0,0.0
49446,2.0,1,87.9900016784668,1.0,0.0,0.0
49448,1.0,1,18.5,1.0,0.0,0.0
49450,1.0,1,27.0,1.0,0.0,0.0
49453,4.0,1,232.23999977111816,1.0,0.0,0.0
49457,2.0,1,154.47999572753906,1.0,0.0,0.0
49465,2.5,2,205.0,1.0,40.0,0.0
49468,2.0,1,21.59999942779541,1.0,0.0,0.0
49472,1.0,1,6.5,1.0,0.0,0.0
49474,1.5,2,51.954999923706055,1.0,46.0,0.0
49477,1.0,1,25.0,1.0,0.0,0.0
49479,1.0,1,31.5,1.0,0.0,0.0
49486,1.0,1,49.950000762939446,1.0,0.0,0.0
49487,1.0,1,129.99000549316406,1.0,0.0,0.0
49494,4.0,1,440.9300003051758,1.0,0.0,0.0
49498,4.0,1,366.8999996185303,1.0,0.0,0.0
49501,2.0,1,109.45000076293945,1.0,0.0,0.0
49503,2.0,1,339.92999267578125,1.0,0.0,0.0
49508,1.0,1,55.0,1.0,0.0,0.0
49510,1.0,1,29.5,1.0,0.0,0.0
49513,1.0,1,11.989999771118164,1.0,0.0,0.0
49514,1.5,2,90.95999813079834,1.0,407.0,0.0
49519,1.0,1,54.9900016784668,1.0,0.0,0.0
49521,1.0,1,25.0,1.0,0.0,0.0
49526,1.0,1,49.9900016784668,1.0,0.0,0.0
49529,1.0,1,105.0,1.0,0.0,0.0
49535,2.0,1,61.9900016784668,1.0,0.0,0.0
49536,2.0,1,197.0,1.0,0.0,0.0
49537,1.0,2,91.5,1.0,217.0,0.0
49545,2.5,1,453.02000427246094,2.0,2.0,0.0
49546,1.0,1,126.0,1.0,0.0,0.0
49548,1.0,1,47.5,1.0,0.0,0.0
49550,1.0,1,49.0,1.0,0.0,0.0
49557,1.0,1,50.0,1.0,0.0,0.0
49558,1.0,1,42.0,1.0,0.0,0.0
49560,2.0,1,84.9900016784668,1.0,0.0,0.0
49561,1.0,1,39.9900016784668,1.0,0.0,0.0
49562,1.0,1,137.75,1.0,0.0,0.0
49563,2.0,1,99.0999984741211,1.0,0.0,0.0
49568,1.0,1,6.989999771118164,1.0,0.0,0.0
49571,1.0,1,33.0,1.0,0.0,0.0
49573,1.0,1,17.0,1.0,0.0,0.0
49574,1.0,1,17.0,1.0,0.0,0.0
49579,1.0,1,38.0,1.0,0.0,0.0
49580,1.0,1,85.9800033569336,1.0,0.0,0.0
49589,1.0,1,154.0,1.0,0.0,0.0
49593,1.0,1,54.900001525878906,1.0,0.0,0.0
49598,2.0,1,83.9799976348877,1.0,0.0,0.0
49604,1.0,1,39.5,1.0,0.0,0.0
49607,2.0,1,220.93000030517578,1.0,0.0,0.0
49610,4.0,1,242.4800033569336,1.0,0.0,0.0
49612,1.0,1,58.0,1.0,0.0,0.0
49616,2.0,1,62.300002098083496,1.0,0.0,0.0
49631,1.0,1,87.94999694824217,1.0,0.0,0.0
49634,1.0,1,79.98999786376953,1.0,0.0,0.0
49635,1.0,1,25.950000762939453,1.0,0.0,0.0
49647,1.0,1,40.0,1.0,0.0,0.0
49651,3.0,1,222.98999977111816,1.0,0.0,0.0
49657,1.0,1,38.9900016784668,1.0,0.0,0.0
49665,1.0,1,9.270000457763674,1.0,0.0,0.0
49669,1.0,1,25.950000762939453,1.0,0.0,0.0
49679,1.0,1,69.5,1.0,0.0,0.0
49681,4.0,1,349.9299964904785,1.0,0.0,0.0
49682,2.0,1,117.0,1.0,0.0,0.0
49686,1.0,1,81.95999908447266,1.0,0.0,0.0
49688,1.0,1,230.0,1.0,0.0,0.0
49689,1.0,2,20.43499994277954,1.0,413.0,0.0
49694,1.0,2,63.59999847412108,1.0,88.0,0.0
49695,1.0,1,26.989999771118164,1.0,0.0,0.0
49697,3.0,1,212.95000076293945,1.0,0.0,0.0
49703,1.0,1,29.989999771118164,1.0,0.0,0.0
49706,2.0,1,136.9900016784668,1.0,0.0,0.0
49708,1.0,1,72.0,1.0,0.0,0.0
49712,2.0,2,183.51499938964844,1.0,263.0,0.0
49715,3.0,1,87.75,1.0,0.0,0.0
49718,1.0,1,45.02000045776367,1.0,0.0,0.0
49723,1.5,2,75.49499988555908,1.0,152.0,0.0
49724,4.0,1,254.65000534057617,1.0,0.0,0.0
49725,1.0,1,23.76000022888184,1.0,0.0,0.0
49732,3.0,1,119.9600019454956,1.0,0.0,0.0
49734,1.0,1,49.5,1.0,0.0,0.0
49737,1.0,1,45.220001220703125,1.0,0.0,0.0
49740,1.0,1,25.0,1.0,0.0,0.0
49745,1.0,1,24.71999931335449,1.0,0.0,0.0
49751,1.0,1,124.5,1.0,0.0,0.0
49753,1.0,3,117.04999923706055,1.0,1055.5,1134.9063838044087
49754,2.0,1,113.27000045776367,1.0,0.0,0.0
49758,1.5,2,22.104999542236328,1.0,28.0,0.0
49760,1.0,1,90.77999877929688,1.0,0.0,0.0
49766,1.0,1,52.0,1.0,0.0,0.0
49769,1.0,1,29.989999771118164,1.0,0.0,0.0
49770,1.0,1,55.59999847412109,1.0,0.0,0.0
49772,1.0,1,104.0,1.0,0.0,0.0
49773,1.0,1,15.989999771118164,1.0,0.0,0.0
49774,1.5,2,101.30999660491943,1.0,101.0,0.0
49775,1.0,2,27.994999885559082,1.0,332.0,0.0
49779,1.0,1,65.0,1.0,0.0,0.0
49781,1.0,1,79.0,1.0,0.0,0.0
49783,1.0,1,249.9900054931641,1.0,0.0,0.0
49786,4.0,1,341.78000020980835,1.0,0.0,0.0
49789,1.0,2,15.339999675750732,1.0,1344.0,0.0
49791,1.0,1,53.0,1.0,0.0,0.0
49802,1.0,1,179.5,1.0,0.0,0.0
49806,1.0,1,39.950000762939446,1.0,0.0,0.0
49807,1.0,1,175.0,1.0,0.0,0.0
49811,1.0,1,46.9900016784668,1.0,0.0,0.0
49813,1.0,1,39.9900016784668,1.0,0.0,0.0
49814,3.0,1,225.9099998474121,1.0,0.0,0.0
49819,1.0,1,29.989999771118164,1.0,0.0,0.0
49820,1.0,1,14.989999771118164,1.0,0.0,0.0
49822,2.0,2,134.6649980545044,1.0,154.0,0.0
49823,2.0,1,32.21999931335449,1.0,0.0,0.0
49828,4.0,1,216.25999641418457,1.0,0.0,0.0
49832,1.0,1,44.9900016784668,1.0,0.0,0.0
49835,1.0,1,59.709999084472656,1.0,0.0,0.0
49836,2.0,1,133.93999862670898,1.0,0.0,0.0
49840,1.0,1,159.0,1.0,0.0,0.0
49843,4.0,1,203.20000076293945,1.0,0.0,0.0
49852,1.0,1,26.989999771118164,1.0,0.0,0.0
49853,2.0,1,20.459999561309814,1.0,0.0,0.0
49855,1.0,1,14.0,1.0,0.0,0.0
49861,1.0,1,54.0,1.0,0.0,0.0
49863,2.0,1,70.59000205993652,1.0,0.0,0.0
49864,1.0,1,198.0,1.0,0.0,0.0
49867,1.0,1,67.0,2.0,8.0,0.0
49869,1.0,1,24.989999771118164,1.0,0.0,0.0
49873,1.0,1,903.0,1.0,0.0,0.0
49885,1.0,1,49.11000061035156,2.0,11.0,0.0
49891,2.0,1,99.94000244140625,1.0,0.0,0.0
49892,2.0,1,80.9799976348877,1.0,0.0,0.0
49897,1.0,1,130.0,1.0,0.0,0.0
49901,1.0,1,18.75,1.0,0.0,0.0
49905,1.0,1,15.949999809265137,1.0,0.0,0.0
49915,1.0,1,16.489999771118164,1.0,0.0,0.0
49919,1.0,1,25.0,1.0,0.0,0.0
49921,2.0,1,147.01000213623047,1.0,0.0,0.0
49924,1.0,2,39.320000648498535,1.0,172.0,0.0
49927,1.0,1,49.9900016784668,1.0,0.0,0.0
49930,1.0,2,66.2450008392334,1.0,117.0,0.0
49933,1.0,1,38.9900016784668,1.0,0.0,0.0
49936,1.6666666666666667,3,111.33000055948894,1.0,756.0,660.4377336282354
49937,2.0,1,45.63000011444092,1.0,0.0,0.0
49942,1.0,1,15.0,1.0,0.0,0.0
49946,1.0,1,84.0,1.0,0.0,0.0
49948,1.5,1,63.39999961853027,2.0,12.0,0.0
49949,1.0,1,19.989999771118164,1.0,0.0,0.0
49951,2.0,1,55.989999771118164,1.0,0.0,0.0
49953,1.0,1,127.51000213623048,1.0,0.0,0.0
49963,1.0,1,67.98999786376953,1.0,0.0,0.0
49966,1.0,1,22.39999961853028,1.0,0.0,0.0
49969,1.0,1,19.989999771118164,1.0,0.0,0.0
49971,2.0,1,44.11000156402588,1.0,0.0,0.0
49973,1.0,1,30.0,1.0,0.0,0.0
49974,1.0,1,14.25,1.0,0.0,0.0
49976,1.0,1,17.989999771118164,1.0,0.0,0.0
49977,1.0,1,25.0,1.0,0.0,0.0
49978,1.0,1,84.58000183105469,1.0,0.0,0.0
49980,1.0,1,102.90000152587892,1.0,0.0,0.0
49981,1.0,1,178.0,1.0,0.0,0.0
49982,1.0,1,32.0,1.0,0.0,0.0
49986,1.0,1,69.98999786376953,1.0,0.0,0.0
49994,1.0,1,64.93000030517578,1.0,0.0,0.0
49996,1.0,1,157.88999938964844,1.0,0.0,0.0
49997,1.0,1,29.989999771118164,1.0,0.0,0.0
50000,1.0,1,23.420000076293945,1.0,0.0,0.0
50002,1.3333333333333333,3,85.50333182017009,1.0,708.0,360.62445840513925
50008,2.5,2,165.8450002670288,1.0,254.0,0.0
50010,1.0,1,57.47999954223633,1.0,0.0,0.0
50015,1.0,2,21.25,1.0,145.0,0.0
50016,1.0,1,35.0,1.0,0.0,0.0
50017,1.0,1,54.9900016784668,1.0,0.0,0.0
50022,2.0,1,104.0,1.0,0.0,0.0
50023,1.0,1,44.9900016784668,1.0,0.0,0.0
50026,1.0,1,64.80000305175781,1.0,0.0,0.0
50029,1.0,1,98.0,1.0,0.0,0.0
50031,1.0,2,27.47000026702881,1.0,2168.0,0.0
50032,1.0,1,24.5,1.0,0.0,0.0
50035,2.0,1,332.82999992370605,1.0,0.0,0.0
50036,2.0,1,84.9000015258789,1.0,0.0,0.0
50041,4.0,1,334.439998626709,1.0,0.0,0.0
50043,3.0,1,92.44999885559082,1.0,0.0,0.0
50044,1.0,1,12.270000457763672,1.0,0.0,0.0
50046,1.0,1,139.9499969482422,1.0,0.0,0.0
50052,1.0,1,20.989999771118164,1.0,0.0,0.0
50053,1.0,1,25.0,1.0,0.0,0.0
50054,1.0,1,69.0,1.0,0.0,0.0
50062,1.0,2,77.8499984741211,1.0,1366.0,0.0
50063,1.0,1,29.989999771118164,1.0,0.0,0.0
50064,1.0,1,12.0,1.0,0.0,0.0
50065,1.0,1,113.90000152587892,1.0,0.0,0.0
50072,1.5,2,172.49499988555908,1.0,562.0,0.0
50077,2.0,1,44.95000076293945,1.0,0.0,0.0
50078,2.0,1,104.95000076293945,1.0,0.0,0.0
50090,1.0,1,9.239999771118164,1.0,0.0,0.0
50093,1.0,1,90.41000366210936,1.0,0.0,0.0
50103,3.0,1,137.98999786376953,1.0,0.0,0.0
50107,3.0,1,279.9900016784668,1.0,0.0,0.0
50111,2.0,1,125.5,1.0,0.0,0.0
50116,1.0,1,49.9900016784668,1.0,0.0,0.0
50123,1.0,1,36.0,1.0,0.0,0.0
50126,2.0,1,84.89000129699707,1.0,0.0,0.0
50128,1.0,1,64.0,1.0,0.0,0.0
50131,2.0,2,95.08500003814697,1.0,1134.0,0.0
50138,1.0,1,138.0,1.0,0.0,0.0
50142,1.0,2,84.45999908447266,1.0,35.0,0.0
50147,2.0,1,197.99000549316406,1.0,0.0,0.0
50155,2.0,1,85.98999977111816,1.0,0.0,0.0
50159,3.0,1,161.44999980926514,1.0,0.0,0.0
50160,1.0,2,67.47500038146973,1.0,150.0,0.0
50162,1.0,1,33.97999954223633,1.0,0.0,0.0
50179,1.0,1,126.0,1.0,0.0,0.0
50186,1.0,1,188.0,1.0,0.0,0.0
50188,2.0,1,75.3799991607666,1.0,0.0,0.0
50197,1.0,1,36.0,1.0,0.0,0.0
50200,1.0,1,75.0,1.0,0.0,0.0
50202,1.0,1,132.0,1.0,0.0,0.0
50203,3.0,1,119.70000076293945,1.0,0.0,0.0
50204,1.0,1,119.0,1.0,0.0,0.0
50209,3.0,1,57.83000087738037,1.0,0.0,0.0
50215,2.0,1,82.95000076293945,1.0,0.0,0.0
50218,1.0,1,39.9900016784668,1.0,0.0,0.0
50221,1.0,1,24.989999771118164,1.0,0.0,0.0
50226,2.0,1,146.95000076293945,1.0,0.0,0.0
50236,2.0,1,139.5,1.0,0.0,0.0
50244,1.0,1,35.97999954223633,1.0,0.0,0.0
50246,4.0,1,289.98999977111816,1.0,0.0,0.0
50248,1.0,1,172.1999969482422,1.0,0.0,0.0
50249,1.0,1,119.98999786376952,1.0,0.0,0.0
50252,1.0,1,39.9900016784668,1.0,0.0,0.0
50262,1.0,1,9.989999771118164,1.0,0.0,0.0
50263,1.0,1,90.3000030517578,1.0,0.0,0.0
50267,1.0,1,44.9900016784668,1.0,0.0,0.0
50268,2.0,1,110.21000099182129,1.0,0.0,0.0
50282,1.0,1,43.9900016784668,1.0,0.0,0.0
50283,1.0,1,39.950000762939446,1.0,0.0,0.0
50288,1.0,1,86.0,1.0,0.0,0.0
50291,1.0,1,36.0,1.0,0.0,0.0
50294,2.0,1,54.89999961853028,1.0,0.0,0.0
50295,2.0,1,45.74999809265137,1.0,0.0,0.0
50299,1.5,2,86.99499893188477,1.0,1049.0,0.0
50304,1.0,1,65.0,1.0,0.0,0.0
50313,2.0,1,82.9900016784668,1.0,0.0,0.0
50315,3.0,1,142.21000289916992,1.0,0.0,0.0
50316,1.0,1,49.950000762939446,1.0,0.0,0.0
50322,1.0,1,66.27999877929688,1.0,0.0,0.0
50326,1.0,1,59.5,1.0,0.0,0.0
50329,1.0,1,15.989999771118164,1.0,0.0,0.0
50333,2.0,1,56.98000144958496,1.0,0.0,0.0
50334,1.0,1,29.989999771118164,1.0,0.0,0.0
50336,2.0,1,84.9800033569336,1.0,0.0,0.0
50337,1.0,2,84.00500106811523,1.0,210.0,0.0
50341,4.0,1,430.48999977111816,1.0,0.0,0.0
50348,1.0,1,47.950000762939446,1.0,0.0,0.0
50349,2.0,1,219.88999938964844,1.0,0.0,0.0
50353,2.0,1,199.94000625610352,1.0,0.0,0.0
50358,1.0,1,129.99000549316406,1.0,0.0,0.0
50367,2.0,1,295.98999977111816,1.0,0.0,0.0
50368,1.0,1,32.9900016784668,1.0,0.0,0.0
50369,1.0,1,16.049999237060547,1.0,0.0,0.0
50370,1.0,1,28.0,1.0,0.0,0.0
50371,1.0,1,7.690000057220459,1.0,0.0,0.0
50373,2.5,2,109.30000114440918,1.0,658.0,0.0
50377,1.0,1,85.0,1.0,0.0,0.0
50378,2.0,2,85.36000061035156,1.0,214.0,0.0
50379,1.0,1,60.0,1.0,0.0,0.0
50382,1.0,1,237.0,1.0,0.0,0.0
50387,1.0,2,272.25,1.0,469.0,0.0
50388,4.0,1,181.70000076293945,1.0,0.0,0.0
50394,2.0,1,119.82999610900877,1.0,0.0,0.0
50397,1.0,1,39.950000762939446,1.0,0.0,0.0
50406,1.0,1,34.970001220703125,1.0,0.0,0.0
50407,1.0,1,178.0,1.0,0.0,0.0
50409,1.0,1,30.0,1.0,0.0,0.0
50410,1.0,2,43.4950008392334,1.0,812.0,0.0
50414,1.0,1,34.9900016784668,1.0,0.0,0.0
50416,1.0,2,44.025001525878906,1.0,236.0,0.0
50419,1.0,1,27.989999771118164,1.0,0.0,0.0
50421,1.0,1,36.9900016784668,1.0,0.0,0.0
50425,1.0,1,15.0,1.0,0.0,0.0
50439,1.0,1,29.989999771118164,1.0,0.0,0.0
50442,1.0,1,54.950000762939446,1.0,0.0,0.0
50443,1.0,1,69.94999694824219,1.0,0.0,0.0
50446,1.0,1,198.0,1.0,0.0,0.0
50447,1.0,1,39.9900016784668,1.0,0.0,0.0
50457,1.0,1,16.860000610351562,1.0,0.0,0.0
50458,1.0,1,70.0,1.0,0.0,0.0
50460,1.0,1,14.75,1.0,0.0,0.0
50462,1.0,1,59.0,1.0,0.0,0.0
50463,1.0,1,14.989999771118164,1.0,0.0,0.0
50465,1.0,1,60.0,1.0,0.0,0.0
50482,3.0,1,86.94000053405762,1.0,0.0,0.0
50483,1.0,1,33.0,1.0,0.0,0.0
50490,2.0,1,70.97999954223633,1.0,0.0,0.0
50492,1.0,1,12.0,1.0,0.0,0.0
50497,1.0,1,79.98999786376953,1.0,0.0,0.0
50506,1.0,1,22.0,1.0,0.0,0.0
50508,1.0,1,37.02999877929688,1.0,0.0,0.0
50510,1.0,1,109.0,1.0,0.0,0.0
50519,1.0,1,48.0,1.0,0.0,0.0
50520,2.5,1,234.93000411987305,2.0,1.0,0.0
50522,1.0,1,49.950000762939446,1.0,0.0,0.0
50526,2.0,1,61.95000076293945,1.0,0.0,0.0
50529,1.0,2,43.99499988555908,1.0,1270.0,0.0
50531,1.0,1,45.0,1.0,0.0,0.0
50532,2.0,1,43.94999980926514,1.0,0.0,0.0
50533,1.0,1,89.98999786376953,1.0,0.0,0.0
50542,4.0,1,197.4800033569336,1.0,0.0,0.0
50545,2.0,1,66.03000259399414,1.0,0.0,0.0
50548,1.5,2,183.99499893188477,1.0,206.0,0.0
50550,1.0,1,39.5,1.0,0.0,0.0
50551,2.0,1,77.9900016784668,1.0,0.0,0.0
50552,4.0,1,101.57000160217285,1.0,0.0,0.0
50555,1.0,2,43.75,1.0,28.0,0.0
50556,1.0,1,22.0,1.0,0.0,0.0
50562,1.0,1,38.0,1.0,0.0,0.0
50567,1.0,1,32.9900016784668,1.0,0.0,0.0
50570,2.0,2,259.12000274658203,1.0,456.0,0.0
50572,1.0,1,104.55999755859376,1.0,0.0,0.0
50579,1.0,1,8.720000267028809,1.0,0.0,0.0
50588,2.0,1,157.98999977111816,1.0,0.0,0.0
50591,1.0,1,10.0,1.0,0.0,0.0
50596,4.0,1,119.71000289916992,1.0,0.0,0.0
50597,4.0,1,246.98999977111816,1.0,0.0,0.0
50598,1.0,3,29.59333340326945,1.0,492.5,259.50818869546293
50602,2.0,1,46.45000076293945,1.0,0.0,0.0
50603,1.0,1,75.0,1.0,0.0,0.0
50610,1.0,1,180.0,1.0,0.0,0.0
50612,1.0,1,70.0,1.0,0.0,0.0
50615,3.0,1,316.4900016784668,1.0,0.0,0.0
50616,1.0,1,35.0,1.0,0.0,0.0
50622,2.0,1,91.9900016784668,1.0,0.0,0.0
50627,2.0,1,151.98999786376953,1.0,0.0,0.0
50628,2.0,1,102.70999908447266,1.0,0.0,0.0
50630,2.0,1,80.45000076293945,1.0,0.0,0.0
50638,1.0,1,34.5,1.0,0.0,0.0
50642,1.0,1,34.9900016784668,1.0,0.0,0.0
50643,1.0,1,29.989999771118164,1.0,0.0,0.0
50645,1.0,1,98.0,1.0,0.0,0.0
50654,1.5,2,27.295000076293945,1.0,838.0,0.0
50657,1.0,1,44.0,1.0,0.0,0.0
50658,1.0,1,35.0,1.0,0.0,0.0
50660,1.0,1,72.0,1.0,0.0,0.0
50663,1.0,1,49.9900016784668,1.0,0.0,0.0
50665,1.0,1,25.0,1.0,0.0,0.0
50669,1.0,2,64.9950008392334,1.0,290.0,0.0
50670,1.0,2,19.46999979019165,1.0,35.0,0.0
50672,1.0,1,68.95999908447266,1.0,0.0,0.0
50673,1.0,1,47.9900016784668,1.0,0.0,0.0
50674,1.0,1,44.38999938964844,1.0,0.0,0.0
50678,3.0,1,114.96999931335449,1.0,0.0,0.0
50681,1.0,1,44.93999862670898,1.0,0.0,0.0
50691,1.0,1,35.0,1.0,0.0,0.0
50699,1.0,1,67.91999816894531,1.0,0.0,0.0
50702,1.0,1,119.98999786376952,1.0,0.0,0.0
50706,1.0,1,13.989999771118164,1.0,0.0,0.0
50712,1.0,1,9.970000267028809,1.0,0.0,0.0
50714,4.0,1,191.18999671936035,1.0,0.0,0.0
50716,2.0,1,92.48999977111816,1.0,0.0,0.0
50720,1.0,1,10.020000457763672,1.0,0.0,0.0
50721,1.0,1,1.5,1.0,0.0,0.0
50723,1.0,2,52.25,1.0,81.0,0.0
50724,1.5,2,128.19500350952148,1.0,190.0,0.0
50725,1.0,1,42.0,1.0,0.0,0.0
50730,1.0,1,9.0,1.0,0.0,0.0
50731,1.0,2,24.989999771118164,1.0,42.0,0.0
50733,1.5,2,104.04000282287598,1.0,1151.0,0.0
50747,1.0,1,37.2599983215332,1.0,0.0,0.0
50750,1.0,1,29.0,1.0,0.0,0.0
50752,1.0,1,79.98999786376953,1.0,0.0,0.0
50756,3.0,1,128.9399995803833,1.0,0.0,0.0
50759,1.0,1,79.98999786376953,1.0,0.0,0.0
50760,2.0,1,32.5,1.0,0.0,0.0
50762,3.0,1,319.8899955749512,1.0,0.0,0.0
50764,2.0,1,165.9499969482422,1.0,0.0,0.0
50773,1.0,1,44.5,1.0,0.0,0.0
50774,1.0,1,44.9900016784668,1.0,0.0,0.0
50776,1.0,1,25.0,1.0,0.0,0.0
50780,1.0,2,81.25,1.0,1662.0,0.0
50781,1.0,1,40.0,1.0,0.0,0.0
50783,1.0,1,48.97999954223633,1.0,0.0,0.0
50785,2.0,1,208.5,1.0,0.0,0.0
50790,3.0,1,351.98999977111816,1.0,0.0,0.0
50791,1.0,1,218.0,1.0,0.0,0.0
50796,2.0,1,77.15999794006348,1.0,0.0,0.0
50797,2.0,1,126.97999954223633,1.0,0.0,0.0
50798,1.0,1,14.989999771118164,1.0,0.0,0.0
50799,1.0,1,25.0,1.0,0.0,0.0
50801,1.0,1,172.0,1.0,0.0,0.0
50806,1.0,1,200.8699951171875,1.0,0.0,0.0
50809,1.0,1,134.9499969482422,1.0,0.0,0.0
50810,1.0,1,31.3700008392334,1.0,0.0,0.0
50811,1.0,1,30.0,1.0,0.0,0.0
50824,1.0,1,20.75,1.0,0.0,0.0
50826,1.0,1,36.950000762939446,1.0,0.0,0.0
50828,1.0,1,49.9900016784668,1.0,0.0,0.0
50832,1.0,1,35.0,1.0,0.0,0.0
50843,3.0,1,117.48999977111816,1.0,0.0,0.0
50848,1.0,1,29.989999771118164,1.0,0.0,0.0
50851,1.0,1,12.979999542236328,1.0,0.0,0.0
50858,1.0,1,57.4099998474121,1.0,0.0,0.0
50859,1.0,1,29.989999771118164,1.0,0.0,0.0
50861,1.0,2,78.5,1.0,526.0,0.0
50862,1.0,1,19.989999771118164,1.0,0.0,0.0
50864,4.0,1,155.98000144958496,1.0,0.0,0.0
50867,1.3333333333333333,3,125.16000111897786,1.0,78.0,38.18376618407357
50873,1.0,1,230.0,1.0,0.0,0.0
50874,1.0,1,32.0,1.0,0.0,0.0
50876,2.0,1,88.9900016784668,1.0,0.0,0.0
50881,1.0,1,9.949999809265137,1.0,0.0,0.0
50888,2.0,1,218.98999977111816,1.0,0.0,0.0
50890,1.0,1,53.0,1.0,0.0,0.0
50895,1.0,1,109.98999786376952,1.0,0.0,0.0
50898,1.0,1,78.94999694824217,1.0,0.0,0.0
50902,1.0,1,97.3000030517578,1.0,0.0,0.0
50907,1.0,1,210.0,1.0,0.0,0.0
50911,2.0,1,207.0,1.0,0.0,0.0
50914,3.0,1,142.0,1.0,0.0,0.0
50919,3.0,1,190.48999691009521,1.0,0.0,0.0
50923,1.0,1,595.0,1.0,0.0,0.0
50925,2.0,1,94.2300033569336,1.0,0.0,0.0
50928,3.0,1,74.98999977111816,1.0,0.0,0.0
50932,3.0,1,92.77000045776367,1.0,0.0,0.0
50933,1.0,1,84.7699966430664,1.0,0.0,0.0
50940,2.0,1,164.35000228881836,1.0,0.0,0.0
50941,1.0,1,15.9399995803833,1.0,0.0,0.0
50942,1.0,1,69.94999694824219,1.0,0.0,0.0
50961,1.0,1,144.5,1.0,0.0,0.0
50964,2.0,1,130.0,1.0,0.0,0.0
50966,1.0,1,120.0,1.0,0.0,0.0
50978,1.0,1,78.0,1.0,0.0,0.0
50986,1.0,1,50.0,1.0,0.0,0.0
50987,1.0,1,95.0,1.0,0.0,0.0
50993,1.0,1,109.0,1.0,0.0,0.0
50994,1.0,2,104.4950008392334,1.0,726.0,0.0
50999,1.0,1,50.0,1.0,0.0,0.0
51004,1.0,1,69.5,1.0,0.0,0.0
51005,1.0,1,69.5,1.0,0.0,0.0
51007,2.0,1,122.4900016784668,1.0,0.0,0.0
51010,1.0,2,34.040000915527344,1.0,1808.0,0.0
51011,1.0,1,90.0,1.0,0.0,0.0
51012,2.0,1,45.75,1.0,0.0,0.0
51014,3.0,1,70.3799991607666,1.0,0.0,0.0
51015,1.0,1,39.0,1.0,0.0,0.0
51019,1.0,1,20.0,1.0,0.0,0.0
51031,1.0,1,45.0,1.0,0.0,0.0
51032,1.0,1,13.970000267028809,1.0,0.0,0.0
51038,1.0,1,18.0,1.0,0.0,0.0
51041,2.0,1,89.9800033569336,1.0,0.0,0.0
51042,1.0,1,84.0,1.0,0.0,0.0
51052,2.0,1,30.489999771118164,1.0,0.0,0.0
51053,1.0,1,69.98999786376953,1.0,0.0,0.0
51055,2.0,1,78.7400016784668,1.0,0.0,0.0
51062,2.0,1,192.51000213623047,1.0,0.0,0.0
51063,1.0,1,31.15999984741211,1.0,0.0,0.0
51064,1.0,1,48.0,1.0,0.0,0.0
51069,1.0,1,39.9900016784668,1.0,0.0,0.0
51072,1.3333333333333333,3,81.28333409627278,1.0,357.5,314.66251762801363
51073,1.0,1,29.0,1.0,0.0,0.0
51076,4.0,1,102.13000202178955,1.0,0.0,0.0
51086,2.0,1,44.96999931335449,1.0,0.0,0.0
51089,1.0,2,107.0,1.0,1256.0,0.0
51105,2.0,1,91.79999923706056,1.0,0.0,0.0
51107,2.0,1,92.47999954223633,1.0,0.0,0.0
51110,1.0,2,92.0,1.0,1185.0,0.0
51112,1.0,1,76.0,1.0,0.0,0.0
51116,1.0,1,14.970000267028809,1.0,0.0,0.0
51118,1.0,1,50.0,1.0,0.0,0.0
51121,1.5,2,78.46999931335449,1.0,720.0,0.0
51123,1.0,1,50.0,1.0,0.0,0.0
51131,4.0,1,222.2899980545044,1.0,0.0,0.0
51134,1.0,1,129.92999267578125,1.0,0.0,0.0
51138,1.0,1,7.989999771118163,1.0,0.0,0.0
51145,1.0,2,44.5,1.0,44.0,0.0
51159,1.0,1,44.9900016784668,1.0,0.0,0.0
51160,1.0,1,23.0,1.0,0.0,0.0
51162,1.0,2,81.5,1.0,537.0,0.0
51171,2.0,1,161.54999923706055,1.0,0.0,0.0
51174,1.0,1,25.0,1.0,0.0,0.0
51180,1.0,1,42.0,1.0,0.0,0.0
51182,1.0,1,10.989999771118164,1.0,0.0,0.0
51187,1.5,1,103.60000038146973,2.0,19.0,0.0
51188,1.0,1,33.0,1.0,0.0,0.0
51191,1.0,1,50.0,1.0,0.0,0.0
51196,2.0,1,149.93999671936035,1.0,0.0,0.0
51203,4.0,1,239.96999740600586,1.0,0.0,0.0
51215,1.0,1,26.0,1.0,0.0,0.0
51216,2.0,2,122.4950008392334,1.0,172.0,0.0
51218,1.0,1,47.950000762939446,1.0,0.0,0.0
51221,1.0,1,31.989999771118164,1.0,0.0,0.0
51227,2.0,1,84.89000034332275,1.0,0.0,0.0
51232,1.0,1,58.9900016784668,1.0,0.0,0.0
51235,2.0,3,58.903333028157554,1.0,1061.5,84.14570696119915
51238,2.0,1,96.9900016784668,1.0,0.0,0.0
51247,2.0,1,144.0,1.0,0.0,0.0
51251,1.0,1,24.950000762939453,1.0,0.0,0.0
51258,1.0,1,46.5,1.0,0.0,0.0
51259,3.0,1,206.18999671936035,1.0,0.0,0.0
51262,1.0,1,39.450000762939446,1.0,0.0,0.0
51270,1.0,2,64.48999786376953,1.0,463.0,0.0
51271,2.0,1,309.86999130249023,1.0,0.0,0.0
51272,1.0,1,79.98999786376953,1.0,0.0,0.0
51273,1.0,1,72.94000244140625,1.0,0.0,0.0
51275,1.0,1,8.989999771118164,1.0,0.0,0.0
51276,2.0,1,71.9900016784668,1.0,0.0,0.0
51277,1.0,1,61.950000762939446,1.0,0.0,0.0
51288,1.0,1,139.99000549316406,1.0,0.0,0.0
51292,1.0,1,22.89999961853028,1.0,0.0,0.0
51300,2.0,1,106.97999954223633,1.0,0.0,0.0
51302,1.0,1,16.0,1.0,0.0,0.0
51303,1.0,1,417.0,1.0,0.0,0.0
51307,2.0,1,62.9099998474121,1.0,0.0,0.0
51308,2.5,2,139.93999814987183,1.0,275.0,0.0
51312,3.0,2,111.56000065803528,1.0,148.0,0.0
51322,1.0,1,172.1999969482422,1.0,0.0,0.0
51326,1.0,1,82.45999908447266,1.0,0.0,0.0
51331,1.0,1,125.0,1.0,0.0,0.0
51338,1.0,1,75.31999969482422,1.0,0.0,0.0
51341,1.0,1,32.459999084472656,1.0,0.0,0.0
51356,2.0,1,155.75,1.0,0.0,0.0
51357,1.0,1,64.98999786376953,1.0,0.0,0.0
51358,1.0,1,11.710000038146973,1.0,0.0,0.0
51363,3.0,1,176.48999977111816,1.0,0.0,0.0
51365,1.0,1,145.0,1.0,0.0,0.0
51370,1.0,1,9.119999885559082,1.0,0.0,0.0
51373,2.0,1,30.510000228881836,1.0,0.0,0.0
51374,1.0,1,89.98999786376953,1.0,0.0,0.0
51375,1.0,1,179.99000549316406,1.0,0.0,0.0
51380,1.0,1,20.0,1.0,0.0,0.0
51381,1.0,1,448.989990234375,1.0,0.0,0.0
51386,1.0,1,59.0,1.0,0.0,0.0
51389,2.0,1,97.93999671936035,1.0,0.0,0.0
51396,1.0,1,34.0,1.0,0.0,0.0
51403,1.5,2,92.5,1.0,965.0,0.0
51414,1.0,1,34.5,1.0,0.0,0.0
51422,1.0,1,59.5,2.0,12.0,0.0
51423,1.0,1,34.0,1.0,0.0,0.0
51426,1.0,1,18.96999931335449,1.0,0.0,0.0
51430,1.0,1,79.5,1.0,0.0,0.0
51431,1.0,1,39.9900016784668,1.0,0.0,0.0
51433,1.0,1,29.0,1.0,0.0,0.0
51448,1.0,1,64.98999786376953,1.0,0.0,0.0
51449,2.0,1,163.0699977874756,2.0,21.0,0.0
51450,1.0,1,14.0,1.0,0.0,0.0
51451,1.5,2,95.57999992370605,1.0,228.0,0.0
51457,1.0,1,209.9900054931641,1.0,0.0,0.0
51460,2.0,1,66.98000144958496,1.0,0.0,0.0
51461,1.0,1,43.0,1.0,0.0,0.0
51465,1.0,1,24.96999931335449,1.0,0.0,0.0
51468,1.0,1,25.0,1.0,0.0,0.0
51475,3.0,1,123.42999839782715,1.0,0.0,0.0
51476,1.0,1,30.0,1.0,0.0,0.0
51479,1.0,1,13.989999771118164,1.0,0.0,0.0
51480,3.0,1,206.98999786376953,1.0,0.0,0.0
51492,1.0,1,49.9900016784668,1.0,0.0,0.0
51494,1.0,1,240.6499938964844,1.0,0.0,0.0
51495,1.5,2,80.36999893188477,1.0,98.0,0.0
51506,2.0,1,398.5,1.0,0.0,0.0
51507,1.0,1,99.5,1.0,0.0,0.0
51511,1.0,1,34.5,1.0,0.0,0.0
51517,1.0,1,58.0,1.0,0.0,0.0
51530,1.5,2,37.96500062942505,1.0,459.0,0.0
51532,1.0,1,29.989999771118164,1.0,0.0,0.0
51533,3.0,1,84.13000106811523,1.0,0.0,0.0
51535,1.0,1,9.989999771118164,1.0,0.0,0.0
51541,1.0,1,52.27000045776367,1.0,0.0,0.0
51543,1.0,1,44.650001525878906,1.0,0.0,0.0
51545,1.0,1,280.0,1.0,0.0,0.0
51558,2.0,2,146.74499797821045,1.0,255.0,0.0
51559,1.0,1,139.99000549316406,1.0,0.0,0.0
51562,1.0,1,54.5,1.0,0.0,0.0
51565,2.0,1,194.9499969482422,1.0,0.0,0.0
51568,1.0,1,19.989999771118164,1.0,0.0,0.0
51583,1.0,1,62.9900016784668,1.0,0.0,0.0
51587,2.0,1,224.7799968719482,1.0,0.0,0.0
51591,1.0,1,49.950000762939446,1.0,0.0,0.0
51594,1.0,1,18.0,1.0,0.0,0.0
51599,2.0,1,79.19000053405762,1.0,0.0,0.0
51602,1.0,1,21.690000534057617,1.0,0.0,0.0
51604,4.0,1,161.44000244140625,1.0,0.0,0.0
51608,1.0,1,9.979999542236328,1.0,0.0,0.0
51610,4.0,1,298.48999786376953,1.0,0.0,0.0
51616,1.0,1,126.0,1.0,0.0,0.0
51617,1.0,1,12.9399995803833,1.0,0.0,0.0
51618,1.0,1,89.0,1.0,0.0,0.0
51621,4.0,1,88.69000053405762,1.0,0.0,0.0
51628,1.5,2,53.47500038146973,1.0,514.0,0.0
51630,1.0,1,10.0,1.0,0.0,0.0
51632,4.0,1,121.46000289916992,1.0,0.0,0.0
51633,1.0,1,98.0,1.0,0.0,0.0
51636,1.0,1,43.47999954223633,1.0,0.0,0.0
51637,1.0,1,19.979999542236328,1.0,0.0,0.0
51644,1.0,1,84.0,1.0,0.0,0.0
51646,1.0,1,110.0,1.0,0.0,0.0
51647,1.0,1,49.5,1.0,0.0,0.0
51658,1.0,1,150.47000122070312,1.0,0.0,0.0
51660,1.0,1,13.720000267028809,1.0,0.0,0.0
51663,1.0,1,30.0,1.0,0.0,0.0
51667,1.0,1,45.950000762939446,1.0,0.0,0.0
51672,1.0,1,104.0,1.0,0.0,0.0
51679,2.0,1,38.17000102996826,1.0,0.0,0.0
51682,1.0,1,65.0,1.0,0.0,0.0
51685,1.0,1,14.989999771118164,1.0,0.0,0.0
51686,3.0,1,231.0,1.0,0.0,0.0
51687,1.0,1,19.989999771118164,1.0,0.0,0.0
51689,1.0,1,21.989999771118164,1.0,0.0,0.0
51691,1.0,1,70.0,1.0,0.0,0.0
51692,1.0,1,25.0,1.0,0.0,0.0
51694,1.0,1,52.0,1.0,0.0,0.0
51697,1.0,1,150.0,1.0,0.0,0.0
51699,1.0,1,30.0,1.0,0.0,0.0
51701,2.0,1,102.90999984741211,1.0,0.0,0.0
51702,2.0,1,70.97999954223633,1.0,0.0,0.0
51705,3.0,1,390.95000076293945,1.0,0.0,0.0
51706,1.0,1,12.989999771118164,1.0,0.0,0.0
51707,1.0,1,18.0,1.0,0.0,0.0
51710,2.0,1,336.0,1.0,0.0,0.0
51713,2.0,1,74.98999977111816,1.0,0.0,0.0
51715,1.0,1,36.0,1.0,0.0,0.0
51716,2.0,1,78.23999977111816,1.0,0.0,0.0
51717,1.0,1,10.100000381469728,1.0,0.0,0.0
51722,1.0,1,128.0,1.0,0.0,0.0
51724,1.0,2,72.97499990463257,1.0,602.0,0.0
51731,2.0,1,165.63999938964844,1.0,0.0,0.0
51732,2.5,2,137.47000074386597,1.0,53.0,0.0
51734,1.0,1,109.0,1.0,0.0,0.0
51735,1.0,2,51.0,1.0,587.0,0.0
51742,1.0,1,24.989999771118164,1.0,0.0,0.0
51749,1.0,2,121.49499988555908,1.0,653.0,0.0
51751,2.0,1,78.19000244140625,1.0,0.0,0.0
51762,1.0,1,68.0,1.0,0.0,0.0
51765,1.0,1,49.9900016784668,1.0,0.0,0.0
51769,1.0,1,8.789999961853027,1.0,0.0,0.0
51772,1.0,1,235.0,1.0,0.0,0.0
51773,4.0,1,165.96000289916992,1.0,0.0,0.0
51774,1.0,1,229.0,1.0,0.0,0.0
51776,3.0,1,151.9000015258789,1.0,0.0,0.0
51777,1.0,1,10.989999771118164,1.0,0.0,0.0
51780,1.0,1,10.0,1.0,0.0,0.0
51786,2.0,1,214.98999977111816,1.0,0.0,0.0
51793,1.0,1,45.0,1.0,0.0,0.0
51797,1.0,1,37.5,1.0,0.0,0.0
51814,1.0,1,9.65999984741211,1.0,0.0,0.0
51815,3.0,1,83.7400016784668,1.0,0.0,0.0
51820,1.0,1,29.989999771118164,1.0,0.0,0.0
51821,1.0,1,136.0,1.0,0.0,0.0
51829,1.0,1,28.0,1.0,0.0,0.0
51830,1.0,1,14.0,1.0,0.0,0.0
51833,1.0,1,55.0,1.0,0.0,0.0
51841,2.0,1,85.19000053405762,1.0,0.0,0.0
51842,1.0,2,87.48500061035156,1.0,117.0,0.0
51849,1.0,1,43.9900016784668,1.0,0.0,0.0
51856,1.0,1,28.0,1.0,0.0,0.0
51861,1.0,1,75.0,1.0,0.0,0.0
51864,2.0,1,129.4900016784668,1.0,0.0,0.0
51865,2.0,1,249.48999786376953,1.0,0.0,0.0
51869,1.0,1,69.0,1.0,0.0,0.0
51872,1.0,1,29.96999931335449,1.0,0.0,0.0
51877,1.0,1,24.989999771118164,1.0,0.0,0.0
51879,1.0,1,74.5,1.0,0.0,0.0
51880,1.0,1,28.0,1.0,0.0,0.0
51884,1.0,2,48.5,1.0,424.0,0.0
51886,1.0,1,44.0,1.0,0.0,0.0
51887,1.0,1,24.96999931335449,1.0,0.0,0.0
51888,2.0,1,102.95000076293945,1.0,0.0,0.0
51891,4.0,1,164.45000076293945,1.0,0.0,0.0
51892,2.0,1,163.79999542236328,1.0,0.0,0.0
51893,1.6666666666666667,3,66.41999944051106,1.0,428.5,173.24116139070415
51898,1.0,1,27.989999771118164,1.0,0.0,0.0
51899,1.0,2,24.914999961853027,1.0,123.0,0.0
51905,1.5,2,47.734999656677246,1.0,388.0,0.0
51906,1.0,1,18.989999771118164,1.0,0.0,0.0
51907,1.0,1,190.0,1.0,0.0,0.0
51912,2.0,1,94.43999671936034,1.0,0.0,0.0
51922,1.0,1,58.84000015258789,1.0,0.0,0.0
51923,1.5,2,156.20999908447266,1.0,859.0,0.0
51925,1.0,1,34.29999923706055,1.0,0.0,0.0
51926,2.0,1,86.9900016784668,1.0,0.0,0.0
51933,1.0,1,6.989999771118164,1.0,0.0,0.0
51934,1.0,1,31.5,1.0,0.0,0.0
51941,1.0,1,34.9900016784668,1.0,0.0,0.0
51952,1.0,1,25.0,1.0,0.0,0.0
51953,2.0,1,439.0,1.0,0.0,0.0
51954,2.0,1,24.950000762939453,1.0,0.0,0.0
51956,4.0,1,475.37999725341797,1.0,0.0,0.0
51957,1.0,1,6.639999866485596,1.0,0.0,0.0
51960,3.0,1,369.4000129699707,1.0,0.0,0.0
51966,1.0,1,89.0,1.0,0.0,0.0
51978,4.0,1,193.35000228881836,1.0,0.0,0.0
51981,1.0,1,12.979999542236328,1.0,0.0,0.0
51982,1.0,1,72.0,1.0,0.0,0.0
51986,1.0,1,42.9900016784668,1.0,0.0,0.0
51998,1.0,1,40.34999847412109,1.0,0.0,0.0
52001,1.0,1,25.0,1.0,0.0,0.0
52003,4.0,1,386.48999786376953,1.0,0.0,0.0
52008,1.0,1,29.989999771118164,1.0,0.0,0.0
52011,1.0,1,24.989999771118164,1.0,0.0,0.0
52020,1.0,1,87.0,1.0,0.0,0.0
52023,1.0,2,47.47499847412109,1.0,148.0,0.0
52029,3.0,1,182.98999786376953,1.0,0.0,0.0
52030,1.0,1,75.0,1.0,0.0,0.0
52033,2.5,2,163.75,1.0,119.0,0.0
52036,3.0,1,447.0,1.0,0.0,0.0
52038,1.0,1,42.0,1.0,0.0,0.0
52042,3.0,1,161.93999862670898,1.0,0.0,0.0
52046,2.0,1,169.5,1.0,0.0,0.0
52050,2.0,1,59.97999954223633,1.0,0.0,0.0
52051,1.0,1,19.989999771118164,1.0,0.0,0.0
52055,1.0,1,34.0,1.0,0.0,0.0
52059,1.0,1,56.0,1.0,0.0,0.0
52070,1.0,1,34.97999954223633,1.0,0.0,0.0
52073,2.0,1,207.95000076293945,1.0,0.0,0.0
52075,1.0,1,31.979999542236328,1.0,0.0,0.0
52081,2.0,1,24.989999771118164,1.0,0.0,0.0
52083,1.0,1,68.0,1.0,0.0,0.0
52084,1.0,1,58.9900016784668,1.0,0.0,0.0
52088,1.0,1,55.0,1.0,0.0,0.0
52094,1.0,1,20.0,1.0,0.0,0.0
52095,2.0,1,139.0,1.0,0.0,0.0
52098,3.0,2,229.95499801635742,1.0,588.0,0.0
52099,1.0,1,6.989999771118164,1.0,0.0,0.0
52100,1.0,1,23.950000762939453,1.0,0.0,0.0
52107,1.0,1,46.9900016784668,1.0,0.0,0.0
52108,1.0,1,39.97999954223633,1.0,0.0,0.0
52112,1.0,2,112.25,1.0,39.0,0.0
52119,2.0,1,40.05000019073486,1.0,0.0,0.0
52121,1.0,1,36.0,1.0,0.0,0.0
52125,1.0,1,49.9900016784668,1.0,0.0,0.0
52126,1.0,1,25.0,1.0,0.0,0.0
52130,1.0,1,30.540000915527344,1.0,0.0,0.0
52133,2.0,1,65.0,1.0,0.0,0.0
52138,1.0,1,24.950000762939453,1.0,0.0,0.0
52151,1.0,1,29.0,1.0,0.0,0.0
52153,2.0,1,72.48999977111816,1.0,0.0,0.0
52154,3.0,1,428.4900016784668,1.0,0.0,0.0
52158,1.0,2,109.57499694824219,1.0,555.0,0.0
52160,1.0,1,67.47000122070312,1.0,0.0,0.0
52162,1.0,1,182.8800048828125,1.0,0.0,0.0
52163,1.0,1,36.5,1.0,0.0,0.0
52166,1.0,1,132.66000366210938,1.0,0.0,0.0
52168,1.0,1,49.5,1.0,0.0,0.0
52170,2.5,2,254.99499988555908,1.0,125.0,0.0
52174,1.0,1,83.0,1.0,0.0,0.0
52176,1.0,1,56.0,1.0,0.0,0.0
52178,1.0,1,67.93000030517578,1.0,0.0,0.0
52184,1.0,1,42.0,1.0,0.0,0.0
52185,1.5,2,209.7750015258789,1.0,125.0,0.0
52187,1.0,1,119.0,1.0,0.0,0.0
52192,1.5,2,72.47000217437744,1.0,512.0,0.0
52195,1.0,1,21.340000152587887,1.0,0.0,0.0
52196,2.0,1,66.06999969482422,1.0,0.0,0.0
52197,1.0,2,77.25,1.0,117.0,0.0
52200,1.0,1,19.0,1.0,0.0,0.0
52205,1.0,1,40.0,1.0,0.0,0.0
52206,2.0,1,37.28000068664551,1.0,0.0,0.0
52210,1.0,1,18.61000061035156,1.0,0.0,0.0
52212,1.0,1,44.9900016784668,1.0,0.0,0.0
52217,4.0,1,200.1699981689453,1.0,0.0,0.0
52218,1.0,1,30.0,1.0,0.0,0.0
52228,1.0,1,80.41999816894531,1.0,0.0,0.0
52233,1.3333333333333333,3,52.87666702270508,1.0,314.0,329.51176003293114
52234,1.0,1,130.0,1.0,0.0,0.0
52236,1.0,1,398.0,1.0,0.0,0.0
52244,1.0,1,54.950000762939446,1.0,0.0,0.0
52245,1.0,1,14.979999542236328,1.0,0.0,0.0
52253,2.3333333333333335,3,145.36999956766763,1.0,155.0,59.39696961966999
52256,1.0,1,10.989999771118164,1.0,0.0,0.0
52262,1.0,1,75.0,1.0,0.0,0.0
52264,1.0,1,14.399999618530272,1.0,0.0,0.0
52265,1.0,1,12.0,1.0,0.0,0.0
52266,1.0,1,125.0,1.0,0.0,0.0
52270,1.0,2,42.44500160217285,1.0,822.0,0.0
52271,1.0,1,39.9900016784668,1.0,0.0,0.0
52273,2.0,1,74.0999984741211,1.0,0.0,0.0
52275,4.0,1,462.9400005340576,1.0,0.0,0.0
52284,1.0,1,34.95000076293945,1.0,0.0,0.0
52288,1.0,1,55.0,1.0,0.0,0.0
52289,1.0,1,150.0,1.0,0.0,0.0
52294,2.6666666666666665,3,191.30333264668783,1.0,310.0,151.32085117392117
52298,2.0,1,129.98999977111816,1.0,0.0,0.0
52299,2.0,1,427.0,1.0,0.0,0.0
52300,2.0,1,389.9399871826172,1.0,0.0,0.0
52301,1.0,1,64.80000305175781,1.0,0.0,0.0
52302,2.0,1,134.9900016784668,1.0,0.0,0.0
52309,1.0,1,89.0,1.0,0.0,0.0
52315,1.0,1,25.0,1.0,0.0,0.0
52316,2.0,1,65.9900016784668,1.0,0.0,0.0
52317,2.0,1,62.96999931335449,1.0,0.0,0.0
52318,1.0,1,69.5,1.0,0.0,0.0
52321,1.0,1,48.0,1.0,0.0,0.0
52325,1.0,1,144.70999908447266,2.0,9.0,0.0
52328,1.0,1,30.5,1.0,0.0,0.0
52329,1.0,1,39.5,1.0,0.0,0.0
52332,1.0,1,83.55999755859375,1.0,0.0,0.0
52334,3.0,1,460.939998626709,1.0,0.0,0.0
52336,1.3333333333333333,3,143.5533332824707,1.0,130.0,121.62236636408618
52337,2.0,1,88.0,1.0,0.0,0.0
52361,2.0,1,60.579999923706055,1.0,0.0,0.0
52362,1.0,1,99.0,1.0,0.0,0.0
52364,1.0,1,75.0,1.0,0.0,0.0
52373,2.3333333333333335,3,156.6099999745687,1.0,169.0,114.5512985522207
52375,1.0,1,24.0,1.0,0.0,0.0
52376,1.0,2,12.474999904632568,1.0,145.0,0.0
52377,2.0,1,153.94999980926514,1.0,0.0,0.0
52378,2.0,1,299.2799987792969,1.0,0.0,0.0
52379,1.0,1,103.95999908447266,1.0,0.0,0.0
52392,4.0,1,233.2100009918213,1.0,0.0,0.0
52394,2.0,1,94.0,1.0,0.0,0.0
52397,1.0,1,31.950000762939453,1.0,0.0,0.0
52400,1.0,1,18.920000076293945,1.0,0.0,0.0
52401,1.0,2,45.75,1.0,238.0,0.0
52409,1.0,1,46.5,1.0,0.0,0.0
52411,1.0,1,25.0,1.0,0.0,0.0
52412,2.0,1,92.52000045776366,1.0,0.0,0.0
52424,1.0,1,21.989999771118164,1.0,0.0,0.0
52430,1.0,2,16.16499948501587,1.0,181.0,0.0
52432,2.3333333333333335,3,82.49666659037273,1.0,63.5,30.405591591021544
52436,1.0,2,36.99499988555908,1.0,1394.0,0.0
52437,1.0,2,123.9950008392334,1.0,199.0,0.0
52448,1.0,1,39.9900016784668,1.0,0.0,0.0
52453,1.0,1,29.989999771118164,1.0,0.0,0.0
52459,1.0,1,13.119999885559082,1.0,0.0,0.0
52462,2.0,1,116.47000122070312,1.0,0.0,0.0
52463,2.0,1,995.0,1.0,0.0,0.0
52466,2.0,1,113.93999862670897,1.0,0.0,0.0
52467,1.0,1,22.979999542236328,1.0,0.0,0.0
52468,4.0,1,140.98999977111816,1.0,0.0,0.0
52473,1.0,1,35.0,1.0,0.0,0.0
52494,1.0,1,89.5,1.0,0.0,0.0
52497,1.0,1,32.45000076293945,1.0,0.0,0.0
52500,1.0,1,23.989999771118164,1.0,0.0,0.0
52502,2.0,1,65.9900016784668,1.0,0.0,0.0
52504,1.0,1,79.5,1.0,0.0,0.0
52516,1.0,1,28.0,1.0,0.0,0.0
52517,1.0,1,26.0,1.0,0.0,0.0
52527,2.0,1,148.0,1.0,0.0,0.0
52533,1.0,1,27.0,1.0,0.0,0.0
52535,1.0,1,34.0,1.0,0.0,0.0
52537,4.0,1,303.6599979400635,1.0,0.0,0.0
52539,1.0,1,10.630000114440918,1.0,0.0,0.0
52540,1.0,1,44.9900016784668,1.0,0.0,0.0
52541,1.0,1,54.5,1.0,0.0,0.0
52551,2.0,1,38.97999954223633,1.0,0.0,0.0
52552,1.0,1,169.0,1.0,0.0,0.0
52561,1.0,1,11.020000457763672,1.0,0.0,0.0
52572,1.0,1,16.0,1.0,0.0,0.0
52578,2.0,1,103.5,1.0,0.0,0.0
52581,1.0,1,67.94999694824219,1.0,0.0,0.0
52582,1.0,1,222.6000061035156,2.0,19.0,0.0
52594,1.0,1,169.0,1.0,0.0,0.0
52598,1.0,1,23.15999984741211,1.0,0.0,0.0
52599,1.0,1,14.1899995803833,1.0,0.0,0.0
52600,1.0,1,22.0,1.0,0.0,0.0
52602,2.0,1,132.76999855041504,1.0,0.0,0.0
52605,2.0,1,102.5,1.0,0.0,0.0
52607,1.0,1,54.450000762939446,1.0,0.0,0.0
52611,1.0,1,10.170000076293944,1.0,0.0,0.0
52613,2.5,2,172.44000148773193,1.0,1179.0,0.0
52614,2.0,1,116.94999694824219,1.0,0.0,0.0
52617,1.0,1,35.0,1.0,0.0,0.0
52620,1.0,1,12.3100004196167,1.0,0.0,0.0
52627,1.6666666666666667,3,163.31666564941406,1.0,39.0,5.656854249492381
52630,1.0,1,19.989999771118164,1.0,0.0,0.0
52634,2.0,1,72.16999816894531,1.0,0.0,0.0
52637,2.5,1,118.02000045776367,2.0,19.0,0.0
52638,1.3333333333333333,3,77.98333358764648,1.0,204.5,2.1213203435596424
52639,1.0,1,12.989999771118164,1.0,0.0,0.0
52644,1.0,1,70.0,1.0,0.0,0.0
52645,1.0,3,25.943333943684895,1.0,336.5,187.3832970144351
52650,2.0,1,44.85000038146973,1.0,0.0,0.0
52651,2.5,2,193.17000007629395,1.0,24.0,0.0
52652,1.5,2,94.94999837875365,1.0,342.0,0.0
52663,1.0,1,258.9699954986572,2.0,13.0,0.0
52667,1.0,1,48.970001220703125,1.0,0.0,0.0
52675,1.0,1,42.0,1.0,0.0,0.0
52677,2.0,1,393.0,1.0,0.0,0.0
52681,2.0,1,55.91000175476074,1.0,0.0,0.0
52684,3.0,1,109.88999938964844,1.0,0.0,0.0
52689,2.0,1,59.97999954223633,1.0,0.0,0.0
52690,1.0,1,52.0,1.0,0.0,0.0
52696,1.0,2,9.244999885559082,1.0,279.0,0.0
52711,2.0,1,109.48999977111816,1.0,0.0,0.0
52713,1.0,1,52.9900016784668,1.0,0.0,0.0
52717,2.0,1,324.0,1.0,0.0,0.0
52719,1.0,1,120.0,1.0,0.0,0.0
52721,1.0,1,19.15999984741211,1.0,0.0,0.0
52722,1.0,1,79.98999786376953,1.0,0.0,0.0
52724,1.0,1,20.950000762939453,1.0,0.0,0.0
52725,1.0,2,132.0,1.0,462.0,0.0
52727,1.0,1,16.969999313354492,1.0,0.0,0.0
52733,1.0,1,37.4900016784668,1.0,0.0,0.0
52736,1.0,1,55.0,1.0,0.0,0.0
52737,1.0,1,49.9900016784668,1.0,0.0,0.0
52743,4.0,1,158.76000213623047,1.0,0.0,0.0
52750,1.0,1,66.0,1.0,0.0,0.0
52751,1.0,1,65.0,1.0,0.0,0.0
52754,1.0,1,39.9900016784668,1.0,0.0,0.0
52767,1.0,1,30.0,1.0,0.0,0.0
52769,1.0,1,15.600000381469728,1.0,0.0,0.0
52780,2.0,1,28.990000009536743,1.0,0.0,0.0
52784,2.0,1,82.91999816894531,1.0,0.0,0.0
52785,1.0,1,44.0,1.0,0.0,0.0
52788,1.0,1,28.0,1.0,0.0,0.0
52789,1.0,1,45.0,1.0,0.0,0.0
52793,2.0,1,27.300000190734863,1.0,0.0,0.0
52807,1.0,1,44.0,1.0,0.0,0.0
52811,1.3333333333333333,3,83.75999959309895,1.0,1178.5,14.849242404917497
52813,1.5,2,217.54999923706055,1.0,48.0,0.0
52818,1.0,1,11.789999961853027,1.0,0.0,0.0
52827,1.0,1,21.07999992370605,1.0,0.0,0.0
52831,2.0,1,148.9900016784668,1.0,0.0,0.0
52839,2.0,1,17.950000047683716,1.0,0.0,0.0
52843,1.0,2,41.0,1.0,997.0,0.0
52844,3.0,1,142.1500015258789,1.0,0.0,0.0
52845,1.0,1,59.5,1.0,0.0,0.0
52846,1.0,1,25.0,1.0,0.0,0.0
52848,1.0,1,70.94999694824219,1.0,0.0,0.0
52850,1.0,1,39.0,1.0,0.0,0.0
52853,4.0,1,209.4800033569336,1.0,0.0,0.0
52854,1.0,1,149.9499969482422,1.0,0.0,0.0
52855,1.0,1,10.399999618530272,1.0,0.0,0.0
52857,1.5,2,49.464998722076416,1.0,306.0,0.0
52859,1.0,1,58.0,1.0,0.0,0.0
52861,2.5,2,206.94500637054443,1.0,1352.0,0.0
52863,2.0,1,279.5,1.0,0.0,0.0
52870,1.0,1,52.61000061035156,1.0,0.0,0.0
52874,2.0,2,121.4749984741211,1.0,254.0,0.0
52877,1.5,2,98.25,1.0,191.0,0.0
52878,1.0,1,23.049999237060547,1.0,0.0,0.0
52888,1.0,1,39.9900016784668,1.0,0.0,0.0
52889,1.0,1,41.950000762939446,1.0,0.0,0.0
52891,1.0,1,65.0,1.0,0.0,0.0
52892,4.0,1,218.07000160217285,1.0,0.0,0.0
52893,1.0,1,21.989999771118164,1.0,0.0,0.0
52897,1.0,1,25.0,1.0,0.0,0.0
52899,1.0,1,40.1599998474121,1.0,0.0,0.0
52902,2.0,1,112.9900016784668,1.0,0.0,0.0
52903,1.0,1,61.77999877929688,1.0,0.0,0.0
52914,2.0,1,423.5,1.0,0.0,0.0
52915,1.0,1,88.0,1.0,0.0,0.0
52922,2.0,1,109.97999954223633,2.0,3.0,0.0
52923,1.0,1,33.9900016784668,1.0,0.0,0.0
52925,1.0,1,69.94999694824219,1.0,0.0,0.0
52926,2.0,1,179.56999969482422,1.0,0.0,0.0
52928,1.0,1,169.9499969482422,1.0,0.0,0.0
52933,1.0,1,82.9000015258789,1.0,0.0,0.0
52940,2.0,3,65.32333310445149,1.0,593.0,695.7930726875628
52942,1.5,2,84.5,1.0,705.0,0.0
52946,2.0,1,65.9900016784668,1.0,0.0,0.0
52947,1.0,1,36.9900016784668,1.0,0.0,0.0
52948,3.0,1,99.89000129699707,1.0,0.0,0.0
52951,2.0,1,232.0,1.0,0.0,0.0
52952,2.0,1,76.7400016784668,1.0,0.0,0.0
52956,1.5,2,57.24499988555908,1.0,357.0,0.0
52957,1.0,1,75.0,1.0,0.0,0.0
52973,2.0,1,52.99000000953674,1.0,0.0,0.0
52985,1.0,1,65.0,1.0,0.0,0.0
52992,1.0,1,83.27000045776369,2.0,24.0,0.0
52995,1.5,2,60.470001220703125,1.0,173.0,0.0
52998,1.0,1,288.0,1.0,0.0,0.0
52999,2.0,1,75.5,1.0,0.0,0.0
53000,1.0,1,28.0,1.0,0.0,0.0
53001,3.0,1,126.94000053405762,1.0,0.0,0.0
53003,1.0,1,39.9900016784668,1.0,0.0,0.0
53004,1.0,1,10.0,1.0,0.0,0.0
53007,1.0,1,52.0,1.0,0.0,0.0
53010,1.0,1,29.950000762939453,1.0,0.0,0.0
53020,4.0,1,370.9900016784668,1.0,0.0,0.0
53021,1.0,1,149.0,1.0,0.0,0.0
53023,1.0,1,795.0,1.0,0.0,0.0
53024,1.0,1,66.0,1.0,0.0,0.0
53029,1.0,2,168.5,1.0,27.0,0.0
53036,1.0,1,37.450000762939446,1.0,0.0,0.0
53038,1.0,1,13.0,1.0,0.0,0.0
53039,2.0,1,119.0,1.0,0.0,0.0
53040,1.0,1,13.649999618530272,1.0,0.0,0.0
53044,2.0,2,103.47500038146973,1.0,798.0,0.0
53052,1.0,1,338.0,1.0,0.0,0.0
53070,2.0,1,96.38000106811523,1.0,0.0,0.0
53076,1.0,1,52.0,1.0,0.0,0.0
53078,2.0,1,243.98999977111816,1.0,0.0,0.0
53079,1.0,1,68.0,1.0,0.0,0.0
53083,1.0,1,8.0,1.0,0.0,0.0
53086,1.0,1,269.5,1.0,0.0,0.0
53087,1.0,1,119.0,1.0,0.0,0.0
53090,1.0,2,148.5,1.0,103.0,0.0
53093,4.0,1,654.5,1.0,0.0,0.0
53100,1.0,1,27.06999969482421,1.0,0.0,0.0
53103,1.0,1,21.0,1.0,0.0,0.0
53107,1.0,1,24.06999969482421,1.0,0.0,0.0
53115,1.0,1,72.0,1.0,0.0,0.0
53119,3.0,1,356.9499969482422,1.0,0.0,0.0
53123,4.0,1,191.48000144958496,1.0,0.0,0.0
53134,4.0,1,108.35999894142151,1.0,0.0,0.0
53142,4.0,1,148.4600009918213,1.0,0.0,0.0
53145,2.0,1,70.89999961853027,1.0,0.0,0.0
53146,1.0,1,50.0,1.0,0.0,0.0
53148,1.0,1,37.950000762939446,1.0,0.0,0.0
53165,1.0,1,134.99000549316406,1.0,0.0,0.0
53174,1.0,1,9.989999771118164,1.0,0.0,0.0
53178,1.0,1,61.450000762939446,1.0,0.0,0.0
53179,2.0,1,56.98000144958496,1.0,0.0,0.0
53183,2.0,1,51.52000141143799,1.0,0.0,0.0
53197,1.0,1,16.989999771118164,1.0,0.0,0.0
53202,2.0,1,189.98999786376953,1.0,0.0,0.0
53212,1.0,1,34.9900016784668,1.0,0.0,0.0
53214,1.0,1,29.989999771118164,1.0,0.0,0.0
53221,1.0,1,56.9900016784668,1.0,0.0,0.0
53225,1.3333333333333333,2,274.189998626709,1.5,297.0,411.5361466505707
53226,1.0,1,10.989999771118164,1.0,0.0,0.0
53227,2.0,1,82.0,1.0,0.0,0.0
53229,2.0,1,146.6500015258789,1.0,0.0,0.0
53231,2.0,1,162.98999977111816,1.0,0.0,0.0
53235,1.0,1,12.0,1.0,0.0,0.0
53238,1.0,1,29.0,1.0,0.0,0.0
53242,1.0,1,40.9900016784668,1.0,0.0,0.0
53257,1.0,2,84.96999835968018,1.0,210.0,0.0
53261,1.5,2,120.96499633789062,1.0,74.0,0.0
53264,1.0,1,24.0,1.0,0.0,0.0
53266,1.0,1,89.0,1.0,0.0,0.0
53268,1.0,1,29.93000030517578,1.0,0.0,0.0
53269,3.0,1,109.95000076293945,1.0,0.0,0.0
53272,1.0,1,29.989999771118164,1.0,0.0,0.0
53273,1.0,1,12.0,1.0,0.0,0.0
53276,4.0,1,218.75,1.0,0.0,0.0
53279,1.0,1,21.989999771118164,1.0,0.0,0.0
53280,2.0,1,63.0,1.0,0.0,0.0
53282,3.0,1,106.44000053405762,1.0,0.0,0.0
53284,1.6666666666666667,3,148.95333290100098,1.0,270.0,84.8528137423857
53293,1.0,1,7.949999809265136,1.0,0.0,0.0
53294,1.0,1,42.9900016784668,1.0,0.0,0.0
53295,2.0,1,108.0,1.0,0.0,0.0
53304,1.0,1,23.989999771118164,1.0,0.0,0.0
53305,3.0,1,132.81999969482422,1.0,0.0,0.0
53308,1.0,1,45.61000061035156,1.0,0.0,0.0
53310,1.0,1,24.989999771118164,1.0,0.0,0.0
53316,2.0,1,238.98999786376953,1.0,0.0,0.0
53323,1.0,1,40.0,1.0,0.0,0.0
53325,1.0,1,25.0,1.0,0.0,0.0
53327,1.0,1,44.0,1.0,0.0,0.0
53332,1.5,2,126.21499824523926,1.0,277.0,0.0
53334,2.0,1,245.0,1.0,0.0,0.0
53337,1.5,2,78.4950008392334,1.0,1013.0,0.0
53342,1.0,1,41.83000183105469,1.0,0.0,0.0
53347,2.0,1,45.32000160217285,1.0,0.0,0.0
53353,1.0,2,46.99499988555908,1.0,785.0,0.0
53355,1.0,1,4.010000228881836,1.0,0.0,0.0
53371,1.0,1,21.989999771118164,1.0,0.0,0.0
53372,1.0,1,21.07999992370605,1.0,0.0,0.0
53375,4.0,1,225.31999969482422,1.0,0.0,0.0
53376,1.0,1,13.5,1.0,0.0,0.0
53380,1.0,1,25.0,1.0,0.0,0.0
53389,1.5,2,55.500000953674316,1.0,23.0,0.0
53390,1.0,1,115.0,1.0,0.0,0.0
53409,1.0,2,15.470000267028809,1.0,536.0,0.0
53410,1.0,1,25.0,1.0,0.0,0.0
53411,1.0,1,119.98999786376952,1.0,0.0,0.0
53413,1.0,1,141.54999923706055,2.0,7.0,0.0
53422,2.0,1,46.97999954223633,1.0,0.0,0.0
53424,1.0,1,37.970001220703125,1.0,0.0,0.0
53427,1.0,1,16.0,1.0,0.0,0.0
53430,1.0,2,36.5,1.0,545.0,0.0
53431,3.0,1,129.97999954223633,1.0,0.0,0.0
53433,2.0,1,38.64999961853027,1.0,0.0,0.0
53440,1.0,1,34.5,1.0,0.0,0.0
53442,1.0,1,65.0,1.0,0.0,0.0
53443,1.0,1,22.89999961853028,1.0,0.0,0.0
53450,1.0,1,3.990000009536743,1.0,0.0,0.0
53452,2.0,1,88.90000152587889,1.0,0.0,0.0
53454,1.0,2,32.47500038146973,1.0,870.0,0.0
53460,2.0,1,59.28000259399414,1.0,0.0,0.0
53463,1.0,1,36.950000762939446,1.0,0.0,0.0
53481,2.0,1,96.39000129699707,1.0,0.0,0.0
53489,1.0,1,47.9900016784668,1.0,0.0,0.0
53494,3.0,1,104.98999977111816,1.0,0.0,0.0
53495,1.0,1,219.0,1.0,0.0,0.0
53500,1.0,1,5.5,1.0,0.0,0.0
53501,4.0,1,180.9900016784668,1.0,0.0,0.0
53503,1.0,1,66.0,1.0,0.0,0.0
53504,3.0,1,39.179999351501465,1.0,0.0,0.0
53506,1.0,1,198.0,1.0,0.0,0.0
53507,1.0,1,41.0,1.0,0.0,0.0
53508,2.0,1,35.6899995803833,1.0,0.0,0.0
53511,1.0,2,31.0,1.0,178.0,0.0
53515,2.0,1,92.98999977111816,1.0,0.0,0.0
53530,1.0,1,17.5,1.0,0.0,0.0
53532,2.5,2,241.7450008392334,1.0,467.0,0.0
53534,4.0,1,101.47999954223633,1.0,0.0,0.0
53540,4.0,1,234.1599998474121,1.0,0.0,0.0
53542,2.0,1,66.21000003814697,1.0,0.0,0.0
53543,1.0,1,25.0,1.0,0.0,0.0
53547,2.0,1,100.41999816894531,1.0,0.0,0.0
53548,2.5,2,195.23500156402588,1.0,358.0,0.0
53559,1.0,1,31.950000762939453,1.0,0.0,0.0
53562,1.0,1,32.9900016784668,1.0,0.0,0.0
53563,1.0,1,13.989999771118164,1.0,0.0,0.0
53565,1.0,1,17.5,1.0,0.0,0.0
53569,1.0,1,88.0,1.0,0.0,0.0
53574,1.0,2,38.38499927520752,1.0,648.0,0.0
53581,1.5,2,97.7849988937378,1.0,202.0,0.0
53582,1.0,1,12.0,1.0,0.0,0.0
53595,3.0,1,357.9499969482422,1.0,0.0,0.0
53600,1.0,1,25.989999771118164,1.0,0.0,0.0
53608,2.0,1,189.93999671936035,1.0,0.0,0.0
53612,1.0,1,6.949999809265137,1.0,0.0,0.0
53613,1.0,2,39.859999656677246,1.0,42.0,0.0
53618,1.0,1,29.989999771118164,1.0,0.0,0.0
53620,2.0,1,78.1500015258789,1.0,0.0,0.0
53621,1.0,1,16.950000762939453,1.0,0.0,0.0
53626,1.0,1,54.9900016784668,1.0,0.0,0.0
53629,3.0,1,311.99000549316406,1.0,0.0,0.0
53630,1.0,1,13.0,1.0,0.0,0.0
53632,4.0,1,202.54999923706055,1.0,0.0,0.0
53639,1.0,1,112.45999908447266,1.0,0.0,0.0
53654,1.0,1,75.0,1.0,0.0,0.0
53659,1.0,1,26.459999084472656,1.0,0.0,0.0
53660,1.0,1,109.98999786376952,1.0,0.0,0.0
53661,1.0,2,41.0,1.0,119.0,0.0
53669,1.0,1,24.0,1.0,0.0,0.0
53671,1.0,1,81.2699966430664,1.0,0.0,0.0
53677,1.0,1,29.989999771118164,1.0,0.0,0.0
53681,1.0,2,88.25,1.0,310.0,0.0
53683,1.0,1,25.0,1.0,0.0,0.0
53686,1.0,1,39.0,1.0,0.0,0.0
53688,1.0,1,66.95999908447266,1.0,0.0,0.0
53690,1.0,1,50.0,1.0,0.0,0.0
53700,2.0,1,48.98000144958496,1.0,0.0,0.0
53704,1.0,1,47.02000045776367,1.0,0.0,0.0
53708,1.0,1,14.1899995803833,1.0,0.0,0.0
53712,1.0,1,179.0,1.0,0.0,0.0
53713,2.0,1,173.99000549316406,1.0,0.0,0.0
53714,2.0,1,76.48999977111816,1.0,0.0,0.0
53727,2.0,1,53.55000114440918,1.0,0.0,0.0
53728,1.0,1,24.0,1.0,0.0,0.0
53730,1.0,1,11.100000381469728,1.0,0.0,0.0
53731,1.0,1,45.0,1.0,0.0,0.0
53732,2.5,2,132.87500143051147,1.0,462.0,0.0
53733,2.0,3,213.53000132242838,1.0,293.5,202.93964620053913
53736,1.0,1,30.0,1.0,0.0,0.0
53740,2.0,1,199.9399948120117,1.0,0.0,0.0
53741,2.0,1,130.0,1.0,0.0,0.0
53744,1.0,1,24.989999771118164,1.0,0.0,0.0
53750,1.0,1,40.72999954223633,1.0,0.0,0.0
53753,1.0,1,329.0,1.0,0.0,0.0
53758,1.0,1,25.0,1.0,0.0,0.0
53765,1.0,1,45.0,1.0,0.0,0.0
53769,4.0,1,143.89000177383423,1.0,0.0,0.0
53775,1.0,1,64.0,1.0,0.0,0.0
53789,2.0,1,175.0,1.0,0.0,0.0
53795,3.0,1,98.57999992370605,1.0,0.0,0.0
53800,1.0,1,80.0,1.0,0.0,0.0
53802,1.0,2,43.24499988555908,1.0,567.0,0.0
53814,1.0,1,109.0,1.0,0.0,0.0
53815,2.0,1,58.06999969482422,1.0,0.0,0.0
53830,1.0,1,49.5,1.0,0.0,0.0
53834,1.0,1,140.0,1.0,0.0,0.0
53836,2.0,1,60.900001525878906,1.0,0.0,0.0
53840,1.0,1,6.980000019073486,1.0,0.0,0.0
53842,1.0,1,32.0,1.0,0.0,0.0
53844,1.0,1,195.0,1.0,0.0,0.0
53847,1.0,1,43.310001373291016,1.0,0.0,0.0
53849,2.0,1,101.0,1.0,0.0,0.0
53854,1.0,1,50.0,1.0,0.0,0.0
53855,1.0,3,114.86333592732747,1.0,95.0,33.94112549695428
53864,2.0,1,94.0,1.0,0.0,0.0
53872,1.0,1,39.9900016784668,1.0,0.0,0.0
53879,1.0,1,16.100000381469727,1.0,0.0,0.0
53882,1.0,1,15.0,1.0,0.0,0.0
53887,1.0,1,49.9900016784668,1.0,0.0,0.0
53889,1.0,2,18.994999885559082,1.0,517.0,0.0
53892,2.0,1,91.7699966430664,1.0,0.0,0.0
53896,1.0,1,89.94999694824217,1.0,0.0,0.0
53899,1.0,1,15.329999923706056,1.0,0.0,0.0
53903,3.0,2,144.02000045776367,1.0,530.0,0.0
53906,2.0,1,30.989999771118164,1.0,0.0,0.0
53908,2.0,2,287.67000007629395,1.0,31.0,0.0
53913,1.0,1,49.5,1.0,0.0,0.0
53914,1.0,1,69.0,1.0,0.0,0.0
53919,1.0,1,79.98999786376953,1.0,0.0,0.0
53924,2.0,1,58.420000076293945,1.0,0.0,0.0
53930,1.0,1,75.4800033569336,1.0,0.0,0.0
53931,1.0,1,11.989999771118164,1.0,0.0,0.0
53939,3.0,1,353.8799982070923,1.0,0.0,0.0
53941,1.0,1,16.0,1.0,0.0,0.0
53942,1.0,1,7.989999771118163,1.0,0.0,0.0
53947,2.5,2,555.2700061798096,1.0,135.0,0.0
53953,1.0,1,26.989999771118164,1.0,0.0,0.0
53954,1.0,1,10.960000038146973,1.0,0.0,0.0
53955,1.0,1,32.0,1.0,0.0,0.0
53960,2.0,1,84.98999977111816,1.0,0.0,0.0
53964,3.0,1,223.0,1.0,0.0,0.0
53971,1.0,1,172.1999969482422,1.0,0.0,0.0
53981,1.0,1,129.8300018310547,1.0,0.0,0.0
53985,1.0,1,69.30000305175781,1.0,0.0,0.0
53989,1.0,1,34.9900016784668,1.0,0.0,0.0
53992,1.0,1,25.0,1.0,0.0,0.0
53999,1.0,1,24.950000762939453,1.0,0.0,0.0
54000,3.0,1,196.22999572753906,1.0,0.0,0.0
54006,1.0,1,49.5,1.0,0.0,0.0
54009,1.0,1,44.5,1.0,0.0,0.0
54010,2.0,1,152.0999984741211,1.0,0.0,0.0
54012,2.5,2,165.02500343322754,1.0,93.0,0.0
54019,1.0,1,12.989999771118164,1.0,0.0,0.0
54024,1.0,1,11.949999809265137,1.0,0.0,0.0
54026,2.0,1,53.98000144958496,1.0,0.0,0.0
54029,2.0,1,114.5,1.0,0.0,0.0
54033,1.0,1,12.630000114440918,1.0,0.0,0.0
54041,1.0,1,32.0,1.0,0.0,0.0
54048,1.0,1,88.0,1.0,0.0,0.0
54051,2.0,1,112.97999763488768,1.0,0.0,0.0
54052,3.0,1,103.28000068664551,1.0,0.0,0.0
54061,1.0,1,35.0,1.0,0.0,0.0
54070,1.0,1,39.950000762939446,1.0,0.0,0.0
54072,1.0,1,27.0,1.0,0.0,0.0
54073,2.0,1,74.5,1.0,0.0,0.0
54082,1.0,1,131.94000244140625,1.0,0.0,0.0
54083,1.0,1,65.0,1.0,0.0,0.0
54088,1.0,1,26.989999771118164,1.0,0.0,0.0
54092,1.0,2,34.47500038146973,1.0,20.0,0.0
54093,1.0,1,29.989999771118164,1.0,0.0,0.0
54102,2.0,1,391.0,1.0,0.0,0.0
54108,1.0,2,19.494999885559082,1.0,285.0,0.0
54109,2.0,1,201.08000564575198,1.0,0.0,0.0
54112,1.5,2,26.800000190734863,1.0,422.0,0.0
54124,4.0,1,137.23999977111816,1.0,0.0,0.0
54125,3.0,1,105.75,1.0,0.0,0.0
54127,1.5,2,82.74499988555908,1.0,378.0,0.0
54130,2.0,1,182.9900016784668,1.0,0.0,0.0
54131,1.0,1,40.0,1.0,0.0,0.0
54132,1.0,1,13.260000228881836,1.0,0.0,0.0
54135,1.0,1,32.0,1.0,0.0,0.0
54140,2.0,1,107.65999794006349,1.0,0.0,0.0
54141,1.0,1,119.98999786376952,1.0,0.0,0.0
54145,2.0,1,395.0,1.0,0.0,0.0
54150,2.0,1,337.11000061035156,1.0,0.0,0.0
54151,1.0,1,29.989999771118164,1.0,0.0,0.0
54152,1.0,1,17.989999771118164,1.0,0.0,0.0
54156,3.0,1,95.94000172615051,1.0,0.0,0.0
54165,4.0,1,101.43000030517578,1.0,0.0,0.0
54166,2.0,1,69.96999931335449,1.0,0.0,0.0
54169,2.0,1,124.97999954223633,1.0,0.0,0.0
54177,1.0,1,88.2699966430664,1.0,0.0,0.0
54180,1.0,1,69.0,1.0,0.0,0.0
54191,2.0,1,221.0999984741211,1.0,0.0,0.0
54192,2.0,1,85.78999900817871,1.0,0.0,0.0
54195,1.0,1,36.9900016784668,1.0,0.0,0.0
54196,1.0,1,32.9900016784668,1.0,0.0,0.0
54199,2.0,1,53.41999816894531,1.0,0.0,0.0
54201,2.0,1,81.96999931335449,1.0,0.0,0.0
54203,1.0,1,200.0,1.0,0.0,0.0
54204,2.0,1,86.27999973297119,1.0,0.0,0.0
54211,1.0,1,30.989999771118164,1.0,0.0,0.0
54213,2.0,1,167.4499969482422,1.0,0.0,0.0
54216,1.0,1,29.950000762939453,1.0,0.0,0.0
54217,1.0,2,100.14999961853027,1.0,1252.0,0.0
54219,1.0,1,8.989999771118164,1.0,0.0,0.0
54222,1.0,1,107.5199966430664,1.0,0.0,0.0
54223,2.0,1,78.94000244140625,1.0,0.0,0.0
54228,4.0,1,104.94000053405762,1.0,0.0,0.0
54229,1.0,1,7.349999904632568,1.0,0.0,0.0
54234,1.0,1,149.99000549316406,1.0,0.0,0.0
54243,1.0,1,42.0,1.0,0.0,0.0
54248,1.0,1,9.989999771118164,1.0,0.0,0.0
54252,1.0,1,36.0,1.0,0.0,0.0
54254,1.0,1,55.0,1.0,0.0,0.0
54257,4.0,1,218.9900016784668,1.0,0.0,0.0
54269,1.0,1,26.989999771118164,1.0,0.0,0.0
54270,1.0,1,72.0,1.0,0.0,0.0
54272,1.0,1,29.989999771118164,1.0,0.0,0.0
54274,1.0,2,17.944999933242798,1.0,148.0,0.0
54278,1.0,1,45.0,1.0,0.0,0.0
54279,2.0,1,97.83000183105469,1.0,0.0,0.0
54280,1.0,1,8.0,1.0,0.0,0.0
54283,1.0,2,81.9749984741211,1.0,127.0,0.0
54285,2.5,2,86.25000047683716,1.0,2014.0,0.0
54301,1.0,1,89.5,1.0,0.0,0.0
54305,1.0,1,21.989999771118164,1.0,0.0,0.0
54309,1.0,1,38.450000762939446,1.0,0.0,0.0
54311,1.0,1,350.0,1.0,0.0,0.0
54313,1.0,1,41.41999816894531,1.0,0.0,0.0
54316,1.5,2,141.9950008392334,1.0,538.0,0.0
54329,1.0,1,19.989999771118164,1.0,0.0,0.0
54332,1.0,1,54.0,1.0,0.0,0.0
54334,1.0,1,24.989999771118164,1.0,0.0,0.0
54341,1.0,1,18.979999542236328,1.0,0.0,0.0
54344,1.0,1,239.94999694824216,1.0,0.0,0.0
54345,3.0,1,189.0800018310547,1.0,0.0,0.0
54349,2.0,1,140.0999984741211,1.0,0.0,0.0
54351,1.0,1,49.9900016784668,1.0,0.0,0.0
54354,2.0,2,169.47999954223633,1.0,530.0,0.0
54361,1.0,1,72.37000274658203,1.0,0.0,0.0
54363,1.0,1,129.99000549316406,1.0,0.0,0.0
54367,2.0,1,57.97999954223633,1.0,0.0,0.0
54370,1.0,1,69.0,1.0,0.0,0.0
54371,2.0,1,92.9900016784668,1.0,0.0,0.0
54373,4.0,1,249.96999549865723,1.0,0.0,0.0
54379,1.0,1,35.0,1.0,0.0,0.0
54382,1.0,1,17.989999771118164,1.0,0.0,0.0
54384,1.0,1,60.0,1.0,0.0,0.0
54385,1.0,1,25.0,1.0,0.0,0.0
54386,2.0,1,39.989999771118164,1.0,0.0,0.0
54388,3.0,1,337.9099998474121,1.0,0.0,0.0
54389,2.0,1,46.43000030517578,1.0,0.0,0.0
54390,1.0,1,59.5,1.0,0.0,0.0
54391,1.0,1,2.6700000762939453,1.0,0.0,0.0
54392,1.0,1,49.9900016784668,1.0,0.0,0.0
54396,2.0,2,82.59500026702881,1.0,355.0,0.0
54407,3.0,1,84.23000144958496,1.0,0.0,0.0
54409,1.5,2,72.0,1.0,1045.0,0.0
54414,1.0,1,29.989999771118164,1.0,0.0,0.0
54416,1.0,1,29.989999771118164,1.0,0.0,0.0
54419,1.0,1,24.0,1.0,0.0,0.0
54424,1.0,1,36.400001525878906,1.0,0.0,0.0
54427,1.0,1,35.95000076293945,1.0,0.0,0.0
54428,1.0,1,21.0,1.0,0.0,0.0
54432,3.0,1,127.9900016784668,1.0,0.0,0.0
54435,4.0,1,126.98999977111816,1.0,0.0,0.0
54440,1.0,1,119.9499969482422,1.0,0.0,0.0
54441,1.0,1,35.0,1.0,0.0,0.0
54448,1.0,1,128.0,1.0,0.0,0.0
54454,1.0,1,43.9900016784668,1.0,0.0,0.0
54458,3.0,1,221.14000034332275,1.0,0.0,0.0
54467,1.0,2,43.48500061035156,1.0,17.0,0.0
54472,1.0,1,35.900001525878906,1.0,0.0,0.0
54478,1.5,2,75.48999881744385,1.0,1685.0,0.0
54480,2.0,1,94.3599967956543,1.0,0.0,0.0
54482,2.0,1,44.0,1.0,0.0,0.0
54491,1.0,1,20.100000381469727,1.0,0.0,0.0
54497,1.0,1,27.0,1.0,0.0,0.0
54499,1.0,1,62.9900016784668,1.0,0.0,0.0
54500,1.0,1,25.75,1.0,0.0,0.0
54501,1.0,1,12.0,1.0,0.0,0.0
54509,1.0,1,26.989999771118164,1.0,0.0,0.0
54511,2.0,1,194.0,1.0,0.0,0.0
54515,3.0,2,91.99999904632568,1.0,68.0,0.0
54517,2.0,1,94.30000305175781,1.0,0.0,0.0
54519,1.0,1,65.0,1.0,0.0,0.0
54521,1.0,1,30.0,1.0,0.0,0.0
54528,1.0,1,34.5,1.0,0.0,0.0
54532,1.0,1,8.989999771118164,1.0,0.0,0.0
54535,2.0,1,168.5,1.0,0.0,0.0
54541,1.0,2,45.60499954223633,1.0,127.0,0.0
54546,1.0,1,65.0,1.0,0.0,0.0
54548,1.0,1,39.5,1.0,0.0,0.0
54549,1.0,1,59.9900016784668,1.0,0.0,0.0
54557,1.0,1,19.209999084472656,1.0,0.0,0.0
54563,1.0,1,161.0,1.0,0.0,0.0
54577,1.0,1,70.0,1.0,0.0,0.0
54578,1.0,2,406.5,1.0,197.0,0.0
54584,2.0,1,64.98000144958496,1.0,0.0,0.0
54587,2.0,1,129.5,1.0,0.0,0.0
54588,1.0,1,65.61000061035156,1.0,0.0,0.0
54589,1.0,1,396.0,1.0,0.0,0.0
54593,4.0,1,484.98999977111816,1.0,0.0,0.0
54594,1.0,1,19.600000381469727,1.0,0.0,0.0
54603,1.0,1,44.9900016784668,1.0,0.0,0.0
54608,1.0,1,140.0,1.0,0.0,0.0
54615,2.5,2,147.36500072479248,1.0,1206.0,0.0
54616,1.0,1,129.99000549316406,1.0,0.0,0.0
54622,1.0,1,12.300000190734863,1.0,0.0,0.0
54626,1.0,1,21.18000030517578,1.0,0.0,0.0
54636,1.0,1,169.5,1.0,0.0,0.0
54639,1.0,1,16.0,1.0,0.0,0.0
54643,1.0,1,39.0,1.0,0.0,0.0
54646,1.0,1,19.5,1.0,0.0,0.0
54659,1.0,1,75.06999969482422,1.0,0.0,0.0
54665,1.0,1,7.989999771118163,1.0,0.0,0.0
54674,1.0,1,22.57999992370605,1.0,0.0,0.0
54675,1.0,1,14.340000152587892,1.0,0.0,0.0
54679,1.0,2,30.5,1.0,346.0,0.0
54684,1.5,2,80.97500038146973,1.0,495.0,0.0
54685,1.0,1,280.6700134277344,1.0,0.0,0.0
54700,2.0,1,48.14999961853027,1.0,0.0,0.0
54702,1.0,2,62.63999938964844,1.0,1905.0,0.0
54709,1.0,1,25.0,1.0,0.0,0.0
54710,2.5,2,521.7450003623962,1.0,472.0,0.0
54711,3.0,1,202.45999908447266,1.0,0.0,0.0
54717,1.0,1,89.98999786376953,1.0,0.0,0.0
54722,1.0,1,25.0,1.0,0.0,0.0
54723,2.5,2,158.47000122070312,1.0,271.0,0.0
54734,1.0,1,36.0,1.0,0.0,0.0
54740,2.0,1,99.52999877929688,1.0,0.0,0.0
54743,1.5,2,62.994998931884766,1.0,245.0,0.0
54746,1.0,1,6.5,1.0,0.0,0.0
54749,3.0,1,74.44999885559082,1.0,0.0,0.0
54754,2.0,1,54.1200008392334,1.0,0.0,0.0
54760,1.0,1,32.900001525878906,1.0,0.0,0.0
54761,1.0,1,79.0,1.0,0.0,0.0
54762,1.0,1,34.0,1.0,0.0,0.0
54764,2.0,1,41.889999389648445,1.0,0.0,0.0
54765,1.0,1,186.0,1.0,0.0,0.0
54767,1.0,1,84.98999786376953,1.0,0.0,0.0
54768,2.0,1,49.5699987411499,1.0,0.0,0.0
54780,1.0,1,169.99000549316406,1.0,0.0,0.0
54784,1.0,1,10.149999618530272,1.0,0.0,0.0
54785,1.5,2,100.97499990463257,1.0,563.0,0.0
54787,2.0,1,36.019999504089355,1.0,0.0,0.0
54788,4.0,1,268.8400001525879,1.0,0.0,0.0
54799,1.0,1,12.0,1.0,0.0,0.0
54802,4.0,1,259.2700023651123,1.0,0.0,0.0
54803,1.0,1,35.0,1.0,0.0,0.0
54804,2.0,1,32.96999931335449,1.0,0.0,0.0
54807,1.0,2,21.924999952316284,1.0,103.0,0.0
54816,2.0,1,154.0,1.0,0.0,0.0
54825,2.0,1,51.989999771118164,1.0,0.0,0.0
54826,1.0,1,28.950000762939453,1.0,0.0,0.0
54827,4.0,1,202.6599998474121,1.0,0.0,0.0
54831,1.0,1,58.79999923706056,1.0,0.0,0.0
54833,1.0,2,105.95000076293945,1.0,572.0,0.0
54837,1.0,1,17.0,1.0,0.0,0.0
54840,1.0,1,35.9900016784668,1.0,0.0,0.0
54841,1.0,1,45.0,1.0,0.0,0.0
54843,1.0,1,35.0,1.0,0.0,0.0
54844,1.0,2,34.989999771118164,1.0,402.0,0.0
54849,2.0,1,88.9900016784668,1.0,0.0,0.0
54850,1.0,1,11.989999771118164,1.0,0.0,0.0
54851,1.0,1,16.5,1.0,0.0,0.0
54853,1.0,1,74.9800033569336,1.0,0.0,0.0
54855,1.0,1,117.59999847412108,1.0,0.0,0.0
54864,1.0,1,29.989999771118164,1.0,0.0,0.0
54873,1.0,1,30.0,1.0,0.0,0.0
54875,2.0,1,129.0,1.0,0.0,0.0
54883,1.0,1,249.94999694824216,1.0,0.0,0.0
54886,1.0,1,16.989999771118164,1.0,0.0,0.0
54887,1.0,1,68.55999755859375,1.0,0.0,0.0
54888,1.0,1,22.5,1.0,0.0,0.0
54893,1.5,2,65.60999870300293,1.0,138.0,0.0
54898,2.0,1,120.78000259399414,1.0,0.0,0.0
54902,1.0,2,23.994999885559082,1.0,228.0,0.0
54912,1.0,1,40.0,1.0,0.0,0.0
54915,1.0,2,18.0,1.0,1067.0,0.0
54918,1.0,1,4.840000152587891,1.0,0.0,0.0
54919,1.0,1,17.579999923706055,1.0,0.0,0.0
54923,1.0,1,36.380001068115234,1.0,0.0,0.0
54924,2.0,1,205.94000530242923,1.0,0.0,0.0
54928,2.0,1,646.0999984741211,1.0,0.0,0.0
54932,1.5,2,74.8799991607666,1.0,221.0,0.0
54935,2.0,1,53.95000076293945,1.0,0.0,0.0
54938,2.0,1,160.99000549316406,1.0,0.0,0.0
54940,3.0,1,353.0,1.0,0.0,0.0
54950,1.0,1,69.98999786376953,1.0,0.0,0.0
54960,1.0,1,33.0,1.0,0.0,0.0
54962,1.0,1,44.5,1.0,0.0,0.0
54966,1.0,1,12.0,1.0,0.0,0.0
54973,2.0,1,113.95999908447266,1.0,0.0,0.0
54981,4.0,1,279.48999977111816,1.0,0.0,0.0
54984,1.0,1,98.0,1.0,0.0,0.0
54987,1.0,1,10.390000343322754,1.0,0.0,0.0
54988,1.0,1,72.16999816894531,1.0,0.0,0.0
54992,4.0,1,354.439998626709,1.0,0.0,0.0
54993,1.0,1,37.900001525878906,1.0,0.0,0.0
54997,2.0,1,73.9900016784668,1.0,0.0,0.0
55001,1.0,1,27.950000762939453,1.0,0.0,0.0
55002,4.0,1,269.9499969482422,1.0,0.0,0.0
55003,1.0,1,16.0,1.0,0.0,0.0
55004,2.0,1,79.45000076293945,1.0,0.0,0.0
55008,1.0,2,41.439999580383294,1.0,568.0,0.0
55009,1.0,1,7.989999771118163,1.0,0.0,0.0
55028,2.0,1,52.0,1.0,0.0,0.0
55029,1.0,1,65.0,1.0,0.0,0.0
55033,1.0,1,69.5,1.0,0.0,0.0
55040,1.0,1,38.9900016784668,1.0,0.0,0.0
55045,2.0,1,76.9800033569336,1.0,0.0,0.0
55047,1.0,1,112.5,1.0,0.0,0.0
55050,1.0,1,158.0,1.0,0.0,0.0
55051,2.0,1,30.989999771118164,1.0,0.0,0.0
55052,1.0,1,22.989999771118164,1.0,0.0,0.0
55059,1.0,1,178.0,1.0,0.0,0.0
55060,1.0,1,148.0,1.0,0.0,0.0
55062,1.0,1,48.400001525878906,1.0,0.0,0.0
55067,1.0,1,39.5,1.0,0.0,0.0
55071,2.0,1,210.6599998474121,1.0,0.0,0.0
55078,1.0,1,69.94999694824219,1.0,0.0,0.0
55080,1.0,1,59.9900016784668,1.0,0.0,0.0
55081,4.0,1,308.93999671936035,1.0,0.0,0.0
55082,1.0,1,260.0,1.0,0.0,0.0
55083,1.0,1,89.98999786376953,1.0,0.0,0.0
55086,2.0,1,221.9900016784668,1.0,0.0,0.0
55088,1.0,1,40.0,1.0,0.0,0.0
55093,1.0,1,25.0,1.0,0.0,0.0
55099,2.0,1,242.93999481201172,1.0,0.0,0.0
55100,1.0,1,118.0,1.0,0.0,0.0
55101,2.0,1,936.9900016784668,1.0,0.0,0.0
55114,1.0,1,25.0,1.0,0.0,0.0
55117,1.0,1,18.5,1.0,0.0,0.0
55126,1.0,1,28.0,1.0,0.0,0.0
55127,1.0,1,12.829999923706056,1.0,0.0,0.0
55128,1.0,1,28.89999961853028,1.0,0.0,0.0
55130,4.0,1,117.50000190734863,1.0,0.0,0.0
55138,1.0,1,40.950000762939446,1.0,0.0,0.0
55139,1.0,1,49.59000015258789,1.0,0.0,0.0
55141,3.0,1,138.94999980926514,1.0,0.0,0.0
55143,1.0,1,20.950000762939453,1.0,0.0,0.0
55144,4.0,1,708.8499984741211,1.0,0.0,0.0
55146,4.0,1,397.94000244140625,1.0,0.0,0.0
55149,1.0,1,19.989999771118164,1.0,0.0,0.0
55152,1.0,1,19.979999542236328,1.0,0.0,0.0
55154,2.0,2,181.57999897003174,1.0,64.0,0.0
55159,1.0,1,146.25,1.0,0.0,0.0
55160,1.0,1,41.38999938964844,1.0,0.0,0.0
55161,2.0,1,203.98999977111816,1.0,0.0,0.0
55168,2.0,1,97.9900016784668,1.0,0.0,0.0
55170,1.0,1,98.0,1.0,0.0,0.0
55175,1.0,1,48.0,1.0,0.0,0.0
55180,4.0,1,133.8499984741211,1.0,0.0,0.0
55187,1.0,1,16.0,1.0,0.0,0.0
55188,1.0,1,18.0,1.0,0.0,0.0
55198,1.0,1,79.98999786376953,1.0,0.0,0.0
55200,1.0,2,42.97500038146973,1.0,283.0,0.0
55202,2.0,1,129.78999710083008,1.0,0.0,0.0
55214,1.0,1,113.8000030517578,1.0,0.0,0.0
55215,4.0,1,810.3499984741211,1.0,0.0,0.0
55216,1.0,1,75.62000274658203,1.0,0.0,0.0
55218,4.0,1,413.4000129699707,1.0,0.0,0.0
55219,2.0,1,54.95000076293945,1.0,0.0,0.0
55221,2.0,1,168.9900016784668,1.0,0.0,0.0
55231,4.0,1,233.48999977111816,1.0,0.0,0.0
55234,1.0,1,128.0,1.0,0.0,0.0
55248,1.5,2,43.47500038146973,1.0,973.0,0.0
55251,1.0,1,36.0,1.0,0.0,0.0
55256,1.0,1,29.989999771118164,1.0,0.0,0.0
55260,2.5,1,1208.9699974060059,2.0,9.0,0.0
55264,1.0,1,39.5,1.0,0.0,0.0
55266,1.0,1,40.720001220703125,1.0,0.0,0.0
55268,1.0,1,29.989999771118164,1.0,0.0,0.0
55275,4.0,1,389.48999786376953,1.0,0.0,0.0
55276,1.0,1,16.969999313354492,1.0,0.0,0.0
55282,1.0,1,46.619998931884766,1.0,0.0,0.0
55286,1.0,1,25.0,1.0,0.0,0.0
55288,1.0,1,36.0,1.0,0.0,0.0
55296,4.0,1,168.45000076293945,1.0,0.0,0.0
55302,1.0,2,16.494999885559082,1.0,362.0,0.0
55312,1.0,1,34.0,1.0,0.0,0.0
55317,1.0,1,20.68000030517578,1.0,0.0,0.0
55321,1.0,1,25.0,1.0,0.0,0.0
55324,1.0,1,85.0,1.0,0.0,0.0
55331,1.0,1,12.989999771118164,1.0,0.0,0.0
55333,1.0,1,21.489999771118164,1.0,0.0,0.0
55334,1.0,1,39.9900016784668,1.0,0.0,0.0
55337,1.0,1,19.950000762939453,1.0,0.0,0.0
55344,1.0,1,58.0,1.0,0.0,0.0
55351,2.0,1,61.83000135421753,1.0,0.0,0.0
55352,1.0,1,24.989999771118164,1.0,0.0,0.0
55355,1.0,1,12.949999809265137,1.0,0.0,0.0
55356,1.0,1,15.079999923706056,1.0,0.0,0.0
55357,4.0,1,163.91000366210938,1.0,0.0,0.0
55358,1.0,1,29.989999771118164,1.0,0.0,0.0
55364,3.0,1,155.25000381469727,1.0,0.0,0.0
55376,1.0,1,11.989999771118164,1.0,0.0,0.0
55379,2.0,1,172.0,1.0,0.0,0.0
55382,1.0,1,31.26000022888184,1.0,0.0,0.0
55386,1.0,1,10.18000030517578,1.0,0.0,0.0
55388,1.0,1,19.979999542236328,1.0,0.0,0.0
55392,4.0,1,191.0,1.0,0.0,0.0
55393,2.0,1,175.0,1.0,0.0,0.0
55396,1.0,1,45.02999877929688,1.0,0.0,0.0
55397,2.0,1,100.0,1.0,0.0,0.0
55398,2.0,1,67.98000144958496,1.0,0.0,0.0
55403,2.0,1,58.0,1.0,0.0,0.0
55404,1.0,1,60.0,1.0,0.0,0.0
55405,3.0,1,174.0,1.0,0.0,0.0
55408,1.0,1,28.0,1.0,0.0,0.0
55411,1.0,1,130.0,1.0,0.0,0.0
55415,3.0,1,194.94999980926514,1.0,0.0,0.0
55416,1.0,1,9.989999771118164,1.0,0.0,0.0
55419,1.0,1,169.0,1.0,0.0,0.0
55420,1.0,1,80.0,1.0,0.0,0.0
55422,1.0,1,54.0,1.0,0.0,0.0
55423,1.0,1,19.5,1.0,0.0,0.0
55426,1.0,1,9.970000267028809,1.0,0.0,0.0
55430,1.0,1,57.950000762939446,1.0,0.0,0.0
55433,2.0,1,71.0,1.0,0.0,0.0
55438,1.0,1,7.110000133514404,1.0,0.0,0.0
55441,2.0,1,107.0,1.0,0.0,0.0
55442,3.0,1,439.0699863433838,1.0,0.0,0.0
55448,1.0,1,25.0,1.0,0.0,0.0
55454,1.5,2,21.19499969482422,1.0,18.0,0.0
55457,2.0,1,25.84000015258789,1.0,0.0,0.0
55458,1.0,1,22.0,1.0,0.0,0.0
55466,1.0,1,59.0,1.0,0.0,0.0
55471,1.0,1,78.19999694824217,1.0,0.0,0.0
55474,2.5,2,372.91500997543335,1.0,313.0,0.0
55479,1.0,1,46.5,1.0,0.0,0.0
55487,1.0,1,149.99000549316406,1.0,0.0,0.0
55490,1.0,1,129.9499969482422,1.0,0.0,0.0
55491,1.0,1,119.0,1.0,0.0,0.0
55492,1.0,1,52.0,1.0,0.0,0.0
55498,1.0,1,79.56999969482422,1.0,0.0,0.0
55506,2.0,2,108.99000072479248,1.0,1226.0,0.0
55508,2.0,1,83.0,1.0,0.0,0.0
55509,3.0,1,435.4499969482422,1.0,0.0,0.0
55513,1.0,1,24.0,1.0,0.0,0.0
55514,3.0,1,385.97999000549316,1.0,0.0,0.0
55520,2.0,1,75.11000061035156,1.0,0.0,0.0
55522,2.0,1,121.9800033569336,1.0,0.0,0.0
55524,1.0,1,22.989999771118164,1.0,0.0,0.0
55526,1.0,1,28.0,1.0,0.0,0.0
55527,2.0,1,219.94000625610352,1.0,0.0,0.0
55528,2.0,1,49.98000144958496,1.0,0.0,0.0
55530,1.0,1,79.98999786376953,1.0,0.0,0.0
55533,1.0,2,33.36000061035156,1.0,61.0,0.0
55540,1.0,1,160.0,1.0,0.0,0.0
55552,1.0,1,36.0,1.0,0.0,0.0
55559,1.0,2,43.635000228881836,1.0,88.0,0.0
55560,1.0,1,75.0,1.0,0.0,0.0
55562,3.0,1,207.44000244140625,1.0,0.0,0.0
55564,1.0,1,25.950000762939453,1.0,0.0,0.0
55566,1.0,1,80.9800033569336,1.0,0.0,0.0
55570,1.0,1,56.0,1.0,0.0,0.0
55576,1.0,2,68.9950008392334,1.0,690.0,0.0
55577,2.0,1,111.5,1.0,0.0,0.0
55580,1.0,1,249.0,1.0,0.0,0.0
55581,1.0,1,199.94999694824216,1.0,0.0,0.0
55582,1.0,1,39.950000762939446,1.0,0.0,0.0
55588,1.0,1,14.0,1.0,0.0,0.0
55598,1.0,1,157.5,1.0,0.0,0.0
55603,1.0,1,25.0,1.0,0.0,0.0
55616,1.0,1,24.5,1.0,0.0,0.0
55617,1.0,3,96.83333333333333,1.0,508.5,190.21172413918129
55626,1.5,2,73.45000076293945,1.0,187.0,0.0
55630,1.0,1,11.380000114440918,1.0,0.0,0.0
55632,2.0,1,59.9900016784668,1.0,0.0,0.0
55635,1.0,1,39.5,1.0,0.0,0.0
55637,1.0,1,45.0,1.0,0.0,0.0
55638,1.0,1,64.0,1.0,0.0,0.0
55639,2.0,1,251.98000526428225,1.0,0.0,0.0
55640,1.0,1,55.4900016784668,1.0,0.0,0.0
55642,1.0,1,25.0,1.0,0.0,0.0
55644,2.0,1,122.0,1.0,0.0,0.0
55651,2.0,1,50.97999954223633,1.0,0.0,0.0
55652,1.0,1,38.0,1.0,0.0,0.0
55658,2.0,1,109.4900016784668,1.0,0.0,0.0
55659,1.0,1,58.5,1.0,0.0,0.0
55664,1.0,1,36.9900016784668,1.0,0.0,0.0
55668,2.0,2,93.02999973297119,1.0,58.0,0.0
55670,1.5,2,45.97000026702881,1.0,200.0,0.0
55672,1.0,1,25.0,1.0,0.0,0.0
55673,1.0,1,129.99000549316406,1.0,0.0,0.0
55680,1.0,1,8.899999618530273,1.0,0.0,0.0
55681,1.0,1,135.0,1.0,0.0,0.0
55682,2.0,2,110.9850025177002,1.0,222.0,0.0
55683,1.0,1,176.0,1.0,0.0,0.0
55689,1.5,2,92.9950008392334,1.0,347.0,0.0
55691,1.0,1,59.0,1.0,0.0,0.0
55692,3.0,1,83.23999881744386,1.0,0.0,0.0
55696,1.0,1,240.0,1.0,0.0,0.0
55703,2.0,1,86.4900016784668,1.0,0.0,0.0
55706,3.0,1,256.98999786376953,1.0,0.0,0.0
55709,1.6666666666666667,2,76.0450005531311,1.5,15.5,14.849242404917497
55711,1.0,1,264.0,1.0,0.0,0.0
55712,1.0,1,59.9900016784668,1.0,0.0,0.0
55714,1.5,2,75.85499954223633,1.0,95.0,0.0
55715,4.0,1,453.3300018310547,1.0,0.0,0.0
55722,1.0,1,60.0,1.0,0.0,0.0
55724,1.0,1,161.74000549316406,1.0,0.0,0.0
55740,2.0,1,106.0,1.0,0.0,0.0
55741,1.3333333333333333,3,94.97666549682617,1.0,188.0,151.32085117392117
55746,1.5,2,43.47000026702881,1.0,85.0,0.0
55747,1.0,2,70.2549991607666,1.0,325.0,0.0
55748,1.0,1,10.989999771118164,1.0,0.0,0.0
55751,1.0,1,49.950000762939446,1.0,0.0,0.0
55752,1.0,1,24.459999084472656,1.0,0.0,0.0
55753,1.0,1,14.0,1.0,0.0,0.0
55756,1.0,1,39.950000762939446,1.0,0.0,0.0
55757,2.0,1,44.9900016784668,1.0,0.0,0.0
55766,1.0,1,18.5,1.0,0.0,0.0
55769,1.0,1,49.97999954223633,1.0,0.0,0.0
55789,1.0,2,208.47500610351565,1.0,649.0,0.0
55794,2.0,1,42.63000011444092,1.0,0.0,0.0
55796,1.0,1,44.0,1.0,0.0,0.0
55801,1.0,1,35.9900016784668,1.0,0.0,0.0
55810,2.0,1,71.0,1.0,0.0,0.0
55813,1.0,1,36.0,1.0,0.0,0.0
55814,1.0,1,19.989999771118164,1.0,0.0,0.0
55816,1.0,1,99.98999786376952,1.0,0.0,0.0
55818,1.0,2,59.49499988555908,1.0,54.0,0.0
55828,1.0,1,15.989999771118164,1.0,0.0,0.0
55832,1.0,1,95.0,1.0,0.0,0.0
55833,1.0,1,104.0,1.0,0.0,0.0
55836,4.0,1,287.9799976348877,1.0,0.0,0.0
55840,1.0,1,6.329999923706056,1.0,0.0,0.0
55845,1.0,1,14.399999618530272,1.0,0.0,0.0
55848,1.0,1,22.950000762939453,1.0,0.0,0.0
55850,2.0,1,55.75,1.0,0.0,0.0
55855,2.0,2,146.08999633789062,1.0,1121.0,0.0
55857,1.0,1,48.650001525878906,1.0,0.0,0.0
55858,4.0,1,144.67000007629395,1.0,0.0,0.0
55860,1.0,3,82.16666666666667,1.0,623.0,117.37972567696688
55861,2.0,1,111.95000076293945,1.0,0.0,0.0
55862,1.0,1,147.1300048828125,1.0,0.0,0.0
55863,2.0,1,89.6099967956543,1.0,0.0,0.0
55868,1.0,1,93.9800033569336,1.0,0.0,0.0
55870,1.0,1,87.0,1.0,0.0,0.0
55873,4.0,1,132.9300022125244,1.0,0.0,0.0
55874,1.0,1,131.5800018310547,1.0,0.0,0.0
55883,3.0,1,90.98999977111816,1.0,0.0,0.0
55895,4.0,1,566.8499984741211,1.0,0.0,0.0
55896,1.0,1,29.979999542236328,1.0,0.0,0.0
55898,1.0,2,52.734999656677246,1.0,475.0,0.0
55900,4.0,1,195.48999786376953,1.0,0.0,0.0
55904,2.0,1,135.0,1.0,0.0,0.0
55913,1.0,1,39.97999954223633,1.0,0.0,0.0
55916,1.0,2,51.0,1.0,25.0,0.0
55922,1.0,1,29.989999771118164,1.0,0.0,0.0
55924,1.0,1,94.5,1.0,0.0,0.0
55925,2.5,2,144.8299961090088,1.0,362.0,0.0
55928,4.0,1,133.84000205993652,1.0,0.0,0.0
55933,1.0,1,139.0,1.0,0.0,0.0
55937,1.0,1,39.5,1.0,0.0,0.0
55940,1.0,1,48.0,1.0,0.0,0.0
55949,1.0,1,83.58000183105469,1.0,0.0,0.0
55950,1.0,1,44.0,1.0,0.0,0.0
55951,1.5,2,129.6699981689453,1.0,1483.0,0.0
55952,1.0,2,63.47500038146973,1.0,105.0,0.0
55955,2.0,1,149.0,1.0,0.0,0.0
55959,1.5,2,60.4449987411499,1.0,27.0,0.0
55961,2.5,2,102.49000072479248,1.0,69.0,0.0
55962,1.0,1,85.79000091552734,1.0,0.0,0.0
55964,2.0,1,46.88000011444092,1.0,0.0,0.0
55968,1.0,1,20.0,1.0,0.0,0.0
55969,1.0,2,24.24000072479248,1.0,193.0,0.0
55970,1.0,1,16.209999084472656,1.0,0.0,0.0
55974,1.0,1,23.989999771118164,1.0,0.0,0.0
55978,1.0,1,20.989999771118164,1.0,0.0,0.0
55980,1.0,1,29.40999984741211,1.0,0.0,0.0
55983,1.0,1,56.950000762939446,1.0,0.0,0.0
55985,1.0,1,17.989999771118164,1.0,0.0,0.0
55986,1.0,1,60.0,1.0,0.0,0.0
55995,1.0,1,14.949999809265137,1.0,0.0,0.0
56003,1.0,2,37.90000009536743,1.5,26.5,21.920310216782973
56007,1.0,1,6.989999771118164,1.0,0.0,0.0
56009,2.0,1,344.98999786376953,1.0,0.0,0.0
56011,3.0,1,305.4700012207031,1.0,0.0,0.0
56013,1.0,1,50.0,1.0,0.0,0.0
56017,2.0,1,73.51000022888184,1.0,0.0,0.0
56031,1.0,1,109.98999786376952,1.0,0.0,0.0
56032,1.0,1,98.0,1.0,0.0,0.0
56033,2.0,1,114.94999694824217,1.0,0.0,0.0
56039,2.0,2,95.13500022888184,1.0,69.0,0.0
56040,4.0,1,182.3499984741211,1.0,0.0,0.0
56042,1.0,1,54.950000762939446,1.0,0.0,0.0
56051,1.0,2,85.4950008392334,1.0,338.0,0.0
56055,1.0,1,75.4800033569336,1.0,0.0,0.0
56058,2.0,1,30.879999637603767,1.0,0.0,0.0
56059,1.0,1,40.0,1.0,0.0,0.0
56060,1.0,1,24.090000152587887,1.0,0.0,0.0
56075,1.0,1,54.0,1.0,0.0,0.0
56077,4.0,1,129.7199993133545,1.0,0.0,0.0
56084,1.0,1,13.050000190734863,1.0,0.0,0.0
56093,1.0,1,16.0,1.0,0.0,0.0
56095,1.0,1,22.989999771118164,1.0,0.0,0.0
56102,2.0,1,39.75,1.0,0.0,0.0
56103,4.0,1,245.97999954223633,1.0,0.0,0.0
56105,2.0,3,89.89333407084148,1.0,291.5,166.17009357883867
56114,2.0,2,114.99000072479248,1.0,399.0,0.0
56117,1.0,1,16.950000762939453,1.0,0.0,0.0
56119,1.0,2,27.494999885559082,1.0,125.0,0.0
56120,1.0,1,169.0,1.0,0.0,0.0
56122,3.0,1,402.9499969482422,1.0,0.0,0.0
56127,1.0,1,29.989999771118164,1.0,0.0,0.0
56129,2.0,1,125.9800033569336,1.0,0.0,0.0
56143,1.0,1,44.930000305175774,1.0,0.0,0.0
56149,1.0,1,49.9900016784668,1.0,0.0,0.0
56153,1.0,1,46.0,1.0,0.0,0.0
56156,3.0,1,254.97999954223633,1.0,0.0,0.0
56157,1.0,1,60.0,1.0,0.0,0.0
56164,1.0,1,198.0,1.0,0.0,0.0
56168,2.0,1,111.02000045776367,1.0,0.0,0.0
56174,1.0,1,43.9900016784668,1.0,0.0,0.0
56175,1.0,1,61.59999847412109,1.0,0.0,0.0
56178,2.0,1,216.97000122070312,1.0,0.0,0.0
56181,1.0,1,79.98999786376953,1.0,0.0,0.0
56185,4.0,1,400.8099994659424,1.0,0.0,0.0
56187,1.0,1,35.959999084472656,1.0,0.0,0.0
56202,1.0,2,31.700000762939453,1.0,448.0,0.0
56209,1.0,1,18.0,1.0,0.0,0.0
56214,1.0,1,47.5,1.0,0.0,0.0
56220,1.0,1,12.25,1.0,0.0,0.0
56225,1.3333333333333333,3,48.990000089009605,1.0,865.5,1180.161217800348
56226,1.0,1,29.0,1.0,0.0,0.0
56231,1.0,1,525.0,1.0,0.0,0.0
56233,1.0,1,69.5,1.0,0.0,0.0
56236,1.0,1,49.5,1.0,0.0,0.0
56237,1.6666666666666667,3,120.83000055948894,1.0,331.5,324.5620125646253
56239,3.0,1,622.7900047302246,1.0,0.0,0.0
56246,1.0,1,207.27999877929688,1.0,0.0,0.0
56252,2.0,1,78.47999954223633,1.0,0.0,0.0
56253,2.0,2,71.4650011062622,1.0,625.0,0.0
56257,1.0,1,25.0,1.0,0.0,0.0
56258,1.0,1,12.0,1.0,0.0,0.0
56259,2.0,1,33.88999938964844,1.0,0.0,0.0
56260,1.0,1,68.95999908447266,1.0,0.0,0.0
56261,1.0,2,121.25,1.0,12.0,0.0
56263,4.0,1,263.48000717163086,1.0,0.0,0.0
56265,1.0,2,82.24499893188477,1.0,433.0,0.0
56268,2.0,1,66.94000053405762,1.0,0.0,0.0
56272,1.0,1,69.0,1.0,0.0,0.0
56275,2.0,1,69.98999977111816,1.0,0.0,0.0
56277,1.0,1,54.0,1.0,0.0,0.0
56284,1.0,1,92.4000015258789,1.0,0.0,0.0
56291,1.0,1,29.0,1.0,0.0,0.0
56305,1.0,1,119.98999977111816,2.0,7.0,0.0
56313,1.0,1,85.0,1.0,0.0,0.0
56316,1.0,1,29.40999984741211,1.0,0.0,0.0
56317,4.0,1,222.92000198364258,1.0,0.0,0.0
56319,1.0,1,15.600000381469728,1.0,0.0,0.0
56324,2.0,1,147.7400016784668,1.0,0.0,0.0
56330,1.0,1,26.459999084472656,1.0,0.0,0.0
56336,2.0,1,275.0,1.0,0.0,0.0
56339,1.0,1,56.0,1.0,0.0,0.0
56344,2.0,1,82.63000106811523,1.0,0.0,0.0
56347,1.0,1,265.0,1.0,0.0,0.0
56350,1.0,1,149.9499969482422,2.0,6.0,0.0
56355,2.0,1,393.99000549316406,1.0,0.0,0.0
56362,2.0,1,48.010000228881836,1.0,0.0,0.0
56366,1.0,1,109.9499969482422,1.0,0.0,0.0
56367,3.0,1,148.39999961853027,1.0,0.0,0.0
56377,1.0,1,122.59999847412108,1.0,0.0,0.0
56381,1.0,1,14.0,1.0,0.0,0.0
56382,1.0,1,16.489999771118164,1.0,0.0,0.0
56383,1.0,1,249.9900054931641,1.0,0.0,0.0
56389,1.25,4,58.74750089645386,1.0,99.66666666666667,83.3446658961048
56392,2.0,1,96.11999893188477,1.0,0.0,0.0
56394,1.0,1,2.990000009536743,1.0,0.0,0.0
56396,1.0,1,25.0,1.0,0.0,0.0
56404,1.0,1,69.0,1.0,0.0,0.0
56405,1.0,1,37.119998931884766,1.0,0.0,0.0
56409,1.0,1,21.989999771118164,1.0,0.0,0.0
56412,1.0,1,55.0,1.0,0.0,0.0
56418,1.0,1,49.5,1.0,0.0,0.0
56425,1.0,1,45.0,1.0,0.0,0.0
56430,1.0,1,13.489999771118164,1.0,0.0,0.0
56433,1.0,1,33.9900016784668,1.0,0.0,0.0
56434,1.0,1,9.4399995803833,1.0,0.0,0.0
56435,1.0,1,55.119998931884766,1.0,0.0,0.0
56438,3.0,1,249.98000717163086,1.0,0.0,0.0
56440,2.5,2,135.94000148773193,1.0,576.0,0.0
56443,1.0,1,14.989999771118164,1.0,0.0,0.0
56444,2.0,1,108.5,1.0,0.0,0.0
56447,2.0,3,63.63000043233236,1.0,307.0,374.7665940288702
56448,2.0,1,117.98999977111816,1.0,0.0,0.0
56451,2.0,1,108.5,1.0,0.0,0.0
56462,1.0,1,28.0,1.0,0.0,0.0
56463,1.0,1,139.99000549316406,1.0,0.0,0.0
56464,1.0,1,65.0,1.0,0.0,0.0
56471,2.0,1,100.0,1.0,0.0,0.0
56472,1.5,2,90.75,1.0,186.0,0.0
56479,1.0,2,110.51500034332275,1.0,1118.0,0.0
56480,1.0,1,9.970000267028809,1.0,0.0,0.0
56485,1.0,1,75.0,1.0,0.0,0.0
56492,1.0,1,70.4000015258789,1.0,0.0,0.0
56495,1.0,1,59.5,1.0,0.0,0.0
56497,1.0,1,12.789999961853027,1.0,0.0,0.0
56498,1.0,1,29.0,1.0,0.0,0.0
56503,2.0,1,101.98999786376953,1.0,0.0,0.0
56504,2.0,1,87.98999977111816,1.0,0.0,0.0
56509,1.0,1,14.399999618530272,1.0,0.0,0.0
56511,2.0,1,122.9900016784668,1.0,0.0,0.0
56514,1.0,1,94.94999694824216,1.0,0.0,0.0
56516,1.0,2,39.96000099182129,1.0,180.0,0.0
56518,1.0,2,20.5,1.0,122.0,0.0
56521,1.0,1,139.3000030517578,1.0,0.0,0.0
56522,4.0,1,153.98000144958496,1.0,0.0,0.0
56527,1.0,2,23.994999885559082,1.0,223.0,0.0
56529,2.0,1,102.26000022888184,1.0,0.0,0.0
56535,1.0,1,32.45000076293945,1.0,0.0,0.0
56537,1.0,1,43.200000762939446,1.0,0.0,0.0
56541,2.0,1,71.98000144958496,1.0,0.0,0.0
56542,1.0,1,8.0,1.0,0.0,0.0
56546,2.0,1,142.98000526428223,1.0,0.0,0.0
56547,2.0,1,87.01000213623047,1.0,0.0,0.0
56551,2.0,1,224.98999977111816,1.0,0.0,0.0
56552,1.0,1,24.93000030517578,1.0,0.0,0.0
56553,4.0,1,181.46000003814697,1.0,0.0,0.0
56558,1.0,2,70.2450008392334,1.0,22.0,0.0
56564,1.0,1,29.0,1.0,0.0,0.0
56565,1.0,1,22.280000686645508,1.0,0.0,0.0
56568,1.0,1,52.0,1.0,0.0,0.0
56582,2.0,1,206.0,1.0,0.0,0.0
56585,1.0,1,72.95999908447266,1.0,0.0,0.0
56598,1.0,1,47.06999969482422,1.0,0.0,0.0
56600,3.0,1,155.18999481201172,1.0,0.0,0.0
56607,1.0,2,15.674999713897705,1.0,854.0,0.0
56608,1.0,1,60.91999816894531,1.0,0.0,0.0
56612,2.0,1,64.83000183105469,1.0,0.0,0.0
56616,1.0,1,12.0,1.0,0.0,0.0
56623,1.0,1,32.0,1.0,0.0,0.0
56624,2.0,1,103.0,1.0,0.0,0.0
56626,1.0,1,120.0,1.0,0.0,0.0
56628,3.0,1,185.98000144958496,1.0,0.0,0.0
56629,2.0,1,59.9900016784668,1.0,0.0,0.0
56650,1.0,1,63.59999847412109,1.0,0.0,0.0
56654,1.0,1,34.9900016784668,1.0,0.0,0.0
56658,1.0,1,37.7599983215332,1.0,0.0,0.0
56666,1.0,2,24.95000028610229,1.0,826.0,0.0
56667,4.0,1,128.57999992370605,1.0,0.0,0.0
56674,1.0,1,158.0,1.0,0.0,0.0
56683,1.0,1,28.989999771118164,1.0,0.0,0.0
56684,1.0,1,23.0,1.0,0.0,0.0
56685,3.0,1,107.43000221252441,1.0,0.0,0.0
56687,1.0,1,400.0,1.0,0.0,0.0
56694,1.0,1,223.94999694824216,1.0,0.0,0.0
56695,1.0,1,18.0,1.0,0.0,0.0
56704,4.0,1,209.9699993133545,1.0,0.0,0.0
56709,3.0,1,421.6300001144409,1.0,0.0,0.0
56710,2.0,1,197.0,1.0,0.0,0.0
56713,1.0,1,24.989999771118164,1.0,0.0,0.0
56715,2.0,1,36.94999980926514,1.0,0.0,0.0
56717,1.0,1,149.5,1.0,0.0,0.0
56721,1.0,1,68.0,1.0,0.0,0.0
56723,1.0,1,68.98999786376953,1.0,0.0,0.0
56730,4.0,1,164.82000160217285,1.0,0.0,0.0
56732,1.0,1,29.950000762939453,1.0,0.0,0.0
56734,1.0,1,329.989990234375,1.0,0.0,0.0
56736,2.0,1,66.98000144958496,1.0,0.0,0.0
56737,2.0,1,69.19000148773193,1.0,0.0,0.0
56739,1.0,1,25.0,1.0,0.0,0.0
56740,1.0,1,88.0,1.0,0.0,0.0
56741,1.0,1,98.0,1.0,0.0,0.0
56746,2.0,2,152.5399980545044,1.0,592.0,0.0
56748,1.0,1,94.48999786376952,1.0,0.0,0.0
56752,1.0,1,25.0,1.0,0.0,0.0
56753,1.0,2,29.470000267028805,1.0,49.0,0.0
56755,1.0,1,44.9900016784668,1.0,0.0,0.0
56756,1.0,1,54.72999954223633,1.0,0.0,0.0
56757,1.0,1,22.0,1.0,0.0,0.0
56759,1.0,1,42.9900016784668,1.0,0.0,0.0
56760,1.0,1,56.0,1.0,0.0,0.0
56762,1.0,2,20.0,1.0,27.0,0.0
56768,1.0,1,265.0,1.0,0.0,0.0
56769,1.0,1,124.02999877929688,1.0,0.0,0.0
56770,1.0,1,89.5,1.0,0.0,0.0
56771,1.0,1,17.989999771118164,1.0,0.0,0.0
56772,1.0,1,98.0,1.0,0.0,0.0
56774,1.0,1,119.98999786376952,1.0,0.0,0.0
56779,2.0,1,238.97000503540042,1.0,0.0,0.0
56783,1.0,1,35.9900016784668,1.0,0.0,0.0
56784,1.0,1,7.289999961853027,1.0,0.0,0.0
56786,2.0,1,101.45000004768372,1.0,0.0,0.0
56793,1.0,1,28.0,1.0,0.0,0.0
56795,1.0,1,42.0,1.0,0.0,0.0
56798,1.0,1,17.6299991607666,1.0,0.0,0.0
56800,1.0,3,24.1866668065389,1.0,120.5,113.84419177103415
56802,1.6666666666666667,3,77.47000058492024,1.0,401.0,66.46803743153546
56804,2.0,1,131.98999786376953,1.0,0.0,0.0
56807,2.0,1,84.88000106811523,1.0,0.0,0.0
56809,1.0,1,33.9900016784668,1.0,0.0,0.0
56810,1.0,1,10.989999771118164,1.0,0.0,0.0
56816,1.0,1,37.5,1.0,0.0,0.0
56817,1.0,1,54.200000762939446,1.0,0.0,0.0
56819,1.0,1,25.0,1.0,0.0,0.0
56824,1.0,1,36.310001373291016,1.0,0.0,0.0
56829,1.0,1,119.5,1.0,0.0,0.0
56831,1.0,1,46.0,1.0,0.0,0.0
56834,1.0,1,25.0,1.0,0.0,0.0
56841,1.0,1,19.989999771118164,1.0,0.0,0.0
56846,2.0,1,129.0,1.0,0.0,0.0
56847,1.0,1,16.899999618530273,1.0,0.0,0.0
56849,1.0,1,50.0,1.0,0.0,0.0
56851,1.0,1,149.5,1.0,0.0,0.0
56853,1.0,2,19.494999885559082,1.0,481.0,0.0
56855,4.0,1,195.21000003814697,1.0,0.0,0.0
56857,1.0,2,61.25,1.0,124.0,0.0
56860,2.0,1,97.43999671936034,1.0,0.0,0.0
56861,2.0,1,333.0999984741211,1.0,0.0,0.0
56862,2.0,1,30.22000026702881,1.0,0.0,0.0
56866,1.0,1,42.0,1.0,0.0,0.0
56868,3.0,1,424.98999977111816,1.0,0.0,0.0
56871,2.0,1,63.450000762939446,1.0,0.0,0.0
56873,1.0,1,119.98999786376952,1.0,0.0,0.0
56874,1.0,2,17.475000381469727,1.0,946.0,0.0
56878,1.0,1,31.950000762939453,1.0,0.0,0.0
56882,1.0,2,22.68499994277954,1.0,354.0,0.0
56887,2.0,1,98.97999954223633,1.0,0.0,0.0
56890,1.0,1,43.5099983215332,1.0,0.0,0.0
56892,1.0,1,59.950000762939446,1.0,0.0,0.0
56902,2.0,2,54.334999084472656,1.0,256.0,0.0
56905,1.0,1,47.950000762939446,1.0,0.0,0.0
56910,2.0,2,149.02499961853027,1.0,59.0,0.0
56916,1.0,2,29.94999980926514,1.0,480.0,0.0
56920,1.0,1,55.0,1.0,0.0,0.0
56925,4.0,1,224.97000122070312,1.0,0.0,0.0
56934,1.5,2,187.2849998474121,1.0,846.0,0.0
56938,1.0,1,25.0,1.0,0.0,0.0
56954,3.0,1,162.79999923706055,1.0,0.0,0.0
56958,1.0,1,32.0,1.0,0.0,0.0
56960,1.0,1,398.0,1.0,0.0,0.0
56961,1.0,1,69.98999786376953,1.0,0.0,0.0
56964,1.0,2,41.140000343322754,1.0,639.0,0.0
56965,1.0,1,44.9900016784668,1.0,0.0,0.0
56975,1.0,1,25.0,1.0,0.0,0.0
56976,1.0,1,104.0,1.0,0.0,0.0
56979,1.0,1,40.75,1.0,0.0,0.0
56981,1.0,1,59.5,1.0,0.0,0.0
56982,2.0,1,81.98999786376953,1.0,0.0,0.0
56985,1.0,1,32.0,1.0,0.0,0.0
56986,2.0,1,65.59000205993652,1.0,0.0,0.0
56995,4.0,1,506.48999977111816,1.0,0.0,0.0
56998,1.0,1,51.950000762939446,1.0,0.0,0.0
57001,1.0,1,15.949999809265137,1.0,0.0,0.0
57005,1.0,1,38.0,1.0,0.0,0.0
57018,4.0,1,288.9200077056885,1.0,0.0,0.0
57020,2.0,1,76.9800033569336,1.0,0.0,0.0
57022,1.0,1,38.0,1.0,0.0,0.0
57024,1.0,1,35.68000030517578,1.0,0.0,0.0
57026,1.0,1,72.0,1.0,0.0,0.0
57027,1.0,1,6.929999828338623,1.0,0.0,0.0
57028,1.0,1,8.5,1.0,0.0,0.0
57036,1.0,1,25.0,1.0,0.0,0.0
57039,1.0,1,326.0,1.0,0.0,0.0
57040,2.0,1,31.80999982357025,1.0,0.0,0.0
57052,1.0,1,31.0,1.0,0.0,0.0
57053,3.0,1,203.1500015258789,1.0,0.0,0.0
57055,1.0,1,54.5,1.0,0.0,0.0
57058,1.0,1,75.0,1.0,0.0,0.0
57060,1.0,1,39.5,1.0,0.0,0.0
57061,1.0,1,26.0,1.0,0.0,0.0
57063,1.0,1,34.9900016784668,1.0,0.0,0.0
57067,1.0,1,101.0,1.0,0.0,0.0
57068,2.0,1,54.98000144958496,1.0,0.0,0.0
57069,3.0,1,256.98999977111816,1.0,0.0,0.0
57073,4.0,1,360.43999671936035,1.0,0.0,0.0
57074,4.0,1,154.90999841690063,1.0,0.0,0.0
57083,1.0,1,34.0,1.0,0.0,0.0
57084,1.0,1,14.989999771118164,1.0,0.0,0.0
57087,1.0,1,21.989999771118164,1.0,0.0,0.0
57088,1.0,1,16.989999771118164,1.0,0.0,0.0
57091,2.0,1,95.48999977111816,1.0,0.0,0.0
57093,1.0,1,38.700000762939446,1.0,0.0,0.0
57094,2.0,1,54.89999961853027,1.0,0.0,0.0
57096,1.0,1,391.6000061035156,1.0,0.0,0.0
57100,1.0,1,76.0,1.0,0.0,0.0
57110,2.5,2,112.47000026702881,1.0,888.0,0.0
57112,2.0,1,188.98999977111816,1.0,0.0,0.0
57117,1.0,1,75.0,1.0,0.0,0.0
57119,1.0,1,79.0,1.0,0.0,0.0
57120,1.0,1,13.989999771118164,1.0,0.0,0.0
57122,2.5,2,125.22000122070312,1.0,574.0,0.0
57125,1.0,1,35.0,1.0,0.0,0.0
57129,2.0,1,65.97999954223633,1.0,0.0,0.0
57133,1.0,1,56.0,1.0,0.0,0.0
57144,1.0,1,18.440000534057617,1.0,0.0,0.0
57146,1.0,1,19.280000686645508,1.0,0.0,0.0
57147,1.0,1,73.19999694824217,1.0,0.0,0.0
57155,1.0,1,49.0,1.0,0.0,0.0
57160,2.0,1,82.97000122070312,1.0,0.0,0.0
57166,1.0,1,27.93000030517578,1.0,0.0,0.0
57179,1.0,1,54.5,1.0,0.0,0.0
57180,1.0,1,34.880001068115234,1.0,0.0,0.0
57185,1.0,1,48.650001525878906,1.0,0.0,0.0
57188,2.0,1,74.5,1.0,0.0,0.0
57199,2.0,1,124.9900016784668,1.0,0.0,0.0
57202,1.0,1,74.94999694824217,1.0,0.0,0.0
57206,1.0,1,93.38999938964844,1.0,0.0,0.0
57209,1.0,1,88.0,1.0,0.0,0.0
57213,2.0,1,75.9900016784668,1.0,0.0,0.0
57214,1.0,1,42.9900016784668,1.0,0.0,0.0
57216,1.0,1,79.2300033569336,1.0,0.0,0.0
57218,1.0,2,69.5,1.0,962.0,0.0
57220,2.0,1,118.36000442504883,1.0,0.0,0.0
57221,2.0,1,108.9900016784668,1.0,0.0,0.0
57222,1.0,1,42.0,1.0,0.0,0.0
57223,3.0,1,213.0800018310547,1.0,0.0,0.0
57231,1.0,1,22.950000762939453,1.0,0.0,0.0
57234,2.0,1,90.94000244140625,1.0,0.0,0.0
57237,1.0,2,47.9950008392334,1.0,29.0,0.0
57242,1.0,2,68.0,1.0,22.0,0.0
57248,1.0,1,18.090000152587887,1.0,0.0,0.0
57252,1.0,1,128.5,1.0,0.0,0.0
57263,1.0,1,88.0,1.0,0.0,0.0
57266,1.0,1,97.3000030517578,1.0,0.0,0.0
57278,2.0,1,52.989999771118164,1.0,0.0,0.0
57279,1.0,1,19.979999542236328,1.0,0.0,0.0
57283,1.0,1,36.0,1.0,0.0,0.0
57285,1.0,1,25.0,1.0,0.0,0.0
57286,1.0,2,25.02500009536743,1.0,51.0,0.0
57287,1.0,1,39.950000762939446,1.0,0.0,0.0
57288,1.0,1,19.950000762939453,1.0,0.0,0.0
57289,1.0,1,64.0,1.0,0.0,0.0
57291,1.0,1,61.59999847412109,1.0,0.0,0.0
57292,1.0,1,23.0,1.0,0.0,0.0
57295,3.0,1,170.98999786376953,1.0,0.0,0.0
57302,2.0,1,37.239999771118164,1.0,0.0,0.0
57310,2.0,2,100.46999835968018,1.0,492.0,0.0
57311,1.0,1,64.98999786376953,1.0,0.0,0.0
57314,1.0,1,66.95999908447266,1.0,0.0,0.0
57319,1.0,2,29.5,1.0,219.0,0.0
57321,1.0,1,49.5,1.0,0.0,0.0
57328,1.0,1,46.79999923706056,1.0,0.0,0.0
57331,1.0,1,189.0,1.0,0.0,0.0
57335,1.0,1,158.0,1.0,0.0,0.0
57336,1.0,1,60.0,1.0,0.0,0.0
57337,1.0,1,79.0,1.0,0.0,0.0
57340,3.0,1,151.93999862670898,1.0,0.0,0.0
57343,2.0,1,236.95000076293945,1.0,0.0,0.0
57344,2.0,1,55.97999954223633,1.0,0.0,0.0
57357,1.0,1,210.0,1.0,0.0,0.0
57359,1.0,1,27.0,1.0,0.0,0.0
57365,2.0,1,114.97999954223633,1.0,0.0,0.0
57367,1.0,1,30.0,1.0,0.0,0.0
57373,3.0,1,169.22000122070312,1.0,0.0,0.0
57374,1.0,1,22.0,1.0,0.0,0.0
57377,2.0,1,104.96000099182129,1.0,0.0,0.0
57389,1.0,1,38.0,1.0,0.0,0.0
57393,1.0,2,34.49499988555908,1.0,839.0,0.0
57398,1.0,1,17.0,1.0,0.0,0.0
57411,1.0,2,111.91999816894533,1.0,127.0,0.0
57412,2.0,1,178.81999969482422,1.0,0.0,0.0
57413,2.5,2,113.61500072479248,1.0,1217.0,0.0
57417,1.0,1,16.950000762939453,1.0,0.0,0.0
57421,1.0,1,52.0,1.0,0.0,0.0
57424,1.5,2,116.375,1.0,71.0,0.0
57427,1.0,1,24.989999771118164,1.0,0.0,0.0
57428,1.0,1,29.950000762939453,1.0,0.0,0.0
57429,1.5,2,255.5249948501587,1.0,97.0,0.0
57431,1.0,1,31.989999771118164,1.0,0.0,0.0
57433,1.0,1,105.9499969482422,1.0,0.0,0.0
57453,2.0,1,33.96999931335449,1.0,0.0,0.0
57455,1.0,1,10.350000381469728,1.0,0.0,0.0
57464,1.0,1,54.0,1.0,0.0,0.0
57469,1.0,1,88.0,1.0,0.0,0.0
57471,1.0,1,34.9900016784668,1.0,0.0,0.0
57476,2.0,1,172.64000034332275,1.0,0.0,0.0
57482,3.0,1,139.98999977111816,1.0,0.0,0.0
57486,1.0,1,205.0,1.0,0.0,0.0
57487,2.0,1,113.7699966430664,1.0,0.0,0.0
57493,2.0,1,101.98999977111816,1.0,0.0,0.0
57494,3.0,1,60.86999988555908,1.0,0.0,0.0
57499,1.0,1,64.9000015258789,1.0,0.0,0.0
57511,2.0,1,79.98999786376953,1.0,0.0,0.0
57512,1.0,2,53.670000076293945,1.0,779.0,0.0
57520,1.0,1,22.709999084472656,1.0,0.0,0.0
57522,1.0,1,14.5,1.0,0.0,0.0
57525,1.0,1,85.0,1.0,0.0,0.0
57529,1.0,1,19.950000762939453,1.0,0.0,0.0
57530,1.0,2,26.979999542236328,1.0,314.0,0.0
57538,1.0,1,36.0,1.0,0.0,0.0
57540,2.0,1,141.15999603271484,1.0,0.0,0.0
57548,1.0,1,389.989990234375,1.0,0.0,0.0
57549,1.0,1,98.0,1.0,0.0,0.0
57553,2.0,1,83.96999931335449,1.0,0.0,0.0
57555,1.0,1,319.0,1.0,0.0,0.0
57557,1.0,1,32.0,1.0,0.0,0.0
57562,4.0,1,294.4600009918213,1.0,0.0,0.0
57564,2.0,1,53.66999816894531,1.0,0.0,0.0
57570,3.0,1,178.0,1.0,0.0,0.0
57571,1.0,1,25.0,1.0,0.0,0.0
57572,1.0,1,185.0,1.0,0.0,0.0
57576,1.0,1,20.0,1.0,0.0,0.0
57583,1.0,1,35.9900016784668,1.0,0.0,0.0
57586,1.0,1,29.0,1.0,0.0,0.0
57587,4.0,2,188.9650012254715,1.0,345.0,0.0
57589,1.0,1,17.6200008392334,1.0,0.0,0.0
57595,1.0,1,5.989999771118164,1.0,0.0,0.0
57600,4.0,1,241.22000169754028,1.0,0.0,0.0
57610,1.0,1,6.989999771118164,1.0,0.0,0.0
57615,1.0,1,38.5,1.0,0.0,0.0
57624,2.0,1,39.89999961853027,1.0,0.0,0.0
57626,2.0,1,39.3700008392334,1.0,0.0,0.0
57629,1.0,1,54.9900016784668,1.0,0.0,0.0
57632,2.0,1,75.4900016784668,1.0,0.0,0.0
57637,1.5,2,75.97499990463257,1.0,502.0,0.0
57639,1.0,1,65.0,1.0,0.0,0.0
57642,2.0,1,58.009998321533196,1.0,0.0,0.0
57643,2.0,1,33.489999771118164,1.0,0.0,0.0
57644,1.0,1,32.0,1.0,0.0,0.0
57647,1.6666666666666667,3,61.66333325703939,1.0,48.0,21.213203435596427
57649,2.0,1,270.1999969482422,1.0,0.0,0.0
57652,2.0,1,221.05999755859375,1.0,0.0,0.0
57653,1.0,1,55.0,1.0,0.0,0.0
57654,2.0,1,35.38999938964844,1.0,0.0,0.0
57655,1.0,2,20.674999713897705,1.0,595.0,0.0
57656,1.0,1,10.020000457763672,1.0,0.0,0.0
57660,3.5,2,146.7050004005432,1.0,229.0,0.0
57661,1.0,1,27.0,1.0,0.0,0.0
57662,1.0,1,29.950000762939453,1.0,0.0,0.0
57664,2.0,1,49.940001487731934,1.0,0.0,0.0
57670,1.0,1,11.0,1.0,0.0,0.0
57680,2.0,1,88.98999977111816,1.0,0.0,0.0
57684,1.0,1,160.0,1.0,0.0,0.0
57686,3.0,1,71.53000068664551,1.0,0.0,0.0
57692,1.0,1,13.0,1.0,0.0,0.0
57695,1.0,1,60.56999969482422,1.0,0.0,0.0
57699,2.0,1,61.950000762939446,1.0,0.0,0.0
57707,1.0,1,28.989999771118164,1.0,0.0,0.0
57708,1.0,1,55.0,1.0,0.0,0.0
57709,2.0,1,83.93999671936034,1.0,0.0,0.0
57710,1.0,1,158.0,1.0,0.0,0.0
57715,1.0,1,21.0,1.0,0.0,0.0
57717,1.0,1,75.0,1.0,0.0,0.0
57720,1.0,1,63.33000183105469,1.0,0.0,0.0
57721,1.0,1,91.12999725341795,1.0,0.0,0.0
57723,2.0,2,160.44500160217285,1.0,379.0,0.0
57724,1.0,1,50.0,1.0,0.0,0.0
57740,2.0,1,97.98999977111816,1.0,0.0,0.0
57741,2.0,1,58.5,1.0,0.0,0.0
57744,1.0,1,138.0,1.0,0.0,0.0
57746,3.0,1,125.14999771118164,1.0,0.0,0.0
57752,1.0,1,15.75,1.0,0.0,0.0
57758,1.0,1,27.989999771118164,1.0,0.0,0.0
57759,1.5,2,48.28999996185303,1.0,1051.0,0.0
57763,1.0,1,299.989990234375,1.0,0.0,0.0
57764,2.0,1,25.9399995803833,1.0,0.0,0.0
57773,1.0,1,8.989999771118164,1.0,0.0,0.0
57775,2.0,1,193.0,1.0,0.0,0.0
57788,1.0,1,88.0,1.0,0.0,0.0
57794,1.0,1,51.950000762939446,1.0,0.0,0.0
57795,3.0,1,101.0,1.0,0.0,0.0
57798,1.0,1,78.45999908447266,1.0,0.0,0.0
57803,1.0,1,37.720001220703125,1.0,0.0,0.0
57805,1.0,2,40.3700008392334,1.0,1177.0,0.0
57807,1.0,1,158.0,1.0,0.0,0.0
57808,3.0,1,132.44000244140625,1.0,0.0,0.0
57809,2.0,1,44.989999771118164,1.0,0.0,0.0
57812,1.0,1,74.98999786376953,1.0,0.0,0.0
57813,1.0,1,180.0,1.0,0.0,0.0
57815,3.0,1,65.26999950408936,1.0,0.0,0.0
57821,1.0,1,139.99000549316406,1.0,0.0,0.0
57823,1.0,1,44.5,1.0,0.0,0.0
57824,1.0,1,38.0,1.0,0.0,0.0
57826,1.0,1,24.950000762939453,1.0,0.0,0.0
57828,1.0,1,84.5,1.0,0.0,0.0
57829,1.0,1,12.0,1.0,0.0,0.0
57831,1.0,1,25.0,1.0,0.0,0.0
57835,1.0,1,470.989990234375,1.0,0.0,0.0
57842,2.0,1,214.4000015258789,1.0,0.0,0.0
57851,3.0,1,101.44000244140625,1.0,0.0,0.0
57857,1.0,1,298.0,1.0,0.0,0.0
57859,1.0,1,49.9900016784668,1.0,0.0,0.0
57862,1.5,2,53.99499988555908,1.0,156.0,0.0
57864,1.0,1,198.0,1.0,0.0,0.0
57866,1.0,1,24.989999771118164,1.0,0.0,0.0
57872,1.0,1,25.0,1.0,0.0,0.0
57873,1.0,1,45.0,1.0,0.0,0.0
57875,1.0,1,64.94999694824219,1.0,0.0,0.0
57876,1.0,2,24.994999885559082,1.0,1507.0,0.0
57877,2.0,1,82.11999702453613,1.0,0.0,0.0
57878,1.0,1,75.0,1.0,0.0,0.0
57880,1.5,1,79.95000076293945,2.0,1.0,0.0
57883,1.0,1,33.9900016784668,1.0,0.0,0.0
57888,1.0,1,13.989999771118164,1.0,0.0,0.0
57890,1.0,1,49.880001068115234,1.0,0.0,0.0
57894,1.0,1,59.97999954223633,1.0,0.0,0.0
57897,1.0,1,84.94999694824217,1.0,0.0,0.0
57898,3.0,2,190.69500255584717,1.0,37.0,0.0
57903,2.0,1,67.34000015258789,1.0,0.0,0.0
57907,1.0,1,27.96999931335449,1.0,0.0,0.0
57910,1.0,1,17.5,1.0,0.0,0.0
57912,1.0,1,135.0,1.0,0.0,0.0
57918,3.0,1,512.9399967193604,1.0,0.0,0.0
57920,1.0,1,31.950000762939453,1.0,0.0,0.0
57921,2.0,1,275.38999938964844,2.0,6.0,0.0
57924,1.0,1,23.0,1.0,0.0,0.0
57935,1.0,1,10.0,1.0,0.0,0.0
57946,1.0,1,9.949999809265137,1.0,0.0,0.0
57951,1.0,1,109.98999786376952,1.0,0.0,0.0
57952,1.0,1,19.989999771118164,1.0,0.0,0.0
57953,1.0,1,169.99000549316406,1.0,0.0,0.0
57959,1.0,1,17.989999771118164,1.0,0.0,0.0
57960,1.0,1,14.989999771118164,1.0,0.0,0.0
57962,1.0,1,74.0,1.0,0.0,0.0
57963,1.0,1,54.0,1.0,0.0,0.0
57966,1.0,1,41.9900016784668,1.0,0.0,0.0
57969,1.0,1,85.0,1.0,0.0,0.0
57970,1.0,1,98.0,1.0,0.0,0.0
57971,1.0,1,7.989999771118163,1.0,0.0,0.0
57972,2.0,1,175.4199981689453,1.0,0.0,0.0
57973,1.0,1,49.9900016784668,1.0,0.0,0.0
57974,1.0,1,34.9900016784668,1.0,0.0,0.0
57976,2.0,1,83.98999977111816,1.0,0.0,0.0
57977,1.0,1,24.989999771118164,1.0,0.0,0.0
57981,1.0,2,103.75,1.0,1811.0,0.0
57984,1.0,1,16.440000534057617,1.0,0.0,0.0
57985,1.0,2,55.25,1.0,126.0,0.0
57991,1.0,1,178.0,1.0,0.0,0.0
57993,2.0,1,65.0,1.0,0.0,0.0
58003,1.0,1,48.950000762939446,1.0,0.0,0.0
58005,4.0,1,345.3499984741211,1.0,0.0,0.0
58007,1.0,1,10.989999771118164,1.0,0.0,0.0
58009,1.0,1,89.98999786376953,1.0,0.0,0.0
58012,4.0,1,164.48999977111816,1.0,0.0,0.0
58013,2.0,1,154.5,1.0,0.0,0.0
58014,3.0,1,240.98999977111816,1.0,0.0,0.0
58029,1.0,2,64.5,1.0,368.0,0.0
58031,1.0,1,34.9900016784668,1.0,0.0,0.0
58034,3.0,1,215.93999862670896,1.0,0.0,0.0
58036,1.0,1,42.9900016784668,1.0,0.0,0.0
58039,2.0,1,77.79000091552736,1.0,0.0,0.0
58040,1.0,1,59.0,1.0,0.0,0.0
58041,1.0,1,24.0,1.0,0.0,0.0
58043,1.0,1,18.0,1.0,0.0,0.0
58045,1.0,1,13.369999885559082,1.0,0.0,0.0
58049,1.0,1,43.9900016784668,1.0,0.0,0.0
58054,1.0,1,99.5,1.0,0.0,0.0
58057,2.0,1,44.489999771118164,1.0,0.0,0.0
58058,2.0,1,39.95000076293945,1.0,0.0,0.0
58062,1.0,1,25.0,1.0,0.0,0.0
58064,2.0,1,89.44999885559082,1.0,0.0,0.0
58065,1.0,1,59.0,1.0,0.0,0.0
58073,1.0,2,23.994999885559082,1.0,915.0,0.0
58077,1.0,1,7.989999771118163,1.0,0.0,0.0
58082,1.0,1,8.899999618530273,1.0,0.0,0.0
58084,1.0,1,31.21999931335449,1.0,0.0,0.0
58087,2.0,2,50.85000133514404,1.0,259.0,0.0
58088,2.0,1,37.640000343322754,1.0,0.0,0.0
58091,1.0,1,39.5,1.0,0.0,0.0
58092,2.0,1,161.0,1.0,0.0,0.0
58094,1.0,1,88.0,1.0,0.0,0.0
58102,1.0,1,12.0,1.0,0.0,0.0
58103,1.0,1,32.9900016784668,1.0,0.0,0.0
58105,1.0,1,43.0,1.0,0.0,0.0
58107,1.0,1,84.26000213623048,1.0,0.0,0.0
58108,1.0,2,66.48499965667725,1.0,54.0,0.0
58109,2.0,1,79.9900016784668,1.0,0.0,0.0
58111,4.0,1,380.73000144958496,1.0,0.0,0.0
58119,1.0,1,89.94999694824217,1.0,0.0,0.0
58148,1.0,1,40.0,1.0,0.0,0.0
58153,1.0,1,48.04999923706056,1.0,0.0,0.0
58154,1.0,1,33.75,1.0,0.0,0.0
58157,2.0,1,89.98999977111816,1.0,0.0,0.0
58158,2.0,1,223.5999984741211,1.0,0.0,0.0
58165,3.0,1,230.9900016784668,1.0,0.0,0.0
58168,1.0,1,189.9900054931641,1.0,0.0,0.0
58170,1.0,1,39.9900016784668,1.0,0.0,0.0
58172,1.0,1,16.0,1.0,0.0,0.0
58177,2.0,1,117.37999725341797,1.0,0.0,0.0
58178,1.0,1,80.0,1.0,0.0,0.0
58180,2.0,1,154.88000106811523,1.0,0.0,0.0
58189,1.0,1,69.0,1.0,0.0,0.0
58190,3.0,1,117.97000122070312,1.0,0.0,0.0
58198,1.0,1,39.2400016784668,1.0,0.0,0.0
58199,1.0,1,25.0,1.0,0.0,0.0
58201,1.0,1,16.010000228881836,1.0,0.0,0.0
58203,1.0,1,11.899999618530272,1.0,0.0,0.0
58205,1.0,2,28.5,1.0,1576.0,0.0
58206,1.0,1,259.989990234375,1.0,0.0,0.0
58207,1.0,1,62.0,1.0,0.0,0.0
58210,1.0,1,29.729999542236328,1.0,0.0,0.0
58211,2.0,1,49.989999771118164,1.0,0.0,0.0
58215,2.0,1,86.9900016784668,1.0,0.0,0.0
58217,1.0,2,31.68000030517578,1.0,812.0,0.0
58222,2.0,1,89.48999977111816,1.0,0.0,0.0
58235,1.0,1,15.0,1.0,0.0,0.0
58238,1.0,1,22.0,1.0,0.0,0.0
58241,1.0,1,59.5,1.0,0.0,0.0
58249,1.0,1,69.98999786376953,1.0,0.0,0.0
58257,1.0,1,31.68000030517578,1.0,0.0,0.0
58259,1.0,1,13.199999809265137,1.0,0.0,0.0
58262,1.0,1,74.94999694824217,1.0,0.0,0.0
58263,2.0,1,53.0,1.0,0.0,0.0
58272,1.0,1,123.73999786376952,1.0,0.0,0.0
58274,2.0,1,89.95000076293945,1.0,0.0,0.0
58275,1.0,1,49.5,1.0,0.0,0.0
58281,1.0,1,69.0,1.0,0.0,0.0
58284,3.0,1,228.48999977111816,1.0,0.0,0.0
58286,4.0,2,265.7099995613098,1.0,1594.0,0.0
58289,1.0,1,34.0,1.0,0.0,0.0
58301,2.0,1,47.53000068664551,1.0,0.0,0.0
58304,1.0,1,52.79999923706056,1.0,0.0,0.0
58320,1.0,1,34.06999969482422,1.0,0.0,0.0
58323,1.0,1,27.0,1.0,0.0,0.0
58336,1.0,1,52.0,1.0,0.0,0.0
58340,1.0,1,36.7599983215332,1.0,0.0,0.0
58342,2.0,1,84.92000198364258,1.0,0.0,0.0
58347,1.0,1,36.950000762939446,1.0,0.0,0.0
58348,1.0,1,60.0,1.0,0.0,0.0
58349,1.0,1,25.0,1.0,0.0,0.0
58353,1.0,1,13.989999771118164,1.0,0.0,0.0
58358,1.0,1,129.0,1.0,0.0,0.0
58361,1.0,1,74.93000030517578,1.0,0.0,0.0
58364,4.0,1,273.4799976348877,1.0,0.0,0.0
58365,1.0,1,78.0,1.0,0.0,0.0
58366,2.0,1,143.98999786376953,1.0,0.0,0.0
58367,1.0,1,78.0,1.0,0.0,0.0
58373,1.0,2,9.899999618530273,1.0,108.0,0.0
58374,1.0,1,122.59999847412108,1.0,0.0,0.0
58378,1.0,1,12.979999542236328,1.0,0.0,0.0
58384,1.0,1,25.0,1.0,0.0,0.0
58385,1.5,2,46.950000286102295,1.0,1118.0,0.0
58391,1.0,1,48.0,1.0,0.0,0.0
58392,2.0,1,166.98999786376953,1.0,0.0,0.0
58393,1.0,1,49.950000762939446,1.0,0.0,0.0
58398,2.0,1,27.630000114440918,1.0,0.0,0.0
58400,2.0,1,85.19000244140625,1.0,0.0,0.0
58402,1.0,1,70.0,1.0,0.0,0.0
58404,2.0,1,40.579999923706055,1.0,0.0,0.0
58406,1.0,1,17.0,1.0,0.0,0.0
58410,3.0,1,79.35000038146973,1.0,0.0,0.0
58415,1.0,1,53.0,1.0,0.0,0.0
58418,1.0,1,89.98999786376953,1.0,0.0,0.0
58421,1.0,1,72.0,1.0,0.0,0.0
58425,1.0,1,694.9500122070312,1.0,0.0,0.0
58426,3.0,1,935.8999996185303,1.0,0.0,0.0
58427,1.0,1,90.3000030517578,1.0,0.0,0.0
58436,3.0,1,468.7300109863282,1.0,0.0,0.0
58439,1.0,1,3.2799999713897705,1.0,0.0,0.0
58440,2.0,1,130.45999908447266,1.0,0.0,0.0
58441,1.0,1,44.0,1.0,0.0,0.0
58442,1.0,1,24.989999771118164,1.0,0.0,0.0
58451,1.0,1,25.0,1.0,0.0,0.0
58453,1.0,1,15.989999771118164,1.0,0.0,0.0
58455,1.5,2,196.5149965286255,1.0,417.0,0.0
58459,2.0,1,110.77000045776367,1.0,0.0,0.0
58463,1.0,1,88.5,1.0,0.0,0.0
58469,1.0,1,69.0,1.0,0.0,0.0
58470,1.0,1,27.0,1.0,0.0,0.0
58492,1.0,1,13.789999961853027,1.0,0.0,0.0
58501,3.0,1,74.85000038146973,1.0,0.0,0.0
58502,1.0,1,25.0,1.0,0.0,0.0
58513,1.0,1,82.0,1.0,0.0,0.0
58523,1.0,1,49.9900016784668,1.0,0.0,0.0
58524,3.0,1,189.3300018310547,1.0,0.0,0.0
58525,1.0,1,179.0,1.0,0.0,0.0
58528,1.0,1,169.9499969482422,1.0,0.0,0.0
58529,1.0,1,34.9900016784668,1.0,0.0,0.0
58536,3.0,1,114.9800033569336,1.0,0.0,0.0
58537,1.0,1,9.970000267028809,1.0,0.0,0.0
58538,1.0,1,23.0,1.0,0.0,0.0
58546,1.5,2,79.47500038146973,1.0,160.0,0.0
58549,1.0,1,27.0,1.0,0.0,0.0
58551,1.0,1,149.94000244140625,1.0,0.0,0.0
58552,2.0,1,159.48999786376953,1.0,0.0,0.0
58554,1.0,1,3.4600000381469727,1.0,0.0,0.0
58556,2.5,1,179.41000175476074,2.0,6.0,0.0
58561,2.0,1,147.0,1.0,0.0,0.0
58569,1.0,1,36.0,1.0,0.0,0.0
58571,1.0,1,69.0,1.0,0.0,0.0
58574,1.0,2,20.0,1.0,28.0,0.0
58592,4.0,1,246.2099952697754,1.0,0.0,0.0
58596,2.0,1,121.0,1.0,0.0,0.0
58602,3.0,1,224.19000053405762,1.0,0.0,0.0
58606,3.0,1,125.97999954223633,1.0,0.0,0.0
58615,1.0,1,96.0,1.0,0.0,0.0
58618,1.0,1,69.98999786376953,1.0,0.0,0.0
58632,1.0,1,31.989999771118164,1.0,0.0,0.0
58633,2.0,2,105.70499992370605,1.0,95.0,0.0
58643,2.0,2,188.97000122070312,1.0,401.0,0.0
58650,2.0,1,86.50999832153322,1.0,0.0,0.0
58651,1.0,2,43.584999084472656,1.0,72.0,0.0
58656,2.0,1,765.0,1.0,0.0,0.0
58657,1.0,1,12.239999771118164,1.0,0.0,0.0
58663,1.0,1,99.83000183105467,1.0,0.0,0.0
58664,2.0,1,69.94000244140625,1.0,0.0,0.0
58668,1.0,2,52.875,1.0,309.0,0.0
58671,1.0,1,13.0,1.0,0.0,0.0
58682,3.0,1,114.83999824523926,1.0,0.0,0.0
58691,2.0,1,265.0,1.0,0.0,0.0
58696,1.0,1,49.9900016784668,1.0,0.0,0.0
58697,1.0,1,100.8000030517578,1.0,0.0,0.0
58699,3.0,1,264.4700012207031,1.0,0.0,0.0
58712,1.0,1,55.0,1.0,0.0,0.0
58713,4.0,1,192.0,1.0,0.0,0.0
58716,1.0,1,98.0,1.0,0.0,0.0
58717,1.0,1,229.9900054931641,1.0,0.0,0.0
58729,2.0,1,47.0,1.0,0.0,0.0
58739,1.0,1,195.0,1.0,0.0,0.0
58742,1.0,1,42.0,1.0,0.0,0.0
58748,2.0,1,158.93999671936035,1.0,0.0,0.0
58753,1.0,1,64.5,1.0,0.0,0.0
58757,1.0,1,130.0,1.0,0.0,0.0
58758,1.0,1,24.989999771118164,1.0,0.0,0.0
58761,1.0,1,54.0,1.0,0.0,0.0
58763,1.0,1,38.0,1.0,0.0,0.0
58766,4.0,1,163.94000053405762,1.0,0.0,0.0
58768,1.0,1,16.780000686645508,1.0,0.0,0.0
58771,1.0,1,33.9900016784668,1.0,0.0,0.0
58776,1.0,1,47.0,1.0,0.0,0.0
58781,1.0,1,10.1899995803833,1.0,0.0,0.0
58783,1.0,1,29.989999771118164,1.0,0.0,0.0
58784,1.0,1,79.98999786376953,1.0,0.0,0.0
58786,1.0,1,19.700000762939453,1.0,0.0,0.0
58788,1.0,1,39.220001220703125,1.0,0.0,0.0
58792,1.0,1,15.989999771118164,1.0,0.0,0.0
58798,1.0,1,21.21999931335449,1.0,0.0,0.0
58807,1.0,1,25.0,1.0,0.0,0.0
58808,1.0,1,10.0,1.0,0.0,0.0
58811,1.0,1,36.430000305175774,1.0,0.0,0.0
58812,4.0,1,285.25,1.0,0.0,0.0
58814,1.0,2,49.99499988555908,1.0,192.0,0.0
58817,1.0,1,29.989999771118164,1.0,0.0,0.0
58822,1.0,1,79.98999786376953,1.0,0.0,0.0
58823,1.0,1,10.0600004196167,1.0,0.0,0.0
58826,1.0,1,125.0,1.0,0.0,0.0
58829,2.5,2,120.95500373840332,1.0,516.0,0.0
58830,2.5,2,246.24500274658203,1.0,301.0,0.0
58833,1.0,1,30.0,1.0,0.0,0.0
58835,1.0,1,54.950000762939446,1.0,0.0,0.0
58836,1.0,1,109.98999786376952,1.0,0.0,0.0
58837,1.0,1,32.880001068115234,1.0,0.0,0.0
58838,3.0,1,85.69000053405762,1.0,0.0,0.0
58841,1.0,1,50.0,1.0,0.0,0.0
58844,2.0,1,173.9900016784668,1.0,0.0,0.0
58846,2.0,1,230.0,1.0,0.0,0.0
58853,4.0,1,76.32999992370605,1.0,0.0,0.0
58856,1.0,1,9.989999771118164,1.0,0.0,0.0
58860,1.0,1,42.58000183105469,1.0,0.0,0.0
58865,1.5,4,54.427499771118164,1.0,472.0,567.1146268612722
58870,4.0,1,220.9800033569336,1.0,0.0,0.0
58875,1.0,1,58.5,1.0,0.0,0.0
58878,1.0,1,34.9900016784668,1.0,0.0,0.0
58882,1.0,1,23.049999237060547,1.0,0.0,0.0
58894,1.0,1,13.590000152587892,1.0,0.0,0.0
58896,1.0,2,105.42000293731688,1.0,48.0,0.0
58897,2.0,1,27.9399995803833,1.0,0.0,0.0
58898,1.0,1,55.0,1.0,0.0,0.0
58899,3.0,1,75.97000122070312,1.0,0.0,0.0
58900,1.0,1,16.0,1.0,0.0,0.0
58902,1.0,1,25.0,1.0,0.0,0.0
58904,1.0,1,34.880001068115234,1.0,0.0,0.0
58906,3.0,1,286.64000129699707,1.0,0.0,0.0
58907,1.0,1,48.75,1.0,0.0,0.0
58908,2.0,1,57.95000076293945,1.0,0.0,0.0
58912,2.0,1,324.85999298095703,1.0,0.0,0.0
58913,1.0,1,7.949999809265136,1.0,0.0,0.0
58917,1.5,2,55.0,1.0,206.0,0.0
58918,1.0,1,42.5,1.0,0.0,0.0
58920,1.0,1,19.96999931335449,1.0,0.0,0.0
58923,1.0,1,24.0,1.0,0.0,0.0
58924,1.0,1,37.5,1.0,0.0,0.0
58929,1.0,1,58.9900016784668,1.0,0.0,0.0
58934,1.0,1,24.989999771118164,1.0,0.0,0.0
58940,4.0,1,212.41999626159668,1.0,0.0,0.0
58942,1.0,1,9.989999771118164,1.0,0.0,0.0
58943,2.0,1,209.88999938964844,1.0,0.0,0.0
58946,1.0,1,14.989999771118164,1.0,0.0,0.0
58949,2.0,1,219.0,1.0,0.0,0.0
58950,2.0,1,178.9499969482422,1.0,0.0,0.0
58955,2.0,1,41.5,1.0,0.0,0.0
58956,1.0,1,42.97999954223633,1.0,0.0,0.0
58958,1.0,1,50.0,1.0,0.0,0.0
58964,1.0,1,61.310001373291016,1.0,0.0,0.0
58972,2.0,1,325.95001220703125,1.0,0.0,0.0
58982,3.0,1,137.43999862670898,1.0,0.0,0.0
58983,1.0,1,32.560001373291016,1.0,0.0,0.0
58989,1.0,1,25.5,1.0,0.0,0.0
58990,1.0,1,46.5,1.0,0.0,0.0
58994,1.0,1,34.29999923706055,1.0,0.0,0.0
58995,2.5,2,87.85499954223633,1.0,320.0,0.0
58998,1.0,1,15.989999771118164,1.0,0.0,0.0
59001,1.0,1,35.099998474121094,1.0,0.0,0.0
59003,2.0,1,166.2900047302246,1.0,0.0,0.0
59013,2.5,2,132.22500038146973,1.0,467.0,0.0
59020,1.0,1,27.950000762939453,1.0,0.0,0.0
59024,2.0,1,443.0,1.0,0.0,0.0
59025,1.0,1,187.0,1.0,0.0,0.0
59027,1.0,1,119.0,1.0,0.0,0.0
59028,1.0,1,39.0,1.0,0.0,0.0
59029,1.0,2,133.9749984741211,1.0,154.0,0.0
59036,1.0,1,11.25,1.0,0.0,0.0
59040,1.0,1,76.98999786376953,1.0,0.0,0.0
59041,1.0,1,10.0,1.0,0.0,0.0
59044,1.0,2,26.21500015258789,1.0,83.0,0.0
59052,2.0,1,190.61000442504883,1.0,0.0,0.0
59055,3.0,1,150.0,1.0,0.0,0.0
59067,1.0,2,20.244999885559082,1.0,540.0,0.0
59068,1.0,1,21.989999771118164,1.0,0.0,0.0
59069,1.0,1,30.90999984741211,1.0,0.0,0.0
59070,1.0,2,23.984999656677246,1.0,716.0,0.0
59076,2.0,1,123.9900016784668,1.0,0.0,0.0
59083,1.0,1,119.0,1.0,0.0,0.0
59084,3.0,1,175.94999980926514,1.0,0.0,0.0
59088,2.0,1,66.0,1.0,0.0,0.0
59092,2.0,1,430.1699981689453,1.0,0.0,0.0
59093,3.0,1,332.87999725341797,1.0,0.0,0.0
59094,1.0,1,59.9900016784668,1.0,0.0,0.0
59096,1.0,1,35.0,1.0,0.0,0.0
59100,1.0,1,9.0,1.0,0.0,0.0
59106,4.0,1,75.48999977111816,1.0,0.0,0.0
59107,1.5,2,113.15500068664551,1.0,107.0,0.0
59108,2.0,1,23.630000114440918,1.0,0.0,0.0
59114,1.0,1,10.109999656677246,1.0,0.0,0.0
59128,1.0,1,29.989999771118164,1.0,0.0,0.0
59132,1.0,1,74.5,1.0,0.0,0.0
59140,2.0,1,93.35000038146973,1.0,0.0,0.0
59143,1.0,2,75.49499893188477,1.0,321.0,0.0
59146,1.0,1,28.0,1.0,0.0,0.0
59147,1.0,2,23.994999885559082,1.0,114.0,0.0
59155,1.0,1,79.94999694824217,1.0,0.0,0.0
59161,2.0,1,153.45999908447266,1.0,0.0,0.0
59162,4.0,1,160.98000144958496,1.0,0.0,0.0
59163,1.0,2,258.9950008392334,1.0,435.0,0.0
59172,2.0,1,223.93999862670898,1.0,0.0,0.0
59174,1.0,1,76.0,1.0,0.0,0.0
59177,3.0,1,98.07999992370605,1.0,0.0,0.0
59185,1.0,1,88.94999694824217,1.0,0.0,0.0
59191,2.0,1,82.39999961853027,1.0,0.0,0.0
59195,4.0,1,638.8999996185303,1.0,0.0,0.0
59204,1.0,1,122.5,1.0,0.0,0.0
59207,1.0,1,34.9900016784668,1.0,0.0,0.0
59214,1.0,1,189.0,1.0,0.0,0.0
59215,1.0,1,182.22000122070312,1.0,0.0,0.0
59217,2.0,1,80.94999694824219,1.0,0.0,0.0
59220,2.0,1,71.95999908447266,1.0,0.0,0.0
59223,1.0,1,13.949999809265137,1.0,0.0,0.0
59229,1.0,1,39.9900016784668,1.0,0.0,0.0
59230,1.0,1,18.0,1.0,0.0,0.0
59231,1.0,1,144.27000427246094,1.0,0.0,0.0
59232,2.0,1,51.93000030517578,1.0,0.0,0.0
59233,1.0,1,77.0,1.0,0.0,0.0
59234,1.0,1,13.539999961853027,1.0,0.0,0.0
59237,1.0,1,35.9900016784668,1.0,0.0,0.0
59239,2.0,1,65.0,1.0,0.0,0.0
59242,1.0,1,17.989999771118164,1.0,0.0,0.0
59247,1.0,1,32.439998626708984,1.0,0.0,0.0
59253,3.0,1,77.35999965667725,1.0,0.0,0.0
59254,1.0,2,36.75,1.0,142.0,0.0
59258,1.0,1,49.9900016784668,1.0,0.0,0.0
59260,1.0,1,15.0600004196167,1.0,0.0,0.0
59262,1.0,3,41.989999771118164,1.0,735.0,349.31074990615446
59266,2.0,1,30.889999389648445,1.0,0.0,0.0
59269,1.0,1,38.0,1.0,0.0,0.0
59270,2.0,1,112.98999977111816,1.0,0.0,0.0
59275,2.3333333333333335,3,51.646666844685875,1.0,738.5,516.8950570473662
59276,1.0,2,52.48999881744385,1.0,211.0,0.0
59285,1.0,1,75.98999786376953,1.0,0.0,0.0
59286,1.0,2,124.0,1.0,252.0,0.0
59289,1.0,2,29.49000072479248,1.0,666.0,0.0
59292,1.5,2,36.880000591278076,1.0,366.0,0.0
59294,1.0,1,172.0,1.0,0.0,0.0
59295,1.0,1,55.0,1.0,0.0,0.0
59303,1.0,1,17.75,1.0,0.0,0.0
59304,4.0,1,101.93000030517578,1.0,0.0,0.0
59306,1.0,1,26.979999542236328,1.0,0.0,0.0
59312,1.0,1,52.950000762939446,1.0,0.0,0.0
59315,2.0,1,154.43999862670898,1.0,0.0,0.0
59317,1.0,1,265.989990234375,1.0,0.0,0.0
59322,1.0,1,30.0,1.0,0.0,0.0
59324,2.0,1,59.98000144958496,1.0,0.0,0.0
59327,1.0,1,14.0,1.0,0.0,0.0
59331,1.0,1,87.88999938964845,1.0,0.0,0.0
59337,1.0,1,12.390000343322754,1.0,0.0,0.0
59338,2.0,1,134.97999954223633,1.0,0.0,0.0
59342,2.0,1,106.68999862670898,1.0,0.0,0.0
59344,2.0,1,183.3300018310547,1.0,0.0,0.0
59347,1.0,1,19.989999771118164,1.0,0.0,0.0
59348,1.0,1,16.0,1.0,0.0,0.0
59349,3.0,1,200.96000289916992,1.0,0.0,0.0
59352,1.0,1,16.989999771118164,1.0,0.0,0.0
59355,1.0,1,15.0,1.0,0.0,0.0
59361,1.0,1,155.0,1.0,0.0,0.0
59363,3.0,1,323.45000076293945,1.0,0.0,0.0
59367,1.0,1,14.989999771118164,1.0,0.0,0.0
59372,1.0,1,29.950000762939453,1.0,0.0,0.0
59374,1.0,1,9.470000267028809,1.0,0.0,0.0
59376,1.0,1,30.0,1.0,0.0,0.0
59377,1.0,1,89.5,1.0,0.0,0.0
59381,1.5,2,135.2450008392334,1.0,765.0,0.0
59382,2.0,1,79.44000244140625,1.0,0.0,0.0
59383,1.0,1,21.989999771118164,1.0,0.0,0.0
59393,2.0,1,392.0,1.0,0.0,0.0
59395,1.0,1,75.0,1.0,0.0,0.0
59396,1.0,1,13.1899995803833,1.0,0.0,0.0
59400,1.0,1,29.979999542236328,1.0,0.0,0.0
59403,2.0,2,87.39999866485596,1.0,1273.0,0.0
59407,1.0,1,25.0,1.0,0.0,0.0
59413,1.0,1,25.0,1.0,0.0,0.0
59416,2.0,2,86.73000049591064,1.0,1119.0,0.0
59419,3.0,1,200.48999977111816,1.0,0.0,0.0
59420,1.0,1,100.0,1.0,0.0,0.0
59424,2.0,1,59.989999771118164,1.0,0.0,0.0
59426,1.0,2,51.2450008392334,1.0,8.0,0.0
59428,1.0,1,84.98999786376953,1.0,0.0,0.0
59435,4.0,1,126.15999984741211,1.0,0.0,0.0
59441,2.0,2,110.94500064849854,1.0,98.0,0.0
59447,2.0,1,116.5,1.0,0.0,0.0
59449,1.0,1,20.950000762939453,1.0,0.0,0.0
59452,4.0,1,96.4900016784668,1.0,0.0,0.0
59461,4.0,1,213.4700050354004,1.0,0.0,0.0
59468,1.0,1,31.0,1.0,0.0,0.0
59469,1.0,1,10.979999542236328,1.0,0.0,0.0
59477,1.0,1,18.61000061035156,1.0,0.0,0.0
59486,1.0,1,84.0,1.0,0.0,0.0
59488,3.0,1,166.09000205993652,1.0,0.0,0.0
59497,2.0,1,81.54999923706056,1.0,0.0,0.0
59498,1.0,1,36.0,1.0,0.0,0.0
59499,4.0,1,102.6200008392334,1.0,0.0,0.0
59500,1.0,1,185.0,1.0,0.0,0.0
59503,1.0,1,13.989999771118164,1.0,0.0,0.0
59505,2.0,1,52.10000133514404,1.0,0.0,0.0
59506,3.0,1,103.48999977111816,1.0,0.0,0.0
59508,1.0,1,44.9900016784668,1.0,0.0,0.0
59511,2.0,1,188.97999572753906,1.0,0.0,0.0
59513,1.5,2,38.56999969482422,1.0,229.0,0.0
59519,2.0,1,62.310001373291016,1.0,0.0,0.0
59529,1.0,1,95.0,1.0,0.0,0.0
59538,1.0,1,49.9900016784668,1.0,0.0,0.0
59547,1.0,1,25.0,1.0,0.0,0.0
59552,1.0,1,94.9900016784668,2.0,13.0,0.0
59557,2.0,1,226.0,1.0,0.0,0.0
59562,1.0,1,23.57999992370605,1.0,0.0,0.0
59570,2.0,1,66.98999977111816,1.0,0.0,0.0
59571,1.0,1,48.0,1.0,0.0,0.0
59573,1.0,1,29.979999542236328,1.0,0.0,0.0
59585,1.0,1,37.0,1.0,0.0,0.0
59594,1.0,1,102.0,1.0,0.0,0.0
59600,1.0,1,55.86000061035156,1.0,0.0,0.0
59603,1.0,1,132.3000030517578,1.0,0.0,0.0
59616,1.0,1,30.950000762939453,1.0,0.0,0.0
59617,1.0,1,49.9900016784668,1.0,0.0,0.0
59621,1.0,1,60.0,1.0,0.0,0.0
59631,1.0,1,36.27999877929688,1.0,0.0,0.0
59634,1.0,1,14.0,1.0,0.0,0.0
59639,3.0,1,112.39000129699707,1.0,0.0,0.0
59640,1.0,1,12.989999771118164,1.0,0.0,0.0
59646,1.0,1,48.0,1.0,0.0,0.0
59657,2.0,1,185.51000213623047,1.0,0.0,0.0
59658,1.0,1,46.9900016784668,1.0,0.0,0.0
59659,1.0,1,28.8799991607666,1.0,0.0,0.0
59665,1.0,2,34.94000053405762,1.0,358.0,0.0
59670,2.0,1,69.96999931335449,1.0,0.0,0.0
59677,1.0,1,102.0,1.0,0.0,0.0
59680,1.0,1,23.989999771118164,1.0,0.0,0.0
59685,1.5,2,84.98999977111816,1.0,335.0,0.0
59688,1.0,1,34.9900016784668,1.0,0.0,0.0
59690,1.0,1,33.75,1.0,0.0,0.0
59696,1.0,1,9.949999809265137,1.0,0.0,0.0
59711,1.0,1,81.9000015258789,1.0,0.0,0.0
59713,1.0,1,89.98999786376953,1.0,0.0,0.0
59714,1.5,2,120.94000053405762,1.0,47.0,0.0
59715,1.0,1,5.329999923706056,1.0,0.0,0.0
59717,1.0,1,3.950000047683716,1.0,0.0,0.0
59723,2.0,1,210.95000076293945,1.0,0.0,0.0
59724,2.0,1,111.52999973297119,1.0,0.0,0.0
59729,1.0,1,55.77999877929688,1.0,0.0,0.0
59730,1.0,1,38.0,1.0,0.0,0.0
59735,1.0,1,19.989999771118164,1.0,0.0,0.0
59740,1.0,1,27.989999771118164,1.0,0.0,0.0
59745,1.0,1,16.780000686645508,1.0,0.0,0.0
59747,2.0,1,31.109999656677246,1.0,0.0,0.0
59751,1.0,1,41.9900016784668,1.0,0.0,0.0
59752,1.0,1,129.97999572753906,1.0,0.0,0.0
59753,1.0,1,25.0,1.0,0.0,0.0
59756,1.0,1,39.5,1.0,0.0,0.0
59757,1.0,1,16.0,1.0,0.0,0.0
59761,1.0,1,248.0,1.0,0.0,0.0
59762,1.0,1,49.9900016784668,1.0,0.0,0.0
59771,1.0,1,36.0,1.0,0.0,0.0
59774,1.5,2,46.29999923706055,1.0,927.0,0.0
59779,1.0,1,69.2300033569336,1.0,0.0,0.0
59782,1.0,1,14.989999771118164,1.0,0.0,0.0
59785,4.0,2,144.0449981689453,1.0,1989.0,0.0
59789,3.0,1,123.45000076293945,1.0,0.0,0.0
59790,2.0,1,171.98999786376953,1.0,0.0,0.0
59796,3.0,1,60.05000019073486,1.0,0.0,0.0
59797,1.0,1,63.9900016784668,1.0,0.0,0.0
59800,1.0,1,36.9900016784668,1.0,0.0,0.0
59805,1.0,1,19.989999771118164,1.0,0.0,0.0
59811,1.0,1,5.989999771118164,1.0,0.0,0.0
59812,1.0,2,50.29499912261963,1.0,824.0,0.0
59814,1.0,2,77.25,1.0,382.0,0.0
59815,1.0,1,55.0,1.0,0.0,0.0
59822,1.5,2,306.48499870300293,1.0,69.0,0.0
59826,1.0,1,75.0,1.0,0.0,0.0
59829,1.0,1,23.0,1.0,0.0,0.0
59832,1.0,2,51.39500045776368,1.0,1402.0,0.0
59834,1.5,2,85.98999881744385,1.0,484.0,0.0
59853,2.5,2,84.03000259399414,1.0,896.0,0.0
59857,1.0,1,79.94999694824217,1.0,0.0,0.0
59864,1.0,1,6.980000019073486,1.0,0.0,0.0
59867,2.5,2,210.81999969482422,1.0,356.0,0.0
59868,1.0,1,49.9900016784668,1.0,0.0,0.0
59871,4.0,1,88.77999877929689,1.0,0.0,0.0
59881,4.0,1,217.7500033378601,1.0,0.0,0.0
59885,1.0,1,169.5,1.0,0.0,0.0
59886,1.0,1,10.489999771118164,1.0,0.0,0.0
59887,1.0,1,140.0,1.0,0.0,0.0
59888,1.0,1,15.0,1.0,0.0,0.0
59890,1.0,1,85.0,1.0,0.0,0.0
59894,1.0,1,21.0,1.0,0.0,0.0
59895,1.0,1,10.640000343322754,1.0,0.0,0.0
59899,1.0,1,249.94999694824216,1.0,0.0,0.0
59900,3.0,1,111.97000312805176,1.0,0.0,0.0
59902,1.0,1,17.5,1.0,0.0,0.0
59905,1.0,1,34.0,1.0,0.0,0.0
59909,1.0,1,47.59999847412109,1.0,0.0,0.0
59910,1.0,1,12.579999923706056,1.0,0.0,0.0
59911,2.0,1,163.9000015258789,1.0,0.0,0.0
59912,1.0,1,49.5,1.0,0.0,0.0
59917,2.0,1,53.989999771118164,1.0,0.0,0.0
59919,1.5,2,86.80000305175781,1.0,345.0,0.0
59920,1.0,1,19.989999771118164,1.0,0.0,0.0
59922,1.0,1,21.8700008392334,1.0,0.0,0.0
59925,1.0,1,42.08000183105469,1.0,0.0,0.0
59927,1.0,1,9.859999656677246,1.0,0.0,0.0
59928,2.0,1,58.97999954223633,1.0,0.0,0.0
59929,1.0,4,142.9749984741211,1.0,128.33333333333334,29.737742572921256
59934,1.0,1,7.949999809265136,1.0,0.0,0.0
59937,1.0,1,59.5,1.0,0.0,0.0
59940,4.0,1,131.4000005722046,1.0,0.0,0.0
59942,1.0,1,160.0,1.0,0.0,0.0
59943,1.0,1,9.350000381469728,1.0,0.0,0.0
59944,1.0,1,51.0,1.0,0.0,0.0
59946,1.0,1,7.949999809265136,1.0,0.0,0.0
59947,1.0,1,72.0,1.0,0.0,0.0
59948,1.0,1,68.0,1.0,0.0,0.0
59949,4.0,1,240.4900016784668,1.0,0.0,0.0
59955,1.0,1,36.950000762939446,1.0,0.0,0.0
59957,1.0,1,41.9900016784668,1.0,0.0,0.0
59959,1.0,1,64.5,1.0,0.0,0.0
59963,2.0,1,169.4499969482422,1.0,0.0,0.0
59967,2.0,1,389.5,1.0,0.0,0.0
59969,2.0,1,35.989999771118164,1.0,0.0,0.0
59977,1.0,1,129.0,1.0,0.0,0.0
59982,1.0,1,79.98999786376953,1.0,0.0,0.0
59994,1.0,1,55.1599998474121,1.0,0.0,0.0
59995,1.0,1,18.950000762939453,1.0,0.0,0.0
59996,1.0,1,33.58000183105469,1.0,0.0,0.0
60001,4.0,1,165.29999923706055,1.0,0.0,0.0
60002,1.0,2,90.68499994277954,1.0,27.0,0.0
60007,1.0,1,108.0,1.0,0.0,0.0
60008,2.0,1,216.75,1.0,0.0,0.0
60018,1.0,1,89.94999694824217,1.0,0.0,0.0
60019,1.0,1,29.0,1.0,0.0,0.0
60021,1.5,1,294.64999771118164,2.0,11.0,0.0
60032,1.0,2,20.25,1.0,788.0,0.0
60033,2.0,1,38.4399995803833,1.0,0.0,0.0
60035,1.0,1,14.979999542236328,1.0,0.0,0.0
60036,1.0,2,163.49499988555908,1.0,117.0,0.0
60042,1.0,1,6.989999771118164,1.0,0.0,0.0
60044,2.0,1,38.889999389648445,1.0,0.0,0.0
60045,1.0,1,139.99000549316406,1.0,0.0,0.0
60050,1.0,1,9.260000228881838,1.0,0.0,0.0
60051,1.0,1,75.0,1.0,0.0,0.0
60061,1.5,2,58.99000072479248,1.0,527.0,0.0
60063,3.0,1,62.0,1.0,0.0,0.0
60066,3.0,1,103.9799976348877,1.0,0.0,0.0
60070,1.0,1,14.0,1.0,0.0,0.0
60073,1.0,1,52.0,1.0,0.0,0.0
60076,1.0,1,44.209999084472656,1.0,0.0,0.0
60087,1.0,1,21.0,1.0,0.0,0.0
60089,1.0,1,19.989999771118164,1.0,0.0,0.0
60090,1.0,1,49.5,1.0,0.0,0.0
60092,1.0,2,34.96999931335449,1.0,76.0,0.0
60095,1.0,1,28.0,1.0,0.0,0.0
60099,1.0,1,27.989999771118164,1.0,0.0,0.0
60105,1.5,2,39.744998931884766,1.0,1433.0,0.0
60111,1.5,2,63.74499988555908,1.0,159.0,0.0
60112,2.0,1,85.08000183105469,1.0,0.0,0.0
60122,2.0,1,111.94000244140625,1.0,0.0,0.0
60123,1.0,1,38.560001373291016,1.0,0.0,0.0
60124,2.0,2,50.959999561309814,1.0,115.0,0.0
60127,1.0,1,300.0,1.0,0.0,0.0
60132,3.0,1,404.9299907684326,1.0,0.0,0.0
60133,1.0,1,49.9900016784668,1.0,0.0,0.0
60142,2.0,1,81.76000022888184,1.0,0.0,0.0
60144,1.0,1,60.0,1.0,0.0,0.0
60145,2.0,1,110.55999946594238,1.0,0.0,0.0
60147,1.0,1,65.0,1.0,0.0,0.0
60148,1.0,1,21.0,1.0,0.0,0.0
60157,1.0,2,15.464999914169312,1.0,94.0,0.0
60166,3.0,1,125.98999977111816,1.0,0.0,0.0
60168,4.0,1,133.20999908447266,1.0,0.0,0.0
60171,1.0,1,16.0,1.0,0.0,0.0
60174,1.0,1,69.58000183105469,1.0,0.0,0.0
60179,2.5,2,180.42500019073486,1.0,795.0,0.0
60182,1.0,1,60.79999923706056,1.0,0.0,0.0
60188,1.0,1,109.98999786376952,1.0,0.0,0.0
60189,1.0,1,72.69999694824217,1.0,0.0,0.0
60198,1.0,1,24.5,1.0,0.0,0.0
60199,1.0,1,16.600000381469727,1.0,0.0,0.0
60201,2.0,1,51.989999771118164,1.0,0.0,0.0
60210,2.0,1,72.0,1.0,0.0,0.0
60214,2.0,1,84.56000137329102,1.0,0.0,0.0
60215,1.0,1,38.560001373291016,1.0,0.0,0.0
60218,2.0,1,34.75999927520752,1.0,0.0,0.0
60219,4.0,1,383.9900016784668,1.0,0.0,0.0
60221,2.0,1,76.5,1.0,0.0,0.0
60225,1.0,1,120.0,1.0,0.0,0.0
60232,1.0,1,22.1200008392334,1.0,0.0,0.0
60235,2.0,2,82.21500205993652,1.0,256.0,0.0
60239,1.0,2,58.0,1.0,249.0,0.0
60243,1.0,1,59.18999862670898,1.0,0.0,0.0
60246,1.0,1,39.0,1.0,0.0,0.0
60251,3.0,1,94.98999977111816,1.0,0.0,0.0
60257,1.0,1,55.0,1.0,0.0,0.0
60263,2.0,1,343.1399917602539,1.0,0.0,0.0
60265,1.0,1,34.95000076293945,1.0,0.0,0.0
60266,1.0,1,25.340000152587887,1.0,0.0,0.0
60273,1.0,2,109.9950008392334,1.0,153.0,0.0
60274,1.0,2,42.5049991607666,1.0,495.0,0.0
60283,1.0,1,59.9900016784668,1.0,0.0,0.0
60287,1.0,1,19.950000762939453,1.0,0.0,0.0
60301,1.0,1,29.0,1.0,0.0,0.0
60303,1.0,1,249.0,1.0,0.0,0.0
60317,1.0,1,24.0,1.0,0.0,0.0
60319,3.0,1,202.54999923706055,1.0,0.0,0.0
60325,1.0,1,25.950000762939453,1.0,0.0,0.0
60327,1.0,1,35.45000076293945,1.0,0.0,0.0
60335,1.0,1,14.0,1.0,0.0,0.0
60336,1.0,1,35.0,1.0,0.0,0.0
60337,1.5,2,51.625,1.0,320.0,0.0
60338,1.0,1,79.98999786376953,1.0,0.0,0.0
60340,1.0,1,46.0,1.0,0.0,0.0
60348,2.5,2,51.11999988555908,1.0,85.0,0.0
60351,1.0,1,25.0,1.0,0.0,0.0
60352,1.0,1,34.97999954223633,1.0,0.0,0.0
60357,1.0,1,9.949999809265137,1.0,0.0,0.0
60360,1.0,1,23.0,1.0,0.0,0.0
60362,1.0,2,65.2450008392334,1.0,461.0,0.0
60363,1.5,2,300.9749984741211,1.0,401.0,0.0
60373,3.0,3,297.75000254313153,1.0,300.5,249.60869375885127
60377,4.0,1,68.59999942779541,1.0,0.0,0.0
60381,1.0,1,62.0,1.0,0.0,0.0
60384,2.0,1,70.0,1.0,0.0,0.0
60386,1.0,1,50.58000183105469,1.0,0.0,0.0
60390,1.0,1,21.940000534057617,1.0,0.0,0.0
60394,1.0,1,903.0,1.0,0.0,0.0
60395,1.0,1,76.0,1.0,0.0,0.0
60396,2.0,1,109.9799976348877,1.0,0.0,0.0
60399,1.0,1,59.0,1.0,0.0,0.0
60404,1.0,1,119.4499969482422,1.0,0.0,0.0
60408,1.0,1,24.989999771118164,1.0,0.0,0.0
60409,1.0,1,170.0,1.0,0.0,0.0
60410,1.0,1,45.0,1.0,0.0,0.0
60420,1.0,1,14.989999771118164,1.0,0.0,0.0
60430,1.0,2,27.994999885559082,1.0,512.0,0.0
60432,1.0,1,39.9900016784668,1.0,0.0,0.0
60433,4.0,1,85.98999977111816,1.0,0.0,0.0
60434,1.0,1,25.81999969482421,1.0,0.0,0.0
60438,2.0,1,144.87999725341797,1.0,0.0,0.0
60447,1.0,1,69.98000144958496,2.0,11.0,0.0
60451,1.0,1,46.0,1.0,0.0,0.0
60453,2.0,1,90.95000076293945,1.0,0.0,0.0
60455,1.0,1,25.0,1.0,0.0,0.0
60458,2.0,1,62.989999771118164,1.0,0.0,0.0
60463,2.0,1,95.4000015258789,1.0,0.0,0.0
60465,1.0,1,64.0,1.0,0.0,0.0
60474,1.0,1,26.989999771118164,1.0,0.0,0.0
60488,1.0,1,29.5,1.0,0.0,0.0
60494,3.0,1,70.88999938964844,1.0,0.0,0.0
60503,2.0,1,29.030000686645508,1.0,0.0,0.0
60504,1.0,1,75.0,1.0,0.0,0.0
60508,1.0,2,30.329999923706055,1.0,1658.0,0.0
60512,2.0,1,52.5,1.0,0.0,0.0
60515,1.0,1,29.989999771118164,1.0,0.0,0.0
60520,2.0,1,52.95000076293945,1.0,0.0,0.0
60527,1.0,1,68.6500015258789,1.0,0.0,0.0
60529,2.0,1,113.94000244140625,1.0,0.0,0.0
60533,1.0,1,88.98999786376953,1.0,0.0,0.0
60536,1.0,1,12.949999809265137,1.0,0.0,0.0
60545,1.0,1,65.0,1.0,0.0,0.0
60546,1.0,2,97.47500038146973,1.0,1374.0,0.0
60547,1.0,1,62.0,1.0,0.0,0.0
60557,1.0,1,29.989999771118164,1.0,0.0,0.0
60560,2.0,1,22.899999618530273,1.0,0.0,0.0
60563,2.0,1,69.0,1.0,0.0,0.0
60566,1.0,1,68.0,1.0,0.0,0.0
60574,1.0,1,14.0,1.0,0.0,0.0
60584,1.0,1,110.0,1.0,0.0,0.0
60588,1.0,1,32.0,1.0,0.0,0.0
60590,1.0,1,39.9900016784668,1.0,0.0,0.0
60596,1.0,2,34.5,1.0,555.0,0.0
60599,2.0,1,151.98999786376953,1.0,0.0,0.0
60600,1.0,1,119.5,1.0,0.0,0.0
60601,1.0,2,17.494999885559082,1.0,515.0,0.0
60604,1.0,1,16.25,1.0,0.0,0.0
60605,2.0,1,60.39000129699707,1.0,0.0,0.0
60607,1.0,1,12.0,1.0,0.0,0.0
60608,1.5,2,64.65000009536743,1.0,157.0,0.0
60609,1.0,1,44.9900016784668,1.0,0.0,0.0
60610,1.0,1,19.989999771118164,1.0,0.0,0.0
60612,2.0,1,222.0,1.0,0.0,0.0
60613,1.0,1,76.0,1.0,0.0,0.0
60615,2.0,2,152.16000175476074,1.0,149.0,0.0
60622,1.0,1,48.0,1.0,0.0,0.0
60632,1.0,1,60.0,1.0,0.0,0.0
60634,1.0,1,29.950000762939453,1.0,0.0,0.0
60637,1.0,1,8.989999771118164,1.0,0.0,0.0
60638,1.0,1,60.0,1.0,0.0,0.0
60640,1.0,1,19.96999931335449,1.0,0.0,0.0
60642,3.0,1,141.3799991607666,1.0,0.0,0.0
60645,1.0,1,17.5,1.0,0.0,0.0
60648,2.0,1,235.45000076293945,1.0,0.0,0.0
60652,4.0,1,149.4900016784668,1.0,0.0,0.0
60653,2.0,1,41.889999389648445,1.0,0.0,0.0
60655,4.0,1,282.9300079345703,1.0,0.0,0.0
60666,1.0,1,70.0,1.0,0.0,0.0
60674,1.0,1,25.0,1.0,0.0,0.0
60676,1.0,1,45.0,1.0,0.0,0.0
60679,1.0,1,129.0,1.0,0.0,0.0
60689,1.0,1,69.98999786376953,1.0,0.0,0.0
60693,1.0,1,13.520000457763672,1.0,0.0,0.0
60695,4.0,1,135.27000045776367,1.0,0.0,0.0
60698,1.5,2,55.59500026702881,1.0,59.0,0.0
60701,3.0,1,252.3900032043457,1.0,0.0,0.0
60708,1.0,1,19.989999771118164,1.0,0.0,0.0
60710,2.0,1,108.73999977111816,1.0,0.0,0.0
60721,2.0,1,220.2700061798096,1.0,0.0,0.0
60737,1.0,1,167.0,1.0,0.0,0.0
60738,1.0,1,71.94999694824219,1.0,0.0,0.0
60739,1.0,1,79.98999786376953,1.0,0.0,0.0
60742,1.0,1,26.0,1.0,0.0,0.0
60756,1.0,1,12.300000190734863,1.0,0.0,0.0
60758,1.0,1,42.0,1.0,0.0,0.0
60761,1.0,2,103.64500045776367,1.0,72.0,0.0
60762,1.0,2,46.99499988555908,1.0,282.0,0.0
60765,1.0,1,42.0,1.0,0.0,0.0
60768,2.0,1,101.9800033569336,1.0,0.0,0.0
60773,1.0,1,198.0,1.0,0.0,0.0
60775,1.0,1,84.66000366210938,1.0,0.0,0.0
60780,2.0,1,54.989999771118164,1.0,0.0,0.0
60782,2.0,1,82.5,1.0,0.0,0.0
60784,1.0,1,17.579999923706055,1.0,0.0,0.0
60785,1.0,1,42.9900016784668,1.0,0.0,0.0
60790,1.0,1,19.989999771118164,1.0,0.0,0.0
60794,1.0,1,59.5,1.0,0.0,0.0
60801,1.0,1,44.9900016784668,1.0,0.0,0.0
60804,1.0,1,99.0,1.0,0.0,0.0
60811,1.0,1,34.9900016784668,1.0,0.0,0.0
60812,1.0,1,32.0,1.0,0.0,0.0
60813,2.0,2,72.96500205993652,1.0,185.0,0.0
60815,1.0,1,44.5,1.0,0.0,0.0
60816,1.0,1,102.0,2.0,0.0,0.0
60818,1.0,1,25.0,1.0,0.0,0.0
60819,1.0,1,70.0,1.0,0.0,0.0
60826,2.5,2,100.71500015258789,1.0,1070.0,0.0
60833,1.0,1,42.5,1.0,0.0,0.0
60839,1.0,1,58.0,1.0,0.0,0.0
60840,2.0,1,159.48999977111816,1.0,0.0,0.0
60848,1.0,1,48.970001220703125,1.0,0.0,0.0
60853,1.0,1,39.9900016784668,1.0,0.0,0.0
60861,1.0,1,20.950000762939453,1.0,0.0,0.0
60862,2.0,1,154.99000549316406,1.0,0.0,0.0
60863,2.0,1,79.95000076293945,1.0,0.0,0.0
60864,4.0,1,100.94000053405762,1.0,0.0,0.0
60865,2.0,1,33.46000003814697,1.0,0.0,0.0
60873,1.0,1,49.9900016784668,1.0,0.0,0.0
60880,1.0,1,21.0,1.0,0.0,0.0
60887,1.0,1,88.0,1.0,0.0,0.0
60888,1.5,2,42.170000076293945,1.0,131.0,0.0
60889,1.0,1,25.0,1.0,0.0,0.0
60894,1.0,1,69.98999786376953,1.0,0.0,0.0
60898,2.0,1,78.9800033569336,1.0,0.0,0.0
60899,4.0,1,98.81999969482422,1.0,0.0,0.0
60901,1.0,1,95.8499984741211,1.0,0.0,0.0
60902,1.0,1,9.119999885559082,1.0,0.0,0.0
60906,1.0,1,89.5,1.0,0.0,0.0
60915,1.0,1,72.95999908447266,1.0,0.0,0.0
60922,1.0,1,14.989999771118164,1.0,0.0,0.0
60923,1.0,1,31.590000152587887,1.0,0.0,0.0
60929,1.3333333333333333,3,77.29333305358887,1.0,60.0,35.35533905932738
60934,2.0,1,46.99000000953674,1.0,0.0,0.0
60936,1.0,1,39.9900016784668,1.0,0.0,0.0
60941,2.0,1,157.98999786376953,1.0,0.0,0.0
60943,1.0,1,14.0,1.0,0.0,0.0
60949,1.0,1,49.9900016784668,1.0,0.0,0.0
60951,1.0,1,34.9900016784668,1.0,0.0,0.0
60959,1.0,1,236.83999633789065,1.0,0.0,0.0
60962,1.0,1,14.949999809265137,1.0,0.0,0.0
60969,1.0,1,14.989999771118164,1.0,0.0,0.0
60973,2.0,1,66.0,1.0,0.0,0.0
60981,3.0,1,327.8899998664856,1.0,0.0,0.0
60982,1.0,1,125.0,1.0,0.0,0.0
60994,1.0,1,67.98999786376953,1.0,0.0,0.0
60995,2.0,1,52.0,1.0,0.0,0.0
60996,4.0,1,168.75,1.0,0.0,0.0
60997,1.0,2,69.0,1.5,26.0,11.313708498984761
61000,1.0,1,45.0,1.0,0.0,0.0
61002,1.0,2,83.5,1.0,85.0,0.0
61004,1.0,1,5.1599998474121085,1.0,0.0,0.0
61009,1.0,1,20.0,1.0,0.0,0.0
61017,1.0,1,100.0,1.0,0.0,0.0
61018,1.0,1,328.0,1.0,0.0,0.0
61020,1.0,1,30.600000381469727,1.0,0.0,0.0
61021,1.0,1,25.0,1.0,0.0,0.0
61026,1.0,1,15.270000457763672,1.0,0.0,0.0
61031,1.0,1,20.68000030517578,1.0,0.0,0.0
61034,1.0,1,21.25,1.0,0.0,0.0
61043,1.0,1,99.0,1.0,0.0,0.0
61044,1.0,1,5.900000095367432,1.0,0.0,0.0
61046,1.0,1,59.5,1.0,0.0,0.0
61050,1.0,1,11.960000038146973,1.0,0.0,0.0
61052,2.0,1,75.98999977111816,1.0,0.0,0.0
61056,1.0,1,56.59999847412109,1.0,0.0,0.0
61069,1.0,1,25.0,1.0,0.0,0.0
61073,3.0,1,261.70999908447266,1.0,0.0,0.0
61074,2.0,1,34.989999771118164,1.0,0.0,0.0
61077,1.0,2,48.70000076293945,1.0,695.0,0.0
61080,2.0,1,69.95000076293945,1.0,0.0,0.0
61089,1.0,1,99.0,1.0,0.0,0.0
61092,1.0,2,67.44499969482422,1.0,489.0,0.0
61095,1.0,1,42.0,1.0,0.0,0.0
61096,2.0,1,49.260000228881836,1.0,0.0,0.0
61097,2.0,1,220.5900001525879,1.0,0.0,0.0
61098,1.0,1,11.989999771118164,1.0,0.0,0.0
61100,1.0,1,60.27000045776367,1.0,0.0,0.0
61101,2.0,1,31.979999542236328,1.0,0.0,0.0
61105,1.0,1,54.950000762939446,1.0,0.0,0.0
61115,2.0,1,45.14999961853027,1.0,0.0,0.0
61124,2.0,1,134.98999786376953,1.0,0.0,0.0
61125,1.0,1,41.9900016784668,1.0,0.0,0.0
61127,1.0,1,17.950000762939453,1.0,0.0,0.0
61128,2.5,2,178.4099998474121,1.0,894.0,0.0
61130,1.0,1,82.94999694824217,1.0,0.0,0.0
61131,1.0,1,167.46000289916992,2.0,15.0,0.0
61135,1.0,1,102.90000152587892,1.0,0.0,0.0
61142,1.0,1,25.950000762939453,1.0,0.0,0.0
61144,2.0,1,70.70000076293945,1.0,0.0,0.0
61148,1.0,1,88.0,1.0,0.0,0.0
61150,1.0,1,49.5,1.0,0.0,0.0
61151,1.0,1,16.5,1.0,0.0,0.0
61152,1.5,2,208.49499988555908,1.0,398.0,0.0
61153,1.0,1,99.0,1.0,0.0,0.0
61154,1.0,1,11.899999618530272,1.0,0.0,0.0
61168,2.0,1,105.01999855041504,1.0,0.0,0.0
61186,2.0,1,67.5,1.0,0.0,0.0
61187,1.0,2,30.525000572204586,1.0,36.0,0.0
61189,2.0,1,79.4900016784668,1.0,0.0,0.0
61196,1.0,1,24.0,1.0,0.0,0.0
61199,1.0,1,39.9900016784668,1.0,0.0,0.0
61201,1.0,1,81.58999633789062,1.0,0.0,0.0
61202,1.0,1,34.0,1.0,0.0,0.0
61203,1.0,1,45.0,1.0,0.0,0.0
61211,1.0,1,148.0,1.0,0.0,0.0
61213,1.0,1,378.0,1.0,0.0,0.0
61218,1.0,1,12.0,1.0,0.0,0.0
61221,1.0,1,48.29999923706056,1.0,0.0,0.0
61222,1.0,1,59.950000762939446,1.0,0.0,0.0
61223,1.0,1,22.0,1.0,0.0,0.0
61226,1.0,1,10.5,1.0,0.0,0.0
61231,1.0,2,39.47499990463257,1.0,110.0,0.0
61232,1.0,1,118.0,1.0,0.0,0.0
61233,2.5,2,182.74499988555908,1.0,389.0,0.0
61235,1.0,1,12.199999809265137,1.0,0.0,0.0
61236,1.0,1,145.0,1.0,0.0,0.0
61237,2.0,1,102.96000099182129,1.0,0.0,0.0
61239,1.0,1,239.9900054931641,1.0,0.0,0.0
61240,1.0,1,169.99000549316406,1.0,0.0,0.0
61247,1.0,1,25.0,1.0,0.0,0.0
61249,1.0,1,20.0,1.0,0.0,0.0
61250,1.0,1,11.989999771118164,1.0,0.0,0.0
61257,1.0,1,25.0,1.0,0.0,0.0
61258,2.0,1,131.8499984741211,1.0,0.0,0.0
61260,1.0,1,78.4000015258789,1.0,0.0,0.0
61261,2.0,1,35.0,1.0,0.0,0.0
61266,1.5,2,121.5,1.0,510.0,0.0
61268,1.0,2,52.31500053405762,1.0,204.0,0.0
61275,1.0,1,14.989999771118164,1.0,0.0,0.0
61276,1.0,1,23.43000030517578,1.0,0.0,0.0
61283,1.0,1,49.9900016784668,1.0,0.0,0.0
61292,2.0,1,140.9499969482422,1.0,0.0,0.0
61300,1.0,1,54.0,1.0,0.0,0.0
61301,1.0,1,12.0,1.0,0.0,0.0
61302,1.0,1,154.0,1.0,0.0,0.0
61303,1.0,1,25.0,1.0,0.0,0.0
61308,1.0,1,44.0,1.0,0.0,0.0
61316,1.0,1,21.0,1.0,0.0,0.0
61321,1.0,1,49.5,1.0,0.0,0.0
61326,1.0,1,44.9900016784668,1.0,0.0,0.0
61332,1.0,1,145.0,1.0,0.0,0.0
61341,2.0,1,83.18000030517578,1.0,0.0,0.0
61343,3.0,1,112.48999977111816,1.0,0.0,0.0
61344,2.0,1,28.880000114440918,1.0,0.0,0.0
61347,1.0,1,26.8799991607666,1.0,0.0,0.0
61349,1.0,1,30.0,1.0,0.0,0.0
61350,1.0,1,25.0,1.0,0.0,0.0
61353,2.0,1,106.9900016784668,1.0,0.0,0.0
61361,2.0,1,69.5,1.0,0.0,0.0
61366,4.0,1,185.59000396728516,1.0,0.0,0.0
61367,1.0,1,43.47999954223633,1.0,0.0,0.0
61369,1.0,1,149.0,1.0,0.0,0.0
61370,1.0,1,49.950000762939446,1.0,0.0,0.0
61375,3.0,1,251.94000053405762,1.0,0.0,0.0
61376,4.0,1,436.4799995422363,1.0,0.0,0.0
61381,2.0,1,72.48999977111816,1.0,0.0,0.0
61387,1.0,1,49.5,1.0,0.0,0.0
61389,1.0,1,25.0,1.0,0.0,0.0
61394,2.0,1,164.4499969482422,1.0,0.0,0.0
61401,2.0,1,66.1899995803833,1.0,0.0,0.0
61408,2.0,2,264.2450008392334,1.0,1190.0,0.0
61428,1.0,2,101.9950008392334,1.0,437.0,0.0
61430,2.0,1,161.17999649047852,1.0,0.0,0.0
61432,1.0,1,179.0,1.0,0.0,0.0
61438,1.0,1,40.59999847412109,1.0,0.0,0.0
61439,2.0,1,199.9900016784668,1.0,0.0,0.0
61442,1.0,1,31.950000762939453,1.0,0.0,0.0
61445,1.0,1,18.780000686645508,1.0,0.0,0.0
61450,1.0,1,54.0,1.0,0.0,0.0
61453,4.0,1,659.2200012207031,1.0,0.0,0.0
61454,1.0,1,169.0,1.0,0.0,0.0
61456,1.0,1,16.989999771118164,1.0,0.0,0.0
61459,1.0,1,249.94999694824216,1.0,0.0,0.0
61461,1.0,1,25.0,1.0,0.0,0.0
61463,1.0,1,79.98999786376953,1.0,0.0,0.0
61476,2.0,1,109.98999786376953,1.0,0.0,0.0
61483,2.0,1,264.73999595642096,1.0,0.0,0.0
61486,2.0,1,257.3000030517578,1.0,0.0,0.0
61488,1.0,1,85.94999694824217,1.0,0.0,0.0
61491,2.5,2,153.98999977111816,1.0,1370.0,0.0
61492,1.0,1,60.150001525878906,1.0,0.0,0.0
61493,1.0,1,54.9900016784668,1.0,0.0,0.0
61499,2.0,1,109.4900016784668,1.0,0.0,0.0
61501,1.0,2,51.4950008392334,1.0,377.0,0.0
61503,1.0,1,17.989999771118164,1.0,0.0,0.0
61504,1.0,1,27.479999542236328,1.0,0.0,0.0
61505,4.0,1,229.51000213623047,1.0,0.0,0.0
61507,1.0,1,22.989999771118164,1.0,0.0,0.0
61508,1.0,1,10.380000114440918,1.0,0.0,0.0
61513,1.0,1,325.0,1.0,0.0,0.0
61517,1.5,2,119.46999931335449,1.0,39.0,0.0
61521,1.0,1,19.950000762939453,1.0,0.0,0.0
61523,1.0,1,16.989999771118164,1.0,0.0,0.0
61525,1.0,1,46.0,1.0,0.0,0.0
61534,1.0,1,22.63999938964844,1.0,0.0,0.0
61535,1.0,1,150.0,1.0,0.0,0.0
61536,1.0,1,44.9900016784668,1.0,0.0,0.0
61541,1.0,1,118.0,1.0,0.0,0.0
61545,1.5,2,133.61000061035156,1.0,118.0,0.0
61548,1.0,1,59.5,1.0,0.0,0.0
61551,3.0,1,487.94000244140625,1.0,0.0,0.0
61557,1.0,1,14.0,1.0,0.0,0.0
61560,2.0,1,133.9000015258789,1.0,0.0,0.0
61563,1.0,1,49.5,1.0,0.0,0.0
61565,2.0,1,54.29999923706055,1.0,0.0,0.0
61569,1.0,1,89.0,1.0,0.0,0.0
61570,1.0,1,135.0,1.0,0.0,0.0
61571,1.0,1,44.09999847412109,1.0,0.0,0.0
61575,1.0,1,22.5,1.0,0.0,0.0
61581,4.0,1,167.96000289916992,1.0,0.0,0.0
61582,2.0,1,62.950000762939446,1.0,0.0,0.0
61584,1.0,2,127.2450008392334,1.5,58.0,63.63961030678928
61588,3.0,1,156.93000030517578,1.0,0.0,0.0
61590,1.0,1,36.0,1.0,0.0,0.0
61595,1.0,1,29.479999542236328,1.0,0.0,0.0
61598,1.0,1,128.5,1.0,0.0,0.0
61604,2.0,1,80.5999984741211,1.0,0.0,0.0
61605,2.0,1,157.9900016784668,1.0,0.0,0.0
61607,1.0,1,19.989999771118164,1.0,0.0,0.0
61609,2.0,1,198.1099967956543,1.0,0.0,0.0
61611,1.0,1,9.989999771118164,1.0,0.0,0.0
61618,1.0,1,24.989999771118164,1.0,0.0,0.0
61620,1.0,1,34.5,1.0,0.0,0.0
61624,2.0,1,99.95000076293945,1.0,0.0,0.0
61627,1.0,1,89.0,1.0,0.0,0.0
61633,2.0,1,117.53000164031981,1.0,0.0,0.0
61634,4.0,1,744.980001449585,1.0,0.0,0.0
61635,1.0,1,14.989999771118164,1.0,0.0,0.0
61637,1.0,1,10.0,1.0,0.0,0.0
61642,2.0,1,186.2400016784668,1.0,0.0,0.0
61643,1.0,1,58.0,1.0,0.0,0.0
61644,4.0,1,134.5,1.0,0.0,0.0
61645,1.0,1,79.98999786376953,1.0,0.0,0.0
61647,2.0,1,159.06999969482422,1.0,0.0,0.0
61649,1.0,1,19.950000762939453,1.0,0.0,0.0
61652,2.0,2,92.98999977111816,1.0,224.0,0.0
61654,1.5,2,123.24499988555908,1.0,534.0,0.0
61656,1.0,1,32.95000076293945,1.0,0.0,0.0
61661,1.0,1,89.0,1.0,0.0,0.0
61662,1.0,1,24.989999771118164,1.0,0.0,0.0
61666,1.0,1,99.98999786376952,1.0,0.0,0.0
61668,1.0,1,39.97999954223633,1.0,0.0,0.0
61675,1.0,1,19.5,1.0,0.0,0.0
61678,2.0,1,39.03999900817871,1.0,0.0,0.0
61679,1.0,1,11.989999771118164,1.0,0.0,0.0
61686,1.6666666666666667,3,82.28999900817871,1.0,268.0,65.05382386916237
61688,4.0,1,435.98999977111816,1.0,0.0,0.0
61696,2.0,3,156.78000132242838,1.0,164.5,70.0035713374682
61699,4.0,1,228.1599998474121,1.0,0.0,0.0
61704,1.0,1,20.0,1.0,0.0,0.0
61706,1.0,2,111.9950008392334,1.0,1127.0,0.0
61712,1.0,1,39.0,1.0,0.0,0.0
61715,1.0,1,5.980000019073486,1.0,0.0,0.0
61717,1.0,1,25.0,1.0,0.0,0.0
61723,1.0,1,26.950000762939453,1.0,0.0,0.0
61729,2.0,1,69.98000144958496,1.0,0.0,0.0
61731,3.0,1,111.86000061035156,1.0,0.0,0.0
61733,1.0,1,79.98999786376953,1.0,0.0,0.0
61742,1.0,1,10.0,1.0,0.0,0.0
61744,2.0,2,581.1599998474121,1.0,1895.0,0.0
61753,1.0,1,39.59999847412109,1.0,0.0,0.0
61754,1.0,1,46.6599998474121,1.0,0.0,0.0
61767,2.0,1,79.95000076293945,1.0,0.0,0.0
61774,3.0,1,214.0,1.0,0.0,0.0
61775,1.0,1,21.0,1.0,0.0,0.0
61776,1.3333333333333333,2,120.13500022888184,1.5,20.0,0.0
61787,1.0,1,27.989999771118164,1.0,0.0,0.0
61790,2.5,2,149.90499591827393,1.0,1216.0,0.0
61796,1.0,1,75.0,1.0,0.0,0.0
61797,4.0,1,123.98999786376953,1.0,0.0,0.0
61798,1.0,1,119.9499969482422,1.0,0.0,0.0
61801,1.0,2,64.49499988555908,1.0,30.0,0.0
61809,1.0,1,155.0,1.0,0.0,0.0
61812,1.0,1,39.950000762939446,1.0,0.0,0.0
61815,1.0,1,14.6899995803833,1.0,0.0,0.0
61816,3.0,1,144.93000030517578,1.0,0.0,0.0
61819,2.0,1,178.0,1.0,0.0,0.0
61822,2.0,2,92.68999993801117,1.0,6.0,0.0
61826,2.0,1,64.97000122070312,1.0,0.0,0.0
61830,1.0,1,69.0,1.0,0.0,0.0
61831,2.0,1,39.989999771118164,1.0,0.0,0.0
61832,2.0,1,85.9900016784668,1.0,0.0,0.0
61838,1.0,1,34.97999954223633,1.0,0.0,0.0
61843,2.0,1,149.98999786376953,1.0,0.0,0.0
61844,1.0,1,25.0,1.0,0.0,0.0
61848,1.0,1,130.0,1.0,0.0,0.0
61859,1.0,1,99.0,1.0,0.0,0.0
61866,1.5,2,39.22500038146973,1.0,568.0,0.0
61869,1.0,1,64.0,1.0,0.0,0.0
61870,1.0,1,39.5099983215332,1.0,0.0,0.0
61873,2.0,1,21.969999313354492,1.0,0.0,0.0
61874,2.0,1,70.97000026702881,1.0,0.0,0.0
61884,1.0,1,85.0,1.0,0.0,0.0
61885,2.0,1,80.65999984741211,1.0,0.0,0.0
61890,1.0,1,98.0,1.0,0.0,0.0
61891,1.0,1,54.950000762939446,1.0,0.0,0.0
61894,1.0,1,48.970001220703125,1.0,0.0,0.0
61898,1.0,1,33.599998474121094,1.0,0.0,0.0
61899,1.0,1,59.9900016784668,1.0,0.0,0.0
61903,2.0,1,54.97999954223633,1.0,0.0,0.0
61907,1.0,1,44.9900016784668,1.0,0.0,0.0
61923,1.0,1,64.98999786376953,1.0,0.0,0.0
61924,1.0,1,60.0,1.0,0.0,0.0
61927,3.0,1,145.54999542236325,1.0,0.0,0.0
61935,2.0,1,83.97000122070312,1.0,0.0,0.0
61937,2.0,1,64.57999801635742,1.0,0.0,0.0
61939,3.0,1,174.36000061035156,1.0,0.0,0.0
61941,1.0,2,13.829999923706055,1.0,108.0,0.0
61944,1.0,1,45.9900016784668,1.0,0.0,0.0
61948,1.5,3,98.79333432515462,1.3333333333333333,175.0,271.0885464197999
61950,1.0,1,59.9900016784668,1.0,0.0,0.0
61957,2.0,1,223.83999633789065,1.0,0.0,0.0
61962,1.0,1,40.0,1.0,0.0,0.0
61963,2.0,1,98.9800033569336,1.0,0.0,0.0
61967,1.0,1,169.99000549316406,1.0,0.0,0.0
61970,2.0,1,101.02999877929686,1.0,0.0,0.0
61976,2.0,1,51.989999771118164,1.0,0.0,0.0
61977,2.0,1,175.68000030517578,1.0,0.0,0.0
61978,3.0,1,247.98999977111816,1.0,0.0,0.0
61982,1.0,1,39.5,1.0,0.0,0.0
61985,2.0,1,140.23999786376953,1.0,0.0,0.0
62005,1.5,2,174.25,1.0,58.0,0.0
62006,1.0,1,17.0,1.0,0.0,0.0
62007,1.0,1,9.630000114440918,1.0,0.0,0.0
62009,2.0,1,173.98999977111816,1.0,0.0,0.0
62015,1.0,2,18.07499980926514,1.0,251.0,0.0
62016,1.0,1,12.979999542236328,1.0,0.0,0.0
62020,1.0,1,42.9900016784668,1.0,0.0,0.0
62028,1.0,1,32.0,1.0,0.0,0.0
62031,1.0,1,53.0,1.0,0.0,0.0
62032,1.0,1,31.950000762939453,1.0,0.0,0.0
62034,3.0,1,187.1999969482422,1.0,0.0,0.0
62036,1.0,1,24.989999771118164,1.0,0.0,0.0
62042,1.0,1,41.29999923706056,1.0,0.0,0.0
62045,1.0,1,32.880001068115234,1.0,0.0,0.0
62046,2.0,1,57.5,1.0,0.0,0.0
62055,1.0,2,19.94999980926514,1.0,93.0,0.0
62059,1.0,1,149.0,1.0,0.0,0.0
62070,2.0,2,112.88500022888184,1.0,528.0,0.0
62071,1.0,1,58.0,1.0,0.0,0.0
62093,2.0,1,119.97999763488768,1.0,0.0,0.0
62098,3.0,1,92.06999969482422,1.0,0.0,0.0
62112,1.0,1,25.0,1.0,0.0,0.0
62116,1.0,1,199.9900054931641,1.0,0.0,0.0
62117,1.0,1,176.0,1.0,0.0,0.0
62127,1.0,2,55.994998931884766,1.0,625.0,0.0
62128,1.0,1,79.5,1.0,0.0,0.0
62129,4.0,1,128.32999801635742,1.0,0.0,0.0
62130,1.0,1,77.98999786376953,1.0,0.0,0.0
62135,1.0,1,69.94999694824219,1.0,0.0,0.0
62137,1.0,2,27.470001220703125,1.0,603.0,0.0
62140,1.0,1,32.0,1.0,0.0,0.0
62147,2.0,1,110.72999954223633,1.0,0.0,0.0
62152,1.0,1,328.0,1.0,0.0,0.0
62159,1.0,1,54.0,1.0,0.0,0.0
62163,1.0,1,33.95000076293945,1.0,0.0,0.0
62165,1.0,1,34.95000076293945,1.0,0.0,0.0
62170,1.0,1,45.0,1.0,0.0,0.0
62174,2.0,1,23.239999771118164,1.0,0.0,0.0
62176,1.0,1,49.5,1.0,0.0,0.0
62182,1.0,1,3.400000095367432,1.0,0.0,0.0
62188,1.0,1,49.9900016784668,1.0,0.0,0.0
62190,1.0,1,88.0,1.0,0.0,0.0
62194,1.0,1,50.0,1.0,0.0,0.0
62196,1.0,1,25.0,1.0,0.0,0.0
62197,1.0,1,42.1599998474121,1.0,0.0,0.0
62203,1.0,1,24.989999771118164,1.0,0.0,0.0
62211,1.0,1,56.950000762939446,1.0,0.0,0.0
62212,1.0,1,25.0,1.0,0.0,0.0
62214,2.0,1,121.0,1.0,0.0,0.0
62215,2.0,1,85.9900016784668,1.0,0.0,0.0
62224,1.0,1,49.5,1.0,0.0,0.0
62226,2.0,1,85.93999671936035,1.0,0.0,0.0
62229,1.0,1,44.5,1.0,0.0,0.0
62230,4.0,1,141.39999961853027,1.0,0.0,0.0
62232,1.0,1,27.0,1.0,0.0,0.0
62236,2.0,1,117.45000076293945,1.0,0.0,0.0
62241,1.0,1,25.0,1.0,0.0,0.0
62245,1.0,1,13.8100004196167,1.0,0.0,0.0
62255,1.0,1,28.0,1.0,0.0,0.0
62258,1.0,1,12.0,1.0,0.0,0.0
62259,4.0,1,240.44999980926514,1.0,0.0,0.0
62267,1.0,2,103.74499893188477,1.0,533.0,0.0
62271,1.5,2,153.99499893188477,1.0,78.0,0.0
62273,1.0,1,19.989999771118164,1.0,0.0,0.0
62278,1.0,1,14.989999771118164,1.0,0.0,0.0
62282,2.0,1,80.98999977111816,1.0,0.0,0.0
62292,1.0,2,26.9950008392334,1.0,158.0,0.0
62298,1.0,2,40.97500038146973,1.0,529.0,0.0
62299,2.0,1,109.5,1.0,0.0,0.0
62304,4.0,1,247.94000053405762,1.0,0.0,0.0
62305,1.0,1,19.950000762939453,1.0,0.0,0.0
62307,1.0,1,118.0,1.0,0.0,0.0
62309,3.0,1,202.9099998474121,1.0,0.0,0.0
62311,1.0,1,12.949999809265137,1.0,0.0,0.0
62313,1.0,1,38.0,1.0,0.0,0.0
62314,3.0,1,76.97000122070312,1.0,0.0,0.0
62316,1.0,1,54.68999862670898,1.0,0.0,0.0
62318,1.0,1,16.90999984741211,1.0,0.0,0.0
62324,2.0,1,77.98000144958496,1.0,0.0,0.0
62325,1.0,2,37.86000061035156,1.0,435.0,0.0
62334,2.0,1,62.630001068115234,1.0,0.0,0.0
62339,1.0,1,20.0,1.0,0.0,0.0
62340,1.0,1,38.0,1.0,0.0,0.0
62343,1.0,3,59.10666751861572,1.0,379.5,461.7407281148155
62344,1.0,1,20.65999984741211,1.0,0.0,0.0
62347,1.0,1,36.0,1.0,0.0,0.0
62349,1.0,1,34.9900016784668,1.0,0.0,0.0
62352,1.0,1,24.989999771118164,1.0,0.0,0.0
62353,1.0,1,18.979999542236328,1.0,0.0,0.0
62363,1.0,1,50.0,1.0,0.0,0.0
62364,1.0,1,17.989999771118164,1.0,0.0,0.0
62367,1.0,1,15.0,1.0,0.0,0.0
62368,1.0,1,157.5,2.0,2.0,0.0
62369,1.0,1,49.5,1.0,0.0,0.0
62378,1.0,1,45.0,1.0,0.0,0.0
62379,1.0,1,74.47000122070312,1.0,0.0,0.0
62381,2.0,1,74.79000282287598,1.0,0.0,0.0
62383,1.0,1,178.0,1.0,0.0,0.0
62384,2.5,2,203.68499946594238,1.0,947.0,0.0
62403,2.0,1,140.75,1.0,0.0,0.0
62411,1.0,2,20.875,1.0,568.0,0.0
62413,1.0,1,37.810001373291016,1.0,0.0,0.0
62414,2.0,1,269.9800052642822,1.0,0.0,0.0
62415,1.0,1,79.0,1.0,0.0,0.0
62418,2.0,1,177.5,1.0,0.0,0.0
62424,1.0,1,50.4900016784668,1.0,0.0,0.0
62425,3.0,1,185.5,1.0,0.0,0.0
62428,1.0,1,65.0,1.0,0.0,0.0
62436,1.0,1,170.0,1.0,0.0,0.0
62439,1.0,1,12.979999542236328,1.0,0.0,0.0
62441,1.0,1,89.94999694824217,1.0,0.0,0.0
62444,1.0,1,65.0,1.0,0.0,0.0
62450,1.0,1,227.63999938964844,1.0,0.0,0.0
62459,1.0,1,188.9900054931641,1.0,0.0,0.0
62464,1.0,1,34.9900016784668,1.0,0.0,0.0
62473,1.0,1,33.0,1.0,0.0,0.0
62478,1.0,1,52.59000015258789,1.0,0.0,0.0
62487,3.0,2,327.47500133514404,1.0,729.0,0.0
62488,1.0,1,16.0,1.0,0.0,0.0
62494,1.0,1,49.5,1.0,0.0,0.0
62496,1.0,1,63.0,1.0,0.0,0.0
62498,1.0,1,14.979999542236328,1.0,0.0,0.0
62502,1.0,1,11.989999771118164,1.0,0.0,0.0
62503,1.0,1,39.4099998474121,1.0,0.0,0.0
62505,2.0,1,91.0200023651123,1.0,0.0,0.0
62507,1.0,1,52.0,1.0,0.0,0.0
62509,1.0,1,16.5,1.0,0.0,0.0
62510,3.0,2,209.66999912261963,1.0,88.0,0.0
62513,2.0,1,78.22000122070312,1.0,0.0,0.0
62516,1.0,1,20.89999961853028,1.0,0.0,0.0
62520,4.0,1,227.26999950408936,1.0,0.0,0.0
62523,1.5,2,57.97000026702881,1.0,249.0,0.0
62544,1.0,2,57.140000343322754,1.0,32.0,0.0
62545,4.0,1,252.669997215271,1.0,0.0,0.0
62551,2.0,1,87.98999977111816,1.0,0.0,0.0
62553,1.0,1,54.0,1.0,0.0,0.0
62557,1.0,1,175.0,1.0,0.0,0.0
62561,1.0,1,25.0,1.0,0.0,0.0
62562,4.0,1,184.94999885559082,1.0,0.0,0.0
62565,1.0,1,117.98999786376952,1.0,0.0,0.0
62572,1.0,2,62.0,1.0,49.0,0.0
62577,1.0,2,71.4950008392334,1.0,306.0,0.0
62580,1.0,1,99.0,1.0,0.0,0.0
62581,1.0,1,37.720001220703125,1.0,0.0,0.0
62582,1.0,1,14.0,1.0,0.0,0.0
62585,2.0,1,644.9900016784668,1.0,0.0,0.0
62586,1.0,1,58.0,1.0,0.0,0.0
62588,1.0,1,25.0,1.0,0.0,0.0
62589,1.0,1,36.5,1.0,0.0,0.0
62591,1.0,2,30.804999351501465,1.0,132.0,0.0
62595,1.0,1,25.0,1.0,0.0,0.0
62599,1.0,1,20.0,1.0,0.0,0.0
62601,1.0,1,49.9900016784668,1.0,0.0,0.0
62605,1.0,1,13.789999961853027,1.0,0.0,0.0
62610,1.0,1,56.0,1.0,0.0,0.0
62614,2.0,1,69.48999977111816,1.0,0.0,0.0
62615,1.3333333333333333,3,170.33000055948892,1.0,288.0,197.9898987322333
62621,3.0,1,103.88000011444092,1.0,0.0,0.0
62622,1.0,1,10.989999771118164,1.0,0.0,0.0
62627,1.0,1,750.0,1.0,0.0,0.0
62630,1.0,1,29.989999771118164,1.0,0.0,0.0
62631,1.0,1,13.0,1.0,0.0,0.0
62634,1.0,1,67.5,1.0,0.0,0.0
62640,1.0,1,85.23999786376953,1.0,0.0,0.0
62641,3.0,1,347.88000106811523,1.0,0.0,0.0
62643,1.0,1,11.789999961853027,1.0,0.0,0.0
62644,4.0,1,383.0999975204468,1.0,0.0,0.0
62647,1.0,1,56.25,1.0,0.0,0.0
62650,1.0,1,44.950000762939446,1.0,0.0,0.0
62654,2.0,1,71.5,1.0,0.0,0.0
62655,1.0,1,79.0,1.0,0.0,0.0
62656,1.0,1,255.0,1.0,0.0,0.0
62658,1.0,1,109.5,1.0,0.0,0.0
62660,2.0,1,144.48999786376953,1.0,0.0,0.0
62662,1.0,1,10.5,1.0,0.0,0.0
62664,1.0,1,25.0,1.0,0.0,0.0
62666,2.0,1,40.10000038146973,1.0,0.0,0.0
62668,2.0,1,70.9900016784668,1.0,0.0,0.0
62672,1.0,1,4.989999771118164,1.0,0.0,0.0
62674,1.0,1,17.989999771118164,1.0,0.0,0.0
62688,1.0,1,119.0,1.0,0.0,0.0
62689,1.0,1,109.9499969482422,1.0,0.0,0.0
62696,1.0,1,56.880001068115234,1.0,0.0,0.0
62698,3.0,1,166.95000076293945,1.0,0.0,0.0
62700,1.0,1,44.0,1.0,0.0,0.0
62702,1.0,1,108.0,1.0,0.0,0.0
62707,3.0,1,113.69999980926514,1.0,0.0,0.0
62711,1.0,1,36.75,1.0,0.0,0.0
62719,1.0,1,35.9900016784668,1.0,0.0,0.0
62723,1.0,1,179.99000549316406,1.0,0.0,0.0
62729,1.0,1,29.989999771118164,1.0,0.0,0.0
62737,1.0,1,121.0,1.0,0.0,0.0
62739,1.0,1,32.0,1.0,0.0,0.0
62741,2.0,1,88.98999786376953,1.0,0.0,0.0
62746,1.0,1,34.0,1.0,0.0,0.0
62748,1.0,1,34.95000076293945,1.0,0.0,0.0
62753,1.0,2,35.74499988555908,1.0,51.0,0.0
62754,1.0,1,55.9900016784668,1.0,0.0,0.0
62755,1.0,1,21.979999542236328,1.0,0.0,0.0
62762,1.0,3,51.66333325703939,1.0,614.0,100.40916292848975
62764,1.0,1,14.970000267028809,1.0,0.0,0.0
62765,2.0,1,69.89999961853027,1.0,0.0,0.0
62767,1.0,1,105.37999725341795,1.0,0.0,0.0
62768,3.0,1,33.019999504089355,1.0,0.0,0.0
62770,4.0,1,211.84000205993652,1.0,0.0,0.0
62773,1.0,1,37.5,1.0,0.0,0.0
62774,2.0,1,143.0,1.0,0.0,0.0
62781,1.0,1,62.0,1.0,0.0,0.0
62785,1.0,1,54.5,1.0,0.0,0.0
62788,1.0,1,249.0,1.0,0.0,0.0
62789,2.0,1,48.07000160217285,1.0,0.0,0.0
62790,1.0,1,3.990000009536743,1.0,0.0,0.0
62796,2.5,2,145.05000019073486,1.0,669.0,0.0
62797,4.0,1,183.70000076293945,1.0,0.0,0.0
62810,1.0,1,325.0,1.0,0.0,0.0
62828,1.0,2,61.22500038146973,1.0,776.0,0.0
62830,1.0,1,23.89999961853028,1.0,0.0,0.0
62837,1.0,1,9.949999809265137,1.0,0.0,0.0
62845,1.0,1,44.97999954223633,1.0,0.0,0.0
62847,1.0,1,44.5,1.0,0.0,0.0
62848,1.0,1,129.97999572753906,1.0,0.0,0.0
62849,1.0,1,19.989999771118164,1.0,0.0,0.0
62854,1.0,1,18.989999771118164,1.0,0.0,0.0
62858,1.0,1,29.989999771118164,1.0,0.0,0.0
62859,2.0,1,199.48999977111816,1.0,0.0,0.0
62860,1.0,1,17.989999771118164,1.0,0.0,0.0
62862,1.0,1,61.2400016784668,1.0,0.0,0.0
62871,3.0,1,84.77999973297119,1.0,0.0,0.0
62877,1.0,1,38.9900016784668,1.0,0.0,0.0
62881,1.0,1,23.0,1.0,0.0,0.0
62892,4.0,1,299.0,1.0,0.0,0.0
62894,1.0,2,24.475000381469723,1.0,492.0,0.0
62900,1.0,1,139.99000549316406,1.0,0.0,0.0
62905,1.0,1,42.08000183105469,1.0,0.0,0.0
62907,1.0,1,35.0,1.0,0.0,0.0
62914,2.0,1,115.93999767303465,1.0,0.0,0.0
62916,1.0,1,74.5,1.0,0.0,0.0
62920,1.0,1,83.0,1.0,0.0,0.0
62928,1.0,1,39.9900016784668,1.0,0.0,0.0
62929,1.0,1,65.0,1.0,0.0,0.0
62943,1.0,1,40.0,1.0,0.0,0.0
62946,1.0,1,28.0,1.0,0.0,0.0
62947,2.5,1,238.9299964904785,2.0,7.0,0.0
62953,1.0,1,84.94999694824217,1.0,0.0,0.0
62958,1.0,1,19.989999771118164,1.0,0.0,0.0
62960,2.0,1,56.71999931335449,1.0,0.0,0.0
62961,4.0,1,184.3900032043457,1.0,0.0,0.0
62963,1.0,2,27.75,1.0,363.0,0.0
62965,1.0,1,11.989999771118164,1.0,0.0,0.0
62981,1.0,1,49.450000762939446,1.0,0.0,0.0
62990,1.0,1,12.989999771118164,1.0,0.0,0.0
62995,2.0,1,96.44999694824217,1.0,0.0,0.0
62998,1.0,1,179.99000549316406,1.0,0.0,0.0
63001,1.0,1,150.0,1.0,0.0,0.0
63003,3.0,1,237.36000061035156,1.0,0.0,0.0
63004,1.0,1,59.0,1.0,0.0,0.0
63008,1.0,1,132.5,1.0,0.0,0.0
63011,3.0,1,310.05999755859375,1.0,0.0,0.0
63012,2.0,1,124.43000030517578,1.0,0.0,0.0
63016,1.5,2,61.47499990463257,1.0,148.0,0.0
63022,1.0,1,39.97999954223633,1.0,0.0,0.0
63030,1.0,1,8.989999771118164,1.0,0.0,0.0
63032,1.0,1,44.0,1.0,0.0,0.0
63038,1.0,1,65.0,1.0,0.0,0.0
63039,1.0,1,29.989999771118164,1.0,0.0,0.0
63041,3.0,1,157.0,1.0,0.0,0.0
63048,2.0,1,70.94000053405762,1.0,0.0,0.0
63056,1.0,1,34.0,1.0,0.0,0.0
63059,1.0,1,68.87999725341797,1.0,0.0,0.0
63065,2.0,1,99.9900016784668,1.0,0.0,0.0
63071,1.0,1,94.73999786376952,1.0,0.0,0.0
63072,1.0,1,25.0,1.0,0.0,0.0
63074,1.0,2,109.96500205993652,1.0,59.0,0.0
63076,2.0,1,70.59000015258789,1.0,0.0,0.0
63081,1.0,1,48.970001220703125,1.0,0.0,0.0
63084,1.0,1,21.0,1.0,0.0,0.0
63094,1.0,1,9.970000267028809,1.0,0.0,0.0
63096,1.0,1,35.0,1.0,0.0,0.0
63103,2.0,1,49.0,1.0,0.0,0.0
63106,3.0,1,78.88000106811523,1.0,0.0,0.0
63107,2.0,1,38.989999771118164,1.0,0.0,0.0
63109,1.0,1,288.0,1.0,0.0,0.0
63110,1.0,1,92.0,1.0,0.0,0.0
63112,1.0,1,25.739999771118164,1.0,0.0,0.0
63113,1.0,1,95.0,1.0,0.0,0.0
63117,1.0,1,155.92999267578125,1.0,0.0,0.0
63119,2.0,1,210.8999977111816,1.0,0.0,0.0
63123,1.0,1,84.0,1.0,0.0,0.0
63126,1.0,1,58.0,1.0,0.0,0.0
63127,1.0,1,21.93000030517578,1.0,0.0,0.0
63132,1.0,1,30.950000762939453,1.0,0.0,0.0
63137,4.0,1,247.43000316619873,1.0,0.0,0.0
63140,2.0,1,86.94000244140625,1.0,0.0,0.0
63145,1.0,1,4.5,1.0,0.0,0.0
63146,1.3333333333333333,3,45.420000076293945,1.0,1053.0,367.6955262170047
63148,1.0,1,11.989999771118164,1.0,0.0,0.0
63149,1.5,2,90.53500175476074,1.0,9.0,0.0
63152,1.0,1,54.0,1.0,0.0,0.0
63155,1.0,1,32.0,1.0,0.0,0.0
63157,1.0,1,79.0,1.0,0.0,0.0
63159,2.5,2,101.46999931335449,1.0,30.0,0.0
63163,1.0,1,17.989999771118164,1.0,0.0,0.0
63165,2.0,1,73.5,1.0,0.0,0.0
63167,3.0,1,384.9499969482422,1.0,0.0,0.0
63184,1.0,1,15.0,1.0,0.0,0.0
63185,1.0,1,16.989999771118164,1.0,0.0,0.0
63190,1.0,1,76.0,1.0,0.0,0.0
63192,3.0,1,123.56000137329102,1.0,0.0,0.0
63195,1.0,1,28.0,1.0,0.0,0.0
63198,1.0,1,24.15999984741211,1.0,0.0,0.0
63201,1.0,1,149.99000549316406,1.0,0.0,0.0
63206,2.0,1,246.0,1.0,0.0,0.0
63207,1.0,1,4.269999980926514,1.0,0.0,0.0
63208,1.0,1,54.0,1.0,0.0,0.0
63209,1.0,1,35.0,1.0,0.0,0.0
63218,3.0,1,204.1999969482422,1.0,0.0,0.0
63222,1.0,1,69.98999786376953,1.0,0.0,0.0
63226,2.0,1,70.5,1.0,0.0,0.0
63231,1.0,1,84.98999786376953,1.0,0.0,0.0
63234,1.0,1,17.989999771118164,1.0,0.0,0.0
63240,1.0,1,12.899999618530272,1.0,0.0,0.0
63249,1.0,1,79.98999786376953,1.0,0.0,0.0
63254,1.0,1,35.0,1.0,0.0,0.0
63257,1.0,2,44.69999980926514,1.0,59.0,0.0
63259,1.5,2,120.49499988555908,1.0,494.0,0.0
63260,1.0,1,32.900001525878906,1.0,0.0,0.0
63265,1.0,1,11.989999771118164,1.0,0.0,0.0
63277,1.0,1,60.0,1.0,0.0,0.0
63279,1.0,1,51.869998931884766,1.0,0.0,0.0
63286,1.0,1,26.989999771118164,1.0,0.0,0.0
63288,1.0,2,54.235000133514404,1.0,552.0,0.0
63291,1.0,1,60.0,1.0,0.0,0.0
63294,3.0,1,180.97999954223633,1.0,0.0,0.0
63300,1.0,1,88.0,1.0,0.0,0.0
63308,1.0,1,113.90000152587892,1.0,0.0,0.0
63312,1.0,1,21.0,1.0,0.0,0.0
63313,1.0,1,40.0,1.0,0.0,0.0
63317,1.0,1,184.72000122070312,1.0,0.0,0.0
63319,2.0,1,70.09000015258789,1.0,0.0,0.0
63321,4.0,1,348.98999786376953,1.0,0.0,0.0
63322,1.0,1,4.949999809265137,1.0,0.0,0.0
63326,1.0,2,5.489999890327454,1.0,159.0,0.0
63327,4.0,1,167.9300012588501,1.0,0.0,0.0
63328,1.0,1,68.95999908447266,1.0,0.0,0.0
63329,1.0,1,60.9900016784668,1.0,0.0,0.0
63330,1.0,1,69.98999786376953,1.0,0.0,0.0
63331,2.0,1,128.5,1.0,0.0,0.0
63337,1.0,1,36.9900016784668,1.0,0.0,0.0
63340,1.0,1,16.0,1.0,0.0,0.0
63344,1.0,1,125.0,1.0,0.0,0.0
63345,1.0,1,59.9900016784668,1.0,0.0,0.0
63355,2.0,1,354.95000076293945,1.0,0.0,0.0
63368,1.0,2,45.489999771118164,1.0,600.0,0.0
63371,2.0,1,115.0,1.0,0.0,0.0
63372,1.0,2,40.97500038146973,1.0,715.0,0.0
63374,1.0,2,43.974998474121094,1.0,234.0,0.0
63375,1.0,1,23.979999542236328,1.0,0.0,0.0
63376,4.0,1,115.70000076293945,1.0,0.0,0.0
63380,4.0,1,283.9499969482422,1.0,0.0,0.0
63384,2.0,1,79.94000244140625,1.0,0.0,0.0
63389,1.0,1,54.9900016784668,1.0,0.0,0.0
63391,1.0,1,9.989999771118164,1.0,0.0,0.0
63398,1.0,2,33.97500038146973,1.0,117.0,0.0
63403,2.0,1,44.88999938964844,1.0,0.0,0.0
63404,1.0,1,38.950000762939446,1.0,0.0,0.0
63413,1.0,1,136.0,1.0,0.0,0.0
63416,1.0,1,14.989999771118164,1.0,0.0,0.0
63424,2.0,1,107.66999816894531,1.0,0.0,0.0
63425,2.0,2,96.80000114440918,1.0,68.0,0.0
63426,1.0,1,60.0,1.0,0.0,0.0
63429,1.0,1,24.0,1.0,0.0,0.0
63438,1.0,1,25.950000762939453,1.0,0.0,0.0
63441,4.0,1,155.2400016784668,1.0,0.0,0.0
63442,1.0,1,49.9900016784668,1.0,0.0,0.0
63450,2.0,1,115.95000076293945,1.0,0.0,0.0
63454,1.0,1,69.98999786376953,1.0,0.0,0.0
63455,1.0,1,81.0,1.0,0.0,0.0
63457,4.0,1,95.93999862670898,1.0,0.0,0.0
63461,1.0,1,26.989999771118164,1.0,0.0,0.0
63484,2.0,1,70.4900016784668,1.0,0.0,0.0
63487,3.0,1,103.10000252723694,1.0,0.0,0.0
63492,2.0,1,62.98000144958496,1.0,0.0,0.0
63499,1.0,1,31.0,1.0,0.0,0.0
63503,1.0,1,24.989999771118164,1.0,0.0,0.0
63510,1.0,1,67.93000030517578,1.0,0.0,0.0
63512,1.0,1,24.979999542236328,1.0,0.0,0.0
63513,1.0,1,29.950000762939453,1.0,0.0,0.0
63514,1.0,1,54.900001525878906,1.0,0.0,0.0
63515,1.0,1,34.9900016784668,1.0,0.0,0.0
63516,2.0,1,249.0,1.0,0.0,0.0
63517,2.0,1,27.449999809265137,1.0,0.0,0.0
63521,1.0,1,29.989999771118164,1.0,0.0,0.0
63523,1.0,1,14.989999771118164,1.0,0.0,0.0
63525,1.0,1,44.9900016784668,1.0,0.0,0.0
63530,1.0,1,39.880001068115234,1.0,0.0,0.0
63531,1.0,1,199.0,1.0,0.0,0.0
63532,1.0,1,20.93000030517578,1.0,0.0,0.0
63540,2.0,2,65.84500026702881,1.0,342.0,0.0
63545,1.0,1,126.0,1.0,0.0,0.0
63550,1.0,1,118.0,1.0,0.0,0.0
63552,1.0,1,119.0,1.0,0.0,0.0
63553,1.0,1,24.989999771118164,1.0,0.0,0.0
63554,1.0,1,49.9900016784668,1.0,0.0,0.0
63557,1.0,1,9.319999694824215,1.0,0.0,0.0
63569,1.0,1,31.989999771118164,1.0,0.0,0.0
63571,1.0,1,54.930000305175774,1.0,0.0,0.0
63572,1.0,1,45.5,1.0,0.0,0.0
63573,1.0,1,42.9900016784668,1.0,0.0,0.0
63579,2.0,1,57.890000104904175,1.0,0.0,0.0
63583,4.0,1,265.5999975204468,1.0,0.0,0.0
63595,1.0,1,43.9900016784668,1.0,0.0,0.0
63597,4.0,1,169.19000244140625,1.0,0.0,0.0
63599,2.5,2,107.48499822616577,1.0,999.0,0.0
63601,1.5,2,98.01500082015991,1.0,45.0,0.0
63608,1.0,1,8.5,1.0,0.0,0.0
63613,2.0,1,94.9900016784668,1.0,0.0,0.0
63620,1.0,1,25.0,1.0,0.0,0.0
63625,1.0,1,17.899999618530273,1.0,0.0,0.0
63626,1.0,1,299.95001220703125,1.0,0.0,0.0
63635,1.0,1,25.0,1.0,0.0,0.0
63637,1.0,1,39.9900016784668,1.0,0.0,0.0
63641,1.5,2,142.9950008392334,1.0,548.0,0.0
63643,1.0,2,183.80500030517578,1.0,53.0,0.0
63644,2.0,2,301.7300033569336,1.0,746.0,0.0
63655,2.0,1,98.9799976348877,1.0,0.0,0.0
63669,1.0,1,128.5,1.0,0.0,0.0
63670,1.0,1,124.98999786376952,1.0,0.0,0.0
63672,2.0,1,66.97999954223633,1.0,0.0,0.0
63677,1.0,1,150.0,1.0,0.0,0.0
63680,1.0,1,118.0,1.0,0.0,0.0
63686,1.0,1,15.0,1.0,0.0,0.0
63687,1.0,1,51.810001373291016,1.0,0.0,0.0
63689,1.0,1,34.209999084472656,1.0,0.0,0.0
63691,1.0,1,42.9900016784668,1.0,0.0,0.0
63694,2.0,1,51.9900016784668,1.0,0.0,0.0
63706,1.0,1,47.9900016784668,1.0,0.0,0.0
63708,1.0,1,30.0,1.0,0.0,0.0
63712,2.0,1,148.98999786376953,1.0,0.0,0.0
63715,1.0,1,114.91000366210938,1.0,0.0,0.0
63716,1.0,1,158.0,1.0,0.0,0.0
63717,2.0,1,122.68999862670898,1.0,0.0,0.0
63729,1.0,1,13.989999771118164,1.0,0.0,0.0
63730,1.0,1,168.0,1.0,0.0,0.0
63731,1.0,1,60.9900016784668,1.0,0.0,0.0
63732,1.0,1,6.989999771118164,1.0,0.0,0.0
63740,2.0,1,53.78999900817871,1.0,0.0,0.0
63742,2.0,1,58.989999771118164,1.0,0.0,0.0
63750,1.0,1,144.0,1.0,0.0,0.0
63752,1.0,1,24.5,1.0,0.0,0.0
63757,1.0,1,114.9499969482422,1.0,0.0,0.0
63764,1.0,1,25.0,1.0,0.0,0.0
63768,1.0,1,22.479999542236328,1.0,0.0,0.0
63772,1.0,1,25.0,1.0,0.0,0.0
63779,1.0,1,87.94000244140625,1.0,0.0,0.0
63781,1.0,1,18.950000762939453,1.0,0.0,0.0
63789,2.3333333333333335,1,478.13999414443975,3.0,9.5,10.606601717798213
63791,1.0,1,138.0,1.0,0.0,0.0
63799,1.0,1,36.950000762939446,1.0,0.0,0.0
63806,1.0,1,46.7599983215332,1.0,0.0,0.0
63811,4.0,1,261.4099979400635,1.0,0.0,0.0
63817,3.0,1,149.87000274658203,1.0,0.0,0.0
63818,1.0,1,49.5,1.0,0.0,0.0
63820,3.0,1,101.47999954223633,1.0,0.0,0.0
63821,1.0,1,23.0,1.0,0.0,0.0
63823,1.0,1,19.979999542236328,1.0,0.0,0.0
63825,3.0,1,270.54999923706055,1.0,0.0,0.0
63827,4.0,1,98.06000137329102,1.0,0.0,0.0
63828,1.0,1,74.33999633789062,1.0,0.0,0.0
63833,1.0,1,59.9900016784668,1.0,0.0,0.0
63834,1.0,1,15.239999771118164,1.0,0.0,0.0
63836,2.0,1,122.42000198364258,1.0,0.0,0.0
63840,1.0,1,14.899999618530272,1.0,0.0,0.0
63845,1.0,1,99.98999786376952,1.0,0.0,0.0
63847,1.0,1,68.94999694824219,1.0,0.0,0.0
63859,1.0,1,24.0,1.0,0.0,0.0
63863,2.0,1,39.97999954223633,1.0,0.0,0.0
63866,2.0,1,69.27999973297119,1.0,0.0,0.0
63868,1.0,2,18.789999961853027,1.0,69.0,0.0
63869,2.0,1,167.61000061035156,1.0,0.0,0.0
63871,2.0,1,32.89999961853027,1.0,0.0,0.0
63878,1.0,1,97.9000015258789,1.0,0.0,0.0
63880,2.0,1,119.48999977111816,1.0,0.0,0.0
63883,1.0,1,31.5,1.0,0.0,0.0
63884,1.0,1,131.94000244140625,1.0,0.0,0.0
63885,1.0,1,89.37000274658203,1.0,0.0,0.0
63889,1.0,1,42.5,1.0,0.0,0.0
63891,1.0,1,66.98999786376953,1.0,0.0,0.0
63896,2.0,1,72.16999816894531,1.0,0.0,0.0
63900,1.0,1,69.5,1.0,0.0,0.0
63901,1.0,1,77.0,1.0,0.0,0.0
63903,1.0,1,38.0,1.0,0.0,0.0
63906,1.6666666666666667,2,112.17499828338623,1.5,22.5,24.748737341529164
63907,1.0,1,45.0,1.0,0.0,0.0
63910,1.0,2,61.49499893188476,1.0,141.0,0.0
63911,1.0,1,33.0,1.0,0.0,0.0
63914,2.0,1,45.10000038146973,1.0,0.0,0.0
63915,1.0,1,24.90999984741211,1.0,0.0,0.0
63916,1.0,2,57.99499988555908,1.0,564.0,0.0
63917,1.0,1,59.0,1.0,0.0,0.0
63927,1.0,1,35.70000076293945,1.0,0.0,0.0
63931,2.0,1,32.989999771118164,1.0,0.0,0.0
63932,1.0,1,34.9900016784668,1.0,0.0,0.0
63934,1.0,1,13.989999771118164,1.0,0.0,0.0
63936,1.0,2,38.4900016784668,1.0,161.0,0.0
63947,3.0,1,79.95000076293945,1.0,0.0,0.0
63954,1.0,1,18.5,1.0,0.0,0.0
63955,3.0,1,110.90000247955322,1.0,0.0,0.0
63957,3.0,1,97.38000106811523,1.0,0.0,0.0
63963,3.0,1,51.10000038146973,1.0,0.0,0.0
63965,1.0,1,97.47000122070312,1.0,0.0,0.0
63966,1.0,1,25.0,1.0,0.0,0.0
63967,1.0,1,18.0,1.0,0.0,0.0
63969,4.0,1,69.63999843597412,1.0,0.0,0.0
63976,1.3333333333333333,3,45.3233331044515,1.0,729.5,440.5275246792191
63990,1.0,1,49.950000762939446,1.0,0.0,0.0
63991,1.0,1,28.40999984741211,1.0,0.0,0.0
63995,1.0,1,40.0,1.0,0.0,0.0
63999,2.0,1,43.44000053405762,1.0,0.0,0.0
64000,2.0,1,172.0,1.0,0.0,0.0
64001,1.0,1,14.949999809265137,1.0,0.0,0.0
64003,1.0,1,159.99000549316406,1.0,0.0,0.0
64011,2.0,1,217.5,1.0,0.0,0.0
64013,1.0,1,43.959999084472656,1.0,0.0,0.0
64015,2.0,1,176.0,1.0,0.0,0.0
64018,1.0,1,24.979999542236328,1.0,0.0,0.0
64020,1.0,2,175.875,1.0,206.0,0.0
64022,1.0,1,39.5,1.0,0.0,0.0
64023,1.0,1,49.5,1.0,0.0,0.0
64024,1.0,1,60.09000015258789,1.0,0.0,0.0
64025,4.0,1,151.8700008392334,1.0,0.0,0.0
64028,1.0,1,17.989999771118164,1.0,0.0,0.0
64033,1.0,1,44.93999862670898,1.0,0.0,0.0
64034,1.0,1,46.220001220703125,1.0,0.0,0.0
64035,1.0,1,36.9900016784668,1.0,0.0,0.0
64038,2.0,1,48.70000076293945,1.0,0.0,0.0
64044,1.0,1,10.5,1.0,0.0,0.0
64045,1.0,1,41.22999954223633,1.0,0.0,0.0
64052,2.0,1,63.950000762939446,1.0,0.0,0.0
64053,1.0,1,34.97999954223633,1.0,0.0,0.0
64058,1.0,1,39.9900016784668,1.0,0.0,0.0
64060,1.0,1,98.0,1.0,0.0,0.0
64067,1.0,2,75.48999977111816,1.0,423.0,0.0
64069,1.5,2,84.72999954223633,1.0,938.0,0.0
64070,1.0,1,137.95000076293945,2.0,21.0,0.0
64074,1.0,1,45.880001068115234,1.0,0.0,0.0
64075,1.0,1,200.0,1.0,0.0,0.0
64078,1.0,1,12.989999771118164,1.0,0.0,0.0
64079,1.0,1,37.5,1.0,0.0,0.0
64081,2.0,1,107.78000068664551,1.0,0.0,0.0
64087,3.0,1,309.98999977111816,1.0,0.0,0.0
64089,2.0,1,66.98000144958496,1.0,0.0,0.0
64092,2.0,1,96.95999908447266,1.0,0.0,0.0
64095,2.0,1,93.3900032043457,1.0,0.0,0.0
64098,1.0,1,13.5,1.0,0.0,0.0
64101,1.0,1,79.51000213623048,1.0,0.0,0.0
64105,1.0,1,26.0,1.0,0.0,0.0
64108,2.0,1,31.75,1.0,0.0,0.0
64111,1.0,1,52.59000015258789,1.0,0.0,0.0
64112,1.0,1,93.0,1.0,0.0,0.0
64114,3.0,1,435.4900016784668,1.0,0.0,0.0
64116,1.0,1,54.0,1.0,0.0,0.0
64119,1.0,1,26.989999771118164,1.0,0.0,0.0
64121,2.0,1,196.98999977111816,1.0,0.0,0.0
64122,1.5,2,67.25,1.0,892.0,0.0
64124,1.0,1,69.0,1.0,0.0,0.0
64129,2.0,1,309.98999977111816,1.0,0.0,0.0
64132,1.0,1,29.989999771118164,1.0,0.0,0.0
64134,1.0,1,39.950000762939446,1.0,0.0,0.0
64136,1.0,1,48.0,1.0,0.0,0.0
64137,1.0,1,399.0,1.0,0.0,0.0
64140,1.0,1,225.0,1.0,0.0,0.0
64156,1.0,2,29.0,1.0,307.0,0.0
64160,1.0,1,25.0,1.0,0.0,0.0
64161,2.0,1,64.48999977111816,1.0,0.0,0.0
64163,2.0,1,82.95000076293945,1.0,0.0,0.0
64167,1.0,1,16.989999771118164,1.0,0.0,0.0
64172,2.0,1,57.0,1.0,0.0,0.0
64173,2.0,1,115.00999641418457,1.0,0.0,0.0
64174,1.0,1,50.0,1.0,0.0,0.0
64175,2.0,1,75.71000289916992,1.0,0.0,0.0
64181,1.0,1,28.950000762939453,1.0,0.0,0.0
64185,1.0,1,35.9900016784668,1.0,0.0,0.0
64191,1.0,1,13.989999771118164,1.0,0.0,0.0
64194,2.0,1,94.98999786376953,1.0,0.0,0.0
64197,2.0,1,128.18000030517578,1.0,0.0,0.0
64203,1.0,2,78.75,1.0,31.0,0.0
64205,1.0,1,39.9900016784668,1.0,0.0,0.0
64209,2.0,1,58.98999786376953,1.0,0.0,0.0
64210,1.0,1,239.0,1.0,0.0,0.0
64214,1.0,1,28.68000030517578,1.0,0.0,0.0
64217,1.0,1,59.0,1.0,0.0,0.0
64218,2.0,1,118.5,1.0,0.0,0.0
64224,2.0,1,94.9799976348877,1.0,0.0,0.0
64227,2.0,1,159.97999954223633,1.0,0.0,0.0
64229,1.0,1,38.0,1.0,0.0,0.0
64230,3.0,1,108.17000198364258,1.0,0.0,0.0
64240,1.0,1,49.0,1.0,0.0,0.0
64242,2.0,1,88.65999984741211,1.0,0.0,0.0
64244,2.0,1,75.9900016784668,1.0,0.0,0.0
64246,1.0,1,25.0,1.0,0.0,0.0
64251,2.0,1,107.38999938964844,1.0,0.0,0.0
64255,1.0,1,8.989999771118164,1.0,0.0,0.0
64258,1.0,1,36.130001068115234,1.0,0.0,0.0
64261,1.0,1,4.949999809265137,1.0,0.0,0.0
64272,1.0,1,38.0,1.0,0.0,0.0
64279,1.0,1,25.0,1.0,0.0,0.0
64281,1.0,1,29.950000762939453,1.0,0.0,0.0
64283,1.0,1,97.3000030517578,1.0,0.0,0.0
64296,1.0,1,87.94999694824217,1.0,0.0,0.0
64305,1.0,1,24.0,1.0,0.0,0.0
64310,2.0,1,81.9900016784668,1.0,0.0,0.0
64311,1.0,1,91.12999725341795,1.0,0.0,0.0
64313,3.0,1,86.30000019073486,1.0,0.0,0.0
64314,1.0,1,58.0,1.0,0.0,0.0
64317,1.0,1,54.950000762939446,1.0,0.0,0.0
64320,1.5,2,80.84000205993652,1.0,242.0,0.0
64330,1.0,1,28.0,1.0,0.0,0.0
64331,1.5,2,31.769999504089355,1.0,709.0,0.0
64332,1.0,1,89.98999786376953,1.0,0.0,0.0
64333,1.0,1,22.989999771118164,1.0,0.0,0.0
64355,2.0,1,98.47999954223633,1.0,0.0,0.0
64359,1.0,1,38.9900016784668,1.0,0.0,0.0
64364,1.0,1,65.0,1.0,0.0,0.0
64370,1.0,1,16.899999618530273,1.0,0.0,0.0
64372,2.0,1,60.64000129699707,1.0,0.0,0.0
64374,1.0,2,46.790000915527344,1.0,528.0,0.0
64384,1.0,1,27.81999969482421,1.0,0.0,0.0
64388,1.0,1,99.5,1.0,0.0,0.0
64397,1.0,1,29.989999771118164,1.0,0.0,0.0
64398,3.0,1,229.0,1.0,0.0,0.0
64406,1.0,1,45.0,1.0,0.0,0.0
64408,1.0,1,20.0,1.0,0.0,0.0
64409,1.0,1,32.0,1.0,0.0,0.0
64410,1.0,1,22.170000076293945,1.0,0.0,0.0
64411,2.0,1,39.97999954223633,1.0,0.0,0.0
64413,2.0,2,219.5699977874756,1.0,119.0,0.0
64417,2.0,1,83.98999977111816,1.0,0.0,0.0
64419,1.5,2,69.99000072479248,1.0,368.0,0.0
64423,1.0,1,69.94999694824219,1.0,0.0,0.0
64425,1.0,1,29.989999771118164,1.0,0.0,0.0
64431,1.0,1,242.2899932861328,1.0,0.0,0.0
64435,1.0,1,18.07999992370605,1.0,0.0,0.0
64436,1.0,1,34.84000015258789,1.0,0.0,0.0
64437,1.0,1,175.0,1.0,0.0,0.0
64438,2.0,1,28.989999771118164,1.0,0.0,0.0
64439,1.0,1,16.950000762939453,1.0,0.0,0.0
64444,1.0,2,29.244999885559082,1.0,1424.0,0.0
64451,1.0,1,58.970001220703125,1.0,0.0,0.0
64454,1.0,1,159.9499969482422,1.0,0.0,0.0
64458,1.0,1,58.5,1.0,0.0,0.0
64466,1.0,1,18.0,1.0,0.0,0.0
64469,1.0,1,32.9900016784668,1.0,0.0,0.0
64472,1.0,1,52.880001068115234,1.0,0.0,0.0
64473,1.0,1,83.30000305175781,1.0,0.0,0.0
64477,1.0,1,163.0,1.0,0.0,0.0
64480,1.0,1,39.93999862670898,1.0,0.0,0.0
64485,2.0,1,71.9000015258789,1.0,0.0,0.0
64487,1.0,1,45.5,1.0,0.0,0.0
64490,1.0,1,109.0,1.0,0.0,0.0
64491,1.0,1,78.98999786376953,1.0,0.0,0.0
64494,2.0,1,62.630001068115234,1.0,0.0,0.0
64502,1.0,1,12.0,1.0,0.0,0.0
64503,1.0,1,40.0,1.0,0.0,0.0
64513,1.0,1,56.0,1.0,0.0,0.0
64514,1.0,1,79.98999786376953,1.0,0.0,0.0
64523,1.0,1,24.989999771118164,1.0,0.0,0.0
64526,1.0,1,71.25,1.0,0.0,0.0
64527,2.0,1,58.98000144958496,1.0,0.0,0.0
64538,1.0,1,25.0,1.0,0.0,0.0
64541,1.0,1,5.989999771118164,1.0,0.0,0.0
64544,2.0,1,103.89999961853027,1.0,0.0,0.0
64549,1.0,1,325.0,1.0,0.0,0.0
64550,2.0,1,89.97999954223633,1.0,0.0,0.0
64556,1.0,1,39.5,1.0,0.0,0.0
64558,1.0,1,65.0,1.0,0.0,0.0
64560,2.0,1,79.95000076293945,1.0,0.0,0.0
64562,1.0,1,99.5199966430664,1.0,0.0,0.0
64569,4.0,1,74.19000148773193,1.0,0.0,0.0
64570,2.0,1,108.95000076293945,1.0,0.0,0.0
64571,1.0,1,86.0,1.0,0.0,0.0
64572,1.0,1,9.949999809265137,1.0,0.0,0.0
64574,3.0,1,159.6200008392334,1.0,0.0,0.0
64577,1.0,1,75.0,1.0,0.0,0.0
64581,1.0,1,39.5,1.0,0.0,0.0
64582,1.0,1,26.0,1.0,0.0,0.0
64583,1.0,1,127.15000152587892,1.0,0.0,0.0
64584,1.0,1,12.949999809265137,1.0,0.0,0.0
64585,1.0,1,59.9900016784668,1.0,0.0,0.0
64590,1.0,1,198.5,1.0,0.0,0.0
64593,4.0,1,144.1500015258789,1.0,0.0,0.0
64599,2.0,1,79.48999977111816,1.0,0.0,0.0
64601,1.0,1,98.0,1.0,0.0,0.0
64607,3.0,1,212.94000244140625,1.0,0.0,0.0
64611,1.0,1,28.5,1.0,0.0,0.0
64619,2.0,1,73.0,1.0,0.0,0.0
64620,2.0,1,48.94000053405762,1.0,0.0,0.0
64624,1.0,1,49.9900016784668,1.0,0.0,0.0
64635,1.0,1,42.0,1.0,0.0,0.0
64636,1.0,1,55.0,1.0,0.0,0.0
64642,2.0,1,108.98999977111816,1.0,0.0,0.0
64648,1.0,1,34.95000076293945,1.0,0.0,0.0
64649,1.0,1,27.989999771118164,1.0,0.0,0.0
64651,1.0,1,22.88999938964844,1.0,0.0,0.0
64653,1.0,1,32.849998474121094,1.0,0.0,0.0
64656,1.0,1,16.899999618530273,1.0,0.0,0.0
64661,1.0,1,39.950000762939446,1.0,0.0,0.0
64662,2.3333333333333335,3,90.1199992497762,1.0,727.5,354.26049737446033
64664,1.5,2,114.99500274658203,1.0,418.0,0.0
64668,1.0,2,45.0,1.0,1239.0,0.0
64670,4.0,1,231.55999946594238,1.0,0.0,0.0
64671,1.0,1,9.949999809265137,1.0,0.0,0.0
64673,1.0,1,169.0,1.0,0.0,0.0
64676,1.0,1,329.0,1.0,0.0,0.0
64677,1.0,1,8.979999542236328,1.0,0.0,0.0
64678,1.0,1,4.949999809265137,1.0,0.0,0.0
64682,1.0,1,219.9900054931641,1.0,0.0,0.0
64685,2.0,1,119.95000076293945,1.0,0.0,0.0
64688,1.0,1,88.0,1.0,0.0,0.0
64690,1.0,1,33.16999816894531,1.0,0.0,0.0
64702,2.0,1,61.45000076293945,1.0,0.0,0.0
64704,1.0,2,81.61999988555908,1.0,1310.0,0.0
64709,1.0,1,39.9900016784668,1.0,0.0,0.0
64714,1.0,1,14.989999771118164,1.0,0.0,0.0
64719,4.0,1,82.30999851226807,1.0,0.0,0.0
64721,3.0,1,62.93000030517578,1.0,0.0,0.0
64734,1.0,1,6.650000095367432,1.0,0.0,0.0
64735,2.0,2,81.39500141143799,1.0,91.0,0.0
64738,1.0,1,34.970001220703125,1.0,0.0,0.0
64741,1.0,1,29.989999771118164,1.0,0.0,0.0
64742,2.0,1,72.0,1.0,0.0,0.0
64744,1.0,1,16.479999542236328,1.0,0.0,0.0
64747,1.0,1,17.989999771118164,1.0,0.0,0.0
64749,1.0,1,30.0,1.0,0.0,0.0
64751,1.0,1,28.170000076293945,1.0,0.0,0.0
64756,1.0,2,17.585000038146973,1.0,35.0,0.0
64761,1.0,1,69.9000015258789,1.0,0.0,0.0
64764,1.0,2,16.584999561309814,1.0,25.0,0.0
64767,1.0,1,10.020000457763672,1.0,0.0,0.0
64769,1.0,1,26.6200008392334,1.0,0.0,0.0
64771,1.6666666666666667,3,88.66000111897786,1.0,200.5,2.1213203435596424
64772,3.0,2,96.61499977111816,1.0,629.0,0.0
64774,2.0,1,138.0,1.0,0.0,0.0
64780,1.0,1,198.0,1.0,0.0,0.0
64781,2.0,1,104.98999977111816,1.0,0.0,0.0
64782,1.0,1,61.43999862670898,1.0,0.0,0.0
64783,1.0,1,17.989999771118164,1.0,0.0,0.0
64786,2.0,1,57.9900016784668,1.0,0.0,0.0
64791,1.5,2,181.42500066757202,1.0,40.0,0.0
64794,1.0,1,40.0,1.0,0.0,0.0
64801,1.0,1,8.979999542236328,1.0,0.0,0.0
64803,2.0,1,70.79999923706055,1.0,0.0,0.0
64808,3.0,1,220.4900016784668,1.0,0.0,0.0
64810,1.0,1,205.0,1.0,0.0,0.0
64817,1.0,1,48.0,1.0,0.0,0.0
64823,2.0,1,33.95000076293945,1.0,0.0,0.0
64824,1.0,1,15.0,1.0,0.0,0.0
64827,3.0,1,133.3400001525879,1.0,0.0,0.0
64831,1.0,2,33.5,1.0,1065.0,0.0
64837,2.0,1,324.9499969482422,1.0,0.0,0.0
64838,2.0,1,25.479999542236328,1.0,0.0,0.0
64845,2.0,2,255.75,1.0,691.0,0.0
64846,1.0,1,219.5,1.0,0.0,0.0
64853,2.0,1,252.56000137329102,1.0,0.0,0.0
64855,1.0,1,19.989999771118164,1.0,0.0,0.0
64857,1.0,1,34.0,1.0,0.0,0.0
64858,1.0,2,47.685001373291016,1.0,412.0,0.0
64868,1.0,1,49.97999954223633,1.0,0.0,0.0
64869,1.0,1,69.0,1.0,0.0,0.0
64874,1.0,1,75.0,1.0,0.0,0.0
64876,1.0,1,179.0,1.0,0.0,0.0
64883,3.0,1,108.14000129699707,1.0,0.0,0.0
64885,2.0,1,58.9900016784668,1.0,0.0,0.0
64886,1.0,1,165.0,1.0,0.0,0.0
64891,2.0,1,188.89999961853027,1.0,0.0,0.0
64897,2.0,1,124.9900016784668,1.0,0.0,0.0
64898,2.0,1,61.69000053405762,1.0,0.0,0.0
64900,1.0,1,99.94999694824216,1.0,0.0,0.0
64904,1.0,1,8.949999809265137,1.0,0.0,0.0
64906,1.0,1,12.989999771118164,1.0,0.0,0.0
64909,2.0,1,59.97999954223633,1.0,0.0,0.0
64913,1.0,2,103.28999900817871,1.0,222.0,0.0
64916,1.0,1,145.0,1.0,0.0,0.0
64917,2.0,1,49.0,1.0,0.0,0.0
64923,1.0,2,34.58999991416931,1.0,34.0,0.0
64933,3.0,1,168.55999755859375,1.0,0.0,0.0
64936,3.0,1,72.5600004196167,1.0,0.0,0.0
64939,1.0,2,29.970000267028805,1.0,596.0,0.0
64940,1.0,1,14.0,1.0,0.0,0.0
64945,2.0,1,98.88000011444092,1.0,0.0,0.0
64952,1.0,1,39.9900016784668,1.0,0.0,0.0
64953,1.0,1,39.97999954223633,1.0,0.0,0.0
64960,1.0,1,141.0,1.0,0.0,0.0
64967,1.0,1,24.89999961853028,1.0,0.0,0.0
64969,1.0,1,14.56999969482422,1.0,0.0,0.0
64982,1.0,1,58.950000762939446,1.0,0.0,0.0
64986,1.0,1,69.5,1.0,0.0,0.0
64990,1.0,1,49.5,1.0,0.0,0.0
64991,1.0,2,97.0,1.0,1099.0,0.0
64996,3.0,2,152.45999813079834,1.0,1724.0,0.0
65008,1.0,1,12.949999809265137,1.0,0.0,0.0
65010,1.5,2,58.9900016784668,1.0,361.0,0.0
65011,1.0,1,13.260000228881836,1.0,0.0,0.0
65021,1.0,1,39.9900016784668,1.0,0.0,0.0
65024,3.0,1,257.439998626709,1.0,0.0,0.0
65027,1.0,1,8.989999771118164,1.0,0.0,0.0
65039,3.0,1,203.70999908447266,1.0,0.0,0.0
65046,1.0,1,129.9499969482422,1.0,0.0,0.0
65048,1.0,1,11.0,1.0,0.0,0.0
65061,2.0,1,161.9900016784668,1.0,0.0,0.0
65062,3.0,1,211.98000526428223,1.0,0.0,0.0
65068,1.0,1,17.34000015258789,1.0,0.0,0.0
65070,1.0,1,66.7300033569336,1.0,0.0,0.0
65071,1.0,1,109.98999786376952,1.0,0.0,0.0
65093,1.0,1,32.95000076293945,1.0,0.0,0.0
65105,2.0,1,474.4499969482422,1.0,0.0,0.0
65107,1.0,1,50.0,1.0,0.0,0.0
65110,1.5,2,52.25,1.0,702.0,0.0
65116,1.0,1,74.94999694824217,1.0,0.0,0.0
65117,1.0,1,38.75,1.0,0.0,0.0
65119,1.0,2,36.66499996185303,1.0,1427.0,0.0
65123,1.0,1,115.0,1.0,0.0,0.0
65126,1.0,1,22.0,1.0,0.0,0.0
65128,1.0,1,7.690000057220459,1.0,0.0,0.0
65131,1.0,1,22.0,1.0,0.0,0.0
65147,1.0,1,49.9900016784668,1.0,0.0,0.0
65149,1.0,1,21.07999992370605,1.0,0.0,0.0
65153,1.0,1,95.0,1.0,0.0,0.0
65156,1.0,1,85.0,1.0,0.0,0.0
65159,1.0,1,3.950000047683716,1.0,0.0,0.0
65162,4.0,1,120.9900016784668,1.0,0.0,0.0
65166,1.0,1,10.1899995803833,1.0,0.0,0.0
65168,1.0,1,29.989999771118164,1.0,0.0,0.0
65171,1.5,1,49.9900016784668,2.0,4.0,0.0
65172,2.0,1,128.5,1.0,0.0,0.0
65174,1.0,1,69.5,1.0,0.0,0.0
65176,1.0,1,107.9499969482422,1.0,0.0,0.0
65177,2.0,1,277.63999938964844,1.0,0.0,0.0
65183,1.0,1,25.0,1.0,0.0,0.0
65194,1.0,1,39.0,1.0,0.0,0.0
65197,1.0,1,13.899999618530272,1.0,0.0,0.0
65206,2.0,1,160.13999557495117,1.0,0.0,0.0
65212,1.0,1,38.0,1.0,0.0,0.0
65213,1.0,1,14.989999771118164,1.0,0.0,0.0
65220,2.0,1,80.5,1.0,0.0,0.0
65228,1.0,1,22.989999771118164,1.0,0.0,0.0
65230,1.0,1,51.950000762939446,1.0,0.0,0.0
65231,1.0,1,115.0,1.0,0.0,0.0
65234,1.5,2,117.98999977111816,1.0,103.0,0.0
65243,2.0,1,85.5,1.0,0.0,0.0
65244,1.0,1,39.9900016784668,1.0,0.0,0.0
65246,3.0,1,178.48999786376953,1.0,0.0,0.0
65258,1.0,1,57.0,1.0,0.0,0.0
65265,1.0,1,31.920000076293945,1.0,0.0,0.0
65267,1.5,2,57.4900016784668,1.0,118.0,0.0
65276,1.0,1,49.950000762939446,1.0,0.0,0.0
65278,3.0,1,367.29999923706055,1.0,0.0,0.0
65297,2.0,1,29.940000534057617,1.0,0.0,0.0
65298,1.0,1,24.0,1.0,0.0,0.0
65299,1.0,1,37.119998931884766,1.0,0.0,0.0
65301,2.0,1,206.9900016784668,1.0,0.0,0.0
65302,1.0,1,6.989999771118164,1.0,0.0,0.0
65313,3.0,1,87.9900016784668,1.0,0.0,0.0
65317,1.0,1,149.5,1.0,0.0,0.0
65318,1.0,1,44.9900016784668,1.0,0.0,0.0
65325,1.0,1,29.950000762939453,1.0,0.0,0.0
65328,1.0,1,109.98999786376952,1.0,0.0,0.0
65333,1.0,1,23.76000022888184,1.0,0.0,0.0
65334,2.0,1,247.0,1.0,0.0,0.0
65336,1.0,1,23.989999771118164,1.0,0.0,0.0
65337,1.0,1,119.0,1.0,0.0,0.0
65340,1.0,1,129.0,1.0,0.0,0.0
65341,1.0,1,20.0,1.0,0.0,0.0
65342,1.0,1,22.1299991607666,1.0,0.0,0.0
65344,2.0,1,35.78999900817871,1.0,0.0,0.0
65347,1.5,2,88.47500038146973,1.0,822.0,0.0
65349,1.0,1,180.0,1.0,0.0,0.0
65350,1.0,1,111.22000122070312,1.0,0.0,0.0
65351,1.0,1,19.989999771118164,1.0,0.0,0.0
65356,1.0,1,17.950000762939453,1.0,0.0,0.0
65360,2.0,1,208.8600034713745,1.0,0.0,0.0
65369,1.0,1,25.0,1.0,0.0,0.0
65374,1.5,2,51.4900016784668,1.0,108.0,0.0
65378,1.0,1,41.9900016784668,1.0,0.0,0.0
65384,1.0,1,99.0,1.0,0.0,0.0
65386,2.0,1,62.149999618530266,1.0,0.0,0.0
65387,2.0,1,91.5,1.0,0.0,0.0
65392,1.0,1,21.950000762939453,1.0,0.0,0.0
65399,1.0,1,15.989999771118164,1.0,0.0,0.0
65401,2.0,1,23.449999809265137,1.0,0.0,0.0
65405,1.0,1,86.0,1.0,0.0,0.0
65407,2.0,1,20.979999542236328,1.0,0.0,0.0
65414,1.0,1,39.9900016784668,1.0,0.0,0.0
65425,1.0,1,20.0,1.0,0.0,0.0
65434,2.0,1,168.73999786376953,1.0,0.0,0.0
65435,4.0,1,329.4000015258789,1.0,0.0,0.0
65438,1.0,1,108.54000091552734,1.0,0.0,0.0
65441,1.0,1,129.74000549316406,1.0,0.0,0.0
65446,2.0,1,51.79999923706056,1.0,0.0,0.0
65448,2.0,1,86.9900016784668,1.0,0.0,0.0
65451,1.0,1,89.0,1.0,0.0,0.0
65452,3.0,1,63.5,1.0,0.0,0.0
65464,1.0,1,149.0,1.0,0.0,0.0
65465,1.0,1,80.0,1.0,0.0,0.0
65470,1.0,1,44.950000762939446,1.0,0.0,0.0
65471,1.0,1,200.0,1.0,0.0,0.0
65472,1.5,2,72.21999835968018,1.0,689.0,0.0
65479,1.0,1,29.0,1.0,0.0,0.0
65480,1.0,1,69.98999786376953,1.0,0.0,0.0
65483,1.0,1,25.0,1.0,0.0,0.0
65487,2.0,1,29.489999771118164,1.0,0.0,0.0
65489,1.0,1,44.9900016784668,1.0,0.0,0.0
65490,1.0,1,68.0,1.0,0.0,0.0
65492,1.0,1,37.9900016784668,1.0,0.0,0.0
65493,1.0,1,15.0,1.0,0.0,0.0
65500,1.0,1,59.0,1.0,0.0,0.0
65504,2.0,2,180.82499980926514,1.0,1369.0,0.0
65508,3.0,1,86.9399995803833,1.0,0.0,0.0
65511,1.0,1,23.0,1.0,0.0,0.0
65514,2.0,1,329.0,1.0,0.0,0.0
65515,4.0,1,615.5899963378906,1.0,0.0,0.0
65517,1.0,1,18.0,1.0,0.0,0.0
65518,2.0,1,91.5,1.0,0.0,0.0
65520,2.0,1,151.98999977111816,1.0,0.0,0.0
65523,1.0,1,36.75,1.0,0.0,0.0
65524,1.0,1,29.989999771118164,1.0,0.0,0.0
65527,1.0,1,30.950000762939453,1.0,0.0,0.0
65529,1.0,1,83.36000061035155,1.0,0.0,0.0
65533,1.0,1,16.0,1.0,0.0,0.0
65542,2.0,1,103.0,1.0,0.0,0.0
65545,1.0,1,8.449999809265137,1.0,0.0,0.0
65554,1.0,1,10.6899995803833,1.0,0.0,0.0
65560,1.0,2,164.99000549316406,1.0,105.0,0.0
65562,1.0,1,45.0,1.0,0.0,0.0
65565,2.0,1,79.98999977111816,1.0,0.0,0.0
65571,4.0,1,93.69999980926514,1.0,0.0,0.0
65572,1.0,1,12.0,1.0,0.0,0.0
65575,2.0,1,85.98999977111816,1.0,0.0,0.0
65583,1.0,1,29.989999771118164,1.0,0.0,0.0
65588,4.0,1,110.97000122070312,1.0,0.0,0.0
65596,2.0,1,91.0,1.0,0.0,0.0
65602,1.0,1,24.989999771118164,1.0,0.0,0.0
65606,1.0,1,54.9900016784668,1.0,0.0,0.0
65614,2.0,2,196.37499856948853,1.0,925.0,0.0
65617,1.0,2,30.375000476837155,1.0,119.0,0.0
65618,2.0,1,104.0,1.0,0.0,0.0
65625,1.0,2,52.720001220703125,1.0,47.0,0.0
65632,1.0,1,25.0,1.0,0.0,0.0
65633,1.0,1,47.16999816894531,1.0,0.0,0.0
65637,2.0,1,53.989999771118164,1.0,0.0,0.0
65654,1.0,1,20.0,1.0,0.0,0.0
65655,1.0,1,118.0,1.0,0.0,0.0
65656,1.0,1,25.489999771118164,1.0,0.0,0.0
65662,2.5,2,147.71499824523926,1.0,621.0,0.0
65664,1.5,2,104.0,1.0,839.0,0.0
65666,1.0,1,147.1300048828125,1.0,0.0,0.0
65669,1.0,1,55.0,1.0,0.0,0.0
65672,1.0,1,69.98999786376953,1.0,0.0,0.0
65677,1.5,2,89.99499893188477,1.0,40.0,0.0
65684,1.0,1,25.0,1.0,0.0,0.0
65694,1.0,1,240.75,1.0,0.0,0.0
65698,1.0,1,26.979999542236328,1.0,0.0,0.0
65700,1.0,1,19.989999771118164,1.0,0.0,0.0
65703,1.0,1,34.0,1.0,0.0,0.0
65708,1.0,1,59.950000762939446,1.0,0.0,0.0
65711,1.0,1,45.0,1.0,0.0,0.0
65712,2.0,1,111.6300048828125,1.0,0.0,0.0
65715,1.0,1,21.989999771118164,1.0,0.0,0.0
65718,1.0,1,70.0,1.0,0.0,0.0
65723,1.5,2,65.95500183105469,1.0,58.0,0.0
65727,1.0,1,134.9499969482422,1.0,0.0,0.0
65736,1.0,1,278.0,1.0,0.0,0.0
65750,2.0,1,99.9900016784668,1.0,0.0,0.0
65753,3.0,1,153.9900016784668,1.0,0.0,0.0
65755,2.5,2,257.8300004005432,1.0,26.0,0.0
65756,1.0,1,139.99000549316406,1.0,0.0,0.0
65757,1.0,1,97.0,1.0,0.0,0.0
65764,2.0,1,61.349998474121094,1.0,0.0,0.0
65769,4.0,1,170.94000053405762,1.0,0.0,0.0
65772,2.0,1,42.489999771118164,1.0,0.0,0.0
65780,1.0,2,20.814999580383304,1.0,275.0,0.0
65785,1.5,2,146.5,1.0,14.0,0.0
65788,1.0,1,35.0,1.0,0.0,0.0
65792,1.0,2,213.5,1.0,203.0,0.0
65793,2.0,1,91.94000244140625,1.0,0.0,0.0
65794,1.0,1,54.950000762939446,1.0,0.0,0.0
65795,1.0,1,12.800000190734863,1.0,0.0,0.0
65797,1.0,1,104.0,1.0,0.0,0.0
65799,1.0,1,44.5,1.0,0.0,0.0
65808,1.0,1,15.0,1.0,0.0,0.0
65810,3.0,1,110.0,1.0,0.0,0.0
65811,1.0,2,54.965001583099365,1.0,100.0,0.0
65813,1.0,1,182.22000122070312,1.0,0.0,0.0
65817,1.0,1,125.0,1.0,0.0,0.0
65822,1.0,1,28.989999771118164,1.0,0.0,0.0
65828,2.0,1,439.9900016784668,1.0,0.0,0.0
65829,2.5,2,176.99499893188477,1.0,675.0,0.0
65830,1.0,1,98.0,1.0,0.0,0.0
65837,1.0,1,25.0,1.0,0.0,0.0
65843,2.0,1,73.5,1.0,0.0,0.0
65848,1.0,1,69.98999786376953,1.0,0.0,0.0
65849,2.0,1,47.96000003814697,1.0,0.0,0.0
65853,1.0,2,38.22000026702881,1.0,124.0,0.0
65861,2.0,1,221.0,1.0,0.0,0.0
65863,1.0,1,25.0,1.0,0.0,0.0
65869,1.0,1,16.989999771118164,1.0,0.0,0.0
65870,1.0,1,117.2699966430664,1.0,0.0,0.0
65871,2.0,1,157.5,1.0,0.0,0.0
65880,2.5,2,67.27000045776367,1.0,299.0,0.0
65893,1.0,1,49.9900016784668,1.0,0.0,0.0
65898,1.0,1,35.2599983215332,1.0,0.0,0.0
65899,1.0,1,65.0,1.0,0.0,0.0
65900,2.0,1,47.709999084472656,1.0,0.0,0.0
65909,1.0,1,58.950000762939446,1.0,0.0,0.0
65910,1.0,2,87.0,1.0,709.0,0.0
65917,1.5,2,55.99500036239624,1.0,1190.0,0.0
65920,2.5,2,91.76999759674072,1.0,561.0,0.0
65921,3.0,1,133.92000198364258,1.0,0.0,0.0
65922,1.0,2,34.945000648498535,1.0,278.0,0.0
65925,3.0,2,158.37500095367432,1.0,93.0,0.0
65934,1.0,1,2.950000047683716,1.0,0.0,0.0
65942,1.0,2,70.99499988555908,1.0,316.0,0.0
65947,3.0,1,182.95000076293945,1.0,0.0,0.0
65948,2.0,1,203.05000019073486,1.0,0.0,0.0
65949,1.0,1,44.5,1.0,0.0,0.0
65950,1.0,2,18.75,1.0,178.0,0.0
65951,1.0,1,51.9900016784668,1.0,0.0,0.0
65955,1.0,1,25.0,1.0,0.0,0.0
65956,2.0,1,90.94000244140625,1.0,0.0,0.0
65960,1.0,1,25.0,1.0,0.0,0.0
65973,1.0,1,59.9900016784668,1.0,0.0,0.0
65975,4.0,1,330.0700054168701,1.0,0.0,0.0
65977,1.5,2,139.72000122070312,1.0,478.0,0.0
65980,1.0,1,29.989999771118164,1.0,0.0,0.0
65981,3.0,1,132.5499973297119,1.0,0.0,0.0
65982,1.0,1,24.0,1.0,0.0,0.0
65984,3.0,1,148.51999855041504,1.0,0.0,0.0
65985,1.0,1,25.0,1.0,0.0,0.0
65986,2.0,1,68.98999977111816,1.0,0.0,0.0
65987,3.0,2,345.0399990081787,1.0,306.0,0.0
65988,1.0,1,58.970001220703125,1.0,0.0,0.0
65991,1.0,1,79.44999694824217,1.0,0.0,0.0
65992,1.0,1,20.0,1.0,0.0,0.0
65994,1.0,1,19.549999237060547,1.0,0.0,0.0
65997,1.0,1,60.970001220703125,1.0,0.0,0.0
66006,1.0,1,41.41999816894531,1.0,0.0,0.0
66012,1.0,1,44.0,1.0,0.0,0.0
66014,1.0,2,20.99000072479248,1.0,45.0,0.0
66018,1.0,1,9.989999771118164,1.0,0.0,0.0
66020,1.0,1,223.97000122070312,1.0,0.0,0.0
66022,1.0,1,29.989999771118164,1.0,0.0,0.0
66023,2.0,1,37.989999771118164,1.0,0.0,0.0
66025,1.0,1,36.0,1.0,0.0,0.0
66026,3.0,1,172.97000122070312,1.0,0.0,0.0
66028,1.5,2,58.49499988555908,1.0,141.0,0.0
66035,2.0,1,78.94000053405762,1.0,0.0,0.0
66038,1.0,1,58.9900016784668,1.0,0.0,0.0
66040,1.0,1,11.989999771118164,1.0,0.0,0.0
66042,1.0,1,89.94999980926514,2.0,15.0,0.0
66048,1.0,1,32.9900016784668,1.0,0.0,0.0
66056,1.0,1,237.009994506836,1.0,0.0,0.0
66061,1.0,1,39.9900016784668,1.0,0.0,0.0
66066,2.0,1,39.8700008392334,1.0,0.0,0.0
66067,1.0,1,65.0,1.0,0.0,0.0
66073,1.0,2,23.5,1.0,533.0,0.0
66088,1.0,1,79.94999694824217,1.0,0.0,0.0
66093,1.0,2,72.5,1.0,125.0,0.0
66096,1.0,1,5.949999809265137,1.0,0.0,0.0
66105,1.5,2,27.799999713897705,1.0,373.0,0.0
66108,1.0,1,22.0,1.0,0.0,0.0
66114,2.0,1,128.97999954223633,1.0,0.0,0.0
66119,2.0,1,118.5,1.0,0.0,0.0
66120,4.0,1,364.6200065612793,1.0,0.0,0.0
66131,2.0,1,144.9199981689453,1.0,0.0,0.0
66132,1.0,2,34.33500099182129,1.0,194.0,0.0
66133,2.0,1,165.0,1.0,0.0,0.0
66135,1.0,1,79.9800033569336,1.0,0.0,0.0
66141,1.0,1,145.0,1.0,0.0,0.0
66142,2.0,1,37.85000038146973,1.0,0.0,0.0
66145,2.0,2,143.9700002670288,1.0,319.0,0.0
66157,1.0,1,49.5,1.0,0.0,0.0
66165,2.0,1,93.0,1.0,0.0,0.0
66167,1.0,1,118.0,1.0,0.0,0.0
66179,1.0,1,69.94999694824219,1.0,0.0,0.0
66183,1.0,1,70.0,1.0,0.0,0.0
66186,2.0,1,108.98999977111816,1.0,0.0,0.0
66187,1.0,1,17.989999771118164,1.0,0.0,0.0
66188,1.0,1,33.9900016784668,1.0,0.0,0.0
66190,1.0,1,28.5,1.0,0.0,0.0
66192,1.0,1,27.989999771118164,1.0,0.0,0.0
66195,2.0,1,40.95000076293945,1.0,0.0,0.0
66200,1.0,1,58.9900016784668,1.0,0.0,0.0
66203,1.0,1,28.43000030517578,1.0,0.0,0.0
66205,1.0,1,1.820000052452088,1.0,0.0,0.0
66206,1.0,1,25.0,1.0,0.0,0.0
66209,1.0,1,59.9900016784668,1.0,0.0,0.0
66220,2.0,1,227.9499969482422,1.0,0.0,0.0
66226,1.0,1,68.6500015258789,1.0,0.0,0.0
66229,1.0,1,47.950000762939446,1.0,0.0,0.0
66233,2.0,3,65.97999954223633,1.0,447.5,177.48380207782344
66240,1.0,1,55.52999877929688,1.0,0.0,0.0
66242,1.0,1,50.9900016784668,1.0,0.0,0.0
66252,1.0,1,59.5,1.0,0.0,0.0
66253,1.0,1,69.26000213623047,1.0,0.0,0.0
66261,1.0,1,58.0,1.0,0.0,0.0
66265,1.0,1,110.0,1.0,0.0,0.0
66269,2.0,1,73.5,1.0,0.0,0.0
66272,1.0,1,45.0,1.0,0.0,0.0
66274,1.0,1,34.9900016784668,1.0,0.0,0.0
66275,1.5,2,78.47999858856201,1.0,210.0,0.0
66280,1.5,2,61.47500038146973,1.0,73.0,0.0
66284,1.0,2,38.49499988555908,1.0,1039.0,0.0
66285,1.0,1,13.989999771118164,1.0,0.0,0.0
66291,1.0,1,15.899999618530272,1.0,0.0,0.0
66295,2.0,1,256.0,1.0,0.0,0.0
66296,1.0,1,19.989999771118164,1.0,0.0,0.0
66300,1.0,1,24.0,1.0,0.0,0.0
66305,1.0,1,39.5,1.0,0.0,0.0
66308,1.0,1,34.9900016784668,1.0,0.0,0.0
66311,2.0,1,28.550000190734863,1.0,0.0,0.0
66314,1.0,1,55.950000762939446,1.0,0.0,0.0
66318,1.5,2,183.37000274658203,1.0,112.0,0.0
66324,3.0,1,174.38000178337097,1.0,0.0,0.0
66338,1.0,1,13.989999771118164,1.0,0.0,0.0
66343,2.0,1,100.0,1.0,0.0,0.0
66345,1.0,2,53.125,1.0,1368.0,0.0
66347,1.0,1,63.950000762939446,1.0,0.0,0.0
66349,1.0,1,111.0,1.0,0.0,0.0
66350,1.0,2,222.0,1.0,1423.0,0.0
66352,1.0,1,99.97000122070312,1.0,0.0,0.0
66362,1.0,1,11.989999771118164,1.0,0.0,0.0
66367,1.0,1,120.0,1.0,0.0,0.0
66370,1.0,1,27.950000762939453,1.0,0.0,0.0
66376,1.0,1,59.5,1.0,0.0,0.0
66377,1.5,2,31.880000114440918,1.0,149.0,0.0
66382,1.0,1,299.95001220703125,1.0,0.0,0.0
66388,1.0,2,43.40999984741211,1.0,217.0,0.0
66391,1.6666666666666667,3,63.70666758219401,1.0,650.0,749.5331880577404
66392,1.0,1,9.949999809265137,1.0,0.0,0.0
66394,1.0,1,49.5,1.0,0.0,0.0
66396,1.0,1,10.0,1.0,0.0,0.0
66399,1.0,2,32.49499988555908,1.0,282.0,0.0
66400,1.0,1,10.359999656677246,1.0,0.0,0.0
66406,4.0,1,210.92999839782715,1.0,0.0,0.0
66410,4.0,1,310.1999969482422,1.0,0.0,0.0
66422,1.0,2,31.984999656677246,1.0,69.0,0.0
66428,2.0,1,41.97999954223633,1.0,0.0,0.0
66433,1.0,1,11.140000343322754,1.0,0.0,0.0
66441,1.0,2,33.445000648498535,1.0,544.0,0.0
66442,1.0,1,99.98999786376952,1.0,0.0,0.0
66446,1.0,1,74.0,1.0,0.0,0.0
66458,1.0,1,25.190000534057617,1.0,0.0,0.0
66460,2.0,1,112.5,1.0,0.0,0.0
66462,1.0,1,21.989999771118164,1.0,0.0,0.0
66463,1.0,1,21.0,1.0,0.0,0.0
66464,4.0,1,116.83999919891357,1.0,0.0,0.0
66468,1.0,1,39.9900016784668,1.0,0.0,0.0
66473,1.0,1,14.989999771118164,1.0,0.0,0.0
66477,2.0,1,128.98999977111816,1.0,0.0,0.0
66478,1.0,1,196.17999267578125,1.0,0.0,0.0
66485,1.0,1,63.9900016784668,1.0,0.0,0.0
66490,2.0,1,268.5,1.0,0.0,0.0
66496,1.0,1,29.5,1.0,0.0,0.0
66497,1.0,1,99.98999786376952,1.0,0.0,0.0
66500,1.0,1,9.0,1.0,0.0,0.0
66504,2.0,1,104.93999862670898,1.0,0.0,0.0
66506,1.0,1,17.989999771118164,1.0,0.0,0.0
66510,1.0,1,32.9900016784668,1.0,0.0,0.0
66512,2.0,2,107.88000011444092,1.0,541.0,0.0
66515,1.0,1,75.55999755859375,1.0,0.0,0.0
66524,1.0,1,26.989999771118164,1.0,0.0,0.0
66525,1.0,1,26.989999771118164,1.0,0.0,0.0
66526,1.0,1,24.979999542236328,1.0,0.0,0.0
66527,1.0,1,71.95999908447266,1.0,0.0,0.0
66537,1.0,1,39.33000183105469,1.0,0.0,0.0
66539,1.0,2,14.474999904632568,1.0,925.0,0.0
66542,1.0,1,68.6500015258789,1.0,0.0,0.0
66544,1.0,1,14.989999771118164,1.0,0.0,0.0
66545,1.0,1,51.0,1.0,0.0,0.0
66553,1.0,1,14.0,1.0,0.0,0.0
66555,2.0,1,136.63000011444092,1.0,0.0,0.0
66566,1.0,1,60.56999969482422,1.0,0.0,0.0
66567,1.0,1,172.0,1.0,0.0,0.0
66568,1.0,1,25.0,1.0,0.0,0.0
66574,1.0,1,38.9900016784668,1.0,0.0,0.0
66576,1.0,1,99.0,1.0,0.0,0.0
66581,1.0,1,34.9900016784668,1.0,0.0,0.0
66586,1.0,1,58.79999923706056,1.0,0.0,0.0
66593,4.0,1,127.88000297546387,1.0,0.0,0.0
66595,1.0,1,14.270000457763672,1.0,0.0,0.0
66600,1.0,1,94.98999786376952,1.0,0.0,0.0
66606,1.0,1,36.9900016784668,1.0,0.0,0.0
66613,1.0,1,44.970001220703125,1.0,0.0,0.0
66618,2.0,2,129.88000345230103,1.0,61.0,0.0
66620,1.0,1,15.0,1.0,0.0,0.0
66623,1.0,1,25.0,1.0,0.0,0.0
66625,1.0,2,27.989999771118164,1.0,395.0,0.0
66629,2.0,1,33.19999980926514,1.0,0.0,0.0
66633,1.0,1,128.0,1.0,0.0,0.0
66635,1.0,1,119.06999969482422,1.0,0.0,0.0
66637,1.0,1,69.0,1.0,0.0,0.0
66642,1.0,1,29.950000762939453,1.0,0.0,0.0
66643,3.0,1,108.9900016784668,1.0,0.0,0.0
66646,1.0,1,38.0,1.0,0.0,0.0
66653,2.0,1,137.9900016784668,1.0,0.0,0.0
66654,1.0,1,24.950000762939453,1.0,0.0,0.0
66659,1.0,1,129.0,1.0,0.0,0.0
66661,1.0,1,70.0,1.0,0.0,0.0
66664,1.0,2,60.13000106811524,1.0,71.0,0.0
66665,1.0,1,11.06999969482422,1.0,0.0,0.0
66666,1.0,1,99.98999786376952,1.0,0.0,0.0
66667,2.0,1,61.88000011444092,1.0,0.0,0.0
66675,2.0,1,23.979999542236328,1.0,0.0,0.0
66682,1.0,1,44.900001525878906,1.0,0.0,0.0
66683,2.0,1,124.0,1.0,0.0,0.0
66685,1.0,1,25.950000762939453,1.0,0.0,0.0
66686,1.0,1,26.989999771118164,1.0,0.0,0.0
66687,3.0,2,237.45500373840332,1.0,1327.0,0.0
66690,1.0,1,3.400000095367432,1.0,0.0,0.0
66694,1.0,1,31.950000762939453,1.0,0.0,0.0
66700,1.0,1,56.5,1.0,0.0,0.0
66705,1.0,1,129.0,1.0,0.0,0.0
66708,1.0,1,48.0,1.0,0.0,0.0
66711,1.0,1,9.920000076293944,1.0,0.0,0.0
66714,1.0,1,25.0,1.0,0.0,0.0
66719,1.0,1,293.3299865722656,1.0,0.0,0.0
66721,1.0,1,15.0,1.0,0.0,0.0
66725,1.0,1,25.0,1.0,0.0,0.0
66726,1.0,1,92.69999694824216,1.0,0.0,0.0
66731,2.0,1,54.97999954223633,1.0,0.0,0.0
66735,1.0,1,136.0,1.0,0.0,0.0
66737,1.0,1,79.98999786376953,1.0,0.0,0.0
66741,1.0,1,59.9900016784668,1.0,0.0,0.0
66753,1.0,1,34.15999984741211,1.0,0.0,0.0
66758,1.0,1,39.9900016784668,1.0,0.0,0.0
66764,2.0,1,338.94998931884766,1.0,0.0,0.0
66765,1.0,1,32.45000076293945,1.0,0.0,0.0
66767,1.0,1,39.5,1.0,0.0,0.0
66771,1.0,1,46.5,1.0,0.0,0.0
66776,1.0,1,125.0,1.0,0.0,0.0
66779,4.0,1,231.96000289916992,1.0,0.0,0.0
66786,1.0,1,22.989999771118164,1.0,0.0,0.0
66790,2.0,1,64.94000244140625,1.0,0.0,0.0
66797,1.0,1,39.9900016784668,1.0,0.0,0.0
66798,1.0,1,26.0,1.0,0.0,0.0
66801,2.0,1,49.0,1.0,0.0,0.0
66802,2.5,2,96.30999994277954,1.0,621.0,0.0
66805,2.0,1,47.85000038146973,1.0,0.0,0.0
66809,2.0,1,358.82999992370605,1.0,0.0,0.0
66811,1.0,1,225.0,1.0,0.0,0.0
66812,1.0,1,20.0,1.0,0.0,0.0
66814,1.0,1,79.0,1.0,0.0,0.0
66818,1.0,1,31.989999771118164,1.0,0.0,0.0
66824,2.0,1,72.48999977111816,1.0,0.0,0.0
66827,2.0,1,133.98999786376953,1.0,0.0,0.0
66828,2.0,1,66.5,1.0,0.0,0.0
66834,1.0,1,29.0,1.0,0.0,0.0
66837,1.0,2,52.99499988555908,1.0,320.0,0.0
66842,1.0,1,12.989999771118164,1.0,0.0,0.0
66847,2.0,1,148.65000534057617,1.0,0.0,0.0
66848,1.0,1,19.590000152587887,1.0,0.0,0.0
66850,1.0,1,59.0,1.0,0.0,0.0
66851,1.0,1,65.0,1.0,0.0,0.0
66858,1.0,1,28.0,1.0,0.0,0.0
66866,4.0,1,100.94000053405762,1.0,0.0,0.0
66880,2.5,1,395.2700004577637,2.0,10.0,0.0
66886,1.0,1,119.0,1.0,0.0,0.0
66892,1.0,1,34.72999954223633,1.0,0.0,0.0
66897,1.0,1,33.150001525878906,1.0,0.0,0.0
66899,2.0,1,201.26000213623047,1.0,0.0,0.0
66900,1.0,1,100.0,1.0,0.0,0.0
66902,1.0,1,65.0,1.0,0.0,0.0
66905,1.0,1,25.0,1.0,0.0,0.0
66909,2.0,1,79.95000076293945,1.0,0.0,0.0
66910,1.0,1,68.9000015258789,1.0,0.0,0.0
66911,1.0,1,36.950000762939446,1.0,0.0,0.0
66915,4.0,1,94.3100004196167,1.0,0.0,0.0
66921,1.0,1,65.0,1.0,0.0,0.0
66924,1.0,1,69.98999786376953,1.0,0.0,0.0
66925,1.0,1,25.75,1.0,0.0,0.0
66929,1.0,1,21.89999961853028,1.0,0.0,0.0
66930,1.0,1,37.97999954223633,1.0,0.0,0.0
66932,1.0,1,24.950000762939453,1.0,0.0,0.0
66933,1.0,1,21.75,1.0,0.0,0.0
66936,1.0,1,16.850000381469727,1.0,0.0,0.0
66943,1.0,1,31.950000762939453,1.0,0.0,0.0
66945,1.0,1,21.989999771118164,1.0,0.0,0.0
66958,2.0,1,90.20000076293945,1.0,0.0,0.0
66965,1.0,1,16.989999771118164,1.0,0.0,0.0
66973,1.0,1,34.9900016784668,1.0,0.0,0.0
66979,2.0,1,41.60000038146973,1.0,0.0,0.0
66991,1.0,1,99.98999786376952,1.0,0.0,0.0
66992,1.0,1,97.5,1.0,0.0,0.0
66998,1.0,1,25.0,1.0,0.0,0.0
67014,2.0,1,269.0,1.0,0.0,0.0
67022,1.0,1,25.0,1.0,0.0,0.0
67031,1.0,1,63.9900016784668,1.0,0.0,0.0
67041,1.0,1,44.9900016784668,1.0,0.0,0.0
67042,1.0,1,56.950000762939446,1.0,0.0,0.0
67044,1.0,1,41.97999954223633,1.0,0.0,0.0
67050,1.0,1,23.96999931335449,1.0,0.0,0.0
67053,1.0,1,109.98999786376952,1.0,0.0,0.0
67054,1.0,1,154.0,1.0,0.0,0.0
67058,1.0,1,72.94000244140625,1.0,0.0,0.0
67060,1.0,1,99.0,1.0,0.0,0.0
67062,1.0,1,69.94999694824219,1.0,0.0,0.0
67065,1.0,1,23.0,1.0,0.0,0.0
67072,1.5,2,99.49000072479248,1.0,145.0,0.0
67076,1.0,1,20.65999984741211,1.0,0.0,0.0
67081,1.0,1,168.0,1.0,0.0,0.0
67087,1.0,1,80.0,1.0,0.0,0.0
67088,1.0,1,29.0,1.0,0.0,0.0
67090,1.0,1,12.989999771118164,1.0,0.0,0.0
67091,1.0,1,33.0,1.0,0.0,0.0
67092,1.0,1,49.9900016784668,1.0,0.0,0.0
67097,2.0,1,125.95000076293945,1.0,0.0,0.0
67102,1.0,2,10.925000190734863,1.0,687.0,0.0
67109,2.0,1,70.00000190734863,1.0,0.0,0.0
67114,2.0,1,235.0,1.0,0.0,0.0
67121,2.0,1,114.94999694824219,1.0,0.0,0.0
67123,1.0,1,45.5,1.0,0.0,0.0
67126,1.0,1,39.9900016784668,1.0,0.0,0.0
67130,1.0,2,16.309999465942383,1.0,23.0,0.0
67139,1.0,1,62.0,1.0,0.0,0.0
67152,2.0,1,106.060001373291,1.0,0.0,0.0
67153,1.0,2,49.98999881744385,1.0,226.0,0.0
67155,1.0,1,42.0,1.0,0.0,0.0
67158,2.0,1,147.98999786376953,1.0,0.0,0.0
67162,2.0,1,178.5900001525879,1.0,0.0,0.0
67168,1.0,1,59.5,1.0,0.0,0.0
67170,1.0,2,119.4950008392334,1.0,944.0,0.0
67171,1.0,1,29.989999771118164,1.0,0.0,0.0
67175,1.0,1,17.0,1.0,0.0,0.0
67176,1.0,1,26.989999771118164,1.0,0.0,0.0
67180,1.0,1,169.9499969482422,1.0,0.0,0.0
67185,1.0,1,119.98999786376952,1.0,0.0,0.0
67189,3.0,1,157.47999954223633,1.0,0.0,0.0
67190,1.0,1,16.049999237060547,1.0,0.0,0.0
67192,1.0,1,19.0,1.0,0.0,0.0
67193,2.5,2,332.32499980926514,1.0,88.0,0.0
67202,1.0,1,48.0,1.0,0.0,0.0
67209,1.0,1,78.0,1.0,0.0,0.0
67210,2.0,1,73.9900016784668,1.0,0.0,0.0
67212,1.0,1,86.0,1.0,0.0,0.0
67217,1.0,1,89.98999786376953,1.0,0.0,0.0
67219,2.0,1,233.99000549316406,1.0,0.0,0.0
67222,4.0,1,340.4800033569336,1.0,0.0,0.0
67223,1.0,1,89.5,1.0,0.0,0.0
67225,1.0,1,22.989999771118164,1.0,0.0,0.0
67229,2.0,1,52.94000053405762,1.0,0.0,0.0
67232,3.0,1,159.9900016784668,1.0,0.0,0.0
67237,1.0,2,27.4950008392334,1.0,32.0,0.0
67239,1.0,1,10.989999771118164,1.0,0.0,0.0
67240,3.0,1,143.8999977111816,1.0,0.0,0.0
67241,1.0,1,21.25,1.0,0.0,0.0
67245,1.0,1,19.89999961853028,1.0,0.0,0.0
67247,1.0,1,39.9900016784668,1.0,0.0,0.0
67250,1.0,1,21.989999771118164,1.0,0.0,0.0
67256,1.0,1,14.5,1.0,0.0,0.0
67259,1.0,1,100.01000213623048,1.0,0.0,0.0
67260,1.0,1,25.0,1.0,0.0,0.0
67265,2.0,1,76.48999977111816,1.0,0.0,0.0
67268,1.0,1,11.409999847412108,1.0,0.0,0.0
67273,2.0,1,41.97999954223633,1.0,0.0,0.0
67275,4.0,1,178.85000038146973,1.0,0.0,0.0
67277,1.0,1,36.880001068115234,1.0,0.0,0.0
67278,1.0,1,22.790000915527344,1.0,0.0,0.0
67281,1.0,1,44.0,1.0,0.0,0.0
67286,1.0,1,20.0,1.0,0.0,0.0
67300,1.0,1,25.0,1.0,0.0,0.0
67307,1.0,1,25.0,1.0,0.0,0.0
67315,2.0,1,62.989999771118164,1.0,0.0,0.0
67319,1.0,1,24.0,1.0,0.0,0.0
67321,1.0,1,34.97999954223633,1.0,0.0,0.0
67332,1.0,1,50.0,1.0,0.0,0.0
67341,1.0,1,19.989999771118164,1.0,0.0,0.0
67342,4.0,1,499.4800109863281,1.0,0.0,0.0
67346,1.0,1,37.119998931884766,1.0,0.0,0.0
67350,1.0,1,65.0,1.0,0.0,0.0
67351,1.0,1,83.62000274658203,1.0,0.0,0.0
67352,1.0,2,62.5,1.0,93.0,0.0
67358,1.0,1,55.0,1.0,0.0,0.0
67361,1.0,1,48.0,1.0,0.0,0.0
67367,1.0,1,41.9900016784668,1.0,0.0,0.0
67370,1.0,1,139.99000549316406,1.0,0.0,0.0
67375,1.0,1,46.0,1.0,0.0,0.0
67377,3.0,1,198.30999755859375,1.0,0.0,0.0
67379,1.0,1,14.989999771118164,1.0,0.0,0.0
67380,1.25,4,46.63499999046326,1.0,88.33333333333333,44.071910933533765
67383,1.0,1,54.0,1.0,0.0,0.0
67389,1.0,1,15.0,1.0,0.0,0.0
67392,2.0,1,212.5,1.0,0.0,0.0
67393,1.0,1,50.0,1.0,0.0,0.0
67397,1.0,1,65.4000015258789,1.0,0.0,0.0
67399,1.0,1,97.19999694824216,1.0,0.0,0.0
67400,1.0,1,67.91999816894531,1.0,0.0,0.0
67407,1.0,1,69.0,1.0,0.0,0.0
67408,4.0,1,174.1099977493286,1.0,0.0,0.0
67414,1.0,1,7.949999809265136,1.0,0.0,0.0
67416,1.0,1,44.950000762939446,1.0,0.0,0.0
67417,1.0,1,176.0,1.0,0.0,0.0
67422,1.0,1,21.850000381469727,1.0,0.0,0.0
67427,1.0,1,52.900001525878906,1.0,0.0,0.0
67431,1.0,1,44.9900016784668,1.0,0.0,0.0
67433,1.0,1,37.950000762939446,1.0,0.0,0.0
67435,2.0,1,102.9900016784668,1.0,0.0,0.0
67438,1.0,1,29.989999771118164,1.0,0.0,0.0
67439,2.0,1,139.97999954223633,1.0,0.0,0.0
67441,1.0,1,19.989999771118164,1.0,0.0,0.0
67442,1.0,1,36.9900016784668,1.0,0.0,0.0
67449,1.0,1,9.989999771118164,1.0,0.0,0.0
67450,1.0,1,27.989999771118164,1.0,0.0,0.0
67452,1.0,1,54.950000762939446,1.0,0.0,0.0
67461,1.0,1,39.9900016784668,1.0,0.0,0.0
67462,1.0,1,41.25,1.0,0.0,0.0
67464,1.0,1,29.989999771118164,1.0,0.0,0.0
67465,1.0,1,39.9900016784668,1.0,0.0,0.0
67466,1.0,1,24.979999542236328,1.0,0.0,0.0
67467,1.0,1,69.9800033569336,1.0,0.0,0.0
67475,1.0,1,98.0,1.0,0.0,0.0
67477,1.0,1,176.0,1.0,0.0,0.0
67478,1.0,1,29.989999771118164,1.0,0.0,0.0
67481,1.0,1,10.0,1.0,0.0,0.0
67482,2.0,1,148.9499969482422,1.0,0.0,0.0
67488,1.0,1,24.5,1.0,0.0,0.0
67490,2.0,1,165.0,1.0,0.0,0.0
67491,4.0,1,175.0,1.0,0.0,0.0
67495,2.0,1,171.0,1.0,0.0,0.0
67499,1.0,1,24.989999771118164,1.0,0.0,0.0
67500,1.0,1,54.34000015258789,1.0,0.0,0.0
67502,1.0,1,23.96999931335449,1.0,0.0,0.0
67510,1.0,1,15.0,1.0,0.0,0.0
67519,1.0,1,75.0,1.0,0.0,0.0
67522,2.0,1,63.45000076293945,1.0,0.0,0.0
67525,1.0,1,28.989999771118164,1.0,0.0,0.0
67531,1.0,1,40.0,1.0,0.0,0.0
67533,2.0,1,85.5,1.0,0.0,0.0
67536,1.5,2,71.98500061035156,1.0,464.0,0.0
67538,1.0,1,258.0,1.0,0.0,0.0
67540,3.0,1,163.5,1.0,0.0,0.0
67545,1.0,2,56.97499990463257,1.0,46.0,0.0
67548,1.0,1,15.899999618530272,1.0,0.0,0.0
67553,1.0,1,14.979999542236328,1.0,0.0,0.0
67556,4.0,1,191.3300018310547,1.0,0.0,0.0
67562,1.0,1,29.989999771118164,1.0,0.0,0.0
67565,1.0,2,36.9950008392334,1.0,333.0,0.0
67566,1.0,1,25.0,1.0,0.0,0.0
67568,1.0,1,35.0,1.0,0.0,0.0
67572,1.0,1,25.0,1.0,0.0,0.0
67573,1.0,2,119.5,1.0,37.0,0.0
67577,2.0,1,60.9900016784668,1.0,0.0,0.0
67580,1.0,1,208.0,1.0,0.0,0.0
67582,3.0,1,116.34999656677246,1.0,0.0,0.0
67584,1.0,1,48.0,1.0,0.0,0.0
67586,1.0,1,28.0,1.0,0.0,0.0
67594,2.0,1,81.0,1.0,0.0,0.0
67599,1.0,1,36.0,1.0,0.0,0.0
67603,1.0,1,26.989999771118164,1.0,0.0,0.0
67608,1.0,1,49.950000762939446,1.0,0.0,0.0
67610,1.0,1,39.950000762939446,1.0,0.0,0.0
67614,1.0,1,60.0,1.0,0.0,0.0
67638,1.0,1,12.989999771118164,1.0,0.0,0.0
67646,1.5,2,44.44499969482422,1.0,620.0,0.0
67647,1.0,1,22.0,1.0,0.0,0.0
67650,1.0,1,39.97999954223633,1.0,0.0,0.0
67653,1.0,1,19.989999771118164,1.0,0.0,0.0
67656,2.0,1,325.93999099731445,1.0,0.0,0.0
67661,1.0,1,45.09999847412109,1.0,0.0,0.0
67663,1.0,1,7.199999809265137,1.0,0.0,0.0
67665,1.0,1,14.949999809265137,1.0,0.0,0.0
67671,1.0,1,87.5,1.0,0.0,0.0
67676,2.0,2,221.75,1.0,34.0,0.0
67678,1.0,1,4.840000152587891,1.0,0.0,0.0
67679,2.0,1,53.45000076293945,1.0,0.0,0.0
67680,1.0,1,48.0,1.0,0.0,0.0
67681,1.0,1,26.950000762939453,1.0,0.0,0.0
67686,1.0,1,99.0,1.0,0.0,0.0
67687,2.0,1,30.989999771118164,1.0,0.0,0.0
67692,2.0,1,46.52000045776367,1.0,0.0,0.0
67694,1.0,1,119.06999969482422,1.0,0.0,0.0
67695,1.0,1,24.989999771118164,1.0,0.0,0.0
67697,4.0,1,306.05999755859375,1.0,0.0,0.0
67699,2.0,1,122.0,1.0,0.0,0.0
67700,1.0,2,27.0,1.0,374.0,0.0
67705,1.0,1,61.9900016784668,1.0,0.0,0.0
67708,1.0,1,19.989999771118164,1.0,0.0,0.0
67712,1.0,1,27.36000061035156,1.0,0.0,0.0
67719,1.0,1,34.0,1.0,0.0,0.0
67722,1.0,1,30.0,1.0,0.0,0.0
67724,2.0,1,138.98999786376953,1.0,0.0,0.0
67726,1.0,1,8.949999809265137,1.0,0.0,0.0
67728,1.0,1,130.0,1.0,0.0,0.0
67731,2.0,1,176.0,1.0,0.0,0.0
67734,1.0,1,14.989999771118164,1.0,0.0,0.0
67739,1.0,1,109.91000366210938,1.0,0.0,0.0
67749,1.0,1,15.0,1.0,0.0,0.0
67751,1.0,1,325.0,1.0,0.0,0.0
67759,2.0,1,132.71000289916992,1.0,0.0,0.0
67763,2.0,1,176.98999977111816,1.0,0.0,0.0
67767,1.0,2,64.63500022888184,1.0,754.0,0.0
67768,2.0,2,124.34499931335449,1.0,83.0,0.0
67770,1.0,1,58.9900016784668,1.0,0.0,0.0
67771,1.0,1,185.0,1.0,0.0,0.0
67775,4.0,1,268.3800001144409,1.0,0.0,0.0
67778,2.0,1,131.48999977111816,1.0,0.0,0.0
67779,1.0,1,149.5,1.0,0.0,0.0
67780,2.0,1,67.0,1.0,0.0,0.0
67782,1.0,1,52.27999877929688,1.0,0.0,0.0
67786,1.0,1,15.989999771118164,1.0,0.0,0.0
67788,3.0,2,80.86500132083893,1.0,1062.0,0.0
67789,1.0,1,32.0,1.0,0.0,0.0
67790,2.5,2,221.33500051498413,1.0,42.0,0.0
67793,1.0,1,40.56999969482422,1.0,0.0,0.0
67794,1.0,1,88.0,1.0,0.0,0.0
67797,3.0,2,185.87499713897705,1.0,72.0,0.0
67804,1.0,1,119.98999786376952,1.0,0.0,0.0
67811,2.0,1,104.79000091552734,1.0,0.0,0.0
67813,1.0,1,55.0,1.0,0.0,0.0
67816,1.0,1,14.0,1.0,0.0,0.0
67817,1.0,1,34.9900016784668,1.0,0.0,0.0
67818,1.0,1,279.989990234375,1.0,0.0,0.0
67821,3.0,1,149.98999977111816,1.0,0.0,0.0
67822,1.0,1,350.0,1.0,0.0,0.0
67837,3.0,1,295.40999603271484,1.0,0.0,0.0
67841,1.0,1,26.979999542236328,1.0,0.0,0.0
67844,2.0,1,66.35000038146973,1.0,0.0,0.0
67851,2.0,1,78.96999788284302,1.0,0.0,0.0
67852,1.0,1,74.0,1.0,0.0,0.0
67855,2.0,1,163.0,1.0,0.0,0.0
67869,2.0,1,161.10000038146973,1.0,0.0,0.0
67870,1.0,1,77.26000213623048,1.0,0.0,0.0
67875,3.0,1,99.17000198364258,1.0,0.0,0.0
67876,1.0,1,21.280000686645508,1.0,0.0,0.0
67878,1.0,1,48.950000762939446,1.0,0.0,0.0
67881,1.0,1,47.59999847412109,1.0,0.0,0.0
67882,1.0,1,19.989999771118164,1.0,0.0,0.0
67886,1.0,1,11.010000228881836,1.0,0.0,0.0
67888,1.0,1,45.9900016784668,1.0,0.0,0.0
67890,4.0,1,144.7999987602234,1.0,0.0,0.0
67897,2.0,1,144.0,1.0,0.0,0.0
67900,1.0,1,21.450000762939453,1.0,0.0,0.0
67901,1.0,1,27.989999771118164,1.0,0.0,0.0
67903,1.0,1,71.0,1.0,0.0,0.0
67908,1.0,1,19.5,1.0,0.0,0.0
67909,1.0,1,39.0,1.0,0.0,0.0
67912,1.0,1,129.0,1.0,0.0,0.0
67916,3.0,1,138.58999824523926,1.0,0.0,0.0
67917,1.0,1,34.9900016784668,1.0,0.0,0.0
67921,1.0,1,98.0,1.0,0.0,0.0
67925,1.0,1,79.98999786376953,1.0,0.0,0.0
67929,1.0,1,79.5,1.0,0.0,0.0
67930,2.0,1,83.38000106811522,1.0,0.0,0.0
67938,1.0,1,69.5,1.0,0.0,0.0
67940,1.0,2,18.479999542236328,1.0,675.0,0.0
67956,1.0,1,69.98999786376953,1.0,0.0,0.0
67957,1.0,1,45.0,1.0,0.0,0.0
67967,1.0,1,59.9900016784668,1.0,0.0,0.0
67973,1.0,1,15.329999923706056,1.0,0.0,0.0
67975,1.0,1,59.9900016784668,1.0,0.0,0.0
67977,3.0,1,91.55000305175781,1.0,0.0,0.0
67979,1.0,1,39.9900016784668,1.0,0.0,0.0
67980,1.0,1,29.5,1.0,0.0,0.0
67986,2.0,1,104.0,1.0,0.0,0.0
67995,1.0,1,24.0,1.0,0.0,0.0
67998,4.0,1,351.2299995422363,1.0,0.0,0.0
68002,2.0,1,64.13000011444092,1.0,0.0,0.0
68005,1.0,1,44.9900016784668,1.0,0.0,0.0
68006,3.0,1,118.45000076293945,1.0,0.0,0.0
68009,1.6666666666666667,3,96.79333305358887,1.0,419.5,44.54772721475249
68015,3.0,1,91.34000205993652,1.0,0.0,0.0
68016,1.0,1,550.0,1.0,0.0,0.0
68021,1.0,2,39.47500038146973,1.0,720.0,0.0
68022,2.0,1,123.0,1.0,0.0,0.0
68024,1.6666666666666667,3,161.00666681925455,1.0,243.5,289.20667350529794
68026,1.0,1,175.0,1.0,0.0,0.0
68027,2.0,1,37.989999771118164,1.0,0.0,0.0
68054,1.0,1,69.94999694824219,1.0,0.0,0.0
68055,1.5,2,164.6550006866455,1.0,389.0,0.0
68066,1.0,1,64.5,1.0,0.0,0.0
68068,1.0,1,150.41000366210938,1.0,0.0,0.0
68074,1.0,1,29.690000534057617,1.0,0.0,0.0
68075,2.0,1,94.15999794006348,1.0,0.0,0.0
68081,1.0,1,78.0,1.0,0.0,0.0
68086,1.0,1,34.0,1.0,0.0,0.0
68093,2.0,1,100.70999908447266,1.0,0.0,0.0
68100,1.0,1,17.989999771118164,1.0,0.0,0.0
68102,1.0,1,79.98999786376953,1.0,0.0,0.0
68104,1.0,1,43.0,1.0,0.0,0.0
68108,1.0,2,77.49499893188477,1.0,97.0,0.0
68110,1.0,1,25.989999771118164,1.0,0.0,0.0
68112,1.0,1,9.0,1.0,0.0,0.0
68113,1.0,1,39.950000762939446,1.0,0.0,0.0
68114,1.0,1,37.59000015258789,1.0,0.0,0.0
68115,1.0,1,37.9900016784668,1.0,0.0,0.0
68125,1.5,2,100.25,1.0,741.0,0.0
68130,1.0,1,33.95000076293945,1.0,0.0,0.0
68138,1.0,1,22.5,1.0,0.0,0.0
68140,1.0,1,119.0,1.0,0.0,0.0
68159,1.5,1,122.0,2.0,22.0,0.0
68170,1.0,1,34.9900016784668,1.0,0.0,0.0
68172,1.5,2,33.5,1.0,537.0,0.0
68177,1.0,1,19.989999771118164,1.0,0.0,0.0
68178,1.0,1,46.220001220703125,1.0,0.0,0.0
68179,1.0,1,23.0,1.0,0.0,0.0
68181,1.0,1,89.0,1.0,0.0,0.0
68192,2.0,1,72.21000099182129,1.0,0.0,0.0
68196,2.0,1,57.989999771118164,1.0,0.0,0.0
68197,1.0,1,25.0,1.0,0.0,0.0
68201,1.0,2,27.994999885559082,1.0,247.0,0.0
68202,1.0,1,20.0,1.0,0.0,0.0
68210,1.0,1,44.9900016784668,1.0,0.0,0.0
68212,1.0,1,64.98999786376953,1.0,0.0,0.0
68213,1.0,1,9.989999771118164,1.0,0.0,0.0
68215,1.0,1,134.5,1.0,0.0,0.0
68219,4.0,1,119.9300012588501,1.0,0.0,0.0
68220,1.0,1,69.98999786376953,1.0,0.0,0.0
68224,1.0,1,30.309999465942383,1.0,0.0,0.0
68227,1.0,3,34.96666717529297,1.0,971.5,402.34375849514555
68230,1.0,1,21.979999542236328,1.0,0.0,0.0
68231,1.0,1,111.0,1.0,0.0,0.0
68233,1.0,1,169.0,1.0,0.0,0.0
68242,1.0,1,74.98999786376953,1.0,0.0,0.0
68243,2.0,1,68.45000076293945,1.0,0.0,0.0
68249,2.0,1,60.44000244140625,1.0,0.0,0.0
68252,1.5,2,206.48999977111816,1.0,178.0,0.0
68253,1.0,1,24.0,1.0,0.0,0.0
68254,1.0,1,79.98999786376953,1.0,0.0,0.0
68257,1.0,2,87.4950008392334,1.0,137.0,0.0
68261,1.0,1,67.95999908447266,1.0,0.0,0.0
68263,1.0,1,148.99000549316406,1.0,0.0,0.0
68264,4.0,1,163.3400020599365,1.0,0.0,0.0
68266,2.0,1,76.5,1.0,0.0,0.0
68269,4.0,1,308.95999908447266,1.0,0.0,0.0
68272,1.0,1,149.0,1.0,0.0,0.0
68274,1.0,1,128.0,1.0,0.0,0.0
68280,1.5,2,50.22500038146973,1.0,176.0,0.0
68281,1.0,1,44.9900016784668,1.0,0.0,0.0
68283,1.0,1,50.0,1.0,0.0,0.0
68286,3.0,1,35.75,1.0,0.0,0.0
68294,1.0,1,134.3699951171875,1.0,0.0,0.0
68302,1.5,2,34.46500015258789,1.0,16.0,0.0
68306,1.0,1,23.63999938964844,1.0,0.0,0.0
68308,1.0,1,47.9900016784668,1.0,0.0,0.0
68309,1.0,1,54.5,1.0,0.0,0.0
68310,1.0,1,48.0,1.0,0.0,0.0
68312,2.0,1,111.45000076293945,1.0,0.0,0.0
68319,1.0,1,37.950000762939446,1.0,0.0,0.0
68320,1.0,1,41.959999084472656,1.0,0.0,0.0
68321,1.0,1,251.25,1.0,0.0,0.0
68322,1.0,1,10.989999771118164,1.0,0.0,0.0
68325,1.0,1,39.0,1.0,0.0,0.0
68333,1.0,1,198.0,1.0,0.0,0.0
68337,1.0,1,146.05999755859375,1.0,0.0,0.0
68338,1.0,1,10.220000267028809,1.0,0.0,0.0
68345,1.0,1,135.0,1.0,0.0,0.0
68346,1.0,1,36.0,1.0,0.0,0.0
68352,2.0,1,219.98999786376953,1.0,0.0,0.0
68353,1.0,1,25.0,1.0,0.0,0.0
68355,1.0,1,137.5,1.0,0.0,0.0
68356,1.0,1,25.0,1.0,0.0,0.0
68372,3.0,1,77.47000122070312,1.0,0.0,0.0
68376,1.0,1,29.989999771118164,1.0,0.0,0.0
68378,1.0,1,63.59999847412109,1.0,0.0,0.0
68383,1.0,1,38.75,1.0,0.0,0.0
68385,1.0,1,28.0,1.0,0.0,0.0
68396,2.0,1,189.48999786376953,1.0,0.0,0.0
68408,1.0,1,48.400001525878906,1.0,0.0,0.0
68410,1.0,1,48.97999954223633,1.0,0.0,0.0
68417,1.0,1,60.27000045776367,1.0,0.0,0.0
68418,2.0,1,229.95000076293945,1.0,0.0,0.0
68420,3.0,1,90.9000015258789,1.0,0.0,0.0
68421,1.0,1,25.0,1.0,0.0,0.0
68425,1.0,1,46.0,1.0,0.0,0.0
68427,1.0,1,43.950000762939446,1.0,0.0,0.0
68435,1.0,1,28.86000061035156,1.0,0.0,0.0
68443,3.0,1,228.48000717163086,1.0,0.0,0.0
68445,2.0,1,31.989999771118164,1.0,0.0,0.0
68446,1.5,2,65.4950008392334,1.0,615.0,0.0
68449,1.0,1,54.950000762939446,1.0,0.0,0.0
68450,1.0,1,199.9900054931641,1.0,0.0,0.0
68458,1.0,1,240.0,1.0,0.0,0.0
68459,1.0,1,24.950000762939453,1.0,0.0,0.0
68463,1.0,1,46.400001525878906,1.0,0.0,0.0
68471,2.0,2,99.30500030517578,1.0,327.0,0.0
68472,2.0,1,123.88999938964844,1.0,0.0,0.0
68473,2.0,1,99.97999954223633,1.0,0.0,0.0
68476,4.0,1,265.98999977111816,1.0,0.0,0.0
68478,2.0,1,59.989999771118164,1.0,0.0,0.0
68483,2.0,2,79.82500076293945,1.0,234.0,0.0
68485,1.0,1,3.990000009536743,1.0,0.0,0.0
68489,1.0,1,16.950000762939453,1.0,0.0,0.0
68498,3.0,1,107.5,1.0,0.0,0.0
68500,2.0,1,120.97999763488768,1.0,0.0,0.0
68501,1.5,2,61.73999881744384,1.0,925.0,0.0
68502,2.0,1,75.44999980926514,1.0,0.0,0.0
68507,4.0,1,107.0,1.0,0.0,0.0
68508,2.0,1,141.26000022888184,1.0,0.0,0.0
68516,1.0,1,65.0,1.0,0.0,0.0
68517,4.0,1,163.95999908447266,1.0,0.0,0.0
68519,4.0,1,170.96999740600586,1.0,0.0,0.0
68520,1.0,1,176.0,1.0,0.0,0.0
68525,2.0,1,213.5,1.0,0.0,0.0
68528,1.0,1,25.0,1.0,0.0,0.0
68539,1.0,1,13.420000076293944,1.0,0.0,0.0
68540,1.5,2,57.62999820709228,1.0,39.0,0.0
68546,1.0,1,7.989999771118163,1.0,0.0,0.0
68553,1.0,1,7.989999771118163,1.0,0.0,0.0
68562,1.0,1,32.9900016784668,1.0,0.0,0.0
68566,1.0,1,52.0,1.0,0.0,0.0
68567,2.0,1,89.0,1.0,0.0,0.0
68569,2.0,1,174.99000549316406,1.0,0.0,0.0
68571,3.0,1,135.95000076293945,1.0,0.0,0.0
68573,1.0,1,16.0,1.0,0.0,0.0
68577,1.0,1,31.239999771118164,1.0,0.0,0.0
68595,1.0,1,18.420000076293945,1.0,0.0,0.0
68600,1.0,2,28.5,1.0,315.0,0.0
68601,1.0,1,58.5,1.0,0.0,0.0
68602,1.0,1,64.30000305175781,1.0,0.0,0.0
68603,1.0,1,18.989999771118164,1.0,0.0,0.0
68604,2.0,1,27.1299991607666,1.0,0.0,0.0
68608,1.0,2,78.75,1.0,114.0,0.0
68610,1.0,1,65.0,1.0,0.0,0.0
68611,4.0,1,292.439998626709,1.0,0.0,0.0
68614,1.0,1,36.0,1.0,0.0,0.0
68615,1.0,1,48.0,1.0,0.0,0.0
68618,1.0,2,19.039999961853027,1.0,100.0,0.0
68619,1.0,1,36.09000015258789,1.0,0.0,0.0
68626,1.0,1,12.0,1.0,0.0,0.0
68632,1.0,2,41.505001068115234,1.0,61.0,0.0
68640,1.0,1,25.0,1.0,0.0,0.0
68642,1.0,1,99.9800033569336,1.0,0.0,0.0
68645,1.0,1,24.989999771118164,1.0,0.0,0.0
68646,1.0,1,49.950000762939446,1.0,0.0,0.0
68647,1.0,1,20.989999771118164,1.0,0.0,0.0
68653,1.0,1,125.0,1.0,0.0,0.0
68654,1.0,2,76.9749984741211,1.0,663.0,0.0
68657,1.5,2,100.98999977111816,1.0,726.0,0.0
68662,1.0,1,24.5,1.0,0.0,0.0
68670,3.0,1,230.5000057220459,1.0,0.0,0.0
68683,1.0,1,52.0,1.0,0.0,0.0
68686,1.0,1,41.950000762939446,1.0,0.0,0.0
68694,1.0,1,105.0,1.0,0.0,0.0
68708,1.0,1,158.0,1.0,0.0,0.0
68709,1.0,1,14.989999771118164,1.0,0.0,0.0
68711,1.0,1,15.0,1.0,0.0,0.0
68713,2.0,1,99.93999862670898,1.0,0.0,0.0
68715,1.0,2,39.125,1.0,320.0,0.0
68718,1.0,1,34.9900016784668,1.0,0.0,0.0
68721,1.0,2,85.96999931335449,1.0,1505.0,0.0
68727,2.0,1,78.43999862670898,1.0,0.0,0.0
68729,1.0,2,107.53999614715576,1.0,151.0,0.0
68732,1.0,1,25.0,1.0,0.0,0.0
68736,1.0,1,193.94999694824216,1.0,0.0,0.0
68737,1.0,1,29.989999771118164,1.0,0.0,0.0
68740,2.0,1,70.96000099182129,1.0,0.0,0.0
68746,1.0,1,29.989999771118164,1.0,0.0,0.0
68751,1.0,1,18.0,1.0,0.0,0.0
68760,1.0,2,58.5,1.0,924.0,0.0
68761,4.0,1,149.57000160217285,1.0,0.0,0.0
68766,1.0,1,39.9900016784668,1.0,0.0,0.0
68774,4.0,1,355.83000087738037,1.0,0.0,0.0
68776,1.0,1,16.950000762939453,1.0,0.0,0.0
68786,2.0,1,74.4000015258789,1.0,0.0,0.0
68787,2.0,1,222.4900016784668,1.0,0.0,0.0
68788,1.0,1,19.989999771118164,1.0,0.0,0.0
68793,1.0,1,29.989999771118164,1.0,0.0,0.0
68808,1.0,1,29.989999771118164,1.0,0.0,0.0
68809,1.0,1,69.98999786376953,1.0,0.0,0.0
68812,4.0,1,342.1499996185303,1.0,0.0,0.0
68817,1.0,1,64.94999694824219,1.0,0.0,0.0
68821,1.0,1,79.98999786376953,1.0,0.0,0.0
68831,1.5,2,29.989999771118164,1.0,806.0,0.0
68835,1.0,1,50.0,1.0,0.0,0.0
68838,2.0,1,87.7899980545044,1.0,0.0,0.0
68841,1.3333333333333333,3,64.9966672261556,1.0,48.0,22.627416997969522
68847,2.0,1,27.90000057220459,1.0,0.0,0.0
68848,1.3333333333333333,3,49.79666646321615,1.0,220.0,74.95331880577403
68871,2.0,1,255.0,1.0,0.0,0.0
68888,1.5,2,67.36500072479248,1.0,343.0,0.0
68890,1.0,1,75.0,1.0,0.0,0.0
68891,4.0,1,158.95000076293945,1.0,0.0,0.0
68894,1.0,1,89.98999786376953,1.0,0.0,0.0
68895,1.0,1,27.989999771118164,1.0,0.0,0.0
68896,1.0,1,98.75,1.0,0.0,0.0
68900,1.5,2,62.489999771118164,1.0,96.0,0.0
68901,1.0,1,59.950000762939446,1.0,0.0,0.0
68902,1.0,1,53.54999923706056,1.0,0.0,0.0
68905,3.0,1,64.98999977111816,1.0,0.0,0.0
68922,1.5,2,201.11999988555908,1.0,52.0,0.0
68925,1.0,1,171.0,1.0,0.0,0.0
68926,1.0,1,9.899999618530272,1.0,0.0,0.0
68928,3.0,1,110.95000076293945,1.0,0.0,0.0
68929,1.0,1,37.9900016784668,1.0,0.0,0.0
68930,1.0,1,198.83999633789065,1.0,0.0,0.0
68936,1.0,2,25.494999885559082,1.0,190.0,0.0
68937,1.0,2,90.9950008392334,1.0,623.0,0.0
68939,1.0,1,8.989999771118164,1.0,0.0,0.0
68942,1.0,1,398.0,1.0,0.0,0.0
68954,2.0,1,89.9799976348877,1.0,0.0,0.0
68956,1.0,1,59.0,1.0,0.0,0.0
68957,1.0,1,122.59999847412108,1.0,0.0,0.0
68959,1.0,1,69.94999694824219,1.0,0.0,0.0
68960,2.0,1,104.95000076293945,1.0,0.0,0.0
68961,1.0,1,21.89999961853028,1.0,0.0,0.0
68966,1.0,1,39.5,1.0,0.0,0.0
68969,1.0,1,29.989999771118164,1.0,0.0,0.0
68970,1.0,1,31.39999961853028,1.0,0.0,0.0
68971,1.0,1,48.0,1.0,0.0,0.0
68976,4.0,1,203.66999626159668,1.0,0.0,0.0
68977,1.0,1,44.0,1.0,0.0,0.0
68978,1.0,1,129.0,1.0,0.0,0.0
68981,3.0,1,233.28000259399414,1.0,0.0,0.0
68983,1.0,1,79.0,1.0,0.0,0.0
68989,1.0,1,52.5,1.0,0.0,0.0
68990,1.0,1,45.9900016784668,1.0,0.0,0.0
68992,1.0,2,74.22000122070312,1.0,818.0,0.0
68994,1.0,1,59.9900016784668,1.0,0.0,0.0
69015,1.0,1,33.0,1.0,0.0,0.0
69016,1.0,1,59.9900016784668,1.0,0.0,0.0
69019,1.0,1,56.0,1.0,0.0,0.0
69021,1.0,1,78.0,1.0,0.0,0.0
69022,1.0,1,39.5,1.0,0.0,0.0
69025,2.0,1,150.34000205993652,1.0,0.0,0.0
69027,1.0,1,141.0,1.0,0.0,0.0
69028,2.0,1,93.87999916076662,1.0,0.0,0.0
69029,1.0,1,34.0,1.0,0.0,0.0
69030,2.5,2,160.98000049591064,1.0,755.0,0.0
69032,1.0,1,11.989999771118164,1.0,0.0,0.0
69042,1.0,1,114.98999786376952,1.0,0.0,0.0
69044,4.0,1,389.8500003814697,1.0,0.0,0.0
69045,1.0,1,33.9900016784668,1.0,0.0,0.0
69046,1.0,1,127.15000152587892,1.0,0.0,0.0
69048,1.0,2,178.25,1.0,988.0,0.0
69056,1.0,1,29.989999771118164,1.0,0.0,0.0
69060,2.0,1,79.9900016784668,1.0,0.0,0.0
69064,2.0,1,231.96000480651858,1.0,0.0,0.0
69065,1.0,1,39.56999969482422,1.0,0.0,0.0
69070,1.5,2,92.5,1.0,70.0,0.0
69072,1.0,2,67.14500045776367,1.0,162.0,0.0
69079,2.0,1,41.84000110626221,1.0,0.0,0.0
69080,1.0,1,12.210000038146973,1.0,0.0,0.0
69081,1.0,1,40.790000915527344,1.0,0.0,0.0
69087,1.0,1,11.989999771118164,1.0,0.0,0.0
69089,1.0,1,68.0,1.0,0.0,0.0
69090,1.0,1,20.989999771118164,1.0,0.0,0.0
69100,1.0,1,70.98999786376953,1.0,0.0,0.0
69102,1.0,1,39.9900016784668,1.0,0.0,0.0
69103,1.0,1,46.950000762939446,1.0,0.0,0.0
69104,1.0,1,11.899999618530272,1.0,0.0,0.0
69110,1.0,1,299.0,1.0,0.0,0.0
69114,1.0,1,37.950000762939446,1.0,0.0,0.0
69119,2.0,1,49.989999771118164,1.0,0.0,0.0
69126,1.0,1,172.0,1.0,0.0,0.0
69130,1.0,1,29.989999771118164,1.0,0.0,0.0
69132,4.0,1,204.0,1.0,0.0,0.0
69134,1.0,1,13.949999809265137,1.0,0.0,0.0
69135,1.0,1,25.0,1.0,0.0,0.0
69137,1.0,1,55.4900016784668,1.0,0.0,0.0
69138,1.0,1,99.98999786376952,1.0,0.0,0.0
69143,1.0,1,9.75,1.0,0.0,0.0
69152,2.0,1,104.0,1.0,0.0,0.0
69156,1.0,1,29.989999771118164,1.0,0.0,0.0
69159,3.0,1,302.5,1.0,0.0,0.0
69160,2.0,1,59.940001487731934,1.0,0.0,0.0
69168,3.0,1,328.0,1.0,0.0,0.0
69174,1.0,1,64.5,1.0,0.0,0.0
69176,3.0,1,161.9799976348877,1.0,0.0,0.0
69177,2.0,1,47.989999771118164,1.0,0.0,0.0
69178,1.0,1,46.9900016784668,1.0,0.0,0.0
69179,1.0,3,62.496665954589844,1.0,59.5,51.61879502661797
69187,1.0,1,49.9900016784668,1.0,0.0,0.0
69188,1.0,1,43.31999969482422,1.0,0.0,0.0
69190,1.0,1,125.0,1.0,0.0,0.0
69205,2.0,1,170.0,1.0,0.0,0.0
69210,4.0,1,169.2400016784668,1.0,0.0,0.0
69212,1.0,1,22.979999542236328,1.0,0.0,0.0
69215,1.0,1,1.5,1.0,0.0,0.0
69218,1.0,1,28.0,1.0,0.0,0.0
69224,1.0,1,90.0,1.0,0.0,0.0
69227,2.0,1,239.93999671936032,1.0,0.0,0.0
69230,1.5,2,149.2249984741211,1.0,92.0,0.0
69231,1.0,1,39.0,1.0,0.0,0.0
69236,4.0,1,144.86000156402588,1.0,0.0,0.0
69237,2.0,2,111.22000122070312,1.0,40.0,0.0
69241,1.0,1,36.0,1.0,0.0,0.0
69243,3.0,1,148.98999977111816,1.0,0.0,0.0
69249,2.0,1,76.9900016784668,1.0,0.0,0.0
69261,1.0,1,27.989999771118164,1.0,0.0,0.0
69263,1.0,1,34.9900016784668,1.0,0.0,0.0
69268,1.0,1,26.989999771118164,1.0,0.0,0.0
69269,1.0,1,70.0,1.0,0.0,0.0
69280,2.0,1,123.9900016784668,1.0,0.0,0.0
69281,2.0,1,264.0,1.0,0.0,0.0
69284,1.0,1,123.0,1.0,0.0,0.0
69290,1.0,1,181.5,1.0,0.0,0.0
69297,1.5,2,63.21500062942505,1.0,153.0,0.0
69298,2.0,1,57.5,1.0,0.0,0.0
69302,1.0,1,11.989999771118164,1.0,0.0,0.0
69312,1.0,1,79.98999786376953,1.0,0.0,0.0
69313,1.0,1,15.989999771118164,1.0,0.0,0.0
69315,1.0,1,59.9900016784668,1.0,0.0,0.0
69319,1.0,1,35.0,1.0,0.0,0.0
69327,1.0,1,83.76000213623048,1.0,0.0,0.0
69330,1.0,1,19.979999542236328,1.0,0.0,0.0
69336,1.0,1,37.950000762939446,1.0,0.0,0.0
69345,1.0,1,44.0,1.0,0.0,0.0
69346,1.0,1,8.770000457763672,1.0,0.0,0.0
69352,1.0,1,59.0,1.0,0.0,0.0
69354,1.0,1,3.5,1.0,0.0,0.0
69357,2.5,2,112.21500015258789,1.0,402.0,0.0
69362,1.0,1,39.9900016784668,1.0,0.0,0.0
69365,1.0,1,16.56999969482422,1.0,0.0,0.0
69366,1.0,1,189.0,1.0,0.0,0.0
69371,1.0,1,60.0,1.0,0.0,0.0
69374,1.0,1,24.989999771118164,1.0,0.0,0.0
69376,1.0,1,59.5,1.0,0.0,0.0
69382,2.0,1,197.98999977111816,1.0,0.0,0.0
69385,2.0,1,23.809999465942383,1.0,0.0,0.0
69386,1.0,1,88.0,1.0,0.0,0.0
69387,1.0,1,179.0,1.0,0.0,0.0
69388,1.0,1,11.989999771118164,1.0,0.0,0.0
69389,1.0,1,26.040000915527344,1.0,0.0,0.0
69390,1.0,2,23.975000381469727,1.0,23.0,0.0
69404,2.0,1,44.97999954223633,1.0,0.0,0.0
69410,2.0,1,104.0,1.0,0.0,0.0
69412,1.0,1,32.0,1.0,0.0,0.0
69413,2.0,1,44.09000015258789,1.0,0.0,0.0
69419,2.0,1,148.13999938964844,1.0,0.0,0.0
69428,1.0,1,9.989999771118164,1.0,0.0,0.0
69444,4.0,1,173.79999828338623,1.0,0.0,0.0
69448,1.0,1,35.0,1.0,0.0,0.0
69449,1.0,1,78.0,1.0,0.0,0.0
69452,1.0,1,59.450000762939446,1.0,0.0,0.0
69458,1.0,2,18.46500015258789,1.0,84.0,0.0
69468,2.0,1,118.87999725341797,1.0,0.0,0.0
69472,1.0,1,81.0,1.0,0.0,0.0
69473,1.0,1,45.0,1.0,0.0,0.0
69475,2.0,1,165.3400001525879,1.0,0.0,0.0
69478,2.0,1,93.94000244140625,1.0,0.0,0.0
69485,1.0,1,84.5,1.0,0.0,0.0
69494,1.0,1,26.51000022888184,1.0,0.0,0.0
69497,1.0,1,49.9900016784668,1.0,0.0,0.0
69500,1.0,1,295.0,1.0,0.0,0.0
69501,2.0,1,177.98999977111816,1.0,0.0,0.0
69502,1.0,1,55.0,1.0,0.0,0.0
69506,1.0,1,34.310001373291016,1.0,0.0,0.0
69507,1.0,1,57.150001525878906,1.0,0.0,0.0
69509,1.0,2,55.630000591278076,1.0,834.0,0.0
69514,1.0,1,41.9900016784668,1.0,0.0,0.0
69516,1.0,1,17.0,1.0,0.0,0.0
69519,1.5,2,109.82500267028809,1.0,61.0,0.0
69521,4.0,1,165.9800033569336,1.0,0.0,0.0
69522,1.0,1,36.0,1.0,0.0,0.0
69526,1.0,1,64.9000015258789,1.0,0.0,0.0
69529,1.0,1,15.0,1.0,0.0,0.0
69530,2.0,1,23.989999771118164,1.0,0.0,0.0
69538,2.0,1,89.9799976348877,1.0,0.0,0.0
69539,1.0,2,43.30000019073486,1.0,586.0,0.0
69543,1.0,1,36.7599983215332,1.0,0.0,0.0
69547,2.0,1,164.6199951171875,1.0,0.0,0.0
69548,1.0,1,78.0,1.0,0.0,0.0
69557,3.0,1,49.209999084472656,1.0,0.0,0.0
69558,2.0,1,126.63000106811523,1.0,0.0,0.0
69564,1.0,1,19.989999771118164,1.0,0.0,0.0
69567,2.5,2,103.98999977111816,1.0,184.0,0.0
69569,1.0,1,26.989999771118164,1.0,0.0,0.0
69571,1.0,1,69.94999694824219,1.0,0.0,0.0
69578,1.0,2,16.75,1.0,87.0,0.0
69581,2.0,1,30.81999969482422,1.0,0.0,0.0
69586,1.0,1,11.989999771118164,1.0,0.0,0.0
69589,1.0,1,19.950000762939453,1.0,0.0,0.0
69593,1.0,1,33.75,1.0,0.0,0.0
69594,2.0,1,68.9900016784668,1.0,0.0,0.0
69599,3.0,1,208.5,1.0,0.0,0.0
69603,1.0,1,13.920000076293944,1.0,0.0,0.0
69604,2.0,1,154.0,1.0,0.0,0.0
69608,1.0,1,54.9900016784668,1.0,0.0,0.0
69615,1.0,1,43.9900016784668,1.0,0.0,0.0
69617,1.0,1,21.989999771118164,1.0,0.0,0.0
69622,2.0,1,157.19000244140625,1.0,0.0,0.0
69624,1.0,1,79.94999694824217,1.0,0.0,0.0
69629,1.0,1,24.5,1.0,0.0,0.0
69630,1.0,1,29.989999771118164,1.0,0.0,0.0
69632,1.0,1,16.75,1.0,0.0,0.0
69635,1.0,1,29.989999771118164,1.0,0.0,0.0
69642,2.0,1,327.9499969482422,1.0,0.0,0.0
69645,1.0,1,169.99000549316406,1.0,0.0,0.0
69647,1.0,1,198.0,1.0,0.0,0.0
69656,2.0,1,59.0,1.0,0.0,0.0
69658,1.0,1,114.98999786376952,1.0,0.0,0.0
69659,2.0,1,122.25000381469728,1.0,0.0,0.0
69662,1.0,1,99.94999694824216,1.0,0.0,0.0
69663,2.0,1,48.380001068115234,1.0,0.0,0.0
69665,2.0,1,35.0,1.0,0.0,0.0
69670,1.0,1,16.989999771118164,1.0,0.0,0.0
69674,1.0,1,39.9900016784668,1.0,0.0,0.0
69677,2.0,1,82.25,1.0,0.0,0.0
69687,2.0,1,94.73999977111816,1.0,0.0,0.0
69693,1.0,1,25.0,1.0,0.0,0.0
69698,2.0,1,100.8799991607666,1.0,0.0,0.0
69704,1.0,1,179.0,1.0,0.0,0.0
69706,2.0,1,49.4900016784668,1.0,0.0,0.0
69711,1.0,1,54.5,1.0,0.0,0.0
69714,1.0,1,14.949999809265137,1.0,0.0,0.0
69715,1.0,1,10.630000114440918,1.0,0.0,0.0
69718,2.0,1,197.0,1.0,0.0,0.0
69720,1.0,1,9.989999771118164,1.0,0.0,0.0
69729,1.0,1,21.0,1.0,0.0,0.0
69730,1.0,1,11.659999847412108,1.0,0.0,0.0
69731,1.0,1,12.199999809265137,1.0,0.0,0.0
69735,1.0,2,46.72500038146973,1.0,227.0,0.0
69740,1.0,1,44.0,1.0,0.0,0.0
69741,3.0,1,284.5,1.0,0.0,0.0
69743,4.0,1,204.84000205993652,1.0,0.0,0.0
69744,1.0,1,69.98999786376953,1.0,0.0,0.0
69745,4.0,1,256.6599998474121,1.0,0.0,0.0
69747,2.0,1,51.930000305175774,1.0,0.0,0.0
69748,1.0,1,69.5,1.0,0.0,0.0
69751,1.0,1,54.0,1.0,0.0,0.0
69759,1.0,1,14.989999771118164,1.0,0.0,0.0
69760,1.0,1,55.71000099182129,2.0,1.0,0.0
69762,4.0,1,215.7199993133545,1.0,0.0,0.0
69763,1.0,1,79.44999694824217,1.0,0.0,0.0
69767,1.0,1,65.0,1.0,0.0,0.0
69770,4.0,1,188.4700050354004,1.0,0.0,0.0
69772,1.0,1,54.0,1.0,0.0,0.0
69773,1.0,1,120.0,1.0,0.0,0.0
69774,1.0,1,78.0,1.0,0.0,0.0
69778,1.0,1,49.5,1.0,0.0,0.0
69781,1.6666666666666667,3,92.52333386739095,1.0,245.5,154.8563850798539
69792,1.0,2,34.21000003814697,1.0,206.0,0.0
69796,1.0,1,49.0,1.0,0.0,0.0
69797,1.0,1,133.0,1.0,0.0,0.0
69801,3.0,1,72.63999938964844,1.0,0.0,0.0
69802,2.0,1,176.0,1.0,0.0,0.0
69803,1.0,1,50.0,1.0,0.0,0.0
69804,1.0,1,17.899999618530273,1.0,0.0,0.0
69806,1.0,1,32.0,1.0,0.0,0.0
69815,1.0,2,45.5,1.0,459.0,0.0
69816,1.0,1,16.850000381469727,1.0,0.0,0.0
69821,1.5,2,58.18000030517578,1.0,688.0,0.0
69823,2.0,1,54.0,1.0,0.0,0.0
69824,2.0,1,71.45000076293945,1.0,0.0,0.0
69827,1.0,1,8.0,1.0,0.0,0.0
69829,2.0,1,18.43000030517578,1.0,0.0,0.0
69831,2.0,1,77.38999938964844,1.0,0.0,0.0
69835,1.0,1,16.950000762939453,1.0,0.0,0.0
69838,1.0,2,29.4950008392334,1.0,128.0,0.0
69839,1.0,2,152.5,1.0,814.0,0.0
69842,1.0,1,32.95000076293945,1.0,0.0,0.0
69843,1.0,1,34.9900016784668,1.0,0.0,0.0
69856,1.0,1,25.0,1.0,0.0,0.0
69857,1.0,1,40.0,1.0,0.0,0.0
69858,2.0,1,28.9399995803833,1.0,0.0,0.0
69859,1.0,1,13.229999542236328,1.0,0.0,0.0
69866,1.0,1,29.950000762939453,1.0,0.0,0.0
69868,2.0,1,104.47999954223633,1.0,0.0,0.0
69870,1.0,1,89.5,1.0,0.0,0.0
69871,1.0,1,40.9099998474121,1.0,0.0,0.0
69872,1.0,1,39.5,1.0,0.0,0.0
69873,1.0,1,20.950000762939453,1.0,0.0,0.0
69879,1.0,1,99.0,1.0,0.0,0.0
69880,1.0,1,119.0,1.0,0.0,0.0
69884,1.0,1,24.989999771118164,1.0,0.0,0.0
69890,1.0,2,82.5,1.0,457.0,0.0
69892,2.0,1,97.0,1.0,0.0,0.0
69893,3.0,1,106.92000007629395,1.0,0.0,0.0
69897,1.0,1,42.950000762939446,1.0,0.0,0.0
69898,1.0,1,21.989999771118164,1.0,0.0,0.0
69904,1.0,1,62.36000061035156,1.0,0.0,0.0
69906,1.0,1,49.5,1.0,0.0,0.0
69908,2.0,2,94.72500133514404,1.0,1803.0,0.0
69918,2.0,1,30.9399995803833,1.0,0.0,0.0
69919,1.0,2,24.125,1.0,1297.0,0.0
69924,2.0,1,72.9800033569336,1.0,0.0,0.0
69925,1.0,1,39.9900016784668,1.0,0.0,0.0
69926,1.0,1,43.150001525878906,1.0,0.0,0.0
69927,1.5,2,115.47500038146973,1.0,121.0,0.0
69930,1.0,1,9.270000457763674,1.0,0.0,0.0
69937,1.0,1,25.0,1.0,0.0,0.0
69939,2.0,1,69.0,1.0,0.0,0.0
69950,1.0,1,11.989999771118164,1.0,0.0,0.0
69952,1.0,1,13.0,1.0,0.0,0.0
69956,1.0,1,49.5,1.0,0.0,0.0
69960,1.0,1,23.0,1.0,0.0,0.0
69963,3.0,1,131.0099983215332,1.0,0.0,0.0
69965,1.0,1,18.350000381469727,1.0,0.0,0.0
69968,2.0,1,32.760000228881836,1.0,0.0,0.0
69971,1.0,1,16.049999237060547,1.0,0.0,0.0
69972,1.0,1,30.0,1.0,0.0,0.0
69973,1.0,1,89.98999786376953,1.0,0.0,0.0
69980,1.0,1,130.0,1.0,0.0,0.0
69984,1.0,1,13.989999771118164,1.0,0.0,0.0
69989,2.0,1,373.9499969482422,1.0,0.0,0.0
69990,1.0,1,59.9900016784668,1.0,0.0,0.0
69996,1.0,1,13.9399995803833,1.0,0.0,0.0
70003,4.0,1,253.32999992370605,1.0,0.0,0.0
70007,1.0,1,14.56999969482422,1.0,0.0,0.0
70008,1.5,2,219.17500114440918,1.0,43.0,0.0
70022,1.0,1,49.9900016784668,1.0,0.0,0.0
70024,1.0,1,10.0,1.0,0.0,0.0
70025,3.0,3,225.20333353678384,1.0,154.5,181.7264427649427
70033,1.0,1,145.0,1.0,0.0,0.0
70034,1.0,1,28.0,1.0,0.0,0.0
70043,2.5,2,208.48999977111816,1.0,720.0,0.0
70044,3.0,1,109.0,1.0,0.0,0.0
70055,1.0,1,11.0,1.0,0.0,0.0
70071,3.0,1,629.4500007629395,1.0,0.0,0.0
70077,1.0,1,52.0,1.0,0.0,0.0
70080,1.0,1,13.960000038146973,1.0,0.0,0.0
70086,1.0,1,12.649999618530272,1.0,0.0,0.0
70090,1.0,1,24.989999771118164,1.0,0.0,0.0
70092,1.0,1,54.4900016784668,1.0,0.0,0.0
70094,3.0,1,82.78000020980835,1.0,0.0,0.0
70097,1.0,1,54.9900016784668,1.0,0.0,0.0
70102,2.0,1,114.95000076293945,1.0,0.0,0.0
70103,1.0,1,31.450000762939453,1.0,0.0,0.0
70104,1.0,1,36.16999816894531,1.0,0.0,0.0
70107,2.0,1,126.27000045776367,1.0,0.0,0.0
70110,1.0,1,4.840000152587891,1.0,0.0,0.0
70111,4.0,1,173.26999855041504,1.0,0.0,0.0
70116,1.0,1,90.0,1.0,0.0,0.0
70117,1.0,1,28.950000762939453,1.0,0.0,0.0
70118,1.0,1,99.0,1.0,0.0,0.0
70119,1.0,1,20.0,1.0,0.0,0.0
70128,2.0,1,184.0,1.0,0.0,0.0
70133,1.0,1,24.5,1.0,0.0,0.0
70135,1.0,1,35.4900016784668,1.0,0.0,0.0
70144,1.0,1,114.75,1.0,0.0,0.0
70145,1.0,1,189.0,1.0,0.0,0.0
70148,2.0,1,94.44000148773193,2.0,1.0,0.0
70160,1.5,2,82.49000263214111,1.0,41.0,0.0
70169,1.0,1,98.0,1.0,0.0,0.0
70171,1.0,2,36.22000026702881,1.0,294.0,0.0
70176,3.0,2,212.12499809265137,1.0,826.0,0.0
70177,1.0,1,54.0,1.0,0.0,0.0
70178,1.0,2,46.5,1.0,506.0,0.0
70186,1.0,1,98.0,1.0,0.0,0.0
70187,1.0,2,120.97499847412108,1.0,772.0,0.0
70191,1.0,1,39.0,1.0,0.0,0.0
70192,1.0,1,78.0,1.0,0.0,0.0
70197,1.0,1,22.21999931335449,1.0,0.0,0.0
70199,1.0,1,47.16999816894531,1.0,0.0,0.0
70201,1.0,1,39.5,1.0,0.0,0.0
70209,1.0,1,99.0,1.0,0.0,0.0
70211,1.0,1,38.0,1.0,0.0,0.0
70215,2.0,1,46.989999771118164,1.0,0.0,0.0
70229,1.0,1,35.029998779296875,1.0,0.0,0.0
70233,1.0,1,90.0,1.0,0.0,0.0
70239,1.0,1,17.0,1.0,0.0,0.0
70241,1.0,1,12.010000228881836,1.0,0.0,0.0
70244,1.0,2,26.994999885559082,1.0,25.0,0.0
70250,2.0,1,54.9900016784668,1.0,0.0,0.0
70267,2.0,1,99.90000152587889,1.0,0.0,0.0
70268,1.0,1,77.98999786376953,1.0,0.0,0.0
70274,1.0,1,99.0,1.0,0.0,0.0
70285,2.0,1,22.960000038146973,1.0,0.0,0.0
70288,1.0,1,38.450000762939446,1.0,0.0,0.0
70300,1.0,1,66.5,1.0,0.0,0.0
70301,1.0,1,15.0,1.0,0.0,0.0
70305,1.0,1,16.989999771118164,1.0,0.0,0.0
70312,1.0,1,42.97999954223633,1.0,0.0,0.0
70314,1.0,1,100.0,1.0,0.0,0.0
70319,1.0,1,48.9900016784668,1.0,0.0,0.0
70320,1.0,1,44.5099983215332,1.0,0.0,0.0
70336,1.0,1,15.0,1.0,0.0,0.0
70349,1.0,1,44.9900016784668,1.0,0.0,0.0
70352,1.0,1,48.400001525878906,1.0,0.0,0.0
70360,1.0,1,62.68999862670898,1.0,0.0,0.0
70363,1.0,1,100.0,1.0,0.0,0.0
70364,1.0,2,63.404998779296875,1.0,354.0,0.0
70373,1.0,1,19.89999961853028,1.0,0.0,0.0
70375,3.0,1,245.17000198364258,1.0,0.0,0.0
70376,2.0,1,108.06999969482422,1.0,0.0,0.0
70377,2.5,2,157.70999908447266,1.0,592.0,0.0
70380,1.0,1,59.56999969482422,1.0,0.0,0.0
70383,1.0,1,14.989999771118164,1.0,0.0,0.0
70384,1.0,2,70.23999977111816,1.0,520.0,0.0
70388,3.0,1,381.1699924468994,1.0,0.0,0.0
70389,1.0,1,50.0,1.0,0.0,0.0
70395,1.0,2,41.0,1.0,111.0,0.0
70398,2.0,1,349.9799919128418,1.0,0.0,0.0
70399,1.0,1,20.0,1.0,0.0,0.0
70402,1.0,2,32.96000099182129,1.0,672.0,0.0
70403,1.0,1,100.0,1.0,0.0,0.0
70404,1.0,1,179.9499969482422,1.0,0.0,0.0
70406,1.0,1,33.9900016784668,1.0,0.0,0.0
70408,1.0,1,108.0,1.0,0.0,0.0
70409,1.0,1,97.63999938964844,1.0,0.0,0.0
70411,1.0,1,59.5,1.0,0.0,0.0
70413,1.0,1,33.209999084472656,1.0,0.0,0.0
70415,2.0,1,208.5,1.0,0.0,0.0
70418,1.0,1,149.0,1.0,0.0,0.0
70423,3.0,1,234.20000076293945,1.0,0.0,0.0
70424,1.5,2,194.48499965667725,1.0,72.0,0.0
70434,1.0,1,20.950000762939453,1.0,0.0,0.0
70438,1.0,1,8.0,1.0,0.0,0.0
70440,1.0,2,61.14500045776367,1.0,50.0,0.0
70444,3.0,1,176.73999977111816,1.0,0.0,0.0
70446,1.0,1,14.989999771118164,1.0,0.0,0.0
70447,1.0,1,49.9900016784668,1.0,0.0,0.0
70448,3.0,1,149.4900016784668,1.0,0.0,0.0
70450,1.0,1,49.9900016784668,1.0,0.0,0.0
70454,1.0,1,69.5,1.0,0.0,0.0
70457,4.0,1,121.8799991607666,1.0,0.0,0.0
70470,1.0,1,49.5,1.0,0.0,0.0
70471,1.0,1,36.9900016784668,1.0,0.0,0.0
70480,1.0,1,7.9099998474121085,1.0,0.0,0.0
70493,1.0,1,49.5,1.0,0.0,0.0
70500,1.0,1,179.0,1.0,0.0,0.0
70504,1.0,2,27.49000072479248,1.0,180.0,0.0
70511,3.0,1,91.13999843597412,1.0,0.0,0.0
70514,2.0,1,173.0,1.0,0.0,0.0
70518,1.0,1,65.0,1.0,0.0,0.0
70523,1.0,1,25.0,1.0,0.0,0.0
70525,1.0,1,31.89999961853028,1.0,0.0,0.0
70527,1.0,2,11.489999771118164,1.0,624.0,0.0
70528,2.0,1,40.989999771118164,1.0,0.0,0.0
70529,1.0,1,18.0,1.0,0.0,0.0
70538,1.0,1,334.0,1.0,0.0,0.0
70553,2.0,1,70.15999984741211,1.0,0.0,0.0
70556,1.0,2,28.97000026702881,1.0,158.0,0.0
70559,4.0,1,234.4500026702881,1.0,0.0,0.0
70562,1.0,1,50.0,1.0,0.0,0.0
70563,1.0,1,30.950000762939453,1.0,0.0,0.0
70564,1.0,1,29.0,1.0,0.0,0.0
70567,1.0,1,35.720001220703125,1.0,0.0,0.0
70568,2.0,1,69.20000076293945,1.0,0.0,0.0
70569,1.0,1,16.989999771118164,1.0,0.0,0.0
70575,3.0,1,108.98999977111816,1.0,0.0,0.0
70577,2.0,1,73.0,1.0,0.0,0.0
70579,1.0,1,25.0,1.0,0.0,0.0
70580,2.0,1,49.97999954223633,1.0,0.0,0.0
70581,1.0,1,40.0,1.0,0.0,0.0
70584,2.0,1,53.9900016784668,1.0,0.0,0.0
70589,2.0,2,42.739999771118164,1.0,214.0,0.0
70590,1.0,1,51.0,1.0,0.0,0.0
70593,1.0,1,55.0,1.0,0.0,0.0
70598,1.0,1,23.979999542236328,1.0,0.0,0.0
70599,1.0,1,25.0,1.0,0.0,0.0
70600,1.0,1,47.130001068115234,1.0,0.0,0.0
70601,1.0,1,18.5,1.0,0.0,0.0
70614,1.0,1,26.989999771118164,1.0,0.0,0.0
70617,2.0,2,407.0,1.0,359.0,0.0
70618,1.0,1,69.98999786376953,1.0,0.0,0.0
70619,1.0,1,3.950000047683716,1.0,0.0,0.0
70624,2.0,1,177.98999786376953,1.0,0.0,0.0
70625,1.0,1,87.88999938964845,1.0,0.0,0.0
70633,1.0,1,94.94999694824216,1.0,0.0,0.0
70638,1.5,2,116.97000122070312,1.0,439.0,0.0
70640,1.0,1,54.950000762939446,1.0,0.0,0.0
70652,1.0,1,28.049999237060547,1.0,0.0,0.0
70658,1.0,1,14.989999771118164,1.0,0.0,0.0
70664,1.0,1,25.0,1.0,0.0,0.0
70672,2.0,1,196.0,1.0,0.0,0.0
70673,1.0,1,21.950000762939453,1.0,0.0,0.0
70675,1.0,1,10.109999656677246,1.0,0.0,0.0
70676,1.0,1,26.0,1.0,0.0,0.0
70678,4.0,1,179.98999977111816,1.0,0.0,0.0
70682,4.0,1,152.7999973297119,1.0,0.0,0.0
70683,1.0,1,25.950000762939453,1.0,0.0,0.0
70684,2.0,1,117.54999732971193,1.0,0.0,0.0
70688,2.0,1,74.98999977111816,1.0,0.0,0.0
70689,1.0,1,69.5,1.0,0.0,0.0
70694,1.0,1,8.989999771118164,1.0,0.0,0.0
70696,1.0,1,69.98999786376953,1.0,0.0,0.0
70697,4.0,1,232.95000171661377,1.0,0.0,0.0
70698,2.0,1,75.98999977111816,1.0,0.0,0.0
70708,1.0,1,25.0,1.0,0.0,0.0
70712,2.0,1,89.9900016784668,1.0,0.0,0.0
70715,1.0,1,188.25,1.0,0.0,0.0
70720,1.0,1,19.5,1.0,0.0,0.0
70730,1.0,1,183.75,1.0,0.0,0.0
70732,1.0,1,35.0,1.0,0.0,0.0
70733,1.0,1,98.0,1.0,0.0,0.0
70735,4.0,1,165.410005569458,1.0,0.0,0.0
70739,1.0,1,45.9900016784668,1.0,0.0,0.0
70747,3.0,1,62.70000076293945,1.0,0.0,0.0
70753,1.0,1,22.989999771118164,1.0,0.0,0.0
70756,2.5,2,234.38500118255615,1.0,322.0,0.0
70763,1.0,1,128.0,1.0,0.0,0.0
70764,1.0,2,59.46500015258789,1.0,91.0,0.0
70766,1.0,1,49.0,1.0,0.0,0.0
70769,4.0,1,272.4499969482422,1.0,0.0,0.0
70773,1.5,2,66.55999898910522,1.0,13.0,0.0
70777,1.0,1,35.0,1.0,0.0,0.0
70786,1.0,1,110.0,1.0,0.0,0.0
70787,2.5,2,126.75000047683716,1.0,171.0,0.0
70794,1.0,1,24.61000061035156,1.0,0.0,0.0
70797,1.0,1,59.9900016784668,1.0,0.0,0.0
70798,1.0,1,34.9900016784668,1.0,0.0,0.0
70799,1.0,1,34.9900016784668,1.0,0.0,0.0
70800,1.0,1,36.0,1.0,0.0,0.0
70807,1.0,1,39.9900016784668,1.0,0.0,0.0
70814,1.0,1,250.0,1.0,0.0,0.0
70815,2.0,1,79.9900016784668,1.0,0.0,0.0
70817,1.0,1,189.0,1.0,0.0,0.0
70820,1.0,1,19.5,1.0,0.0,0.0
70825,2.0,1,60.98000144958496,1.0,0.0,0.0
70826,3.0,1,73.0,1.0,0.0,0.0
70829,2.0,1,61.989999771118164,1.0,0.0,0.0
70832,1.0,1,38.5,1.0,0.0,0.0
70834,1.0,1,36.0,1.0,0.0,0.0
70839,1.0,1,131.99000549316406,1.0,0.0,0.0
70850,1.0,1,16.0,1.0,0.0,0.0
70855,2.0,1,82.3499984741211,1.0,0.0,0.0
70861,1.0,1,228.0,1.0,0.0,0.0
70864,1.0,1,12.0,1.0,0.0,0.0
70866,1.0,1,30.0,1.0,0.0,0.0
70868,2.0,1,84.72999954223633,1.0,0.0,0.0
70881,4.0,1,191.77999877929688,1.0,0.0,0.0
70884,2.5,2,146.9749984741211,1.0,40.0,0.0
70891,1.0,2,60.0,1.0,576.0,0.0
70892,1.0,1,9.989999771118164,1.0,0.0,0.0
70895,1.0,1,65.0,1.0,0.0,0.0
70904,2.0,1,90.16999816894531,1.0,0.0,0.0
70905,2.0,1,144.5,1.0,0.0,0.0
70909,1.0,1,25.0,1.0,0.0,0.0
70913,1.0,1,33.90999984741211,1.0,0.0,0.0
70914,2.0,1,43.93000030517578,1.0,0.0,0.0
70918,1.0,2,65.98500061035156,1.0,475.0,0.0
70919,1.0,1,15.880000114440918,1.0,0.0,0.0
70921,1.0,1,28.75,1.0,0.0,0.0
70926,1.0,1,12.0,1.0,0.0,0.0
70928,1.0,1,17.799999237060547,1.0,0.0,0.0
70933,1.6666666666666667,3,180.9933319091797,1.0,490.5,458.91230099006935
70935,1.0,1,69.0,1.0,0.0,0.0
70937,1.0,1,27.950000762939453,1.0,0.0,0.0
70940,1.0,1,35.720001220703125,1.0,0.0,0.0
70941,1.0,1,65.0,1.0,0.0,0.0
70950,1.0,2,40.96500015258789,1.0,1389.0,0.0
70954,1.0,1,10.979999542236328,1.0,0.0,0.0
70967,1.0,1,38.9900016784668,1.0,0.0,0.0
70969,2.0,1,182.93999671936035,1.0,0.0,0.0
70973,2.0,1,95.98999977111816,1.0,0.0,0.0
70977,1.0,1,18.989999771118164,1.0,0.0,0.0
70980,1.0,1,45.0,1.0,0.0,0.0
70982,1.0,1,160.0,1.0,0.0,0.0
70985,2.0,1,81.98999977111816,1.0,0.0,0.0
70987,2.0,1,49.0,1.0,0.0,0.0
70989,1.0,1,49.930000305175774,1.0,0.0,0.0
70991,3.5,2,285.9149966239929,1.0,23.0,0.0
70992,2.0,1,372.5,1.0,0.0,0.0
71000,1.0,1,13.989999771118164,1.0,0.0,0.0
71002,2.0,1,91.0,1.0,0.0,0.0
71004,1.0,1,383.0,1.0,0.0,0.0
71009,4.0,1,372.310001373291,1.0,0.0,0.0
71013,1.0,1,13.949999809265137,1.0,0.0,0.0
71018,4.0,1,130.34000205993652,1.0,0.0,0.0
71022,2.0,1,94.0,1.0,0.0,0.0
71025,1.0,1,98.0,1.0,0.0,0.0
71027,1.0,1,99.0,1.0,0.0,0.0
71028,1.0,1,75.0,1.0,0.0,0.0
71030,1.0,2,49.4950008392334,1.0,118.0,0.0
71033,1.0,1,34.9900016784668,1.0,0.0,0.0
71038,1.0,1,60.0,1.0,0.0,0.0
71047,1.0,1,19.89999961853028,1.0,0.0,0.0
71048,1.0,1,903.0,1.0,0.0,0.0
71052,2.0,1,211.98999786376953,1.0,0.0,0.0
71054,1.0,1,65.0,1.0,0.0,0.0
71055,1.0,1,55.0,1.0,0.0,0.0
71061,3.0,1,189.43999862670898,1.0,0.0,0.0
71064,1.0,1,69.94999694824219,1.0,0.0,0.0
71066,3.0,1,307.87000274658203,1.0,0.0,0.0
71067,1.0,1,74.0,1.0,0.0,0.0
71069,1.0,1,48.97999954223633,1.0,0.0,0.0
71075,1.0,1,18.950000762939453,1.0,0.0,0.0
71076,1.0,1,74.98999786376953,1.0,0.0,0.0
71081,2.0,1,105.5,1.0,0.0,0.0
71085,1.0,1,34.9900016784668,1.0,0.0,0.0
71086,2.0,1,87.98999977111816,1.0,0.0,0.0
71091,1.0,1,101.0,1.0,0.0,0.0
71092,1.0,1,230.13999938964844,1.0,0.0,0.0
71095,1.0,1,85.41999816894531,1.0,0.0,0.0
71097,1.0,1,142.27000427246094,1.0,0.0,0.0
71099,2.0,1,314.0,1.0,0.0,0.0
71101,2.0,1,128.48999977111816,1.0,0.0,0.0
71104,1.0,1,125.0,1.0,0.0,0.0
71121,1.0,1,62.0,1.0,0.0,0.0
71127,1.0,1,12.989999771118164,1.0,0.0,0.0
71135,1.0,1,164.0,1.0,0.0,0.0
71137,1.0,1,42.0,1.0,0.0,0.0
71141,2.0,1,183.0,1.0,0.0,0.0
71143,1.0,1,139.0,1.0,0.0,0.0
71145,1.0,1,71.69999694824219,1.0,0.0,0.0
71146,1.0,1,36.0,1.0,0.0,0.0
71148,1.0,1,24.64999961853028,1.0,0.0,0.0
71153,1.0,1,53.0,1.0,0.0,0.0
71157,3.0,1,47.53999900817871,1.0,0.0,0.0
71159,3.0,1,603.989990234375,1.0,0.0,0.0
71161,1.0,2,44.32500076293945,1.0,144.0,0.0
71162,1.0,1,40.0,1.0,0.0,0.0
71171,1.5,2,175.75,1.0,150.0,0.0
71172,1.0,1,25.989999771118164,1.0,0.0,0.0
71174,1.0,1,48.950000762939446,1.0,0.0,0.0
71183,1.5,2,92.25,1.0,572.0,0.0
71184,1.0,1,28.989999771118164,1.0,0.0,0.0
71187,1.0,1,25.0,1.0,0.0,0.0
71188,1.0,1,15.0,1.0,0.0,0.0
71192,1.0,1,99.0,1.0,0.0,0.0
71193,1.0,1,69.5,1.0,0.0,0.0
71194,1.0,1,16.010000228881836,1.0,0.0,0.0
71195,1.5,2,49.39999961853027,1.0,180.0,0.0
71196,1.0,1,45.08000183105469,1.0,0.0,0.0
71205,1.0,1,81.0,1.0,0.0,0.0
71209,1.0,2,30.5,1.0,328.0,0.0
71210,1.0,1,37.7400016784668,1.0,0.0,0.0
71213,3.0,1,105.57000160217285,1.0,0.0,0.0
71215,2.0,1,90.45000076293945,1.0,0.0,0.0
71226,1.0,1,81.9000015258789,1.0,0.0,0.0
71227,1.0,1,88.0,1.0,0.0,0.0
71230,1.0,1,38.9900016784668,1.0,0.0,0.0
71233,1.0,1,40.59999847412109,1.0,0.0,0.0
71235,1.0,2,26.25,1.0,744.0,0.0
71236,1.0,1,73.0,1.0,0.0,0.0
71243,1.0,1,25.0,1.0,0.0,0.0
71245,1.0,1,148.0,1.0,0.0,0.0
71248,1.0,1,196.0,1.0,0.0,0.0
71253,2.0,2,59.8700008392334,1.0,423.0,0.0
71261,1.0,2,76.2249984741211,1.0,846.0,0.0
71268,1.6666666666666667,3,80.97333335876463,1.0,678.5,37.476659402887016
71275,3.0,1,297.9499969482422,1.0,0.0,0.0
71277,2.0,1,74.9200029373169,1.0,0.0,0.0
71279,3.0,1,79.2400016784668,1.0,0.0,0.0
71281,1.0,1,316.6000061035156,1.0,0.0,0.0
71282,1.0,1,19.21999931335449,1.0,0.0,0.0
71294,1.0,1,39.5,1.0,0.0,0.0
71296,4.0,1,88.61999893188477,1.0,0.0,0.0
71297,1.0,1,27.89999961853028,1.0,0.0,0.0
71305,1.0,1,29.209999084472656,1.0,0.0,0.0
71314,1.0,1,88.0,1.0,0.0,0.0
71316,1.0,1,136.0,1.0,0.0,0.0
71325,2.0,1,84.67000007629395,1.0,0.0,0.0
71328,4.0,1,254.13999938964844,1.0,0.0,0.0
71329,2.0,1,69.88999938964844,1.0,0.0,0.0
71330,1.0,1,16.5,1.0,0.0,0.0
71334,2.0,1,109.96000289916992,1.0,0.0,0.0
71335,1.0,1,36.880001068115234,1.0,0.0,0.0
71344,1.0,1,19.840000152587887,1.0,0.0,0.0
71353,2.0,1,41.95000076293945,1.0,0.0,0.0
71355,2.0,1,49.889999389648445,1.0,0.0,0.0
71357,1.0,1,49.950000762939446,1.0,0.0,0.0
71359,1.0,1,94.0,1.0,0.0,0.0
71362,2.0,1,104.91000366210938,1.0,0.0,0.0
71364,3.0,1,66.93000030517578,1.0,0.0,0.0
71376,2.0,1,137.95000076293945,1.0,0.0,0.0
71382,1.0,1,118.0,1.0,0.0,0.0
71385,3.0,1,223.9800033569336,1.0,0.0,0.0
71389,1.0,1,20.950000762939453,1.0,0.0,0.0
71393,2.0,1,87.97999954223633,1.0,0.0,0.0
71395,1.0,1,19.950000762939453,1.0,0.0,0.0
71402,2.0,1,54.94000053405762,1.0,0.0,0.0
71404,1.0,1,49.5,1.0,0.0,0.0
71407,4.0,1,375.0,1.0,0.0,0.0
71409,1.0,1,40.0,1.0,0.0,0.0
71411,1.0,1,25.0,1.0,0.0,0.0
71413,1.0,1,108.0,1.0,0.0,0.0
71414,1.0,1,34.95000076293945,1.0,0.0,0.0
71418,1.0,1,23.86000061035156,1.0,0.0,0.0
71419,1.0,2,44.0,1.0,316.0,0.0
71423,1.0,1,22.5,1.0,0.0,0.0
71424,2.0,1,299.5,1.0,0.0,0.0
71426,1.0,1,46.0,1.0,0.0,0.0
71433,4.0,1,107.22999954223633,1.0,0.0,0.0
71434,2.0,1,73.95000076293945,1.0,0.0,0.0
71437,1.5,2,43.489999771118164,1.0,46.0,0.0
71439,2.0,1,37.9399995803833,1.0,0.0,0.0
71440,1.0,1,50.0,1.0,0.0,0.0
71445,1.0,1,20.0,1.0,0.0,0.0
71446,4.0,1,354.7799987792969,1.0,0.0,0.0
71452,1.0,1,36.0,1.0,0.0,0.0
71455,1.5,2,171.9749984741211,1.0,1652.0,0.0
71457,2.0,1,84.4900016784668,1.0,0.0,0.0
71461,1.0,1,18.96999931335449,1.0,0.0,0.0
71462,1.0,1,175.0,1.0,0.0,0.0
71464,2.0,1,51.39000129699707,1.0,0.0,0.0
71465,1.0,1,49.0,1.0,0.0,0.0
71466,1.0,1,39.9900016784668,1.0,0.0,0.0
71470,1.0,1,18.0,1.0,0.0,0.0
71472,1.0,1,36.0,1.0,0.0,0.0
71476,1.0,1,20.8799991607666,1.0,0.0,0.0
71479,1.0,2,117.47499990463257,1.0,422.0,0.0
71483,1.5,2,72.1949987411499,1.0,436.0,0.0
71485,1.0,1,75.0,1.0,0.0,0.0
71490,1.0,1,69.98999786376953,1.0,0.0,0.0
71498,1.0,1,21.989999771118164,1.0,0.0,0.0
71499,2.0,1,153.0,1.0,0.0,0.0
71509,1.0,1,6.989999771118164,1.0,0.0,0.0
71510,1.0,1,58.5,1.0,0.0,0.0
71515,2.0,1,97.9799976348877,1.0,0.0,0.0
71524,1.0,1,120.69000244140624,1.0,0.0,0.0
71528,1.0,1,129.0,1.0,0.0,0.0
71533,1.0,1,68.6500015258789,1.0,0.0,0.0
71536,1.0,1,9.270000457763674,1.0,0.0,0.0
71537,1.0,1,145.0,1.0,0.0,0.0
71543,1.0,1,100.0,1.0,0.0,0.0
71549,1.0,1,209.0,1.0,0.0,0.0
71553,1.0,1,98.0,1.0,0.0,0.0
71556,1.0,1,59.9900016784668,1.0,0.0,0.0
71559,1.0,1,36.0,1.0,0.0,0.0
71564,1.0,1,30.0,1.0,0.0,0.0
71569,1.0,1,65.0,1.0,0.0,0.0
71577,1.0,2,219.35000610351562,1.0,744.0,0.0
71580,2.0,1,104.5,1.0,0.0,0.0
71582,1.0,1,17.989999771118164,1.0,0.0,0.0
71584,1.0,1,36.9900016784668,1.0,0.0,0.0
71588,1.0,1,99.88999938964844,1.0,0.0,0.0
71595,1.5,2,45.97000026702881,1.0,233.0,0.0
71603,2.5,2,76.11000061035156,1.0,118.0,0.0
71605,1.0,1,41.9900016784668,1.0,0.0,0.0
71610,1.0,1,55.0,1.0,0.0,0.0
71611,1.0,1,39.9900016784668,1.0,0.0,0.0
71619,1.0,1,75.98999786376953,1.0,0.0,0.0
71620,1.0,1,16.799999237060547,1.0,0.0,0.0
71635,1.0,1,49.9900016784668,1.0,0.0,0.0
71647,1.0,1,18.6200008392334,1.0,0.0,0.0
71650,1.0,1,29.950000762939453,1.0,0.0,0.0
71658,1.0,1,230.0,1.0,0.0,0.0
71661,1.0,1,23.989999771118164,1.0,0.0,0.0
71662,2.0,2,46.640000343322754,1.0,53.0,0.0
71664,2.0,2,247.96000003814697,1.0,266.0,0.0
71665,2.0,1,30.15999984741211,1.0,0.0,0.0
71676,1.0,1,60.93999862670898,1.0,0.0,0.0
71680,1.0,1,78.09000015258789,2.0,6.0,0.0
71681,2.0,1,61.720001220703125,1.0,0.0,0.0
71682,1.0,1,19.989999771118164,1.0,0.0,0.0
71686,1.0,1,43.54999923706056,1.0,0.0,0.0
71687,1.0,1,47.9900016784668,1.0,0.0,0.0
71691,1.0,1,109.34999847412108,1.0,0.0,0.0
71692,2.0,1,139.45000076293945,1.0,0.0,0.0
71702,1.0,1,25.5,1.0,0.0,0.0
71703,2.0,1,183.0,1.0,0.0,0.0
71705,1.0,1,40.0,1.0,0.0,0.0
71709,1.0,1,17.450000762939453,1.0,0.0,0.0
71719,1.0,1,21.989999771118164,1.0,0.0,0.0
71725,1.0,1,26.0,1.0,0.0,0.0
71731,3.0,1,105.19000053405763,1.0,0.0,0.0
71733,1.0,2,19.5,1.0,445.0,0.0
71742,1.0,1,64.98999786376953,1.0,0.0,0.0
71743,2.0,1,159.36999893188477,1.0,0.0,0.0
71745,1.0,1,34.040000915527344,1.0,0.0,0.0
71747,1.0,1,39.9900016784668,1.0,0.0,0.0
71749,2.0,2,41.850001096725464,1.0,79.0,0.0
71755,1.0,1,36.0,1.0,0.0,0.0
71756,1.0,1,39.5,1.0,0.0,0.0
71768,1.0,1,11.600000381469728,1.0,0.0,0.0
71773,1.5,2,107.0,1.0,10.0,0.0
71774,1.0,1,60.0,1.0,0.0,0.0
71775,1.0,1,28.0,1.0,0.0,0.0
71777,1.0,1,55.0,1.0,0.0,0.0
71783,1.0,1,27.89999961853028,1.0,0.0,0.0
71787,1.0,1,20.989999771118164,1.0,0.0,0.0
71789,1.0,1,29.989999771118164,1.0,0.0,0.0
71793,1.0,1,25.0,1.0,0.0,0.0
71796,1.0,1,34.9900016784668,1.0,0.0,0.0
71797,2.5,2,170.48999977111816,1.0,28.0,0.0
71802,1.0,1,39.5,1.0,0.0,0.0
71805,1.0,1,29.989999771118164,1.0,0.0,0.0
71807,1.0,1,45.0,1.0,0.0,0.0
71813,2.0,1,84.44999694824219,1.0,0.0,0.0
71821,1.5,2,112.49499893188477,1.0,199.0,0.0
71825,1.0,1,41.950000762939446,1.0,0.0,0.0
71831,1.0,1,13.989999771118164,1.0,0.0,0.0
71840,1.0,1,32.0,1.0,0.0,0.0
71850,1.0,1,54.5,1.0,0.0,0.0
71852,2.0,1,174.5,1.0,0.0,0.0
71853,1.0,1,44.9900016784668,1.0,0.0,0.0
71854,1.0,1,25.0,1.0,0.0,0.0
71856,1.0,1,44.0,1.0,0.0,0.0
71862,1.0,1,58.9099998474121,1.0,0.0,0.0
71865,2.0,1,80.0,1.0,0.0,0.0
71868,1.0,1,98.0,1.0,0.0,0.0
71870,3.0,1,141.5,1.0,0.0,0.0
71873,1.0,1,50.950000762939446,1.0,0.0,0.0
71876,1.3333333333333333,3,108.78000005086263,1.0,932.0,42.42640687119285
71877,2.0,1,188.0,1.0,0.0,0.0
71879,1.6666666666666667,3,69.8533353805542,1.0,293.5,269.4076836320746
71885,1.0,1,75.0,1.0,0.0,0.0
71889,1.0,1,189.0,1.0,0.0,0.0
71890,1.0,1,101.7699966430664,1.0,0.0,0.0
71900,1.0,1,104.01000213623048,1.0,0.0,0.0
71907,1.0,1,59.5,1.0,0.0,0.0
71912,1.0,1,75.0,1.0,0.0,0.0
71916,1.5,2,61.49000072479248,1.0,682.0,0.0
71919,1.5,2,64.61499977111816,1.0,1234.0,0.0
71921,1.0,1,75.0,1.0,0.0,0.0
71923,1.0,1,24.989999771118164,1.0,0.0,0.0
71924,1.0,1,16.0,1.0,0.0,0.0
71925,1.0,1,59.0,1.0,0.0,0.0
71926,1.0,1,89.98999786376953,1.0,0.0,0.0
71928,3.0,1,83.48000001907349,1.0,0.0,0.0
71929,1.0,2,59.994998931884766,1.0,40.0,0.0
71932,3.0,1,245.57999992370605,1.0,0.0,0.0
71935,2.0,1,42.0,1.0,0.0,0.0
71938,1.0,1,23.989999771118164,1.0,0.0,0.0
71939,1.0,1,40.180000305175774,1.0,0.0,0.0
71940,1.0,2,103.0,1.0,36.0,0.0
71947,2.0,1,371.0,1.0,0.0,0.0
71950,4.0,1,119.39000034332275,1.0,0.0,0.0
71952,1.0,1,9.6899995803833,1.0,0.0,0.0
71956,1.5,2,37.99499988555908,1.0,95.0,0.0
71958,1.0,1,95.0,1.0,0.0,0.0
71962,1.0,1,15.989999771118164,1.0,0.0,0.0
71964,1.0,2,26.0,1.0,701.0,0.0
71965,1.0,1,65.0,1.0,0.0,0.0
71970,1.0,1,106.0,1.0,0.0,0.0
71974,1.0,1,128.0,1.0,0.0,0.0
71976,1.0,1,21.950000762939453,1.0,0.0,0.0
71977,2.0,1,53.98000168800354,1.0,0.0,0.0
71980,1.0,1,74.0,1.0,0.0,0.0
71986,1.0,1,360.0,1.0,0.0,0.0
71989,1.0,1,48.59000015258789,1.0,0.0,0.0
71991,1.0,1,43.9900016784668,1.0,0.0,0.0
71992,1.0,1,6.989999771118164,1.0,0.0,0.0
71993,1.0,1,34.2599983215332,1.0,0.0,0.0
71995,1.0,1,69.5,1.0,0.0,0.0
71997,1.0,1,148.0,1.0,0.0,0.0
71998,1.0,1,69.0,1.0,0.0,0.0
72001,1.0,1,40.02000045776367,1.0,0.0,0.0
72004,1.0,2,51.29499912261963,1.0,36.0,0.0
72006,1.0,1,25.0,1.0,0.0,0.0
72007,1.0,1,26.61000061035156,1.0,0.0,0.0
72009,1.0,1,39.950000762939446,1.0,0.0,0.0
72015,1.0,1,17.989999771118164,1.0,0.0,0.0
72017,1.0,1,65.0,1.0,0.0,0.0
72018,1.0,1,41.41999816894531,1.0,0.0,0.0
72020,1.0,1,18.559999465942383,1.0,0.0,0.0
72021,4.0,1,195.39999961853027,1.0,0.0,0.0
72027,1.0,1,42.9900016784668,1.0,0.0,0.0
72029,1.0,1,7.949999809265136,1.0,0.0,0.0
72031,2.5,2,94.06999778747559,1.0,170.0,0.0
72034,2.0,1,32.89999961853027,1.0,0.0,0.0
72035,1.0,2,44.5,1.0,803.0,0.0
72041,1.0,1,50.0,1.0,0.0,0.0
72042,1.0,1,61.7400016784668,1.0,0.0,0.0
72043,2.0,1,176.0,1.0,0.0,0.0
72044,1.0,2,76.9749984741211,1.0,96.0,0.0
72052,1.0,1,24.0,1.0,0.0,0.0
72055,1.0,1,13.93000030517578,1.0,0.0,0.0
72062,1.0,1,29.89999961853028,1.0,0.0,0.0
72064,1.0,1,25.0,1.0,0.0,0.0
72066,1.0,1,41.0,1.0,0.0,0.0
72071,1.0,1,53.950000762939446,1.0,0.0,0.0
72077,1.0,1,129.9499969482422,1.0,0.0,0.0
72088,1.0,1,88.0,1.0,0.0,0.0
72090,1.0,1,59.9900016784668,1.0,0.0,0.0
72096,1.0,3,37.82999928792318,1.0,308.0,65.05382386916237
72099,1.0,1,32.0,1.0,0.0,0.0
72106,1.0,1,49.9900016784668,1.0,0.0,0.0
72113,1.0,1,30.0,1.0,0.0,0.0
72115,2.0,1,63.530000686645494,1.0,0.0,0.0
72120,2.0,1,70.97999954223633,1.0,0.0,0.0
72122,1.0,2,111.5,1.0,491.0,0.0
72129,1.0,1,49.5,1.0,0.0,0.0
72136,1.0,1,20.90999984741211,1.0,0.0,0.0
72137,3.0,2,70.45499992370605,1.0,175.0,0.0
72138,4.0,1,252.88999557495114,1.0,0.0,0.0
72140,1.0,1,130.0,1.0,0.0,0.0
72142,3.0,1,409.4800033569336,1.0,0.0,0.0
72144,1.0,1,42.0,1.0,0.0,0.0
72145,2.0,1,40.28000068664551,1.0,0.0,0.0
72149,1.0,1,134.99000549316406,1.0,0.0,0.0
72156,1.0,1,24.0,1.0,0.0,0.0
72161,1.0,1,48.9900016784668,1.0,0.0,0.0
72165,1.0,1,19.989999771118164,1.0,0.0,0.0
72168,1.0,1,10.949999809265137,1.0,0.0,0.0
72170,1.0,1,71.0,1.0,0.0,0.0
72177,1.0,3,34.63000011444092,1.0,83.5,26.16295090390226
72181,2.0,1,111.63000106811525,1.0,0.0,0.0
72187,1.0,1,55.0,1.0,0.0,0.0
72196,2.0,1,378.7200012207031,1.0,0.0,0.0
72198,1.0,1,68.0,1.0,0.0,0.0
72199,3.5,2,162.22000122070312,1.0,224.0,0.0
72202,1.0,1,65.0,1.0,0.0,0.0
72204,2.0,1,44.989999771118164,1.0,0.0,0.0
72208,1.0,1,54.0,1.0,0.0,0.0
72215,1.0,1,11.989999771118164,1.0,0.0,0.0
72217,1.0,1,5.829999923706056,1.0,0.0,0.0
72218,1.0,1,12.489999771118164,1.0,0.0,0.0
72220,2.0,1,90.5,1.0,0.0,0.0
72222,1.0,1,37.950000762939446,1.0,0.0,0.0
72223,3.0,2,179.9800043106079,1.0,72.0,0.0
72226,1.0,1,25.0,1.0,0.0,0.0
72232,1.0,1,21.950000762939453,1.0,0.0,0.0
72237,1.0,1,32.0,1.0,0.0,0.0
72239,2.5,2,134.64999961853027,1.0,599.0,0.0
72242,2.0,1,93.9800033569336,1.0,0.0,0.0
72246,1.0,1,31.979999542236328,1.0,0.0,0.0
72249,2.0,2,183.92500019073486,1.0,38.0,0.0
72253,2.0,1,67.85000038146973,1.0,0.0,0.0
72256,1.5,2,59.99000072479248,1.0,64.0,0.0
72259,1.0,1,24.0,1.0,0.0,0.0
72260,4.0,1,411.63000106811523,1.0,0.0,0.0
72262,1.0,1,33.95000076293945,1.0,0.0,0.0
72275,1.0,1,180.0,1.0,0.0,0.0
72277,1.0,1,38.0,1.0,0.0,0.0
72282,4.0,1,350.95000076293945,1.0,0.0,0.0
72285,1.0,2,27.760000228881836,1.0,116.0,0.0
72289,1.0,1,79.94999694824217,1.0,0.0,0.0
72291,1.5,2,146.8349986076355,1.0,480.0,0.0
72292,4.0,1,249.3600025177002,1.0,0.0,0.0
72299,1.0,1,9.949999809265137,1.0,0.0,0.0
72305,1.0,1,55.0,1.0,0.0,0.0
72310,2.0,1,219.13000106811523,1.0,0.0,0.0
72317,1.0,2,27.725000381469727,1.0,237.0,0.0
72320,1.0,1,20.0,1.0,0.0,0.0
72322,1.0,1,62.0,1.0,0.0,0.0
72325,1.0,1,259.989990234375,1.0,0.0,0.0
72331,1.0,1,52.130001068115234,1.0,0.0,0.0
72338,1.0,1,154.5,1.0,0.0,0.0
72347,4.0,1,191.5,1.0,0.0,0.0
72348,1.0,1,25.0,1.0,0.0,0.0
72351,2.0,1,58.15999984741211,1.0,0.0,0.0
72359,3.0,1,89.44000053405762,1.0,0.0,0.0
72360,1.0,1,42.0,1.0,0.0,0.0
72363,2.0,1,159.0,1.0,0.0,0.0
72366,2.0,1,28.149999618530273,1.0,0.0,0.0
72370,1.0,1,38.0,1.0,0.0,0.0
72375,1.0,1,10.989999771118164,1.0,0.0,0.0
72377,1.0,1,44.9900016784668,1.0,0.0,0.0
72386,1.0,1,82.0,1.0,0.0,0.0
72387,1.0,1,79.98999786376953,1.0,0.0,0.0
72394,1.0,1,98.0,1.0,0.0,0.0
72396,1.0,1,38.5,1.0,0.0,0.0
72404,1.0,1,155.0,1.0,0.0,0.0
72405,1.0,1,98.33000183105467,1.0,0.0,0.0
72407,1.5,2,103.0,1.0,55.0,0.0
72408,1.0,1,21.989999771118164,1.0,0.0,0.0
72413,1.0,1,67.94999694824219,1.0,0.0,0.0
72415,3.0,1,117.0,1.0,0.0,0.0
72419,2.0,1,122.93999862670898,1.0,0.0,0.0
72420,1.6666666666666667,3,74.14999993642171,1.0,301.5,381.1305550595491
72427,1.0,1,59.5,1.0,0.0,0.0
72432,1.0,1,18.0,1.0,0.0,0.0
72435,1.0,1,36.9900016784668,1.0,0.0,0.0
72438,1.0,1,25.0,1.0,0.0,0.0
72443,2.0,1,60.75,1.0,0.0,0.0
72447,3.0,1,77.98000049591064,1.0,0.0,0.0
72448,1.0,1,47.950000762939446,1.0,0.0,0.0
72454,1.0,1,44.0,1.0,0.0,0.0
72455,2.0,1,117.94999694824219,1.0,0.0,0.0
72456,1.0,1,29.950000762939453,1.0,0.0,0.0
72459,1.0,1,69.87000274658203,1.0,0.0,0.0
72473,3.0,1,132.98999977111816,1.0,0.0,0.0
72474,1.0,2,70.0,1.0,908.0,0.0
72475,1.0,1,178.0,1.0,0.0,0.0
72476,4.0,1,389.47999572753906,1.0,0.0,0.0
72477,1.0,1,59.9900016784668,1.0,0.0,0.0
72478,1.0,1,11.5,1.0,0.0,0.0
72481,3.0,1,223.97999954223633,1.0,0.0,0.0
72483,1.0,1,13.5,1.0,0.0,0.0
72485,1.0,1,25.0,1.0,0.0,0.0
72488,1.0,1,39.9900016784668,1.0,0.0,0.0
72493,1.0,1,52.400001525878906,1.0,0.0,0.0
72509,1.0,1,67.80999755859375,1.0,0.0,0.0
72515,1.0,1,13.369999885559082,1.0,0.0,0.0
72518,1.0,1,79.98999786376953,1.0,0.0,0.0
72519,1.0,1,10.760000228881836,1.0,0.0,0.0
72528,1.0,1,55.0,1.0,0.0,0.0
72529,1.0,1,65.30000305175781,1.0,0.0,0.0
72538,1.3333333333333333,2,36.66999959945679,1.5,90.5,89.80256121069154
72540,1.0,1,41.7400016784668,1.0,0.0,0.0
72552,1.5,2,81.99499988555908,1.0,214.0,0.0
72554,1.0,1,24.950000762939453,1.0,0.0,0.0
72557,1.0,1,69.9800033569336,1.0,0.0,0.0
72559,2.0,1,74.48999977111816,1.0,0.0,0.0
72560,1.0,1,22.0,1.0,0.0,0.0
72564,1.0,2,36.75,1.0,384.0,0.0
72566,1.0,1,49.9900016784668,1.0,0.0,0.0
72570,1.0,1,18.950000762939453,1.0,0.0,0.0
72574,1.0,1,59.950000762939446,1.0,0.0,0.0
72578,2.0,1,59.209999084472656,1.0,0.0,0.0
72580,1.0,1,13.0,1.0,0.0,0.0
72586,1.5,2,110.77499771118163,1.0,101.0,0.0
72588,1.0,1,54.950000762939446,1.0,0.0,0.0
72589,4.0,1,167.31999969482422,1.0,0.0,0.0
72593,1.5,2,88.89000129699707,1.0,240.0,0.0
72597,1.0,1,139.99000549316406,1.0,0.0,0.0
72598,1.0,1,11.380000114440918,1.0,0.0,0.0
72599,2.0,1,42.989999771118164,1.0,0.0,0.0
72604,1.5,2,55.079999923706055,1.0,462.0,0.0
72608,1.0,1,175.0,1.0,0.0,0.0
72611,1.0,1,30.0,1.0,0.0,0.0
72612,1.0,1,45.0,1.0,0.0,0.0
72614,1.0,1,11.949999809265137,1.0,0.0,0.0
72616,1.0,1,80.0,1.0,0.0,0.0
72626,1.0,1,29.96999931335449,1.0,0.0,0.0
72627,1.0,1,148.5,1.0,0.0,0.0
72628,1.0,1,25.0,1.0,0.0,0.0
72630,2.0,1,136.0,1.0,0.0,0.0
72632,1.0,1,82.0,1.0,0.0,0.0
72633,1.0,1,25.0,1.0,0.0,0.0
72639,2.0,1,117.52999973297119,1.0,0.0,0.0
72647,2.0,1,94.94999694824219,1.0,0.0,0.0
72648,1.0,1,19.96999931335449,1.0,0.0,0.0
72649,1.0,1,30.0,1.0,0.0,0.0
72655,1.0,1,19.989999771118164,1.0,0.0,0.0
72660,1.0,1,80.26000213623048,1.0,0.0,0.0
72662,1.0,1,50.0,1.0,0.0,0.0
72663,1.0,1,71.94999694824219,1.0,0.0,0.0
72665,1.0,1,16.0,1.0,0.0,0.0
72666,1.0,1,29.989999771118164,1.0,0.0,0.0
72669,1.0,2,29.605000019073486,1.0,395.0,0.0
72671,2.0,2,172.48999786376953,1.0,283.0,0.0
72673,1.0,1,52.0,1.0,0.0,0.0
72677,2.0,1,141.0,1.0,0.0,0.0
72685,2.5,2,179.97500038146973,1.0,39.0,0.0
72690,1.0,1,69.98999786376953,1.0,0.0,0.0
72691,1.0,2,61.389998435974114,1.5,78.5,111.01576464628796
72697,1.0,1,9.5,1.0,0.0,0.0
72699,1.0,1,13.989999771118164,1.0,0.0,0.0
72700,1.0,1,19.989999771118164,1.0,0.0,0.0
72701,3.0,1,134.83999824523926,1.0,0.0,0.0
72707,1.0,1,30.0,1.0,0.0,0.0
72712,1.0,1,69.5,1.0,0.0,0.0
72724,1.0,1,11.899999618530272,1.0,0.0,0.0
72728,1.0,1,42.0,1.0,0.0,0.0
72738,2.0,1,542.5,1.0,0.0,0.0
72742,1.0,1,169.9499969482422,1.0,0.0,0.0
72743,1.0,1,7.679999828338623,1.0,0.0,0.0
72749,1.0,1,20.0,1.0,0.0,0.0
72756,1.0,1,53.950000762939446,1.0,0.0,0.0
72757,1.0,1,110.0,1.0,0.0,0.0
72759,2.0,1,171.95000076293945,1.0,0.0,0.0
72761,1.0,1,187.0,1.0,0.0,0.0
72763,2.0,1,140.98999786376953,1.0,0.0,0.0
72765,1.0,1,26.950000762939453,1.0,0.0,0.0
72768,2.0,1,90.94000053405762,1.0,0.0,0.0
72775,1.0,1,149.9499969482422,1.0,0.0,0.0
72777,1.0,1,20.0,1.0,0.0,0.0
72779,3.0,1,279.4800033569336,1.0,0.0,0.0
72783,1.0,1,32.0,1.0,0.0,0.0
72785,4.0,1,139.98999977111816,1.0,0.0,0.0
72789,1.0,1,28.0,1.0,0.0,0.0
72791,1.0,1,39.950000762939446,1.0,0.0,0.0
72792,1.0,1,149.5,1.0,0.0,0.0
72793,2.0,1,51.4900016784668,1.0,0.0,0.0
72800,2.0,1,222.0,1.0,0.0,0.0
72801,1.0,1,69.0,1.0,0.0,0.0
72806,1.0,2,65.125,1.0,61.0,0.0
72815,2.0,2,89.90499973297119,1.0,141.0,0.0
72817,1.0,1,48.0,1.0,0.0,0.0
72820,1.0,1,293.0,1.0,0.0,0.0
72826,2.0,1,104.9900016784668,1.0,0.0,0.0
72827,2.0,1,138.7800064086914,1.0,0.0,0.0
72831,1.0,1,903.0,1.0,0.0,0.0
72832,1.0,1,26.989999771118164,1.0,0.0,0.0
72838,1.0,1,19.989999771118164,1.0,0.0,0.0
72839,1.5,2,69.07000160217285,1.0,327.0,0.0
72840,2.0,1,148.98999977111816,1.0,0.0,0.0
72843,4.0,1,117.22000026702881,1.0,0.0,0.0
72849,1.0,1,77.98999786376953,1.0,0.0,0.0
72854,1.0,1,20.989999771118164,1.0,0.0,0.0
72857,1.0,1,29.96999931335449,1.0,0.0,0.0
72864,1.0,2,68.53999900817871,1.0,1060.0,0.0
72865,1.0,1,29.989999771118164,1.0,0.0,0.0
72866,1.0,1,10.409999847412108,1.0,0.0,0.0
72867,1.0,1,29.989999771118164,1.0,0.0,0.0
72874,1.0,1,84.26000213623048,1.0,0.0,0.0
72881,1.0,2,94.99499893188477,1.0,116.0,0.0
72883,1.0,1,22.989999771118164,1.0,0.0,0.0
72885,1.0,1,68.0,1.0,0.0,0.0
72888,1.0,1,60.27000045776367,1.0,0.0,0.0
72891,2.0,1,221.05999374389648,1.0,0.0,0.0
72894,2.0,1,114.0,1.0,0.0,0.0
72899,2.0,1,68.26000213623047,1.0,0.0,0.0
72907,4.0,1,213.13000106811523,1.0,0.0,0.0
72910,1.0,1,209.0,1.0,0.0,0.0
72915,1.0,1,6.989999771118164,1.0,0.0,0.0
72919,1.5,2,175.99499988555908,1.0,166.0,0.0
72921,1.0,1,9.380000114440918,1.0,0.0,0.0
72929,1.0,1,34.97999954223633,1.0,0.0,0.0
72931,1.0,1,38.59000015258789,1.0,0.0,0.0
72934,1.0,1,10.890000343322754,1.0,0.0,0.0
72935,1.0,2,82.5,1.0,224.0,0.0
72936,1.0,1,34.0,1.0,0.0,0.0
72938,1.0,2,38.74499988555908,1.0,280.0,0.0
72939,4.0,1,107.43000030517578,1.0,0.0,0.0
72943,1.0,1,10.0,1.0,0.0,0.0
72944,2.0,1,89.98999977111816,1.0,0.0,0.0
72949,4.0,1,212.37000274658203,1.0,0.0,0.0
72952,1.0,1,19.5,1.0,0.0,0.0
72955,2.0,1,17.989999771118164,1.0,0.0,0.0
72958,1.5,2,66.75999927520752,1.0,529.0,0.0
72962,1.0,1,54.950000762939446,1.0,0.0,0.0
72964,1.0,1,237.5,1.0,0.0,0.0
72967,1.0,1,39.950000762939446,1.0,0.0,0.0
72969,1.0,1,16.989999771118164,1.0,0.0,0.0
72975,2.0,2,58.60999822616577,1.0,47.0,0.0
72979,2.0,1,32.720001220703125,1.0,0.0,0.0
72985,2.0,1,58.82000160217285,1.0,0.0,0.0
72989,1.0,1,128.0,1.0,0.0,0.0
73004,1.0,1,37.4900016784668,1.0,0.0,0.0
73008,1.0,1,46.959999084472656,1.0,0.0,0.0
73011,1.0,1,29.989999771118164,1.0,0.0,0.0
73013,2.0,1,375.20000076293945,1.0,0.0,0.0
73020,1.5,2,50.25,1.0,666.0,0.0
73021,2.0,1,86.29999923706056,1.0,0.0,0.0
73026,1.0,1,75.0,1.0,0.0,0.0
73036,1.0,1,62.0,1.0,0.0,0.0
73039,3.0,1,106.0,1.0,0.0,0.0
73056,1.0,1,57.4099998474121,1.0,0.0,0.0
73057,2.0,1,48.90999984741211,1.0,0.0,0.0
73063,1.0,1,36.9900016784668,1.0,0.0,0.0
73066,1.0,1,29.989999771118164,1.0,0.0,0.0
73070,2.0,2,177.75499773025513,1.0,500.0,0.0
73071,1.0,1,50.0,1.0,0.0,0.0
73083,1.0,1,32.61000061035156,1.0,0.0,0.0
73090,1.0,1,198.0,1.0,0.0,0.0
73107,2.0,1,126.98999786376952,1.0,0.0,0.0
73110,2.0,1,63.20000076293945,1.0,0.0,0.0
73112,2.0,1,183.95000076293945,1.0,0.0,0.0
73116,3.0,1,274.38000106811523,1.0,0.0,0.0
73132,1.0,1,22.96999931335449,1.0,0.0,0.0
73141,1.0,2,60.67499923706054,1.0,1736.0,0.0
73148,1.0,1,51.75,1.0,0.0,0.0
73149,1.0,2,148.0,1.0,97.0,0.0
73150,2.0,1,75.9800033569336,1.0,0.0,0.0
73155,1.0,1,28.950000762939453,1.0,0.0,0.0
73157,3.0,1,95.98999977111816,1.0,0.0,0.0
73159,1.0,1,64.94999694824219,1.0,0.0,0.0
73162,1.5,2,93.19999885559082,1.0,38.0,0.0
73165,1.0,1,149.02999877929688,1.0,0.0,0.0
73166,1.0,1,180.0,1.0,0.0,0.0
73178,1.0,1,42.9900016784668,1.0,0.0,0.0
73187,1.0,2,15.989999771118164,1.0,51.0,0.0
73189,3.0,1,264.99000549316406,1.0,0.0,0.0
73210,2.0,1,72.97000122070312,1.0,0.0,0.0
73211,4.0,1,128.45999908447266,1.0,0.0,0.0
73214,1.0,1,19.96999931335449,1.0,0.0,0.0
73216,4.0,1,144.97000122070312,1.0,0.0,0.0
73221,3.0,1,151.74999904632568,1.0,0.0,0.0
73232,1.0,1,16.420000076293945,1.0,0.0,0.0
73234,1.0,1,74.0,1.0,0.0,0.0
73236,1.0,1,10.079999923706056,1.0,0.0,0.0
73239,1.0,1,125.0,1.0,0.0,0.0
73242,1.0,1,45.61000061035156,1.0,0.0,0.0
73245,1.0,1,49.060001373291016,1.0,0.0,0.0
73261,2.0,1,129.35000228881836,1.0,0.0,0.0
73272,1.0,1,54.950000762939446,1.0,0.0,0.0
73276,1.0,1,49.9900016784668,1.0,0.0,0.0
73280,3.0,1,412.7200012207031,1.0,0.0,0.0
73281,2.0,1,92.9900016784668,1.0,0.0,0.0
73297,1.0,1,7.989999771118163,1.0,0.0,0.0
73301,1.0,1,49.950000762939446,1.0,0.0,0.0
73308,2.0,1,72.40000057220459,1.0,0.0,0.0
73310,1.0,1,29.5,1.0,0.0,0.0
73312,1.0,1,34.5,1.0,0.0,0.0
73316,1.0,1,28.31999969482421,1.0,0.0,0.0
73321,2.0,1,68.52999877929688,1.0,0.0,0.0
73322,1.0,1,25.350000381469727,1.0,0.0,0.0
73324,1.0,1,16.950000762939453,1.0,0.0,0.0
73331,1.0,1,42.9900016784668,1.0,0.0,0.0
73332,1.0,1,29.0,1.0,0.0,0.0
73338,2.0,1,61.4900016784668,1.0,0.0,0.0
73339,1.0,1,158.0,1.0,0.0,0.0
73342,2.0,2,100.65999984741211,1.0,384.0,0.0
73346,1.0,2,70.97499847412108,1.0,115.0,0.0
73356,1.0,1,81.94999694824217,1.0,0.0,0.0
73358,1.0,1,150.75,1.0,0.0,0.0
73360,1.0,1,159.9499969482422,1.0,0.0,0.0
73361,1.0,1,38.970001220703125,1.0,0.0,0.0
73369,1.0,1,11.989999771118164,1.0,0.0,0.0
73376,4.0,1,201.10999965667725,1.0,0.0,0.0
73377,1.0,1,14.0,1.0,0.0,0.0
73382,1.0,1,8.0,1.0,0.0,0.0
73387,2.5,2,68.57000017166138,1.0,387.0,0.0
73392,1.0,1,52.0,1.0,0.0,0.0
73394,4.0,1,204.2899990081787,1.0,0.0,0.0
73396,4.0,1,278.98000717163086,1.0,0.0,0.0
73403,1.0,1,69.0,1.0,0.0,0.0
73405,1.0,1,29.96999931335449,1.0,0.0,0.0
73408,1.0,1,100.33999633789062,1.0,0.0,0.0
73414,2.0,1,65.95000076293945,1.0,0.0,0.0
73417,2.0,1,273.9499969482422,1.0,0.0,0.0
73418,1.0,3,101.99666849772136,1.0,297.5,26.16295090390226
73420,1.0,1,64.98999786376953,1.0,0.0,0.0
73421,2.0,1,107.82999992370605,1.0,0.0,0.0
73422,1.0,1,50.0,1.0,0.0,0.0
73423,1.0,1,39.5,1.0,0.0,0.0
73424,3.5,2,204.5449995994568,1.0,594.0,0.0
73427,3.0,1,94.89999961853027,1.0,0.0,0.0
73433,2.0,1,87.98999977111816,1.0,0.0,0.0
73436,1.0,1,43.6599998474121,1.0,0.0,0.0
73443,4.0,1,241.8300018310547,1.0,0.0,0.0
73446,1.0,2,58.96999883651733,1.0,335.0,0.0
73448,2.0,1,49.639999389648445,1.0,0.0,0.0
73452,3.0,1,175.93999671936035,1.0,0.0,0.0
73453,1.0,1,8.979999542236328,1.0,0.0,0.0
73455,1.0,2,77.49500274658203,1.0,544.0,0.0
73459,2.0,1,49.989999771118164,1.0,0.0,0.0
73466,1.0,1,32.0,1.0,0.0,0.0
73468,1.0,1,24.950000762939453,1.0,0.0,0.0
73473,1.0,1,23.0,1.0,0.0,0.0
73479,1.0,1,132.47999572753906,1.0,0.0,0.0
73482,4.0,1,178.26000022888184,1.0,0.0,0.0
73489,1.0,1,8.800000190734863,1.0,0.0,0.0
73491,1.0,1,25.0,1.0,0.0,0.0
73492,3.0,1,146.22999954223633,1.0,0.0,0.0
73494,2.0,1,141.0,1.0,0.0,0.0
73496,1.0,1,56.97999954223633,1.0,0.0,0.0
73498,2.0,1,207.9499969482422,1.0,0.0,0.0
73502,2.0,1,47.989999771118164,1.0,0.0,0.0
73503,1.5,2,57.95000123977661,1.0,273.0,0.0
73506,1.0,1,96.98999786376952,1.0,0.0,0.0
73507,1.0,1,74.98999786376953,1.0,0.0,0.0
73510,2.0,1,101.94999694824217,1.0,0.0,0.0
73512,2.0,1,246.0,1.0,0.0,0.0
73513,1.0,1,38.5,1.0,0.0,0.0
73521,1.0,1,12.75,1.0,0.0,0.0
73531,1.0,1,67.22000122070312,1.0,0.0,0.0
73534,1.0,1,64.98999786376953,1.0,0.0,0.0
73539,1.0,2,38.704999923706055,1.0,591.0,0.0
73544,2.0,1,327.0,1.0,0.0,0.0
73545,1.0,1,69.5,1.0,0.0,0.0
73561,1.0,1,39.9900016784668,1.0,0.0,0.0
73562,1.0,2,37.5,1.0,468.0,0.0
73573,1.0,2,70.25,1.0,313.0,0.0
73580,3.0,1,95.75,1.0,0.0,0.0
73583,2.0,1,443.0,1.0,0.0,0.0
73585,1.0,1,60.0,1.0,0.0,0.0
73594,1.0,1,37.5,1.0,0.0,0.0
73596,1.0,2,114.49499893188477,1.0,1204.0,0.0
73607,1.0,1,24.989999771118164,1.0,0.0,0.0
73610,1.0,1,39.5,1.0,0.0,0.0
73615,2.0,1,98.5,1.0,0.0,0.0
73616,1.0,1,133.0,1.0,0.0,0.0
73619,1.0,1,36.86000061035156,1.0,0.0,0.0
73622,1.0,1,114.75,1.0,0.0,0.0
73624,2.0,1,63.5,1.0,0.0,0.0
73625,3.0,1,220.98000144958496,1.0,0.0,0.0
73627,1.0,1,33.0,1.0,0.0,0.0
73628,1.0,1,26.0,1.0,0.0,0.0
73634,2.0,1,42.989999771118164,1.0,0.0,0.0
73635,2.0,1,77.95000076293945,1.0,0.0,0.0
73643,2.0,2,166.79500007629395,1.0,11.0,0.0
73644,1.0,1,36.0,1.0,0.0,0.0
73645,1.0,1,79.94999694824217,1.0,0.0,0.0
73651,4.0,1,230.9799976348877,1.0,0.0,0.0
73652,1.0,1,25.5,1.0,0.0,0.0
73656,1.0,1,42.9900016784668,1.0,0.0,0.0
73657,2.0,1,98.57999801635742,1.0,0.0,0.0
73662,2.0,1,39.5,1.0,0.0,0.0
73664,2.0,1,170.0,1.0,0.0,0.0
73665,1.5,2,58.3650016784668,1.0,34.0,0.0
73671,1.0,1,39.0,1.0,0.0,0.0
73672,1.0,1,56.9900016784668,1.0,0.0,0.0
73674,2.0,1,123.20999908447266,1.0,0.0,0.0
73679,1.0,1,12.93000030517578,1.0,0.0,0.0
73683,1.0,1,23.89999961853028,1.0,0.0,0.0
73684,1.0,1,29.989999771118164,1.0,0.0,0.0
73685,1.0,1,188.0,1.0,0.0,0.0
73695,3.0,1,123.43000316619873,1.0,0.0,0.0
73700,1.0,1,169.99000549316406,1.0,0.0,0.0
73705,1.0,1,150.0,1.0,0.0,0.0
73711,1.0,1,77.94999694824217,1.0,0.0,0.0
73714,2.0,1,122.13000106811523,1.0,0.0,0.0
73720,1.0,1,24.5,1.0,0.0,0.0
73722,2.0,1,28.0,1.0,0.0,0.0
73729,1.0,1,18.989999771118164,1.0,0.0,0.0
73734,3.0,1,166.5,1.0,0.0,0.0
73741,1.0,1,30.0,1.0,0.0,0.0
73747,1.0,1,20.0,1.0,0.0,0.0
73748,2.5,2,119.49499988555908,1.0,113.0,0.0
73749,1.0,2,56.444998741149895,1.0,603.0,0.0
73753,1.0,1,218.94999694824216,1.0,0.0,0.0
73755,1.0,1,22.950000762939453,1.0,0.0,0.0
73759,4.0,1,354.38999938964844,1.0,0.0,0.0
73763,1.0,1,26.989999771118164,1.0,0.0,0.0
73765,1.0,1,13.0,1.0,0.0,0.0
73766,1.0,1,54.0,1.0,0.0,0.0
73772,1.0,1,28.290000915527344,1.0,0.0,0.0
73775,1.0,1,45.0,1.0,0.0,0.0
73776,1.0,3,42.666666666666664,1.0,34.0,15.556349186104045
73783,1.0,1,72.98999786376953,1.0,0.0,0.0
73788,1.5,2,216.30499935150146,1.0,491.0,0.0
73789,2.0,1,67.94000244140625,1.0,0.0,0.0
73790,2.0,1,93.28999948501588,1.0,0.0,0.0
73795,1.0,1,27.989999771118164,1.0,0.0,0.0
73797,1.0,1,11.989999771118164,1.0,0.0,0.0
73806,1.0,1,126.0,1.0,0.0,0.0
73812,1.0,1,10.989999771118164,1.0,0.0,0.0
73814,2.0,1,104.06999969482422,1.0,0.0,0.0
73816,2.5,2,121.82000160217285,1.0,429.0,0.0
73822,1.0,1,30.0,1.0,0.0,0.0
73825,3.0,1,234.29999923706055,1.0,0.0,0.0
73830,2.0,1,42.170000076293945,1.0,0.0,0.0
73834,3.0,1,325.3600044250488,1.0,0.0,0.0
73838,1.0,1,10.5,1.0,0.0,0.0
73841,1.0,1,3.5,1.0,0.0,0.0
73843,1.0,1,89.94999694824217,1.0,0.0,0.0
73844,1.0,1,13.949999809265137,1.0,0.0,0.0
73846,4.0,1,289.8900032043457,1.0,0.0,0.0
73848,3.0,1,128.98999786376953,1.0,0.0,0.0
73850,1.0,1,99.98999786376952,1.0,0.0,0.0
73859,3.0,2,76.53499984741211,1.0,18.0,0.0
73865,1.0,1,19.989999771118164,1.0,0.0,0.0
73867,1.0,1,149.99000549316406,1.0,0.0,0.0
73869,3.0,1,124.98999977111816,1.0,0.0,0.0
73871,2.0,1,50.4900016784668,1.0,0.0,0.0
73873,1.0,1,20.0,1.0,0.0,0.0
73876,1.0,1,260.0,1.0,0.0,0.0
73878,1.0,1,179.0,1.0,0.0,0.0
73891,1.0,1,25.0,1.0,0.0,0.0
73897,2.0,1,56.03999900817872,1.0,0.0,0.0
73898,1.5,2,65.80999994277954,1.0,105.0,0.0
73903,1.0,1,21.3799991607666,1.0,0.0,0.0
73915,4.0,1,127.43000221252441,1.0,0.0,0.0
73916,1.0,1,129.99000549316406,1.0,0.0,0.0
73917,3.0,1,176.39999961853027,1.0,0.0,0.0
73924,1.0,1,25.11000061035156,1.0,0.0,0.0
73925,1.0,1,68.0,1.0,0.0,0.0
73926,1.0,2,16.5,1.0,627.0,0.0
73927,1.5,2,52.94000053405762,1.0,56.0,0.0
73930,1.0,1,64.98999786376953,1.0,0.0,0.0
73931,1.0,1,55.0,1.0,0.0,0.0
73932,1.0,1,22.5,1.0,0.0,0.0
73934,1.0,1,68.0,1.0,0.0,0.0
73935,2.0,1,194.0,1.0,0.0,0.0
73937,1.0,1,24.989999771118164,1.0,0.0,0.0
73939,1.0,1,78.0,1.0,0.0,0.0
73940,1.0,1,25.0,1.0,0.0,0.0
73942,1.0,1,29.989999771118164,1.0,0.0,0.0
73943,1.0,1,64.0,1.0,0.0,0.0
73944,1.0,1,25.0,1.0,0.0,0.0
73945,1.0,1,15.989999771118164,1.0,0.0,0.0
73946,1.0,1,250.0,1.0,0.0,0.0
73948,1.0,1,9.989999771118164,1.0,0.0,0.0
73951,1.0,1,6.980000019073486,1.0,0.0,0.0
73955,1.0,1,26.21999931335449,1.0,0.0,0.0
73958,1.0,1,8.65999984741211,1.0,0.0,0.0
73960,1.0,1,20.89999961853028,1.0,0.0,0.0
73961,1.0,1,83.83999633789062,1.0,0.0,0.0
73966,1.0,1,148.0,1.0,0.0,0.0
73969,1.0,1,12.0,1.0,0.0,0.0
73973,1.0,1,2.7799999713897705,1.0,0.0,0.0
73977,1.0,1,44.9099998474121,1.0,0.0,0.0
73979,1.0,1,14.949999809265137,1.0,0.0,0.0
73983,1.0,1,236.83999633789065,1.0,0.0,0.0
73987,1.0,1,39.9900016784668,1.0,0.0,0.0
73996,1.0,2,49.7450008392334,1.0,21.0,0.0
73997,1.0,2,46.49499988555908,1.0,68.0,0.0
73999,1.0,1,35.0,1.0,0.0,0.0
74000,4.0,1,114.98000144958496,1.0,0.0,0.0
74001,1.0,1,98.0,1.0,0.0,0.0
74005,3.0,1,127.91000175476074,1.0,0.0,0.0
74007,1.0,1,38.400001525878906,1.0,0.0,0.0
74013,1.0,1,59.630001068115234,1.0,0.0,0.0
74018,1.0,1,46.0,1.0,0.0,0.0
74022,1.0,1,21.989999771118164,1.0,0.0,0.0
74025,1.0,1,299.0,1.0,0.0,0.0
74026,2.0,1,44.989999771118164,1.0,0.0,0.0
74028,2.0,1,70.47999954223633,1.0,0.0,0.0
74033,1.0,1,39.9900016784668,1.0,0.0,0.0
74034,4.0,1,163.8299961090088,1.0,0.0,0.0
74035,1.0,1,35.0,1.0,0.0,0.0
74036,1.0,1,9.579999923706056,1.0,0.0,0.0
74037,1.0,2,27.47000026702881,1.0,784.0,0.0
74038,2.0,1,63.989999771118164,1.0,0.0,0.0
74045,2.0,1,35.95000076293945,1.0,0.0,0.0
74046,2.0,1,44.989999771118164,1.0,0.0,0.0
74047,1.0,1,28.0,1.0,0.0,0.0
74054,1.0,1,62.0,1.0,0.0,0.0
74055,2.0,1,95.0,1.0,0.0,0.0
74061,1.0,3,96.56666564941406,1.0,240.5,86.97413408594535
74066,1.0,1,66.16999816894531,1.0,0.0,0.0
74067,1.0,1,66.16999816894531,1.0,0.0,0.0
74068,1.0,1,10.119999885559082,1.0,0.0,0.0
74074,2.0,1,42.6200008392334,1.0,0.0,0.0
74083,1.0,2,21.244999885559082,1.0,46.0,0.0
74084,1.0,1,133.3300018310547,1.0,0.0,0.0
74088,1.0,1,59.5,1.0,0.0,0.0
74091,4.0,1,218.67000579833984,1.0,0.0,0.0
74094,1.0,1,53.0,1.0,0.0,0.0
74096,1.0,1,58.0,1.0,0.0,0.0
74097,1.0,1,9.989999771118164,1.0,0.0,0.0
74100,1.0,1,55.0,1.0,0.0,0.0
74101,4.0,1,540.0,1.0,0.0,0.0
74102,1.0,1,88.0,1.0,0.0,0.0
74113,1.0,1,40.08000183105469,1.0,0.0,0.0
74114,4.0,1,214.68000030517578,1.0,0.0,0.0
74119,1.0,1,69.0,1.0,0.0,0.0
74120,2.0,1,114.97999954223633,1.0,0.0,0.0
74122,1.0,1,14.989999771118164,1.0,0.0,0.0
74126,1.0,1,89.98999786376953,1.0,0.0,0.0
74127,1.0,1,27.1200008392334,1.0,0.0,0.0
74129,4.0,1,185.02000427246094,1.0,0.0,0.0
74137,2.0,1,206.47000122070312,1.0,0.0,0.0
74138,1.0,1,23.0,1.0,0.0,0.0
74145,1.0,1,198.0,1.0,0.0,0.0
74150,1.5,2,103.375,1.0,1251.0,0.0
74153,1.0,1,36.9900016784668,1.0,0.0,0.0
74159,1.0,1,16.989999771118164,1.0,0.0,0.0
74164,1.0,2,131.82500076293945,1.0,771.0,0.0
74165,2.0,1,79.48999977111816,1.0,0.0,0.0
74167,1.0,1,80.0,1.0,0.0,0.0
74173,1.0,1,33.5,1.0,0.0,0.0
74177,2.0,1,37.239999771118164,1.0,0.0,0.0
74194,1.0,1,3.5,1.0,0.0,0.0
74198,1.0,1,34.9900016784668,1.0,0.0,0.0
74200,2.5,2,116.9500036239624,1.0,53.0,0.0
74202,1.0,1,36.0,1.0,0.0,0.0
74205,1.0,1,33.0,1.0,0.0,0.0
74211,1.0,2,77.8499984741211,1.0,542.0,0.0
74214,1.0,1,118.58000183105467,1.0,0.0,0.0
74216,4.0,1,311.3500032424927,1.0,0.0,0.0
74221,1.5,2,52.69999980926514,1.0,186.0,0.0
74223,1.0,2,59.47500038146973,1.0,488.0,0.0
74224,1.0,1,12.0,1.0,0.0,0.0
74225,1.0,1,12.0,1.0,0.0,0.0
74227,1.0,1,39.0,1.0,0.0,0.0
74228,1.0,1,7.989999771118163,1.0,0.0,0.0
74235,1.0,1,69.0,1.0,0.0,0.0
74236,1.0,1,2.799999952316284,1.0,0.0,0.0
74239,1.0,1,30.0,1.0,0.0,0.0
74244,1.0,1,10.899999618530272,1.0,0.0,0.0
74252,2.0,1,120.70999908447266,1.0,0.0,0.0
74255,1.0,1,10.390000343322754,1.0,0.0,0.0
74257,3.0,1,159.6399998664856,1.0,0.0,0.0
74261,2.0,1,107.0,1.0,0.0,0.0
74265,1.0,1,32.0,1.0,0.0,0.0
74274,1.0,1,55.5,1.0,0.0,0.0
74277,1.0,1,19.700000762939453,1.0,0.0,0.0
74282,2.0,1,75.38000106811523,1.0,0.0,0.0
74283,1.0,1,55.0,1.0,0.0,0.0
74287,2.0,1,168.88999938964844,1.0,0.0,0.0
74288,1.0,1,78.75,1.0,0.0,0.0
74289,3.0,1,107.98000144958496,1.0,0.0,0.0
74293,1.0,1,33.58000183105469,1.0,0.0,0.0
74295,1.5,2,25.910000026226044,1.0,682.0,0.0
74296,1.0,1,48.970001220703125,1.0,0.0,0.0
74299,1.0,1,55.0,1.0,0.0,0.0
74300,1.0,1,19.989999771118164,1.0,0.0,0.0
74305,1.0,1,129.0,1.0,0.0,0.0
74308,1.0,1,15.0,1.0,0.0,0.0
74314,2.0,1,103.48999977111816,1.0,0.0,0.0
74316,1.0,1,14.25,1.0,0.0,0.0
74318,1.0,1,13.350000381469728,1.0,0.0,0.0
74326,2.0,1,158.98999977111816,1.0,0.0,0.0
74342,1.0,1,199.9900054931641,1.0,0.0,0.0
74346,1.0,1,17.850000381469727,1.0,0.0,0.0
74347,2.0,1,293.98999786376953,1.0,0.0,0.0
74351,2.5,2,144.66499757766724,1.0,294.0,0.0
74352,1.0,1,58.0,1.0,0.0,0.0
74359,1.0,1,72.0,1.0,0.0,0.0
74368,1.0,1,25.0,1.0,0.0,0.0
74370,1.0,1,268.0,1.0,0.0,0.0
74374,1.0,1,148.0,1.0,0.0,0.0
74375,2.0,1,75.95000076293945,1.0,0.0,0.0
74377,1.0,1,109.98999786376952,1.0,0.0,0.0
74378,2.0,1,49.98000144958496,1.0,0.0,0.0
74379,1.0,1,39.200000762939446,1.0,0.0,0.0
74382,1.0,1,32.0,1.0,0.0,0.0
74387,1.0,1,12.899999618530272,1.0,0.0,0.0
74394,2.0,1,144.48999977111816,1.0,0.0,0.0
74396,1.0,1,20.0,1.0,0.0,0.0
74402,4.0,1,97.93000030517578,1.0,0.0,0.0
74410,1.0,1,37.5,1.0,0.0,0.0
74414,1.0,2,109.0,1.0,156.0,0.0
74418,1.0,1,65.0,1.0,0.0,0.0
74419,2.0,1,1041.9900016784668,1.0,0.0,0.0
74421,1.0,1,55.0,1.0,0.0,0.0
74422,1.0,1,24.989999771118164,1.0,0.0,0.0
74424,1.0,1,26.989999771118164,1.0,0.0,0.0
74427,1.0,1,39.880001068115234,1.0,0.0,0.0
74428,1.0,1,55.0,1.0,0.0,0.0
74429,1.5,2,52.38499927520751,1.0,374.0,0.0
74432,2.0,1,85.9900016784668,1.0,0.0,0.0
74437,1.0,1,29.989999771118164,1.0,0.0,0.0
74439,1.0,1,14.1899995803833,1.0,0.0,0.0
74444,1.0,1,59.5,1.0,0.0,0.0
74451,2.0,1,112.0,1.0,0.0,0.0
74453,1.0,2,8.264999866485596,1.0,288.0,0.0
74456,2.0,1,55.989999771118164,1.0,0.0,0.0
74460,2.0,1,74.52000045776367,1.0,0.0,0.0
74465,1.0,1,36.0,1.0,0.0,0.0
74475,4.0,1,178.4900016784668,1.0,0.0,0.0
74478,1.0,1,20.0,1.0,0.0,0.0
74479,2.5,2,153.2450008392334,1.0,1176.0,0.0
74481,1.0,1,8.5,1.0,0.0,0.0
74485,2.0,1,160.5800018310547,1.0,0.0,0.0
74486,1.0,1,49.93999862670898,1.0,0.0,0.0
74489,1.0,1,58.950000762939446,1.0,0.0,0.0
74496,1.0,1,76.27999877929686,1.0,0.0,0.0
74503,1.0,1,15.210000038146973,1.0,0.0,0.0
74504,1.0,2,21.28000020980835,1.0,73.0,0.0
74505,1.0,2,43.63000011444092,1.0,706.0,0.0
74510,1.0,3,39.333333333333336,1.0,737.5,628.6179284748407
74513,4.0,1,121.94000244140625,1.0,0.0,0.0
74514,1.0,1,34.95000076293945,1.0,0.0,0.0
74516,1.0,1,43.310001373291016,1.0,0.0,0.0
74521,1.0,2,99.49499893188477,1.0,881.0,0.0
74523,1.0,1,39.5,1.0,0.0,0.0
74526,1.0,1,32.18000030517578,1.0,0.0,0.0
74530,3.0,1,135.9699993133545,1.0,0.0,0.0
74532,1.0,1,89.5,1.0,0.0,0.0
74534,1.0,1,26.13999938964844,1.0,0.0,0.0
74536,1.0,1,89.0,1.0,0.0,0.0
74539,1.5,2,54.98500156402588,1.0,477.0,0.0
74556,1.0,2,74.48499870300293,1.0,200.0,0.0
74557,3.5,2,257.46500301361084,1.0,320.0,0.0
74568,2.0,1,151.0,1.0,0.0,0.0
74569,1.0,1,72.0,1.0,0.0,0.0
74572,2.5,2,103.73499965667725,1.0,507.0,0.0
74573,1.0,1,34.970001220703125,1.0,0.0,0.0
74582,1.0,1,25.0,1.0,0.0,0.0
74586,2.0,2,113.36499977111816,1.0,1807.0,0.0
74587,1.0,1,903.0,1.0,0.0,0.0
74594,1.0,1,25.0,1.0,0.0,0.0
74602,1.0,1,85.0,1.0,0.0,0.0
74603,3.0,1,228.4499969482422,1.0,0.0,0.0
74606,1.0,1,42.9900016784668,1.0,0.0,0.0
74609,1.0,1,22.0,1.0,0.0,0.0
74611,1.5,2,65.5900011062622,1.0,200.0,0.0
74618,1.0,1,5.489999771118164,1.0,0.0,0.0
74619,2.5,2,150.61999702453613,1.0,47.0,0.0
74620,1.0,1,46.7599983215332,1.0,0.0,0.0
74623,1.0,1,38.0,1.0,0.0,0.0
74625,1.0,1,39.9900016784668,1.0,0.0,0.0
74626,1.0,1,308.0,1.0,0.0,0.0
74631,1.0,1,7.949999809265136,1.0,0.0,0.0
74635,2.0,1,213.0,1.0,0.0,0.0
74642,1.0,1,10.5,1.0,0.0,0.0
74643,1.0,1,265.0,1.0,0.0,0.0
74648,1.0,1,76.0,1.0,0.0,0.0
74653,1.0,1,34.5,1.0,0.0,0.0
74655,1.0,1,56.0,1.0,0.0,0.0
74656,1.0,1,23.5,1.0,0.0,0.0
74659,1.0,1,16.989999771118164,1.0,0.0,0.0
74665,3.0,1,500.4900016784668,1.0,0.0,0.0
74672,2.0,1,124.9900016784668,1.0,0.0,0.0
74675,1.5,2,59.47500038146973,1.0,123.0,0.0
74677,1.0,1,21.0,1.0,0.0,0.0
74681,1.0,1,15.0,1.0,0.0,0.0
74683,2.0,1,62.32000160217285,1.0,0.0,0.0
74684,1.0,1,103.0,1.0,0.0,0.0
74688,2.0,1,128.9199981689453,1.0,0.0,0.0
74691,2.0,1,97.98999977111816,1.0,0.0,0.0
74693,1.0,1,14.0,1.0,0.0,0.0
74694,1.0,1,18.950000762939453,1.0,0.0,0.0
74697,1.0,1,60.0,1.0,0.0,0.0
74700,1.0,1,15.899999618530272,1.0,0.0,0.0
74709,1.0,1,34.880001068115234,1.0,0.0,0.0
74720,1.0,1,239.9900054931641,1.0,0.0,0.0
74723,2.0,1,203.89999961853027,1.0,0.0,0.0
74724,2.0,1,46.65999984741211,1.0,0.0,0.0
74732,1.0,1,49.9900016784668,1.0,0.0,0.0
74744,2.0,1,67.0,1.0,0.0,0.0
74746,1.0,2,132.0,1.0,1818.0,0.0
74747,1.0,1,44.0,1.0,0.0,0.0
74749,2.0,2,82.47000122070312,1.0,645.0,0.0
74750,1.0,1,53.97999954223633,1.0,0.0,0.0
74756,1.0,1,25.0,1.0,0.0,0.0
74758,1.0,1,64.0,1.0,0.0,0.0
74763,1.0,1,156.0,1.0,0.0,0.0
74774,1.0,1,31.489999771118164,1.0,0.0,0.0
74782,1.0,1,65.0,1.0,0.0,0.0
74790,4.0,1,342.45000076293945,1.0,0.0,0.0
74792,1.0,1,25.0,1.0,0.0,0.0
74794,1.0,1,21.950000762939453,1.0,0.0,0.0
74796,1.0,1,49.9900016784668,1.0,0.0,0.0
74797,1.0,1,160.0,1.0,0.0,0.0
74803,1.0,1,149.0,1.0,0.0,0.0
74807,1.0,1,27.0,1.0,0.0,0.0
74810,1.0,1,39.950000762939446,1.0,0.0,0.0
74812,2.0,1,932.9500007629395,1.0,0.0,0.0
74817,2.5,2,98.44000148773193,1.0,896.0,0.0
74820,2.0,1,49.0,1.0,0.0,0.0
74827,1.0,2,25.4950008392334,1.0,57.0,0.0
74833,3.0,1,83.6200008392334,1.0,0.0,0.0
74835,1.0,1,11.989999771118164,1.0,0.0,0.0
74836,1.0,1,25.0,1.0,0.0,0.0
74837,4.0,1,290.98000144958496,1.0,0.0,0.0
74840,1.0,1,38.5,1.0,0.0,0.0
74841,1.0,1,20.0,1.0,0.0,0.0
74842,1.0,1,274.0,1.0,0.0,0.0
74843,1.0,1,24.0,1.0,0.0,0.0
74850,1.0,1,40.0,1.0,0.0,0.0
74858,1.0,1,25.0,1.0,0.0,0.0
74861,1.0,1,13.970000267028809,1.0,0.0,0.0
74864,1.0,1,5.980000019073486,1.0,0.0,0.0
74876,1.0,2,54.7450008392334,1.0,498.0,0.0
74881,1.0,1,11.989999771118164,1.0,0.0,0.0
74884,1.5,2,383.7399950027466,1.0,1184.0,0.0
74890,1.0,2,26.94000005722046,1.0,618.0,0.0
74894,2.0,1,169.95000076293945,1.0,0.0,0.0
74900,1.0,1,52.0,1.0,0.0,0.0
74904,2.0,1,29.989999771118164,1.0,0.0,0.0
74906,1.0,1,37.97999954223633,1.0,0.0,0.0
74910,1.0,1,57.200000762939446,1.0,0.0,0.0
74912,2.0,1,41.189998626708984,1.0,0.0,0.0
74913,1.0,1,9.800000190734863,1.0,0.0,0.0
74914,2.0,1,141.88000106811523,1.0,0.0,0.0
74916,1.0,1,15.0,1.0,0.0,0.0
74920,1.0,1,12.0,1.0,0.0,0.0
74922,1.0,1,25.350000381469727,1.0,0.0,0.0
74928,1.0,1,24.989999771118164,1.0,0.0,0.0
74932,2.0,1,175.0,1.0,0.0,0.0
74935,1.5,2,104.25,1.0,465.0,0.0
74939,1.0,1,63.950000762939446,1.0,0.0,0.0
74944,2.0,1,29.979999542236328,1.0,0.0,0.0
74946,2.0,1,156.3000030517578,1.0,0.0,0.0
74948,1.0,1,24.989999771118164,1.0,0.0,0.0
74950,1.0,2,25.989999771118164,1.0,518.0,0.0
74953,1.0,1,89.98999786376953,1.0,0.0,0.0
74954,1.0,1,69.5,1.0,0.0,0.0
74962,1.0,1,41.9900016784668,1.0,0.0,0.0
74965,1.0,1,29.989999771118164,1.0,0.0,0.0
74966,1.0,1,94.94999694824216,1.0,0.0,0.0
74970,2.0,1,98.98999977111816,1.0,0.0,0.0
74973,4.0,1,129.44000148773193,1.0,0.0,0.0
74981,1.0,1,25.0,1.0,0.0,0.0
74982,1.0,1,136.0,1.0,0.0,0.0
74983,2.0,2,107.21999931335449,1.0,834.0,0.0
74984,1.0,1,69.0,1.0,0.0,0.0
74992,2.0,1,46.97999954223633,1.0,0.0,0.0
74996,1.5,2,106.10500049591064,1.0,235.0,0.0
74999,1.0,1,152.0,1.0,0.0,0.0
75000,1.0,1,11.489999771118164,1.0,0.0,0.0
75007,1.0,1,29.0,1.0,0.0,0.0
75009,1.0,1,19.89999961853028,1.0,0.0,0.0
75013,1.0,1,62.0,1.0,0.0,0.0
75019,2.0,1,39.959999084472656,1.0,0.0,0.0
75022,1.0,1,54.0,1.0,0.0,0.0
75024,1.0,1,44.77999877929688,1.0,0.0,0.0
75025,4.0,1,148.94000244140625,1.0,0.0,0.0
75027,1.0,1,155.0,1.0,0.0,0.0
75032,1.0,1,99.98999786376952,1.0,0.0,0.0
75034,2.0,1,179.9499969482422,1.0,0.0,0.0
75041,1.0,1,27.0,1.0,0.0,0.0
75048,1.0,3,107.97999954223633,1.0,235.0,244.65894629054543
75051,2.0,1,179.9499969482422,1.0,0.0,0.0
75054,4.0,1,196.78999996185303,1.0,0.0,0.0
75055,1.0,1,20.0,1.0,0.0,0.0
75056,2.0,1,127.18999862670898,1.0,0.0,0.0
75061,1.0,1,26.1299991607666,1.0,0.0,0.0
75071,1.0,1,38.0,1.0,0.0,0.0
75073,1.0,1,99.5,1.0,0.0,0.0
75082,1.0,1,25.0,1.0,0.0,0.0
75089,1.0,1,36.9900016784668,1.0,0.0,0.0
75091,2.0,2,123.39999723434448,1.0,401.0,0.0
75093,1.0,1,89.98999786376953,1.0,0.0,0.0
75096,2.0,1,51.47999954223633,1.0,0.0,0.0
75099,3.0,1,239.8900032043457,1.0,0.0,0.0
75102,1.0,1,44.0,1.0,0.0,0.0
75103,2.6666666666666665,3,185.05999883015951,1.0,252.0,53.74011537017761
75104,1.0,1,9.989999771118164,1.0,0.0,0.0
75108,2.3333333333333335,3,161.0199991861979,1.0,44.5,21.920310216782973
75109,1.0,1,35.959999084472656,1.0,0.0,0.0
75116,1.0,1,29.8799991607666,1.0,0.0,0.0
75117,1.0,1,14.119999885559082,1.0,0.0,0.0
75123,2.0,1,116.95000076293945,1.0,0.0,0.0
75127,2.0,1,140.97999954223633,1.0,0.0,0.0
75128,1.0,1,9.970000267028809,1.0,0.0,0.0
75133,1.0,1,140.0,1.0,0.0,0.0
75134,1.0,1,16.75,1.0,0.0,0.0
75135,2.0,1,49.97000026702881,1.0,0.0,0.0
75136,1.0,1,34.15999984741211,1.0,0.0,0.0
75141,2.0,1,155.8400001525879,1.0,0.0,0.0
75150,1.0,1,55.9900016784668,1.0,0.0,0.0
75152,1.0,1,39.5,1.0,0.0,0.0
75153,1.0,1,16.940000534057617,1.0,0.0,0.0
75155,1.0,2,48.9950008392334,1.0,877.0,0.0
75162,4.0,1,209.94999980926514,1.0,0.0,0.0
75163,1.0,1,49.5,1.0,0.0,0.0
75164,1.0,1,37.97999954223633,1.0,0.0,0.0
75170,1.0,1,39.9900016784668,1.0,0.0,0.0
75174,3.0,1,292.73999404907227,1.0,0.0,0.0
75177,1.0,1,14.0,1.0,0.0,0.0
75181,2.3333333333333335,3,162.59333419799805,1.0,427.0,5.656854249492381
75183,1.0,1,81.2699966430664,1.0,0.0,0.0
75189,2.0,1,198.91000366210938,1.0,0.0,0.0
75191,1.0,1,95.98999786376952,1.0,0.0,0.0
75193,1.0,1,11.989999771118164,1.0,0.0,0.0
75195,1.0,1,37.9900016784668,1.0,0.0,0.0
75200,1.0,1,34.0,1.0,0.0,0.0
75205,1.0,1,10.0,1.0,0.0,0.0
75206,2.0,1,39.489999771118164,1.0,0.0,0.0
75211,2.0,1,279.0,1.0,0.0,0.0
75217,1.0,1,22.0,1.0,0.0,0.0
75220,3.0,1,81.4399995803833,1.0,0.0,0.0
75221,1.0,1,25.0,1.0,0.0,0.0
75222,1.0,3,21.37333329518636,1.0,518.5,283.5498192558056
75224,2.0,1,66.48999977111816,1.0,0.0,0.0
75227,2.5,2,121.47500038146973,1.0,135.0,0.0
75228,1.0,1,25.0,1.0,0.0,0.0
75229,1.0,1,44.5,1.0,0.0,0.0
75230,1.0,1,424.5,1.0,0.0,0.0
75231,1.0,1,135.02999877929688,1.0,0.0,0.0
75233,2.0,1,333.93999481201166,1.0,0.0,0.0
75236,2.0,1,55.0,1.0,0.0,0.0
75243,1.0,1,17.5,1.0,0.0,0.0
75250,1.0,1,59.0,1.0,0.0,0.0
75255,1.0,1,12.630000114440918,1.0,0.0,0.0
75258,3.0,1,134.9800033569336,1.0,0.0,0.0
75259,1.0,1,86.0,1.0,0.0,0.0
75263,1.0,1,44.209999084472656,1.0,0.0,0.0
75265,1.0,1,130.0,1.0,0.0,0.0
75279,1.0,1,25.0,1.0,0.0,0.0
75280,1.0,1,209.0,1.0,0.0,0.0
75281,2.0,2,134.25499725341797,1.0,48.0,0.0
75282,1.0,1,54.0,1.0,0.0,0.0
75285,1.0,1,19.989999771118164,1.0,0.0,0.0
75289,2.0,1,184.0,1.0,0.0,0.0
75293,2.0,1,137.9900016784668,1.0,0.0,0.0
75297,1.0,1,39.5,1.0,0.0,0.0
75300,1.5,2,221.5,1.0,94.0,0.0
75305,1.0,1,26.0,1.0,0.0,0.0
75308,2.0,2,47.71500110626221,1.0,406.0,0.0
75318,2.0,1,82.98999977111816,1.0,0.0,0.0
75321,2.0,1,124.98999786376953,1.0,0.0,0.0
75322,2.0,2,142.47500133514404,1.0,211.0,0.0
75337,1.0,1,12.989999771118164,1.0,0.0,0.0
75342,1.0,1,39.950000762939446,1.0,0.0,0.0
75346,1.0,1,50.0,1.0,0.0,0.0
75347,2.0,1,81.43000030517578,1.0,0.0,0.0
75349,1.0,1,190.0,1.0,0.0,0.0
75350,1.0,1,36.0,1.0,0.0,0.0
75353,3.0,1,160.88999748229978,1.0,0.0,0.0
75354,2.0,2,148.47999954223633,1.0,227.0,0.0
75363,1.0,1,46.0,1.0,0.0,0.0
75365,1.0,1,47.9900016784668,1.0,0.0,0.0
75368,2.0,1,44.95000076293945,1.0,0.0,0.0
75370,1.0,1,24.950000762939453,1.0,0.0,0.0
75375,2.0,2,123.375,1.0,113.0,0.0
75380,1.0,1,89.0,1.0,0.0,0.0
75381,1.0,1,29.950000762939453,1.0,0.0,0.0
75385,1.0,1,125.0,1.0,0.0,0.0
75390,2.0,1,113.0,1.0,0.0,0.0
75395,1.0,1,69.94999694824219,1.0,0.0,0.0
75406,2.0,1,34.989999771118164,1.0,0.0,0.0
75412,1.0,1,14.899999618530272,1.0,0.0,0.0
75418,1.0,1,129.5,1.0,0.0,0.0
75424,2.0,1,150.98999786376953,1.0,0.0,0.0
75425,1.0,1,105.98999786376952,1.0,0.0,0.0
75426,1.0,1,58.0,1.0,0.0,0.0
75428,1.0,1,25.0,1.0,0.0,0.0
75437,1.0,1,30.0,1.0,0.0,0.0
75438,1.0,1,69.98999786376953,1.0,0.0,0.0
75444,2.0,1,198.98999977111816,1.0,0.0,0.0
75445,1.0,1,76.98999786376953,1.0,0.0,0.0
75449,1.0,1,38.0,1.0,0.0,0.0
75452,2.0,1,62.970001220703125,1.0,0.0,0.0
75454,1.0,1,49.5,1.0,0.0,0.0
75455,1.0,1,98.0,1.0,0.0,0.0
75466,2.0,1,28.9399995803833,1.0,0.0,0.0
75469,1.0,1,74.0,1.0,0.0,0.0
75476,1.0,1,72.54000091552734,1.0,0.0,0.0
75478,3.0,1,165.0,1.0,0.0,0.0
75488,1.0,1,54.0,1.0,0.0,0.0
75491,2.0,1,79.70000076293945,1.0,0.0,0.0
75495,1.0,1,65.0,1.0,0.0,0.0
75500,1.0,1,75.0,1.0,0.0,0.0
75515,1.0,1,16.989999771118164,1.0,0.0,0.0
75520,1.0,1,34.0,1.0,0.0,0.0
75522,2.0,1,23.989999771118164,1.0,0.0,0.0
75526,1.0,1,7.989999771118163,1.0,0.0,0.0
75531,1.0,1,13.989999771118164,1.0,0.0,0.0
75532,2.0,3,164.57333310445148,1.0,546.5,494.26764004939673
75535,1.0,1,25.950000762939453,1.0,0.0,0.0
75536,1.5,2,76.34499835968018,1.0,302.0,0.0
75537,2.0,1,134.0,1.0,0.0,0.0
75539,1.0,1,69.98999786376953,1.0,0.0,0.0
75542,1.0,1,98.0,1.0,0.0,0.0
75549,4.0,1,74.93000030517578,1.0,0.0,0.0
75550,1.0,1,55.950000762939446,1.0,0.0,0.0
75552,2.0,1,138.95000076293945,1.0,0.0,0.0
75556,1.0,1,39.9900016784668,1.0,0.0,0.0
75557,4.0,1,282.960000038147,1.0,0.0,0.0
75559,1.0,1,45.9900016784668,1.0,0.0,0.0
75561,1.0,1,52.0,1.0,0.0,0.0
75565,2.0,1,73.0,1.0,0.0,0.0
75568,1.0,1,326.0,1.0,0.0,0.0
75570,2.5,2,102.95999956130981,1.0,42.0,0.0
75571,1.0,2,74.48999977111816,1.0,356.0,0.0
75573,1.0,2,86.49499893188477,1.0,39.0,0.0
75577,2.0,1,169.5,1.0,0.0,0.0
75586,1.0,1,27.420000076293945,1.0,0.0,0.0
75589,2.0,1,59.97000026702881,1.0,0.0,0.0
75590,1.0,1,26.89999961853028,1.0,0.0,0.0
75591,1.0,1,42.9900016784668,1.0,0.0,0.0
75600,2.0,1,152.0,1.0,0.0,0.0
75602,1.0,1,35.66999816894531,1.0,0.0,0.0
75603,1.0,1,40.0,1.0,0.0,0.0
75605,1.0,1,54.0,1.0,0.0,0.0
75608,1.0,1,54.0,1.0,0.0,0.0
75615,1.0,1,11.489999771118164,1.0,0.0,0.0
75619,3.0,1,138.95000076293945,1.0,0.0,0.0
75620,1.0,1,26.0,1.0,0.0,0.0
75621,1.0,1,9.960000038146973,1.0,0.0,0.0
75623,1.0,1,87.98999786376953,1.0,0.0,0.0
75624,1.0,1,22.989999771118164,1.0,0.0,0.0
75627,1.0,1,19.989999771118164,1.0,0.0,0.0
75631,1.0,1,39.9900016784668,1.0,0.0,0.0
75633,1.0,1,43.47999954223633,1.0,0.0,0.0
75634,3.0,1,211.8100004196167,1.0,0.0,0.0
75635,2.0,1,326.6199951171875,1.0,0.0,0.0
75640,1.0,2,115.97000002861023,1.0,141.0,0.0
75643,3.0,1,136.64000129699707,1.0,0.0,0.0
75650,2.0,2,79.24000072479248,1.0,204.0,0.0
75656,1.0,1,34.0,1.0,0.0,0.0
75670,4.0,1,368.47999572753906,1.0,0.0,0.0
75671,1.0,1,62.9900016784668,1.0,0.0,0.0
75677,1.0,1,25.0,1.0,0.0,0.0
75683,1.0,1,33.9900016784668,1.0,0.0,0.0
75694,1.0,1,42.43999862670898,1.0,0.0,0.0
75697,1.0,1,27.959999084472656,1.0,0.0,0.0
75699,2.0,1,140.54000282287598,1.0,0.0,0.0
75700,1.0,1,33.0,1.0,0.0,0.0
75705,1.0,1,9.989999771118164,1.0,0.0,0.0
75707,2.0,2,112.42000007629395,1.0,394.0,0.0
75708,1.0,1,19.25,1.0,0.0,0.0
75709,1.6666666666666667,3,63.573333740234375,1.0,219.5,185.969083452062
75714,1.0,1,45.0,1.0,0.0,0.0
75715,2.0,1,65.78999996185303,1.0,0.0,0.0
75722,2.0,1,247.0,1.0,0.0,0.0
75729,1.0,1,49.5,1.0,0.0,0.0
75734,1.0,1,51.75,1.0,0.0,0.0
75735,1.5,2,48.265000343322754,1.0,68.0,0.0
75742,1.0,1,114.0,1.0,0.0,0.0
75743,1.0,1,23.979999542236328,1.0,0.0,0.0
75744,1.0,1,24.950000762939453,1.0,0.0,0.0
75746,2.5,2,119.36499977111816,1.0,392.0,0.0
75748,1.0,1,6.989999771118164,1.0,0.0,0.0
75750,2.0,1,117.9900016784668,1.0,0.0,0.0
75752,2.0,1,34.94000053405762,1.0,0.0,0.0
75756,2.0,1,164.9900016784668,1.0,0.0,0.0
75757,1.0,1,128.0,1.0,0.0,0.0
75758,1.0,1,69.94999694824219,1.0,0.0,0.0
75767,1.0,1,49.5,1.0,0.0,0.0
75773,1.0,1,189.0,1.0,0.0,0.0
75775,1.0,1,19.989999771118164,1.0,0.0,0.0
75782,1.0,1,39.450000762939446,1.0,0.0,0.0
75789,1.0,1,43.950000762939446,1.0,0.0,0.0
75791,2.0,1,39.989999771118164,1.0,0.0,0.0
75798,2.0,1,44.989999771118164,1.0,0.0,0.0
75801,4.0,1,272.0899963378906,1.0,0.0,0.0
75808,1.0,1,44.9900016784668,1.0,0.0,0.0
75809,2.0,1,79.4000015258789,1.0,0.0,0.0
75810,2.0,1,291.99000549316406,1.0,0.0,0.0
75816,1.0,1,27.0,1.0,0.0,0.0
75823,1.0,1,108.5,1.0,0.0,0.0
75824,1.0,1,59.9900016784668,1.0,0.0,0.0
75827,2.0,1,243.94999694824216,1.0,0.0,0.0
75828,2.0,1,277.0,1.0,0.0,0.0
75846,1.0,3,87.44333267211914,1.0,357.5,71.4177848998413
75848,1.0,1,17.0,1.0,0.0,0.0
75849,1.0,1,36.9900016784668,1.0,0.0,0.0
75863,4.0,1,180.68999862670898,1.0,0.0,0.0
75874,1.0,1,26.979999542236328,1.0,0.0,0.0
75877,1.0,1,250.0,1.0,0.0,0.0
75884,3.0,1,158.0,1.0,0.0,0.0
75887,3.0,1,79.36999893188477,1.0,0.0,0.0
75888,1.0,1,29.989999771118164,1.0,0.0,0.0
75894,1.0,1,35.959999084472656,1.0,0.0,0.0
75895,1.0,1,42.8100004196167,2.0,17.0,0.0
75898,1.0,1,79.98999786376953,1.0,0.0,0.0
75901,1.0,1,100.0,1.0,0.0,0.0
75904,2.0,1,126.0,1.0,0.0,0.0
75911,4.0,1,185.9099998474121,1.0,0.0,0.0
75919,2.0,1,62.489999771118164,1.0,0.0,0.0
75924,4.0,1,213.59999656677246,1.0,0.0,0.0
75927,1.0,1,375.0,1.0,0.0,0.0
75928,1.0,1,36.400001525878906,1.0,0.0,0.0
75930,1.0,1,7.949999809265136,1.0,0.0,0.0
75932,1.0,1,20.0,1.0,0.0,0.0
75933,1.0,1,110.25,1.0,0.0,0.0
75941,3.0,1,204.98999977111816,1.0,0.0,0.0
75949,2.0,1,150.0,1.0,0.0,0.0
75956,4.0,1,86.1299991607666,1.0,0.0,0.0
75960,2.0,1,307.0,1.0,0.0,0.0
75967,1.0,1,129.99000549316406,1.0,0.0,0.0
75972,1.0,1,57.950000762939446,1.0,0.0,0.0
75976,1.0,1,59.5,1.0,0.0,0.0
75977,1.0,1,22.5,1.0,0.0,0.0
75981,2.0,1,106.0,1.0,0.0,0.0
75983,1.0,1,65.0,1.0,0.0,0.0
75993,4.0,1,268.9400005340576,1.0,0.0,0.0
75995,2.0,1,44.97999954223633,1.0,0.0,0.0
75999,1.0,1,54.5,1.0,0.0,0.0
76004,3.0,1,170.8999977111816,1.0,0.0,0.0
76016,1.0,1,35.0,1.0,0.0,0.0
76020,1.0,1,40.9099998474121,1.0,0.0,0.0
76021,1.0,1,95.98999786376952,1.0,0.0,0.0
76022,2.0,1,30.360000610351562,1.0,0.0,0.0
76030,1.0,1,15.520000457763672,1.0,0.0,0.0
76033,1.0,1,139.99000549316406,1.0,0.0,0.0
76035,2.0,1,148.0,1.0,0.0,0.0
76036,2.0,1,183.98999786376953,1.0,0.0,0.0
76040,1.0,1,49.9900016784668,1.0,0.0,0.0
76041,2.0,1,76.5,1.0,0.0,0.0
76042,2.0,1,25.489999771118164,1.0,0.0,0.0
76043,1.0,1,29.5,1.0,0.0,0.0
76050,2.0,2,73.13000106811523,1.0,681.0,0.0
76051,4.0,1,88.63999938964844,1.0,0.0,0.0
76052,3.0,1,69.54999923706055,1.0,0.0,0.0
76057,1.5,2,43.96500015258789,1.0,497.0,0.0
76059,1.0,1,48.0,1.0,0.0,0.0
76066,2.0,1,54.989999771118164,1.0,0.0,0.0
76067,1.5,2,34.234999656677246,1.0,91.0,0.0
76079,1.0,1,23.0,1.0,0.0,0.0
76082,4.0,1,250.57999515533447,1.0,0.0,0.0
76085,1.0,1,25.0,1.0,0.0,0.0
76087,1.0,1,6.739999771118164,1.0,0.0,0.0
76091,1.0,1,23.950000762939453,1.0,0.0,0.0
76092,2.0,2,75.17500019073486,1.0,132.0,0.0
76102,2.0,1,152.73999977111816,1.0,0.0,0.0
76104,2.5,2,123.37499904632568,1.0,452.0,0.0
76110,1.0,1,41.29999923706056,1.0,0.0,0.0
76111,2.0,1,79.9800033569336,1.0,0.0,0.0
76115,1.0,1,179.9499969482422,1.0,0.0,0.0
76122,1.0,1,25.5,1.0,0.0,0.0
76123,1.0,1,51.0,1.0,0.0,0.0
76133,1.0,1,10.489999771118164,1.0,0.0,0.0
76134,1.0,2,31.475000381469723,1.0,869.0,0.0
76137,1.0,1,348.0,1.0,0.0,0.0
76139,1.0,1,110.0,1.0,0.0,0.0
76147,1.0,2,97.0,1.0,73.0,0.0
76149,2.0,1,36.09000015258789,1.0,0.0,0.0
76150,1.0,1,34.97999954223633,1.0,0.0,0.0
76154,1.0,1,36.9900016784668,1.0,0.0,0.0
76156,1.0,1,13.550000190734863,1.0,0.0,0.0
76158,1.0,2,20.475000381469727,1.0,347.0,0.0
76159,2.3333333333333335,3,140.81000010172525,1.0,360.0,169.7056274847714
76162,1.0,1,34.900001525878906,1.0,0.0,0.0
76164,1.0,1,30.0,1.0,0.0,0.0
76168,1.0,1,65.98999786376953,1.0,0.0,0.0
76174,1.0,1,36.0,1.0,0.0,0.0
76176,1.0,1,36.9900016784668,1.0,0.0,0.0
76177,3.0,1,245.77000427246094,1.0,0.0,0.0
76182,2.0,1,72.98999977111816,1.0,0.0,0.0
76185,1.0,1,129.9499969482422,1.0,0.0,0.0
76189,3.0,1,188.10000228881836,1.0,0.0,0.0
76200,1.0,1,43.200000762939446,1.0,0.0,0.0
76210,1.0,1,25.0,1.0,0.0,0.0
76211,1.0,1,85.0,1.0,0.0,0.0
76212,1.0,1,59.0,1.0,0.0,0.0
76214,2.0,1,55.94999885559082,1.0,0.0,0.0
76215,2.0,1,90.98999977111816,1.0,0.0,0.0
76220,2.0,1,26.0,1.0,0.0,0.0
76221,4.0,1,259.2799997329712,1.0,0.0,0.0
76224,1.0,1,39.9900016784668,1.0,0.0,0.0
76237,1.0,1,25.0,1.0,0.0,0.0
76239,1.0,1,16.940000534057617,1.0,0.0,0.0
76244,1.0,1,39.880001068115234,1.0,0.0,0.0
76248,1.0,1,119.0,1.0,0.0,0.0
76249,2.0,1,181.96999740600586,1.0,0.0,0.0
76251,1.0,1,30.0,1.0,0.0,0.0
76252,1.0,1,9.989999771118164,1.0,0.0,0.0
76260,1.0,1,67.98999786376953,1.0,0.0,0.0
76262,1.0,1,26.989999771118164,1.0,0.0,0.0
76268,2.0,1,89.5,1.0,0.0,0.0
76272,1.0,1,39.9900016784668,1.0,0.0,0.0
76281,1.0,1,19.989999771118164,1.0,0.0,0.0
76290,1.0,1,25.0,1.0,0.0,0.0
76292,2.0,1,219.5,1.0,0.0,0.0
76293,4.0,1,680.2500076293945,1.0,0.0,0.0
76295,1.0,1,198.0,1.0,0.0,0.0
76296,1.0,1,64.94999694824219,1.0,0.0,0.0
76298,1.0,1,44.0,1.0,0.0,0.0
76299,2.0,1,93.0,1.0,0.0,0.0
76304,2.0,1,49.2400016784668,1.0,0.0,0.0
76310,1.0,1,34.97999954223633,1.0,0.0,0.0
76311,2.0,1,119.0,1.0,0.0,0.0
76312,2.0,1,100.78000259399414,1.0,0.0,0.0
76313,1.0,2,33.97500038146973,1.0,530.0,0.0
76314,1.0,2,54.724998474121094,1.0,336.0,0.0
76315,1.5,1,91.97999954223633,2.0,1.0,0.0
76317,1.0,1,27.81999969482421,1.0,0.0,0.0
76322,1.0,1,30.950000762939453,1.0,0.0,0.0
76330,1.0,1,16.969999313354492,1.0,0.0,0.0
76334,3.0,1,192.8700008392334,1.0,0.0,0.0
76336,1.0,1,25.489999771118164,1.0,0.0,0.0
76337,1.0,1,24.989999771118164,1.0,0.0,0.0
76338,1.0,1,59.0,1.0,0.0,0.0
76343,3.0,1,284.6800012588501,1.0,0.0,0.0
76350,1.0,1,34.9900016784668,1.0,0.0,0.0
76353,1.0,2,102.0,1.0,151.0,0.0
76358,1.0,1,150.0,1.0,0.0,0.0
76362,3.0,1,165.88000106811523,1.0,0.0,0.0
76364,2.0,1,60.89000129699708,1.0,0.0,0.0
76365,2.0,1,66.92999839782715,1.0,0.0,0.0
76367,1.0,1,21.989999771118164,1.0,0.0,0.0
76372,1.0,2,31.4950008392334,1.0,1079.0,0.0
76381,2.0,1,45.989999771118164,1.0,0.0,0.0
76383,1.0,1,32.9900016784668,1.0,0.0,0.0
76400,1.0,1,58.0,1.0,0.0,0.0
76401,1.0,1,78.0,1.0,0.0,0.0
76412,1.0,1,33.81999969482422,1.0,0.0,0.0
76415,1.0,1,56.959999084472656,1.0,0.0,0.0
76439,2.0,2,108.49000263214111,1.0,63.0,0.0
76448,1.0,1,39.950000762939446,1.0,0.0,0.0
76453,1.0,1,18.0,1.0,0.0,0.0
76461,1.0,1,98.0,1.0,0.0,0.0
76470,4.0,1,208.82999992370605,1.0,0.0,0.0
76471,2.0,1,89.93999671936035,1.0,0.0,0.0
76476,1.0,1,29.989999771118164,1.0,0.0,0.0
76477,2.0,1,239.7600059509277,1.0,0.0,0.0
76483,1.0,1,32.9900016784668,1.0,0.0,0.0
76484,1.0,1,80.63999938964845,1.0,0.0,0.0
76486,1.0,1,66.5,1.0,0.0,0.0
76492,1.0,1,39.950000762939446,1.0,0.0,0.0
76499,1.0,1,43.310001373291016,1.0,0.0,0.0
76500,1.0,2,34.4900016784668,1.0,107.0,0.0
76501,1.0,1,78.94999694824217,1.0,0.0,0.0
76503,1.5,2,47.924999952316284,1.0,342.0,0.0
76505,1.0,1,47.0,1.0,0.0,0.0
76512,1.0,1,30.0,1.0,0.0,0.0
76514,2.0,1,59.989999771118164,1.0,0.0,0.0
76516,1.0,1,99.0,1.0,0.0,0.0
76519,1.0,1,225.0,1.0,0.0,0.0
76524,2.0,1,79.98999977111816,1.0,0.0,0.0
76525,1.0,1,35.959999084472656,1.0,0.0,0.0
76529,1.0,1,299.95001220703125,1.0,0.0,0.0
76530,1.0,1,79.94999694824217,1.0,0.0,0.0
76531,1.0,1,28.0,1.0,0.0,0.0
76533,1.0,1,25.0,1.0,0.0,0.0
76538,1.0,1,22.989999771118164,1.0,0.0,0.0
76540,1.0,1,12.989999771118164,1.0,0.0,0.0
76542,1.3333333333333333,3,87.97666549682617,1.0,914.5,614.4757928511098
76548,3.0,1,207.32000255584717,2.0,4.0,0.0
76552,2.0,1,82.5999984741211,1.0,0.0,0.0
76555,1.0,1,46.9900016784668,1.0,0.0,0.0
76556,1.0,1,44.0,1.0,0.0,0.0
76557,1.0,1,49.950000762939446,1.0,0.0,0.0
76558,1.0,1,160.0,1.0,0.0,0.0
76564,1.0,1,99.98999786376952,1.0,0.0,0.0
76569,1.0,1,36.950000762939446,1.0,0.0,0.0
76570,1.0,1,62.25,1.0,0.0,0.0
76581,1.0,1,37.950000762939446,1.0,0.0,0.0
76583,1.0,1,74.94999694824217,1.0,0.0,0.0
76586,1.0,1,13.5,1.0,0.0,0.0
76587,1.0,1,20.950000762939453,1.0,0.0,0.0
76591,1.0,2,89.97499990463257,1.0,803.0,0.0
76592,1.0,1,115.0,1.0,0.0,0.0
76593,1.0,1,35.0,1.0,0.0,0.0
76603,1.0,1,99.0,1.0,0.0,0.0
76608,2.0,1,84.90999984741211,1.0,0.0,0.0
76615,1.0,1,38.0,1.0,0.0,0.0
76629,1.0,1,59.5,1.0,0.0,0.0
76631,1.0,1,13.109999656677246,1.0,0.0,0.0
76634,1.0,1,206.9600067138672,1.0,0.0,0.0
76636,1.5,2,413.4949998855591,1.0,1164.0,0.0
76652,1.0,1,69.94999694824219,1.0,0.0,0.0
76654,3.0,1,193.0,1.0,0.0,0.0
76655,1.0,1,12.100000381469728,1.0,0.0,0.0
76656,2.0,1,44.989999771118164,1.0,0.0,0.0
76657,1.0,1,24.0,1.0,0.0,0.0
76659,4.0,1,254.64000511169434,1.0,0.0,0.0
76663,2.0,1,49.989999771118164,1.0,0.0,0.0
76665,1.0,1,13.949999809265137,1.0,0.0,0.0
76674,2.0,1,94.9800033569336,1.0,0.0,0.0
76675,4.0,1,478.1699867248535,1.0,0.0,0.0
76677,2.0,1,44.75,1.0,0.0,0.0
76687,3.0,1,272.3300018310547,1.0,0.0,0.0
76690,1.0,1,32.0,1.0,0.0,0.0
76695,1.0,1,26.96999931335449,1.0,0.0,0.0
76699,2.0,1,68.47999954223633,1.0,0.0,0.0
76700,1.0,1,7.989999771118163,1.0,0.0,0.0
76701,1.0,1,27.68000030517578,1.0,0.0,0.0
76711,1.0,1,8.989999771118164,1.0,0.0,0.0
76713,1.0,2,53.94500160217285,1.5,62.0,67.88225099390856
76725,1.0,1,124.98999786376952,1.0,0.0,0.0
76731,1.0,1,56.0,1.0,0.0,0.0
76732,1.0,1,29.989999771118164,1.0,0.0,0.0
76734,3.0,1,105.26000213623047,1.0,0.0,0.0
76735,1.0,1,98.0,1.0,0.0,0.0
76736,1.0,1,16.899999618530273,1.0,0.0,0.0
76740,3.0,1,254.80000686645505,1.0,0.0,0.0
76748,1.0,1,34.0,1.0,0.0,0.0
76758,1.0,1,9.050000190734863,1.0,0.0,0.0
76763,1.0,1,47.5,1.0,0.0,0.0
76780,1.0,1,41.83000183105469,1.0,0.0,0.0
76781,1.0,1,54.950000762939446,1.0,0.0,0.0
76783,1.0,1,98.0,1.0,0.0,0.0
76788,4.0,1,327.1500015258789,1.0,0.0,0.0
76789,2.0,1,31.84000015258789,1.0,0.0,0.0
76792,1.0,1,27.989999771118164,1.0,0.0,0.0
76796,1.0,1,64.0,1.0,0.0,0.0
76797,1.0,1,14.600000381469728,1.0,0.0,0.0
76800,1.0,1,19.5,1.0,0.0,0.0
76801,2.0,1,66.9900016784668,1.0,0.0,0.0
76805,1.0,1,49.950000762939446,1.0,0.0,0.0
76809,1.0,1,10.989999771118164,1.0,0.0,0.0
76815,1.5,2,137.9950008392334,1.0,12.0,0.0
76816,2.0,1,58.950000762939446,1.0,0.0,0.0
76817,1.0,1,108.0,1.0,0.0,0.0
76818,4.0,1,279.54000091552734,1.0,0.0,0.0
76823,1.0,1,39.9900016784668,1.0,0.0,0.0
76824,1.0,1,450.0,1.0,0.0,0.0
76834,1.5,2,239.97000122070312,1.0,1179.0,0.0
76835,1.0,1,59.0,1.0,0.0,0.0
76836,4.0,1,205.47000122070312,1.0,0.0,0.0
76840,1.0,1,36.79999923706056,1.0,0.0,0.0
76844,1.0,1,50.0,1.0,0.0,0.0
76852,1.0,1,25.0,1.0,0.0,0.0
76854,1.0,1,148.97999572753906,1.0,0.0,0.0
76856,1.0,1,38.0,1.0,0.0,0.0
76858,1.0,1,58.950000762939446,1.0,0.0,0.0
76867,1.0,1,239.8600006103516,1.0,0.0,0.0
76876,1.5,2,55.24000072479248,1.0,582.0,0.0
76877,1.0,1,39.97999954223633,1.0,0.0,0.0
76881,1.0,1,21.89999961853028,1.0,0.0,0.0
76885,1.0,1,51.18999862670898,1.0,0.0,0.0
76886,1.6666666666666667,3,114.45666567484538,1.0,858.5,38.890872965260115
76888,1.0,1,83.36000061035155,1.0,0.0,0.0
76889,1.0,1,68.87999725341797,1.0,0.0,0.0
76892,2.0,1,68.40999984741211,1.0,0.0,0.0
76893,1.0,1,9.970000267028809,1.0,0.0,0.0
76895,1.0,1,140.0,1.0,0.0,0.0
76896,1.0,1,49.5,1.0,0.0,0.0
76900,1.0,2,39.95000076293945,1.0,401.0,0.0
76901,2.0,1,144.0,1.0,0.0,0.0
76908,2.0,1,78.1500015258789,1.0,0.0,0.0
76916,1.0,1,14.989999771118164,1.0,0.0,0.0
76920,1.0,1,51.950000762939446,1.0,0.0,0.0
76930,4.0,1,289.0699996948242,1.0,0.0,0.0
76934,1.0,1,89.0,1.0,0.0,0.0
76935,1.0,1,35.0,1.0,0.0,0.0
76936,1.0,1,15.0,1.0,0.0,0.0
76937,1.0,1,12.93000030517578,1.0,0.0,0.0
76943,2.0,1,63.970001220703125,1.0,0.0,0.0
76948,2.0,1,76.78000068664551,1.0,0.0,0.0
76953,1.0,2,89.34499979019165,1.0,177.0,0.0
76955,2.5,2,108.89500141143799,1.0,97.0,0.0
76960,1.0,1,65.0,1.0,0.0,0.0
76962,2.0,1,378.0,1.0,0.0,0.0
76972,1.0,1,144.0,1.0,0.0,0.0
76973,1.0,2,55.78500008583069,1.0,125.0,0.0
76974,2.0,1,55.49000072479247,1.0,0.0,0.0
76977,1.0,1,55.0,1.0,0.0,0.0
76979,2.0,1,89.98999977111816,1.0,0.0,0.0
76994,1.3333333333333333,3,98.99333318074544,1.0,149.0,179.60512242138307
77002,1.0,1,109.0,1.0,0.0,0.0
77003,1.0,1,12.989999771118164,1.0,0.0,0.0
77006,1.0,1,23.989999771118164,1.0,0.0,0.0
77011,2.0,1,36.97999954223633,1.0,0.0,0.0
77012,2.0,2,122.48500061035156,1.0,512.0,0.0
77017,1.0,2,54.295000076293945,1.0,737.0,0.0
77025,1.0,1,25.0,1.0,0.0,0.0
77027,1.0,1,417.0,1.0,0.0,0.0
77030,1.0,1,122.59999847412108,1.0,0.0,0.0
77032,1.0,1,115.0,1.0,0.0,0.0
77034,1.0,1,25.0,1.0,0.0,0.0
77035,1.0,1,138.0,1.0,0.0,0.0
77036,2.0,1,82.94999980926514,1.0,0.0,0.0
77039,1.0,1,59.0,1.0,0.0,0.0
77045,1.5,2,124.23999881744385,1.0,125.0,0.0
77048,4.0,1,263.6299991607666,1.0,0.0,0.0
77052,4.0,1,311.189998626709,1.0,0.0,0.0
77054,1.0,1,42.5,1.0,0.0,0.0
77057,1.0,1,69.0,1.0,0.0,0.0
77060,1.0,1,119.98999786376952,1.0,0.0,0.0
77061,1.0,1,169.0,1.0,0.0,0.0
77066,2.0,1,110.0,1.0,0.0,0.0
77067,2.0,1,192.66000366210938,1.0,0.0,0.0
77069,1.0,1,36.9900016784668,1.0,0.0,0.0
77070,1.0,1,25.0,1.0,0.0,0.0
77073,2.0,1,159.93999671936035,1.0,0.0,0.0
77081,1.0,1,21.989999771118164,1.0,0.0,0.0
77086,1.0,2,32.46999931335449,1.0,417.0,0.0
77092,1.0,1,14.989999771118164,1.0,0.0,0.0
77093,1.0,1,41.97999954223633,1.0,0.0,0.0
77104,1.0,1,198.0,1.0,0.0,0.0
77109,1.0,1,52.27000045776367,1.0,0.0,0.0
77115,1.0,1,17.979999542236328,1.0,0.0,0.0
77117,1.0,1,11.0,1.0,0.0,0.0
77119,2.0,1,195.97000122070312,1.0,0.0,0.0
77122,2.0,1,75.5,1.0,0.0,0.0
77123,1.0,1,29.979999542236328,1.0,0.0,0.0
77126,1.0,1,95.0,1.0,0.0,0.0
77140,1.0,1,77.98999786376953,1.0,0.0,0.0
77143,2.0,1,32.31999969482422,1.0,0.0,0.0
77145,2.0,1,121.2599983215332,1.0,0.0,0.0
77148,1.0,1,16.5,1.0,0.0,0.0
77149,1.0,1,9.0,1.0,0.0,0.0
77151,1.0,1,11.989999771118164,1.0,0.0,0.0
77152,2.0,1,90.44999980926514,1.0,0.0,0.0
77156,1.0,1,59.9900016784668,1.0,0.0,0.0
77157,1.0,2,94.47500038146973,1.0,108.0,0.0
77158,2.0,1,39.989999771118164,1.0,0.0,0.0
77159,1.0,1,29.989999771118164,1.0,0.0,0.0
77172,1.0,1,16.350000381469727,1.0,0.0,0.0
77173,1.0,1,5.869999885559082,1.0,0.0,0.0
77174,3.0,1,198.66999912261963,1.0,0.0,0.0
77175,1.0,1,11.989999771118164,1.0,0.0,0.0
77178,1.0,1,53.9900016784668,1.0,0.0,0.0
77180,1.0,1,37.950000762939446,1.0,0.0,0.0
77184,1.0,1,8.430000305175781,1.0,0.0,0.0
77188,2.0,1,54.69999980926514,1.0,0.0,0.0
77192,1.0,1,86.0,1.0,0.0,0.0
77194,1.0,1,28.989999771118164,1.0,0.0,0.0
77195,1.0,1,12.989999771118164,1.0,0.0,0.0
77197,1.0,1,25.0,1.0,0.0,0.0
77203,1.5,2,58.48500156402588,1.0,838.0,0.0
77205,1.0,1,59.9900016784668,1.0,0.0,0.0
77206,1.0,1,105.55999755859376,1.0,0.0,0.0
77209,1.0,1,179.97999572753906,1.0,0.0,0.0
77215,3.0,1,187.94000053405762,1.0,0.0,0.0
77217,1.0,1,90.3000030517578,1.0,0.0,0.0
77218,1.0,1,15.989999771118164,1.0,0.0,0.0
77221,1.0,1,150.0,1.0,0.0,0.0
77228,1.0,1,181.06999969482422,2.0,6.0,0.0
77234,1.0,1,35.0,1.0,0.0,0.0
77240,1.0,1,89.98999786376953,1.0,0.0,0.0
77243,4.0,1,145.19000053405762,1.0,0.0,0.0
77249,1.0,1,25.0,1.0,0.0,0.0
77251,1.0,1,19.950000762939453,1.0,0.0,0.0
77264,1.0,1,147.0,1.0,0.0,0.0
77266,2.0,1,218.0,1.0,0.0,0.0
77272,1.0,1,198.94999694824216,1.0,0.0,0.0
77274,1.0,1,114.0,1.0,0.0,0.0
77277,1.0,1,72.94000244140625,1.0,0.0,0.0
77278,1.0,1,11.829999923706056,1.0,0.0,0.0
77279,1.0,1,29.75,1.0,0.0,0.0
77285,1.0,1,23.989999771118164,1.0,0.0,0.0
77287,4.0,1,127.92000007629395,1.0,0.0,0.0
77296,1.0,1,16.0,1.0,0.0,0.0
77302,1.0,1,29.989999771118164,1.0,0.0,0.0
77305,1.5,2,44.99500000476837,1.0,386.0,0.0
77310,1.0,1,32.95000076293945,1.0,0.0,0.0
77314,2.0,1,72.98999977111816,1.0,0.0,0.0
77316,1.0,1,214.0,1.0,0.0,0.0
77320,1.0,2,49.9449987411499,1.0,348.0,0.0
77325,1.0,1,78.0,1.0,0.0,0.0
77326,1.0,1,24.8799991607666,1.0,0.0,0.0
77328,1.0,1,69.5,1.0,0.0,0.0
77331,1.0,1,64.94999694824219,1.0,0.0,0.0
77332,1.0,1,33.0,1.0,0.0,0.0
77333,1.0,1,26.989999771118164,1.0,0.0,0.0
77336,1.0,1,44.0,1.0,0.0,0.0
77339,1.0,1,99.5,1.0,0.0,0.0
77342,2.5,2,239.4049997329712,1.0,26.0,0.0
77346,2.0,1,34.6899995803833,1.0,0.0,0.0
77348,4.0,1,288.4499969482422,1.0,0.0,0.0
77349,1.0,1,22.0,1.0,0.0,0.0
77351,1.0,1,178.0,1.0,0.0,0.0
77359,1.0,1,42.0,1.0,0.0,0.0
77361,1.0,1,9.15999984741211,1.0,0.0,0.0
77363,1.0,1,65.0,1.0,0.0,0.0
77367,4.0,1,409.8999996185303,1.0,0.0,0.0
77370,1.0,2,27.130001068115234,1.0,765.0,0.0
77372,1.0,1,398.0,1.0,0.0,0.0
77374,1.0,1,82.9000015258789,1.0,0.0,0.0
77375,2.0,1,90.69999980926514,1.0,0.0,0.0
77380,1.5,2,83.10999965667725,1.0,824.0,0.0
77385,4.0,1,151.01000213623047,1.0,0.0,0.0
77387,2.0,1,90.79999923706056,1.0,0.0,0.0
77389,1.0,1,30.90999984741211,1.0,0.0,0.0
77393,2.0,2,144.0,1.0,220.0,0.0
77394,1.0,2,27.869999885559082,1.0,461.0,0.0
77399,1.0,1,40.369998931884766,1.0,0.0,0.0
77400,1.5,2,166.1999969482422,1.0,67.0,0.0
77406,1.0,1,32.9900016784668,1.0,0.0,0.0
77419,1.0,1,60.0,1.0,0.0,0.0
77428,1.0,1,39.9900016784668,1.0,0.0,0.0
77430,1.0,1,39.5,1.0,0.0,0.0
77439,1.0,1,59.5,1.0,0.0,0.0
77441,4.0,1,263.48000144958496,1.0,0.0,0.0
77443,1.0,1,184.94999694824216,1.0,0.0,0.0
77481,1.0,1,9.989999771118164,1.0,0.0,0.0
77489,2.0,1,216.95000076293945,1.0,0.0,0.0
77497,2.0,1,533.0,1.0,0.0,0.0
77500,1.0,1,29.989999771118164,1.0,0.0,0.0
77503,1.0,1,40.0,1.0,0.0,0.0
77504,1.0,1,80.0,1.0,0.0,0.0
77505,1.0,1,1.820000052452088,1.0,0.0,0.0
77513,1.0,1,16.950000762939453,1.0,0.0,0.0
77523,2.0,1,80.0,1.0,0.0,0.0
77530,3.0,1,154.4600009918213,1.0,0.0,0.0
77533,3.0,1,99.08999824523926,1.0,0.0,0.0
77534,1.0,2,89.55500030517578,1.0,34.0,0.0
77536,2.0,1,227.0,1.0,0.0,0.0
77537,3.0,1,257.3300018310547,1.0,0.0,0.0
77540,1.0,1,9.489999771118164,1.0,0.0,0.0
77541,1.0,1,250.0,1.0,0.0,0.0
77542,1.0,1,109.0,1.0,0.0,0.0
77550,1.0,1,10.210000038146973,1.0,0.0,0.0
77551,3.0,1,86.28999996185303,1.0,0.0,0.0
77552,1.0,1,24.0,1.0,0.0,0.0
77553,2.0,1,379.9799919128418,1.0,0.0,0.0
77555,2.0,1,74.95000076293945,1.0,0.0,0.0
77556,1.0,1,36.950000762939446,1.0,0.0,0.0
77558,1.0,1,30.0,1.0,0.0,0.0
77566,1.0,1,50.34999847412109,1.0,0.0,0.0
77572,2.0,1,157.73999977111816,1.0,0.0,0.0
77573,3.0,1,245.26000022888184,1.0,0.0,0.0
77578,1.0,1,42.0,1.0,0.0,0.0
77592,1.5,2,119.4950008392334,1.0,1385.0,0.0
77602,4.0,1,429.4600067138672,1.0,0.0,0.0
77614,1.0,1,48.04999923706056,1.0,0.0,0.0
77616,1.0,1,44.9900016784668,1.0,0.0,0.0
77621,1.0,1,44.9900016784668,1.0,0.0,0.0
77623,1.0,1,20.0,1.0,0.0,0.0
77624,2.0,1,91.98999977111816,1.0,0.0,0.0
77627,1.0,1,17.0,1.0,0.0,0.0
77632,4.0,2,298.79000091552734,1.0,768.0,0.0
77634,1.0,1,41.79999923706056,1.0,0.0,0.0
77639,1.0,1,24.989999771118164,1.0,0.0,0.0
77641,2.0,1,68.48000144958496,1.0,0.0,0.0
77643,1.0,1,24.989999771118164,1.0,0.0,0.0
77644,1.0,1,40.9900016784668,1.0,0.0,0.0
77649,1.0,2,146.49500274658203,1.0,106.0,0.0
77650,1.0,1,33.58000183105469,1.0,0.0,0.0
77658,3.0,1,221.89999771118164,1.0,0.0,0.0
77665,1.0,1,29.989999771118164,1.0,0.0,0.0
77669,2.0,1,213.93000030517578,1.0,0.0,0.0
77675,1.0,1,17.479999542236328,1.0,0.0,0.0
77691,1.0,1,189.0,1.0,0.0,0.0
77692,1.0,1,71.98999786376953,1.0,0.0,0.0
77694,1.0,1,109.5,1.0,0.0,0.0
77700,1.0,1,39.970001220703125,1.0,0.0,0.0
77703,1.0,1,29.989999771118164,1.0,0.0,0.0
77706,2.0,2,147.61499977111816,1.0,203.0,0.0
77707,4.0,1,146.92000198364258,1.0,0.0,0.0
77714,1.0,1,30.309999465942383,1.0,0.0,0.0
77722,1.0,1,26.0,1.0,0.0,0.0
77726,1.0,1,148.5800018310547,1.0,0.0,0.0
77741,2.5,2,140.76500368118286,1.0,476.0,0.0
77743,1.0,1,295.0,1.0,0.0,0.0
77749,1.0,1,14.210000038146973,1.0,0.0,0.0
77752,3.0,1,239.20000076293945,1.0,0.0,0.0
77756,1.0,2,41.45000076293945,1.0,75.0,0.0
77759,4.0,1,341.0,1.0,0.0,0.0
77760,3.0,1,105.9900016784668,1.0,0.0,0.0
77763,1.0,1,17.850000381469727,1.0,0.0,0.0
77764,1.0,1,49.9900016784668,1.0,0.0,0.0
77765,2.0,1,92.98999977111816,1.0,0.0,0.0
77771,2.0,1,123.47999954223633,1.0,0.0,0.0
77773,1.0,1,12.800000190734863,1.0,0.0,0.0
77775,2.0,1,41.97999954223633,1.0,0.0,0.0
77778,1.0,1,25.5,1.0,0.0,0.0
77779,1.0,1,24.989999771118164,1.0,0.0,0.0
77783,1.0,1,68.0,1.0,0.0,0.0
77784,2.0,1,216.75,1.0,0.0,0.0
77785,1.0,1,169.0,1.0,0.0,0.0
77788,2.0,1,45.980000019073486,1.0,0.0,0.0
77789,1.0,1,38.0,1.0,0.0,0.0
77795,1.0,1,345.0,1.0,0.0,0.0
77800,2.0,1,240.14999961853027,1.0,0.0,0.0
77801,1.0,1,69.0,1.0,0.0,0.0
77803,2.0,1,90.9800033569336,1.0,0.0,0.0
77809,1.0,1,89.98999786376953,1.0,0.0,0.0
77810,1.0,1,99.0,1.0,0.0,0.0
77813,1.0,1,69.5,1.0,0.0,0.0
77817,1.0,2,19.44499969482422,1.0,280.0,0.0
77822,1.0,1,44.0,1.0,0.0,0.0
77823,1.0,1,24.96999931335449,1.0,0.0,0.0
77827,1.0,1,34.0,1.0,0.0,0.0
77829,1.5,2,35.459999084472656,1.0,774.0,0.0
77836,1.0,1,25.0,1.0,0.0,0.0
77837,2.0,1,232.9900016784668,1.0,0.0,0.0
77838,1.0,1,18.989999771118164,1.0,0.0,0.0
77847,1.0,1,39.950000762939446,1.0,0.0,0.0
77848,3.0,1,322.98999786376953,1.0,0.0,0.0
77850,1.0,1,32.9900016784668,1.0,0.0,0.0
77851,1.0,1,45.0,1.0,0.0,0.0
77853,1.0,1,44.5,1.0,0.0,0.0
77854,2.0,1,433.0,1.0,0.0,0.0
77858,1.0,1,37.5,1.0,0.0,0.0
77865,1.0,1,38.29999923706056,1.0,0.0,0.0
77869,2.0,1,55.9900016784668,1.0,0.0,0.0
77876,1.0,1,6.360000133514404,1.0,0.0,0.0
77880,1.0,1,62.9900016784668,1.0,0.0,0.0
77882,2.5,2,207.63000011444092,1.0,448.0,0.0
77883,1.0,1,48.950000762939446,1.0,0.0,0.0
77884,1.5,2,111.99499988555908,1.0,45.0,0.0
77891,1.0,1,22.5,1.0,0.0,0.0
77898,1.0,1,55.0,1.0,0.0,0.0
77899,1.0,1,96.0,1.0,0.0,0.0
77904,1.0,1,6.980000019073486,1.0,0.0,0.0
77912,3.0,1,146.8999977111816,1.0,0.0,0.0
77917,2.0,1,286.5900001525879,1.0,0.0,0.0
77922,1.0,1,62.0,1.0,0.0,0.0
77930,1.0,1,63.560001373291016,1.0,0.0,0.0
77931,3.0,1,131.95999908447266,1.0,0.0,0.0
77934,1.0,1,19.989999771118164,1.0,0.0,0.0
77937,1.0,1,9.5,1.0,0.0,0.0
77941,1.0,1,69.94999694824219,1.0,0.0,0.0
77943,2.0,1,141.9799976348877,1.0,0.0,0.0
77947,1.0,1,18.0,1.0,0.0,0.0
77949,1.0,1,45.0,1.0,0.0,0.0
77957,1.0,1,188.0,1.0,0.0,0.0
77961,2.0,1,90.89999961853027,1.0,0.0,0.0
77964,2.0,1,110.0,1.0,0.0,0.0
77967,1.0,3,18.329999923706055,1.0,504.5,511.23820279787384
77969,2.0,1,59.97999954223633,1.0,0.0,0.0
77973,1.0,1,51.59999847412109,1.0,0.0,0.0
77975,1.0,1,75.0,1.0,0.0,0.0
77984,2.0,1,94.5,1.0,0.0,0.0
77986,2.0,1,40.95000076293945,1.0,0.0,0.0
77990,1.0,1,89.98999786376953,1.0,0.0,0.0
77991,2.0,1,184.0,1.0,0.0,0.0
77997,1.0,1,49.9900016784668,1.0,0.0,0.0
77998,1.0,1,24.989999771118164,1.0,0.0,0.0
77999,1.0,1,54.9900016784668,1.0,0.0,0.0
78001,3.0,1,107.9900016784668,1.0,0.0,0.0
78004,1.5,2,36.84000086784363,1.0,60.0,0.0
78020,1.0,1,9.949999809265137,1.0,0.0,0.0
78023,1.0,1,129.0,1.0,0.0,0.0
78024,1.0,1,18.8799991607666,1.0,0.0,0.0
78026,4.0,1,242.97999954223633,1.0,0.0,0.0
78029,1.0,2,34.49499988555908,1.0,123.0,0.0
78036,1.0,1,66.48999977111816,2.0,6.0,0.0
78037,1.0,1,79.98999786376953,1.0,0.0,0.0
78040,3.0,1,141.98000144958496,1.0,0.0,0.0
78046,1.0,1,39.9900016784668,1.0,0.0,0.0
78052,4.0,1,318.6000003814697,1.0,0.0,0.0
78057,1.0,1,98.0,1.0,0.0,0.0
78062,2.0,1,320.0,1.0,0.0,0.0
78069,4.0,1,189.27999305725098,1.0,0.0,0.0
78083,1.0,1,27.989999771118164,1.0,0.0,0.0
78084,1.0,1,39.9900016784668,1.0,0.0,0.0
78091,1.0,1,395.0,1.0,0.0,0.0
78102,1.0,1,46.0,1.0,0.0,0.0
78103,2.0,1,122.0,1.0,0.0,0.0
78104,1.0,1,14.0,1.0,0.0,0.0
78107,2.0,1,59.98000144958496,1.0,0.0,0.0
78108,1.0,1,129.99000549316406,1.0,0.0,0.0
78111,1.0,1,198.0,1.0,0.0,0.0
78112,1.0,1,14.949999809265137,1.0,0.0,0.0
78113,1.0,1,69.0,1.0,0.0,0.0
78114,1.0,1,89.94999694824217,1.0,0.0,0.0
78119,1.0,1,189.0,1.0,0.0,0.0
78129,1.0,1,10.380000114440918,1.0,0.0,0.0
78131,1.0,2,41.39000129699707,1.0,101.0,0.0
78136,1.0,1,107.9499969482422,1.0,0.0,0.0
78141,1.0,1,28.709999084472656,1.0,0.0,0.0
78145,1.0,1,25.0,1.0,0.0,0.0
78148,1.0,1,134.99000549316406,1.0,0.0,0.0
78150,1.0,1,25.0,1.0,0.0,0.0
78153,1.0,1,75.0,1.0,0.0,0.0
78156,1.0,1,36.9900016784668,1.0,0.0,0.0
78159,2.0,1,66.98000144958496,1.0,0.0,0.0
78161,1.0,2,97.31499862670898,1.0,376.0,0.0
78164,1.0,1,105.83999633789062,1.0,0.0,0.0
78172,4.0,1,137.9900016784668,1.0,0.0,0.0
78173,3.0,1,348.95000076293945,1.0,0.0,0.0
78178,1.0,1,19.5,1.0,0.0,0.0
78184,1.0,1,19.950000762939453,1.0,0.0,0.0
78189,1.0,1,65.0,1.0,0.0,0.0
78194,2.0,1,74.56000137329102,1.0,0.0,0.0
78197,1.0,1,99.0,1.0,0.0,0.0
78199,1.0,1,8.0,1.0,0.0,0.0
78205,3.0,1,142.89999961853027,1.0,0.0,0.0
78206,1.0,1,188.25,1.0,0.0,0.0
78212,2.0,1,106.94999694824217,1.0,0.0,0.0
78214,2.0,1,54.38000011444092,1.0,0.0,0.0
78221,1.0,1,198.0,1.0,0.0,0.0
78222,1.0,2,37.81999969482422,1.0,500.0,0.0
78231,2.0,1,63.970001220703125,1.0,0.0,0.0
78232,1.0,1,29.89999961853028,1.0,0.0,0.0
78240,1.0,1,24.950000762939453,1.0,0.0,0.0
78243,1.0,1,37.900001525878906,1.0,0.0,0.0
78244,1.0,1,10.989999771118164,1.0,0.0,0.0
78248,2.0,1,223.75,1.0,0.0,0.0
78253,1.0,1,54.680000305175774,1.0,0.0,0.0
78258,2.0,2,117.49499893188477,1.0,261.0,0.0
78262,2.0,1,76.95000076293945,1.0,0.0,0.0
78270,1.0,1,40.0,1.0,0.0,0.0
78274,1.0,2,37.510000228881836,1.0,345.0,0.0
78278,1.0,1,40.0,1.0,0.0,0.0
78281,1.0,1,60.0,1.0,0.0,0.0
78287,1.0,1,210.0,1.0,0.0,0.0
78300,1.0,1,99.98999786376952,1.0,0.0,0.0
78302,1.0,1,48.75,1.0,0.0,0.0
78306,1.0,1,66.5,1.0,0.0,0.0
78309,3.0,1,110.62000179290771,1.0,0.0,0.0
78311,1.0,1,41.930000305175774,1.0,0.0,0.0
78313,1.0,1,27.950000762939453,1.0,0.0,0.0
78315,1.0,1,73.98999786376953,1.0,0.0,0.0
78319,1.0,1,30.0,1.0,0.0,0.0
78325,1.5,2,63.970001220703125,1.0,720.0,0.0
78326,2.0,1,235.0,1.0,0.0,0.0
78329,1.0,1,54.0,1.0,0.0,0.0
78331,1.0,1,99.98999786376952,1.0,0.0,0.0
78338,2.5,2,267.14499855041504,1.0,252.0,0.0
78339,1.0,1,92.36000061035156,1.0,0.0,0.0
78342,4.0,1,74.48000144958496,1.0,0.0,0.0
78343,1.0,2,23.8149995803833,1.0,76.0,0.0
78345,2.0,1,251.17999267578125,1.0,0.0,0.0
78346,4.0,1,512.9400062561035,1.0,0.0,0.0
78354,1.0,1,64.94999694824219,1.0,0.0,0.0
78363,1.0,1,36.0,1.0,0.0,0.0
78366,1.0,1,59.450000762939446,1.0,0.0,0.0
78368,1.0,1,38.5,1.0,0.0,0.0
78376,1.0,3,28.656667073567707,1.0,1127.0,147.07821048680188
78377,2.0,1,76.98000144958496,1.0,0.0,0.0
78381,1.0,1,24.950000762939453,1.0,0.0,0.0
78383,1.0,1,44.9900016784668,1.0,0.0,0.0
78386,1.0,1,129.99000549316406,1.0,0.0,0.0
78389,1.0,1,69.98999786376953,1.0,0.0,0.0
78394,1.0,1,34.0,1.0,0.0,0.0
78398,2.0,1,45.39999961853027,1.0,0.0,0.0
78399,1.0,1,89.98999786376953,1.0,0.0,0.0
78400,4.0,1,273.9300003051758,1.0,0.0,0.0
78405,1.0,1,25.0,1.0,0.0,0.0
78410,1.0,1,18.0,1.0,0.0,0.0
78411,3.0,1,113.0,1.0,0.0,0.0
78412,1.0,1,36.66999816894531,1.0,0.0,0.0
78426,1.0,1,47.9900016784668,1.0,0.0,0.0
78430,4.0,1,404.5,1.0,0.0,0.0
78431,1.0,1,49.0,1.0,0.0,0.0
78432,1.0,1,37.02999877929688,1.0,0.0,0.0
78435,1.0,1,33.470001220703125,1.0,0.0,0.0
78436,1.0,1,79.98999786376953,1.0,0.0,0.0
78439,1.0,1,185.0,1.0,0.0,0.0
78443,1.0,1,8.0,1.0,0.0,0.0
78447,1.0,1,19.989999771118164,1.0,0.0,0.0
78451,2.0,1,423.0,1.0,0.0,0.0
78454,1.0,1,60.0,1.0,0.0,0.0
78461,1.0,1,62.0,1.0,0.0,0.0
78477,1.0,1,24.0,1.0,0.0,0.0
78478,1.0,1,46.5,1.0,0.0,0.0
78481,2.0,1,300.4099998474121,1.0,0.0,0.0
78484,1.0,1,26.0,1.0,0.0,0.0
78485,2.0,1,78.98999977111816,1.0,0.0,0.0
78487,1.0,1,133.3300018310547,1.0,0.0,0.0
78488,1.0,1,59.950000762939446,1.0,0.0,0.0
78489,1.0,1,16.950000762939453,1.0,0.0,0.0
78491,1.0,1,27.989999771118164,1.0,0.0,0.0
78492,1.0,1,18.809999465942383,1.0,0.0,0.0
78495,1.0,1,101.5,1.0,0.0,0.0
78496,1.0,1,149.0,1.0,0.0,0.0
78498,1.0,1,19.989999771118164,1.0,0.0,0.0
78499,1.0,1,64.5,1.0,0.0,0.0
78500,1.0,1,50.0,1.0,0.0,0.0
78508,1.0,1,235.0,1.0,0.0,0.0
78510,2.0,1,239.0,1.0,0.0,0.0
78511,1.0,1,25.0,1.0,0.0,0.0
78517,1.0,1,42.97999954223633,1.0,0.0,0.0
78520,2.0,1,98.5,1.0,0.0,0.0
78525,1.0,1,19.989999771118164,1.0,0.0,0.0
78526,1.0,1,54.950000762939446,1.0,0.0,0.0
78531,1.0,1,24.989999771118164,1.0,0.0,0.0
78532,2.0,1,125.47000503540039,1.0,0.0,0.0
78536,4.0,1,315.4600028991699,1.0,0.0,0.0
78540,1.0,1,64.0,1.0,0.0,0.0
78544,1.0,1,65.0,1.0,0.0,0.0
78547,1.0,1,98.0,1.0,0.0,0.0
78548,1.0,1,56.0,1.0,0.0,0.0
78550,1.0,1,35.34000015258789,1.0,0.0,0.0
78553,1.0,2,53.6299991607666,1.0,635.0,0.0
78554,1.0,1,29.979999542236328,1.0,0.0,0.0
78557,1.0,1,126.0,1.0,0.0,0.0
78560,2.0,1,174.1899948120117,1.0,0.0,0.0
78562,1.0,1,13.0,1.0,0.0,0.0
78563,1.0,1,44.0,1.0,0.0,0.0
78567,1.0,1,17.989999771118164,1.0,0.0,0.0
78573,4.0,1,225.08999824523926,1.0,0.0,0.0
78576,3.0,1,64.46999931335449,1.0,0.0,0.0
78578,2.0,1,90.0,1.0,0.0,0.0
78581,1.0,1,269.0,1.0,0.0,0.0
78583,1.0,1,15.239999771118164,1.0,0.0,0.0
78585,3.0,1,127.38000297546387,1.0,0.0,0.0
78587,1.0,1,11.989999771118164,1.0,0.0,0.0
78593,1.0,1,9.989999771118164,1.0,0.0,0.0
78595,1.0,1,149.60000610351562,1.0,0.0,0.0
78610,1.0,3,42.999999046325684,1.0,202.5,33.23401871576773
78615,4.0,1,193.92000007629395,1.0,0.0,0.0
78617,1.0,1,109.98999786376952,1.0,0.0,0.0
78621,3.0,1,104.70000076293945,1.0,0.0,0.0
78624,2.0,1,54.859999656677246,1.0,0.0,0.0
78626,1.0,1,61.180000305175774,1.0,0.0,0.0
78636,1.0,1,50.0,1.0,0.0,0.0
78638,1.0,1,22.5,1.0,0.0,0.0
78640,1.0,1,15.0,1.0,0.0,0.0
78659,2.0,1,152.36999702453613,1.0,0.0,0.0
78669,1.0,1,35.0,1.0,0.0,0.0
78670,1.0,1,36.400001525878906,1.0,0.0,0.0
78673,1.0,1,78.0,1.0,0.0,0.0
78674,1.0,2,65.0049991607666,1.0,341.0,0.0
78676,2.0,1,96.70999908447266,1.0,0.0,0.0
78689,4.0,1,424.0,1.0,0.0,0.0
78697,1.0,1,25.0,1.0,0.0,0.0
78699,2.0,1,89.95000076293945,1.0,0.0,0.0
78704,1.0,1,15.210000038146973,1.0,0.0,0.0
78709,1.0,1,34.9900016784668,1.0,0.0,0.0
78713,1.0,1,23.5,1.0,0.0,0.0
78719,2.0,1,40.35000038146973,1.0,0.0,0.0
78727,1.0,1,11.039999961853027,1.0,0.0,0.0
78740,2.5,2,159.7350025177002,1.0,532.0,0.0
78745,2.0,1,172.87000274658203,1.0,0.0,0.0
78746,1.0,2,20.235000133514404,1.0,118.0,0.0
78748,1.0,1,22.0,1.0,0.0,0.0
78752,1.0,1,39.950000762939446,1.0,0.0,0.0
78756,1.0,1,16.200000762939453,1.0,0.0,0.0
78757,2.0,1,173.5,1.0,0.0,0.0
78761,1.0,1,5.989999771118164,1.0,0.0,0.0
78764,1.5,2,159.69499969482422,1.0,908.0,0.0
78775,2.0,1,279.0,1.0,0.0,0.0
78780,1.0,1,14.270000457763672,1.0,0.0,0.0
78781,2.0,2,167.17999505996704,1.0,783.0,0.0
78782,2.0,1,73.419997215271,1.0,0.0,0.0
78791,2.0,1,84.4900016784668,1.0,0.0,0.0
78793,1.0,1,60.0,1.0,0.0,0.0
78796,1.0,1,246.0,1.0,0.0,0.0
78804,1.0,1,147.1300048828125,1.0,0.0,0.0
78814,3.0,1,142.94000244140625,1.0,0.0,0.0
78815,2.0,1,79.9800033569336,1.0,0.0,0.0
78819,2.5,2,71.38500022888184,1.0,82.0,0.0
78820,1.0,1,81.2300033569336,1.0,0.0,0.0
78822,1.0,1,59.5,1.0,0.0,0.0
78844,1.0,1,62.0,1.0,0.0,0.0
78845,2.0,1,83.98999977111816,1.0,0.0,0.0
78847,1.0,1,325.0,1.0,0.0,0.0
78850,1.0,1,21.0,1.0,0.0,0.0
78851,2.0,1,83.98999977111816,1.0,0.0,0.0
78860,1.0,1,37.9900016784668,1.0,0.0,0.0
78866,1.0,1,12.100000381469728,1.0,0.0,0.0
78867,1.0,1,24.0,1.0,0.0,0.0
78872,2.0,1,167.0,1.0,0.0,0.0
78873,1.0,1,39.4099998474121,1.0,0.0,0.0
78876,1.0,1,29.950000762939453,1.0,0.0,0.0
78879,2.0,1,69.38000106811523,1.0,0.0,0.0
78892,1.0,1,61.0,1.0,0.0,0.0
78893,1.0,1,35.9900016784668,1.0,0.0,0.0
78896,2.0,1,114.48999786376953,1.0,0.0,0.0
78904,1.5,2,147.24500274658203,1.0,99.0,0.0
78906,2.0,2,109.89499998092651,1.0,537.0,0.0
78907,2.0,2,114.95999908447264,1.0,636.0,0.0
78908,1.0,1,69.94999694824219,1.0,0.0,0.0
78909,1.0,1,17.0,1.0,0.0,0.0
78911,2.0,2,226.94999980926514,1.0,554.0,0.0
78914,2.0,1,37.97999954223633,1.0,0.0,0.0
78919,1.0,1,36.0,1.0,0.0,0.0
78920,1.0,1,49.9900016784668,1.0,0.0,0.0
78923,1.0,1,47.880001068115234,1.0,0.0,0.0
78929,2.0,1,165.94000625610352,1.0,0.0,0.0
78931,2.0,1,43.239999771118164,1.0,0.0,0.0
78933,3.0,1,193.4900016784668,1.0,0.0,0.0
78941,2.0,1,27.449999809265137,1.0,0.0,0.0
78942,1.0,2,137.49499988555908,1.0,17.0,0.0
78943,1.0,1,17.989999771118164,1.0,0.0,0.0
78944,1.0,1,16.700000762939453,1.0,0.0,0.0
78950,1.0,1,119.0,1.0,0.0,0.0
78952,1.0,1,160.0,1.0,0.0,0.0
78953,1.0,2,24.96500015258789,1.0,349.0,0.0
78957,2.0,2,180.11499977111816,1.0,218.0,0.0
78958,2.0,1,244.0,1.0,0.0,0.0
78963,1.0,1,37.459999084472656,1.0,0.0,0.0
78964,2.0,1,116.9799976348877,1.0,0.0,0.0
78970,1.0,1,20.950000762939453,1.0,0.0,0.0
78974,2.0,1,103.09000015258789,1.0,0.0,0.0
78978,2.0,1,64.98999977111816,1.0,0.0,0.0
78979,2.0,1,40.93000030517578,1.0,0.0,0.0
78984,1.0,1,55.0,1.0,0.0,0.0
78987,1.0,1,236.83999633789065,1.0,0.0,0.0
78988,1.0,1,36.84999847412109,1.0,0.0,0.0
78991,1.0,2,46.03000068664551,1.0,24.0,0.0
78999,2.0,1,46.989999771118164,1.0,0.0,0.0
79000,2.0,1,204.27000045776367,1.0,0.0,0.0
79005,1.0,1,37.97999954223633,1.0,0.0,0.0
79009,2.0,1,79.98999977111816,1.0,0.0,0.0
79010,2.0,1,54.790000915527344,1.0,0.0,0.0
79012,1.0,1,20.0,1.0,0.0,0.0
79013,1.0,1,68.0,1.0,0.0,0.0
79019,1.0,2,44.13000011444092,1.0,121.0,0.0
79020,2.0,1,41.0,1.0,0.0,0.0
79024,1.0,1,295.0,1.0,0.0,0.0
79025,3.0,1,282.9499969482422,1.0,0.0,0.0
79032,1.0,1,55.0,1.0,0.0,0.0
79035,1.0,1,25.0,1.0,0.0,0.0
79038,1.0,1,115.0,1.0,0.0,0.0
79045,1.0,1,20.89999961853028,1.0,0.0,0.0
79050,2.0,1,87.4900016784668,1.0,0.0,0.0
79053,1.0,1,54.0,1.0,0.0,0.0
79055,1.0,2,67.25,1.0,40.0,0.0
79056,1.0,1,69.0,1.0,0.0,0.0
79062,2.0,1,117.6500015258789,1.0,0.0,0.0
79063,2.0,1,61.95000076293945,1.0,0.0,0.0
79066,1.0,1,42.0,1.0,0.0,0.0
79069,2.0,1,324.0,1.0,0.0,0.0
79070,2.0,1,20.84000015258789,1.0,0.0,0.0
79072,1.0,1,49.9900016784668,1.0,0.0,0.0
79073,1.0,1,179.0,1.0,0.0,0.0
79074,2.0,1,90.19999980926514,1.0,0.0,0.0
79076,1.0,1,34.9900016784668,1.0,0.0,0.0
79078,1.0,1,23.989999771118164,1.0,0.0,0.0
79079,2.0,1,39.989999771118164,1.0,0.0,0.0
79080,1.0,1,14.989999771118164,1.0,0.0,0.0
79081,1.0,1,44.9900016784668,1.0,0.0,0.0
79086,1.0,1,34.0,1.0,0.0,0.0
79093,2.0,1,71.0,1.0,0.0,0.0
79094,1.0,1,33.06999969482422,1.0,0.0,0.0
79095,2.0,1,76.0,1.0,0.0,0.0
79097,1.0,1,69.98999786376953,1.0,0.0,0.0
79103,2.0,2,67.47999858856201,1.0,94.0,0.0
79105,1.0,1,149.9499969482422,1.0,0.0,0.0
79109,4.0,1,192.94999885559082,1.0,0.0,0.0
79110,2.0,1,67.9000015258789,1.0,0.0,0.0
79113,2.0,1,75.94000053405762,1.0,0.0,0.0
79116,1.0,1,60.11000061035156,1.0,0.0,0.0
79123,2.0,1,76.9000015258789,1.0,0.0,0.0
79131,2.0,1,60.0,1.0,0.0,0.0
79142,1.0,1,12.949999809265137,1.0,0.0,0.0
79143,2.0,1,133.9900016784668,1.0,0.0,0.0
79154,2.0,1,97.98999977111816,1.0,0.0,0.0
79156,2.0,1,389.45000076293945,1.0,0.0,0.0
79159,2.0,1,37.989999771118164,1.0,0.0,0.0
79166,4.0,1,165.38999938964844,1.0,0.0,0.0
79173,1.0,1,4.989999771118164,1.0,0.0,0.0
79174,1.0,1,60.0,1.0,0.0,0.0
79177,1.5,4,59.7475004196167,1.0,300.3333333333333,242.66094315594617
79180,1.0,1,18.989999771118164,1.0,0.0,0.0
79181,1.0,1,31.0,1.0,0.0,0.0
79185,1.0,1,3.0,1.0,0.0,0.0
79186,1.0,1,49.5,1.0,0.0,0.0
79189,3.0,1,125.7400016784668,1.0,0.0,0.0
79191,1.0,1,10.979999542236328,1.0,0.0,0.0
79195,2.0,1,124.95000076293945,1.0,0.0,0.0
79201,1.0,1,14.020000457763672,1.0,0.0,0.0
79203,1.0,1,8.0,1.0,0.0,0.0
79205,2.0,1,137.86999988555908,1.0,0.0,0.0
79207,3.0,1,229.48999786376953,1.0,0.0,0.0
79208,1.0,2,11.920000076293945,1.0,1609.0,0.0
79209,4.0,1,200.07000160217285,1.0,0.0,0.0
79218,1.0,1,84.63999938964845,1.0,0.0,0.0
79222,1.0,1,49.9900016784668,1.0,0.0,0.0
79224,1.0,1,12.949999809265137,1.0,0.0,0.0
79227,1.0,1,79.0,1.0,0.0,0.0
79231,1.0,1,46.0,1.0,0.0,0.0
79232,1.0,2,59.22499990463257,1.0,175.0,0.0
79246,1.0,1,88.0,1.0,0.0,0.0
79247,1.0,1,44.9900016784668,1.0,0.0,0.0
79248,3.0,1,242.93999862670898,1.0,0.0,0.0
79251,2.0,1,60.0,1.0,0.0,0.0
79253,2.0,1,159.0,1.0,0.0,0.0
79259,1.0,1,12.989999771118164,1.0,0.0,0.0
79260,2.0,1,257.99000549316406,1.0,0.0,0.0
79266,1.0,1,38.0,1.0,0.0,0.0
79273,1.0,1,18.0,1.0,0.0,0.0
79274,1.0,1,55.0,1.0,0.0,0.0
79278,1.0,1,34.0,1.0,0.0,0.0
79283,4.0,1,255.5,1.0,0.0,0.0
79288,1.0,1,26.989999771118164,1.0,0.0,0.0
79299,2.0,1,60.450000762939446,1.0,0.0,0.0
79308,2.0,1,119.0,1.0,0.0,0.0
79315,1.0,1,35.040000915527344,1.0,0.0,0.0
79321,1.0,1,79.98999786376953,1.0,0.0,0.0
79326,1.0,2,72.0,1.0,1501.0,0.0
79327,1.0,1,49.5,1.0,0.0,0.0
79328,1.0,1,105.0,1.0,0.0,0.0
79330,2.0,1,100.0,1.0,0.0,0.0
79342,1.0,2,16.489999771118164,1.0,97.0,0.0
79343,1.0,1,9.949999809265137,1.0,0.0,0.0
79345,1.0,2,78.7450008392334,1.5,247.0,332.34018715767735
79354,2.0,1,247.0,1.0,0.0,0.0
79356,1.0,1,39.950000762939446,1.0,0.0,0.0
79361,1.0,1,193.0,1.0,0.0,0.0
79364,1.0,2,27.0,1.0,336.0,0.0
79365,4.0,1,205.0800018310547,1.0,0.0,0.0
79368,2.0,1,37.0,1.0,0.0,0.0
79372,1.0,1,140.0,1.0,0.0,0.0
79374,1.0,1,9.93000030517578,1.0,0.0,0.0
79375,4.0,1,183.0,1.0,0.0,0.0
79378,2.0,1,228.5,1.0,0.0,0.0
79379,1.0,1,144.5,1.0,0.0,0.0
79384,1.0,2,44.9950008392334,1.0,1550.0,0.0
79387,1.0,1,19.950000762939453,1.0,0.0,0.0
79392,1.0,1,79.0,1.0,0.0,0.0
79398,1.0,1,72.5,1.0,0.0,0.0
79399,2.0,1,105.98999786376953,1.0,0.0,0.0
79402,1.0,1,43.9900016784668,1.0,0.0,0.0
79406,1.0,1,29.989999771118164,1.0,0.0,0.0
79421,1.0,1,147.5,1.0,0.0,0.0
79424,1.0,1,8.989999771118164,1.0,0.0,0.0
79425,3.0,1,272.9499969482422,1.0,0.0,0.0
79436,2.0,1,244.0,1.0,0.0,0.0
79443,1.0,1,32.7599983215332,1.0,0.0,0.0
79444,1.0,1,100.0,1.0,0.0,0.0
79446,1.0,1,34.0,1.0,0.0,0.0
79447,2.0,1,44.83000183105469,1.0,0.0,0.0
79451,4.0,1,155.11000156402588,1.0,0.0,0.0
79453,1.0,1,78.0,1.0,0.0,0.0
79456,1.0,1,29.5,1.0,0.0,0.0
79460,1.0,1,19.979999542236328,1.0,0.0,0.0
79464,1.0,1,71.4000015258789,1.0,0.0,0.0
79465,2.0,1,114.94000244140625,1.0,0.0,0.0
79468,2.0,1,55.21000099182129,1.0,0.0,0.0
79470,2.0,1,139.4900016784668,1.0,0.0,0.0
79478,4.0,1,153.7300033569336,1.0,0.0,0.0
79491,2.0,1,89.0,1.0,0.0,0.0
79496,1.0,1,69.0,1.0,0.0,0.0
79499,2.0,1,71.98999977111816,1.0,0.0,0.0
79504,2.0,1,48.94999980926514,1.0,0.0,0.0
79509,1.5,2,69.74499988555908,1.0,364.0,0.0
79514,3.0,1,158.4900016784668,1.0,0.0,0.0
79516,1.0,1,34.95000076293945,1.0,0.0,0.0
79520,1.0,2,51.190001487731934,1.0,496.0,0.0
79525,1.0,1,31.0,1.0,0.0,0.0
79528,1.0,1,104.5,1.0,0.0,0.0
79532,2.0,1,49.13000011444092,1.0,0.0,0.0
79536,1.0,1,30.88999938964844,1.0,0.0,0.0
79542,1.5,2,58.31500053405762,1.0,61.0,0.0
79545,1.0,1,18.0,1.0,0.0,0.0
79547,1.5,2,102.72500038146973,1.0,628.0,0.0
79549,2.0,1,25.420000076293945,1.0,0.0,0.0
79550,1.0,1,349.0,1.0,0.0,0.0
79554,1.0,2,134.98500442504883,1.0,103.0,0.0
79557,1.0,1,220.0,1.0,0.0,0.0
79558,1.0,1,50.0,1.0,0.0,0.0
79567,1.0,1,12.979999542236328,1.0,0.0,0.0
79572,1.0,1,31.989999771118164,1.0,0.0,0.0
79573,1.0,1,19.989999771118164,1.0,0.0,0.0
79583,3.0,1,116.94000244140625,1.0,0.0,0.0
79584,4.0,1,206.92000007629395,1.0,0.0,0.0
79586,1.0,1,200.0,1.0,0.0,0.0
79587,2.0,1,44.5,1.0,0.0,0.0
79598,2.0,1,72.76000213623047,1.0,0.0,0.0
79601,1.0,1,131.99000549316406,1.0,0.0,0.0
79603,1.0,1,59.9900016784668,1.0,0.0,0.0
79614,1.0,1,11.56999969482422,1.0,0.0,0.0
79622,3.0,1,174.05999565124512,1.0,0.0,0.0
79625,1.0,1,39.9900016784668,1.0,0.0,0.0
79630,1.0,1,56.0,1.0,0.0,0.0
79631,1.0,1,44.5,1.0,0.0,0.0
79636,1.0,1,44.0,1.0,0.0,0.0
79638,2.0,1,177.0,1.0,0.0,0.0
79641,1.0,1,22.989999771118164,1.0,0.0,0.0
79650,1.0,3,129.79666900634766,1.0,213.0,31.11269837220809
79657,1.0,1,75.0,1.0,0.0,0.0
79664,2.0,1,104.93999862670898,1.0,0.0,0.0
79674,1.0,2,13.974999904632568,1.0,410.0,0.0
79675,1.0,2,61.9950008392334,1.0,103.0,0.0
79676,1.0,1,26.0,1.0,0.0,0.0
79678,1.0,1,49.9900016784668,1.0,0.0,0.0
79684,2.0,1,79.68999862670898,1.0,0.0,0.0
79686,2.0,1,164.5,1.0,0.0,0.0
79690,1.0,1,32.5,1.0,0.0,0.0
79691,1.0,1,40.0,1.0,0.0,0.0
79692,4.0,1,157.95000076293945,1.0,0.0,0.0
79697,3.0,1,317.6500015258789,1.0,0.0,0.0
79705,1.0,2,82.52999877929688,1.0,464.0,0.0
79717,1.0,1,24.989999771118164,1.0,0.0,0.0
79721,1.0,1,45.950000762939446,1.0,0.0,0.0
79724,3.0,1,436.99000549316406,1.0,0.0,0.0
79728,1.0,1,48.0,1.0,0.0,0.0
79729,1.0,1,89.94999694824217,1.0,0.0,0.0
79731,1.0,1,175.0,1.0,0.0,0.0
79737,1.0,1,180.0,1.0,0.0,0.0
79738,1.0,1,24.25,1.0,0.0,0.0
79740,1.0,1,59.9900016784668,1.0,0.0,0.0
79743,1.0,1,42.1599998474121,1.0,0.0,0.0
79750,2.0,1,614.9899997711182,1.0,0.0,0.0
79761,1.0,1,39.9900016784668,1.0,0.0,0.0
79762,1.0,2,45.47500002384186,1.0,737.0,0.0
79763,2.0,1,284.98999977111816,1.0,0.0,0.0
79767,4.0,1,317.71001052856445,1.0,0.0,0.0
79771,4.0,1,246.59999465942383,1.0,0.0,0.0
79774,1.0,1,10.0,1.0,0.0,0.0
79779,4.0,1,73.70000076293945,1.0,0.0,0.0
79781,1.0,1,45.0,1.0,0.0,0.0
79787,2.0,1,209.5,1.0,0.0,0.0
79792,1.0,1,93.0,1.0,0.0,0.0
79793,1.0,1,42.0,1.0,0.0,0.0
79797,1.0,1,9.949999809265137,1.0,0.0,0.0
79801,1.0,1,108.9499969482422,1.0,0.0,0.0
79804,1.0,1,45.0,1.0,0.0,0.0
79811,2.0,1,36.10000038146973,1.0,0.0,0.0
79812,1.0,1,129.0,1.0,0.0,0.0
79817,1.0,1,47.97999954223633,1.0,0.0,0.0
79820,1.0,1,26.040000915527344,1.0,0.0,0.0
79824,4.0,1,496.9699993133545,1.0,0.0,0.0
79826,1.0,1,34.9900016784668,1.0,0.0,0.0
79828,2.0,1,169.39999389648438,1.0,0.0,0.0
79831,1.0,1,52.950000762939446,1.0,0.0,0.0
79833,1.0,1,179.9499969482422,1.0,0.0,0.0
79835,2.0,1,50.989999771118164,1.0,0.0,0.0
79837,1.0,1,78.0,1.0,0.0,0.0
79841,1.5,2,205.4950008392334,1.0,491.0,0.0
79842,1.0,1,24.950000762939453,1.0,0.0,0.0
79851,1.0,1,25.0,1.0,0.0,0.0
79854,1.0,1,53.950000762939446,1.0,0.0,0.0
79863,1.0,1,38.9900016784668,1.0,0.0,0.0
79865,2.0,1,148.95000076293945,1.0,0.0,0.0
79868,1.0,1,25.25,1.0,0.0,0.0
79875,1.0,1,13.989999771118164,1.0,0.0,0.0
79877,1.0,1,115.0,1.0,0.0,0.0
79878,2.0,1,30.489999771118164,1.0,0.0,0.0
79879,1.0,1,29.989999771118164,1.0,0.0,0.0
79882,1.0,1,9.789999961853027,1.0,0.0,0.0
79883,1.0,1,16.989999771118164,1.0,0.0,0.0
79886,1.0,1,42.0,1.0,0.0,0.0
79889,1.0,1,20.989999771118164,1.0,0.0,0.0
79894,1.0,1,22.020000457763672,1.0,0.0,0.0
79897,1.0,1,57.060001373291016,1.0,0.0,0.0
79903,1.0,1,63.75,1.0,0.0,0.0
79906,2.0,1,103.94999694824219,1.0,0.0,0.0
79907,2.0,1,141.98999977111816,1.0,0.0,0.0
79908,4.0,1,372.9300079345703,1.0,0.0,0.0
79910,1.0,1,31.920000076293945,1.0,0.0,0.0
79914,1.0,2,51.47500038146973,1.0,590.0,0.0
79915,3.0,1,132.9800033569336,1.0,0.0,0.0
79917,1.0,1,20.0,1.0,0.0,0.0
79920,1.0,1,16.950000762939453,1.0,0.0,0.0
79921,1.0,1,21.989999771118164,1.0,0.0,0.0
79922,2.0,1,71.48999977111816,1.0,0.0,0.0
79928,1.0,1,39.950000762939446,1.0,0.0,0.0
79929,1.0,1,51.0,1.0,0.0,0.0
79935,4.0,1,194.95999908447266,1.0,0.0,0.0
79937,1.0,1,18.0,1.0,0.0,0.0
79940,1.0,1,15.0,1.0,0.0,0.0
79942,3.0,1,60.0,1.0,0.0,0.0
79945,1.0,1,74.94999694824217,1.0,0.0,0.0
79946,1.0,1,55.0,1.0,0.0,0.0
79949,2.0,2,84.22500038146973,1.0,313.0,0.0
79952,2.0,1,194.94000625610352,1.0,0.0,0.0
79956,1.0,1,29.989999771118164,1.0,0.0,0.0
79957,1.0,1,10.6899995803833,1.0,0.0,0.0
79959,2.5,2,132.89000034332275,1.0,82.0,0.0
79966,2.0,1,101.5,1.0,0.0,0.0
79968,4.0,1,102.35000038146973,1.0,0.0,0.0
79969,1.0,1,12.0,1.0,0.0,0.0
79970,1.0,1,19.989999771118164,1.0,0.0,0.0
79979,1.0,1,12.0,1.0,0.0,0.0
79989,1.0,1,79.5,1.0,0.0,0.0
79991,1.0,1,279.989990234375,1.0,0.0,0.0
80001,2.0,1,77.98000144958496,1.0,0.0,0.0
80004,1.0,1,64.94999694824219,1.0,0.0,0.0
80005,1.0,1,76.75,1.0,0.0,0.0
80007,2.5,2,112.1949987411499,1.0,157.0,0.0
80012,1.0,1,30.0,1.0,0.0,0.0
80013,1.0,1,80.0,1.0,0.0,0.0
80019,1.0,1,41.9900016784668,1.0,0.0,0.0
80020,1.0,1,24.0,1.0,0.0,0.0
80032,1.0,1,25.0,1.0,0.0,0.0
80033,1.0,1,209.0,1.0,0.0,0.0
80036,2.0,1,57.4900016784668,1.0,0.0,0.0
80037,1.0,1,33.0,1.0,0.0,0.0
80041,1.5,2,66.99999904632568,1.0,859.0,0.0
80042,3.0,1,193.44000244140625,1.0,0.0,0.0
80055,1.0,1,11.989999771118164,1.0,0.0,0.0
80058,3.0,2,113.6950011253357,1.0,39.0,0.0
80061,4.0,1,357.8000030517578,1.0,0.0,0.0
80076,3.0,1,290.0,1.0,0.0,0.0
80077,1.0,1,39.5,1.0,0.0,0.0
80087,1.0,1,16.940000534057617,1.0,0.0,0.0
80088,1.0,2,16.47499990463257,1.0,291.0,0.0
80098,1.0,1,21.989999771118164,1.0,0.0,0.0
80103,1.0,1,9.630000114440918,1.0,0.0,0.0
80104,2.0,1,38.93000030517578,1.0,0.0,0.0
80116,1.0,1,81.4000015258789,1.0,0.0,0.0
80119,1.3333333333333333,2,134.95000076293945,1.5,226.0,294.15642097360376
80121,1.0,1,23.950000762939453,1.0,0.0,0.0
80123,1.0,1,39.950000762939446,1.0,0.0,0.0
80128,3.0,1,224.36000728607178,1.0,0.0,0.0
80134,1.0,1,119.98999786376952,1.0,0.0,0.0
80135,1.0,1,59.930000305175774,1.0,0.0,0.0
80138,1.0,1,17.84000015258789,1.0,0.0,0.0
80139,1.0,1,38.0,1.0,0.0,0.0
80145,4.0,1,194.48999977111816,1.0,0.0,0.0
80154,2.0,1,93.98999977111816,1.0,0.0,0.0
80158,1.0,1,25.989999771118164,1.0,0.0,0.0
80161,2.0,1,57.0,1.0,0.0,0.0
80162,1.0,1,14.989999771118164,1.0,0.0,0.0
80169,4.0,1,268.98999977111816,1.0,0.0,0.0
80178,4.0,1,169.7599983215332,1.0,0.0,0.0
80183,1.5,2,74.24499988555908,1.0,446.0,0.0
80188,2.0,1,226.0,1.0,0.0,0.0
80190,1.0,1,25.0,1.0,0.0,0.0
80191,1.0,2,45.94000053405762,1.0,322.0,0.0
80192,4.0,1,514.8900032043457,1.0,0.0,0.0
80194,1.0,1,158.0,1.0,0.0,0.0
80195,2.0,1,109.9900016784668,1.0,0.0,0.0
80198,2.0,1,93.0,1.0,0.0,0.0
80202,2.0,1,289.98999977111816,1.0,0.0,0.0
80205,1.0,1,196.17999267578125,1.0,0.0,0.0
80208,1.0,1,20.989999771118164,1.0,0.0,0.0
80210,1.0,1,49.950000762939446,1.0,0.0,0.0
80217,2.5,1,311.3000068664551,2.0,4.0,0.0
80232,2.0,1,35.94999885559082,1.0,0.0,0.0
80238,2.0,1,195.99000549316406,1.0,0.0,0.0
80240,1.0,1,59.950000762939446,1.0,0.0,0.0
80244,1.5,2,90.9900016784668,1.0,535.0,0.0
80250,1.0,1,26.989999771118164,1.0,0.0,0.0
80255,1.0,1,115.0,1.0,0.0,0.0
80259,1.0,1,18.0,1.0,0.0,0.0
80267,1.0,1,44.0,1.0,0.0,0.0
80277,1.0,1,19.989999771118164,1.0,0.0,0.0
80280,1.0,1,97.0,1.0,0.0,0.0
80284,1.0,1,18.0,1.0,0.0,0.0
80287,2.0,2,120.44499969482422,1.0,129.0,0.0
80289,2.0,1,318.98999977111816,1.0,0.0,0.0
80290,1.0,1,120.0,1.0,0.0,0.0
80303,1.0,1,25.989999771118164,1.0,0.0,0.0
80309,2.0,1,107.98999977111816,1.0,0.0,0.0
80312,1.0,1,88.0,1.0,0.0,0.0
80316,1.0,1,51.0,1.0,0.0,0.0
80319,4.0,1,186.95999908447266,1.0,0.0,0.0
80325,4.0,1,163.94000244140625,1.0,0.0,0.0
80331,2.5,1,568.7499980926514,2.0,1.0,0.0
80355,1.5,2,59.49000072479248,1.0,713.0,0.0
80363,1.0,1,39.950000762939446,1.0,0.0,0.0
80367,2.0,1,117.9900016784668,1.0,0.0,0.0
80371,3.0,1,159.5,1.0,0.0,0.0
80377,1.0,1,61.9900016784668,1.0,0.0,0.0
80381,2.0,1,174.98999977111816,1.0,0.0,0.0
80382,1.0,2,38.20000076293945,1.0,358.0,0.0
80385,1.3333333333333333,3,118.63333352406819,1.0,105.0,90.50966799187809
80387,1.0,1,59.5,1.0,0.0,0.0
80392,2.0,1,86.5,1.0,0.0,0.0
80397,1.0,1,150.0,1.0,0.0,0.0
80400,1.0,2,131.5,1.0,44.0,0.0
80403,1.0,1,22.0,1.0,0.0,0.0
80405,1.0,1,49.9900016784668,1.0,0.0,0.0
80407,1.5,2,74.48999977111816,1.0,782.0,0.0
80408,1.0,1,135.99000549316406,1.0,0.0,0.0
80410,1.0,1,69.5,1.0,0.0,0.0
80417,3.0,1,403.4900016784668,1.0,0.0,0.0
80420,1.0,1,59.5,1.0,0.0,0.0
80421,1.0,1,38.0,1.0,0.0,0.0
80422,1.0,1,35.0,1.0,0.0,0.0
80425,1.0,1,25.0,1.0,0.0,0.0
80429,1.0,1,49.9900016784668,1.0,0.0,0.0
80430,1.0,4,36.24500036239624,1.0,199.33333333333334,232.64636969730117
80442,1.0,1,100.9499969482422,1.0,0.0,0.0
80449,1.0,1,25.989999771118164,1.0,0.0,0.0
80456,2.0,1,91.0,1.0,0.0,0.0
80459,1.0,2,31.95000076293945,1.0,97.0,0.0
80464,1.0,1,98.0,1.0,0.0,0.0
80471,1.0,1,24.950000762939453,1.0,0.0,0.0
80484,1.0,1,120.0,1.0,0.0,0.0
80489,1.0,1,20.780000686645508,1.0,0.0,0.0
80491,1.0,1,55.0,1.0,0.0,0.0
80493,1.0,1,46.0,1.0,0.0,0.0
80498,1.0,1,139.99000549316406,1.0,0.0,0.0
80500,1.0,2,56.45000076293946,1.0,273.0,0.0
80503,4.0,1,228.99000549316406,1.0,0.0,0.0
80506,1.0,1,65.0,1.0,0.0,0.0
80508,1.0,1,18.76000022888184,1.0,0.0,0.0
80516,1.0,1,69.0,1.0,0.0,0.0
80519,1.0,1,169.0,1.0,0.0,0.0
80525,1.0,2,17.68499994277954,1.0,1009.0,0.0
80530,2.0,1,147.45000076293945,1.0,0.0,0.0
80539,1.0,1,12.0,1.0,0.0,0.0
80545,1.0,2,27.494999885559082,1.0,223.0,0.0
80553,1.0,1,158.0,1.0,0.0,0.0
80555,1.0,1,49.950000762939446,1.0,0.0,0.0
80561,1.0,1,11.989999771118164,1.0,0.0,0.0
80570,2.0,1,164.5,1.0,0.0,0.0
80572,2.0,1,65.54999923706056,1.0,0.0,0.0
80573,1.3333333333333333,2,136.49000072479248,1.5,497.5,695.0859659063763
80580,1.0,1,29.989999771118164,1.0,0.0,0.0
80582,1.0,1,119.98999786376952,1.0,0.0,0.0
80584,1.0,1,68.95999908447266,2.0,13.0,0.0
80587,1.0,1,12.989999771118164,1.0,0.0,0.0
80588,1.0,1,55.9900016784668,1.0,0.0,0.0
80595,1.0,1,11.949999809265137,1.0,0.0,0.0
80603,1.0,1,26.690000534057617,1.0,0.0,0.0
80605,3.0,1,62.209999084472656,1.0,0.0,0.0
80610,1.0,1,198.0,1.0,0.0,0.0
80611,1.0,1,38.959999084472656,1.0,0.0,0.0
80614,1.0,1,45.0,1.0,0.0,0.0
80618,1.0,1,35.9900016784668,1.0,0.0,0.0
80620,2.0,1,114.0,1.0,0.0,0.0
80625,1.0,1,33.86000061035156,1.0,0.0,0.0
80626,2.0,2,144.50500106811523,1.0,113.0,0.0
80629,1.0,1,25.989999771118164,1.0,0.0,0.0
80633,1.0,1,35.959999084472656,1.0,0.0,0.0
80634,1.0,1,24.0,1.0,0.0,0.0
80637,1.0,1,28.5,1.0,0.0,0.0
80640,1.0,1,62.0,1.0,0.0,0.0
80643,1.0,1,31.57999992370605,1.0,0.0,0.0
80644,1.0,1,48.7400016784668,1.0,0.0,0.0
80651,2.0,1,57.94000053405762,1.0,0.0,0.0
80657,1.0,1,129.0,1.0,0.0,0.0
80660,1.0,1,25.5,1.0,0.0,0.0
80664,1.0,1,25.0,1.0,0.0,0.0
80672,2.0,1,66.94000005722046,1.0,0.0,0.0
80677,1.0,1,30.0,1.0,0.0,0.0
80678,1.0,2,37.99499988555908,1.0,755.0,0.0
80679,2.5,2,139.3900022506714,1.0,31.0,0.0
80680,1.0,1,14.989999771118164,1.0,0.0,0.0
80683,1.0,1,27.0,1.0,0.0,0.0
80684,1.0,1,65.0,1.0,0.0,0.0
80689,1.0,2,40.24499988555908,1.0,1974.0,0.0
80691,1.0,1,44.9900016784668,1.0,0.0,0.0
80693,1.0,1,119.0,1.0,0.0,0.0
80698,1.0,1,30.0,1.0,0.0,0.0
80701,2.0,1,36.010000228881836,1.0,0.0,0.0
80708,2.0,1,69.11999893188477,1.0,0.0,0.0
80711,4.0,1,339.47999572753906,1.0,0.0,0.0
80719,2.0,1,53.89000129699707,1.0,0.0,0.0
80722,1.0,1,14.989999771118164,1.0,0.0,0.0
80728,1.0,1,29.989999771118164,1.0,0.0,0.0
80730,2.0,1,101.97999954223633,1.0,0.0,0.0
80736,1.5,2,25.32499980926514,1.0,236.0,0.0
80743,1.0,1,150.0,1.0,0.0,0.0
80744,3.0,1,250.61000061035156,1.0,0.0,0.0
80747,1.0,1,39.5,1.0,0.0,0.0
80751,1.0,1,33.63999938964844,1.0,0.0,0.0
80752,1.0,1,39.9900016784668,1.0,0.0,0.0
80754,1.0,2,85.4399995803833,1.0,38.0,0.0
80757,1.0,1,36.0,1.0,0.0,0.0
80760,2.0,1,197.48999977111816,1.0,0.0,0.0
80765,2.0,1,59.989999771118164,1.0,0.0,0.0
80766,2.0,1,83.95000076293945,1.0,0.0,0.0
80772,1.0,1,30.0,1.0,0.0,0.0
80773,2.0,1,152.22000122070312,1.0,0.0,0.0
80780,2.0,1,294.97999000549316,1.0,0.0,0.0
80784,1.0,1,6.5,1.0,0.0,0.0
80787,2.0,1,88.9800033569336,1.0,0.0,0.0
80793,1.0,1,15.989999771118164,1.0,0.0,0.0
80798,1.0,2,40.25,1.0,212.0,0.0
80803,1.5,1,188.97999954223633,2.0,17.0,0.0
80807,1.0,1,14.989999771118164,1.0,0.0,0.0
80808,2.0,1,33.86999988555909,1.0,0.0,0.0
80815,1.5,2,117.99499893188477,1.0,446.0,0.0
80823,1.0,1,39.9900016784668,1.0,0.0,0.0
80828,1.0,1,35.939998626708984,1.0,0.0,0.0
80832,1.0,1,25.0,1.0,0.0,0.0
80833,1.0,1,14.619999885559082,1.0,0.0,0.0
80835,1.0,1,903.0,1.0,0.0,0.0
80837,1.0,1,12.300000190734863,1.0,0.0,0.0
80842,1.0,1,38.0,1.0,0.0,0.0
80845,1.0,2,95.0,1.0,227.0,0.0
80850,2.0,1,40.55000019073486,1.0,0.0,0.0
80852,1.0,1,54.9900016784668,1.0,0.0,0.0
80855,1.0,1,54.9900016784668,1.0,0.0,0.0
80862,1.0,1,60.0,1.0,0.0,0.0
80868,3.0,2,217.4549961090088,1.0,803.0,0.0
80869,1.0,1,39.0,1.0,0.0,0.0
80870,1.0,1,21.600000381469727,1.0,0.0,0.0
80872,1.0,1,98.0,1.0,0.0,0.0
80873,1.0,1,21.989999771118164,1.0,0.0,0.0
80874,1.0,1,90.98999786376952,1.0,0.0,0.0
80875,1.0,1,69.94999694824219,1.0,0.0,0.0
80876,2.0,1,92.29999923706055,1.0,0.0,0.0
80884,1.0,1,69.5,1.0,0.0,0.0
80892,1.0,1,69.5,1.0,0.0,0.0
80896,2.0,1,84.0,1.0,0.0,0.0
80906,1.0,1,29.989999771118164,1.0,0.0,0.0
80909,2.0,1,122.3499984741211,1.0,0.0,0.0
80919,1.0,1,5.989999771118164,1.0,0.0,0.0
80920,2.0,1,87.4900016784668,1.0,0.0,0.0
80923,1.0,1,44.9900016784668,1.0,0.0,0.0
80929,2.0,1,164.5,1.0,0.0,0.0
80931,3.0,1,37.63999938964844,1.0,0.0,0.0
80937,1.0,1,14.289999961853027,1.0,0.0,0.0
80938,2.0,2,78.5499997138977,1.0,71.0,0.0
80943,1.0,1,60.0,1.0,0.0,0.0
80949,2.0,1,91.0,1.0,0.0,0.0
80950,1.0,1,35.0,1.0,0.0,0.0
80952,1.0,1,27.5,1.0,0.0,0.0
80956,2.0,1,210.99000549316406,1.0,0.0,0.0
80959,1.0,1,36.0,1.0,0.0,0.0
80960,1.0,1,31.989999771118164,1.0,0.0,0.0
80961,1.0,1,99.0,1.0,0.0,0.0
80962,1.0,2,74.46999979019165,1.0,369.0,0.0
80972,2.0,1,73.95000076293945,1.0,0.0,0.0
80978,1.5,2,71.4900016784668,1.0,332.0,0.0
80979,2.0,1,32.980000019073486,1.0,0.0,0.0
80982,1.0,1,10.630000114440918,1.0,0.0,0.0
80987,1.0,1,13.1899995803833,1.0,0.0,0.0
80988,1.5,2,121.24500274658205,1.0,437.0,0.0
80989,1.0,1,99.98999786376952,1.0,0.0,0.0
81011,1.0,1,80.6500015258789,1.0,0.0,0.0
81016,1.0,1,59.950000762939446,1.0,0.0,0.0
81018,1.0,1,20.989999771118164,1.0,0.0,0.0
81023,1.0,1,11.979999542236328,1.0,0.0,0.0
81034,2.0,1,114.95000076293945,1.0,0.0,0.0
81038,1.0,1,119.0,1.0,0.0,0.0
81041,1.0,1,90.98999786376952,1.0,0.0,0.0
81047,1.0,1,76.0,1.0,0.0,0.0
81051,1.0,1,17.950000762939453,1.0,0.0,0.0
81054,2.0,1,38.39999961853028,1.0,0.0,0.0
81055,4.0,1,203.78999710083008,1.0,0.0,0.0
81061,2.0,1,183.42000007629395,1.0,0.0,0.0
81068,3.0,1,107.86000061035156,1.0,0.0,0.0
81069,1.0,2,144.0,1.0,174.0,0.0
81070,1.5,2,45.595001220703125,1.0,917.0,0.0
81073,1.0,1,17.65999984741211,1.0,0.0,0.0
81080,1.0,1,49.9900016784668,1.0,0.0,0.0
81089,1.5,2,58.45000123977661,1.0,364.0,0.0
81091,1.0,1,16.969999313354492,1.0,0.0,0.0
81092,2.5,2,112.99499988555908,1.0,798.0,0.0
81093,1.0,1,55.0,1.0,0.0,0.0
81098,1.0,1,20.18000030517578,1.0,0.0,0.0
81099,2.0,1,69.79000091552734,1.0,0.0,0.0
81110,1.0,1,42.0,1.0,0.0,0.0
81111,1.0,2,28.895000457763672,1.0,418.0,0.0
81116,1.0,1,36.0,1.0,0.0,0.0
81117,2.0,1,38.739999771118164,1.0,0.0,0.0
81118,1.0,1,59.950000762939446,1.0,0.0,0.0
81122,2.0,1,129.45000076293945,1.0,0.0,0.0
81126,1.0,1,14.449999809265137,1.0,0.0,0.0
81133,1.5,2,42.210000038146966,1.0,371.0,0.0
81138,2.0,1,73.5,1.0,0.0,0.0
81143,1.0,1,58.0,1.0,0.0,0.0
81148,1.0,1,35.029998779296875,1.0,0.0,0.0
81150,1.0,1,31.989999771118164,1.0,0.0,0.0
81156,2.0,1,37.05000019073486,1.0,0.0,0.0
81159,1.0,1,10.460000038146973,1.0,0.0,0.0
81163,1.0,1,34.95000076293945,1.0,0.0,0.0
81166,3.0,1,132.2599983215332,1.0,0.0,0.0
81167,1.0,1,36.5,1.0,0.0,0.0
81169,1.0,1,39.9900016784668,1.0,0.0,0.0
81171,2.0,1,128.88999795913696,1.0,0.0,0.0
81172,1.0,1,24.0,1.0,0.0,0.0
81173,1.0,1,32.95000076293945,1.0,0.0,0.0
81174,1.0,1,68.0,1.0,0.0,0.0
81175,3.0,1,245.54000091552734,1.0,0.0,0.0
81177,1.0,1,24.0,1.0,0.0,0.0
81180,1.0,1,25.0,1.0,0.0,0.0
81184,3.0,1,194.4900016784668,1.0,0.0,0.0
81195,1.0,1,33.25,1.0,0.0,0.0
81201,4.0,1,273.48999786376953,1.0,0.0,0.0
81215,2.0,1,109.5,1.0,0.0,0.0
81219,1.5,2,152.44999885559082,1.0,171.0,0.0
81220,2.0,1,59.5,1.0,0.0,0.0
81225,2.0,2,103.87499809265137,1.0,43.0,0.0
81227,1.0,1,13.600000381469728,1.0,0.0,0.0
81229,1.0,1,9.6899995803833,1.0,0.0,0.0
81231,4.0,1,163.97999954223633,1.0,0.0,0.0
81234,1.0,1,39.0,1.0,0.0,0.0
81241,2.0,1,115.97999954223633,1.0,0.0,0.0
81242,1.0,1,19.0,1.0,0.0,0.0
81256,1.0,1,25.989999771118164,1.0,0.0,0.0
81259,1.0,1,34.9900016784668,1.0,0.0,0.0
81265,1.5,2,87.4549970626831,1.0,22.0,0.0
81269,1.0,2,49.49499988555908,1.0,234.0,0.0
81275,1.0,1,12.989999771118164,1.0,0.0,0.0
81276,1.0,1,50.0,1.0,0.0,0.0
81279,2.0,1,73.94000244140625,1.0,0.0,0.0
81284,3.0,1,73.40999984741211,1.0,0.0,0.0
81285,1.0,2,52.220001220703125,1.0,330.0,0.0
81287,1.0,1,32.0,1.0,0.0,0.0
81299,1.0,1,63.59999847412109,1.0,0.0,0.0
81302,1.0,1,22.450000762939453,1.0,0.0,0.0
81309,2.0,1,52.14999961853027,1.0,0.0,0.0
81310,2.0,1,107.47999954223633,1.0,0.0,0.0
81312,2.0,1,86.3700008392334,1.0,0.0,0.0
81315,1.0,1,29.989999771118164,1.0,0.0,0.0
81320,2.0,1,40.609999656677246,1.0,0.0,0.0
81322,1.0,1,13.0,1.0,0.0,0.0
81324,2.0,1,201.0,1.0,0.0,0.0
81326,1.0,1,24.989999771118164,1.0,0.0,0.0
81330,1.0,1,35.0,1.0,0.0,0.0
81336,1.5,2,130.96999835968018,1.0,746.0,0.0
81337,3.0,1,231.9900016784668,1.0,0.0,0.0
81342,1.0,1,15.710000038146973,1.0,0.0,0.0
81343,1.0,1,5.329999923706056,1.0,0.0,0.0
81344,2.0,1,184.98999786376953,1.0,0.0,0.0
81348,1.0,1,18.65999984741211,1.0,0.0,0.0
81352,1.0,1,19.950000762939453,1.0,0.0,0.0
81353,2.0,1,128.07999801635742,1.0,0.0,0.0
81358,1.5,2,137.4950008392334,1.0,127.0,0.0
81382,1.0,1,28.979999542236328,1.0,0.0,0.0
81390,2.0,1,82.55000305175781,1.0,0.0,0.0
81393,1.0,1,33.9900016784668,1.0,0.0,0.0
81396,2.0,1,62.5,1.0,0.0,0.0
81398,2.0,2,131.46999835968018,1.0,353.0,0.0
81401,2.0,1,72.94999980926514,1.0,0.0,0.0
81404,2.0,3,125.82666651407878,1.0,724.5,990.6566004423531
81411,1.0,1,80.98999786376953,1.0,0.0,0.0
81416,1.0,1,64.0,1.0,0.0,0.0
81421,1.0,1,22.799999237060547,1.0,0.0,0.0
81422,1.0,1,118.0,1.0,0.0,0.0
81430,1.0,1,36.9900016784668,1.0,0.0,0.0
81431,1.0,1,48.59999847412109,1.0,0.0,0.0
81438,1.0,1,92.98999977111816,2.0,2.0,0.0
81440,1.0,1,16.65999984741211,1.0,0.0,0.0
81444,1.0,1,28.43000030517578,1.0,0.0,0.0
81447,2.5,2,239.9349946975708,1.0,766.0,0.0
81448,1.0,1,155.0,1.0,0.0,0.0
81455,1.0,1,19.209999084472656,1.0,0.0,0.0
81459,1.0,1,49.9900016784668,1.0,0.0,0.0
81460,1.0,1,128.0,1.0,0.0,0.0
81465,1.0,1,69.98999786376953,1.0,0.0,0.0
81471,1.0,1,24.0,1.0,0.0,0.0
81473,1.0,1,903.0,1.0,0.0,0.0
81478,2.0,1,68.65999984741211,1.0,0.0,0.0
81485,1.0,1,24.950000762939453,1.0,0.0,0.0
81492,1.0,1,9.0,1.0,0.0,0.0
81497,1.0,1,28.0,1.0,0.0,0.0
81499,1.0,1,25.0,1.0,0.0,0.0
81502,1.0,1,24.989999771118164,1.0,0.0,0.0
81506,1.0,1,17.75,1.0,0.0,0.0
81511,4.0,1,561.9099998474121,1.0,0.0,0.0
81513,1.0,1,32.0,1.0,0.0,0.0
81516,3.0,2,179.33500051498413,1.0,130.0,0.0
81521,2.0,2,90.4350004196167,1.0,836.0,0.0
81524,1.0,1,90.0,1.0,0.0,0.0
81530,2.0,1,77.39000129699707,1.0,0.0,0.0
81534,4.0,1,118.77000141143799,1.0,0.0,0.0
81542,1.0,1,39.9900016784668,1.0,0.0,0.0
81548,2.0,1,89.9900016784668,1.0,0.0,0.0
81554,2.0,1,113.0,1.0,0.0,0.0
81561,1.0,1,10.979999542236328,1.0,0.0,0.0
81564,1.0,1,9.989999771118164,1.0,0.0,0.0
81565,2.0,1,42.010000228881836,1.0,0.0,0.0
81567,1.0,1,89.5,1.0,0.0,0.0
81575,1.0,2,24.494999885559082,1.0,598.0,0.0
81576,1.0,1,102.90000152587892,1.0,0.0,0.0
81578,1.0,1,32.0,1.0,0.0,0.0
81583,1.0,1,76.98999786376953,1.0,0.0,0.0
81588,1.0,1,23.950000762939453,1.0,0.0,0.0
81598,1.0,3,45.300000508626304,1.0,49.0,39.59797974644666
81600,3.0,1,156.4500036239624,2.0,6.0,0.0
81604,1.0,1,13.989999771118164,1.0,0.0,0.0
81606,1.0,1,59.9900016784668,1.0,0.0,0.0
81613,1.0,1,60.0,1.0,0.0,0.0
81617,3.0,1,250.95000076293945,1.0,0.0,0.0
81621,1.0,1,14.989999771118164,1.0,0.0,0.0
81629,1.0,2,30.4950008392334,1.0,768.0,0.0
81630,1.0,2,21.475000381469727,1.0,111.0,0.0
81631,1.0,1,58.0,1.0,0.0,0.0
81634,1.0,1,30.0,1.0,0.0,0.0
81636,2.0,1,74.0,1.0,0.0,0.0
81638,1.0,1,24.030000686645508,1.0,0.0,0.0
81642,1.0,1,186.94999694824216,1.0,0.0,0.0
81651,1.0,1,242.2899932861328,1.0,0.0,0.0
81655,2.0,1,322.98999977111816,1.0,0.0,0.0
81658,2.0,1,99.93999671936034,1.0,0.0,0.0
81668,1.0,1,180.0,1.0,0.0,0.0
81670,1.0,1,38.18999862670898,1.0,0.0,0.0
81679,2.0,1,128.98999977111816,1.0,0.0,0.0
81681,1.0,1,32.9900016784668,1.0,0.0,0.0
81688,1.0,1,12.25,1.0,0.0,0.0
81691,1.0,1,28.0,1.0,0.0,0.0
81692,1.5,2,168.98499488830566,1.0,459.0,0.0
81694,2.0,1,161.95999908447266,1.0,0.0,0.0
81695,1.0,1,39.5,1.0,0.0,0.0
81696,4.0,1,162.10000228881836,1.0,0.0,0.0
81705,1.0,1,25.0,1.0,0.0,0.0
81708,1.0,1,13.5,1.0,0.0,0.0
81713,1.0,1,9.899999618530272,1.0,0.0,0.0
81715,1.0,1,37.950000762939446,1.0,0.0,0.0
81716,2.0,1,78.5,1.0,0.0,0.0
81718,1.0,1,34.97999954223633,1.0,0.0,0.0
81727,1.0,1,45.0,1.0,0.0,0.0
81729,1.0,1,68.70999908447266,1.0,0.0,0.0
81731,1.0,1,17.270000457763672,1.0,0.0,0.0
81732,2.0,1,155.95000076293945,1.0,0.0,0.0
81733,2.0,2,162.27499866485596,1.0,309.0,0.0
81734,1.0,1,19.989999771118164,1.0,0.0,0.0
81735,1.0,1,36.0,1.0,0.0,0.0
81736,4.0,1,127.16000175476074,1.0,0.0,0.0
81746,2.0,1,181.9900016784668,1.0,0.0,0.0
81747,2.0,1,190.4099998474121,1.0,0.0,0.0
81754,1.0,1,11.989999771118164,1.0,0.0,0.0
81755,1.0,1,21.38999938964844,1.0,0.0,0.0
81757,1.0,1,14.989999771118164,1.0,0.0,0.0
81760,1.0,1,130.3699951171875,1.0,0.0,0.0
81763,1.0,1,160.0,1.0,0.0,0.0
81768,1.0,1,34.900001525878906,1.0,0.0,0.0
81769,1.0,1,149.0,1.0,0.0,0.0
81772,2.0,1,74.94000244140625,1.0,0.0,0.0
81785,2.0,1,175.0,1.0,0.0,0.0
81786,1.0,1,168.0,1.0,0.0,0.0
81787,4.0,1,166.4099998474121,1.0,0.0,0.0
81800,1.0,1,59.9900016784668,1.0,0.0,0.0
81803,1.0,1,69.0,1.0,0.0,0.0
81809,1.0,1,132.0,1.0,0.0,0.0
81810,1.0,1,25.0,1.0,0.0,0.0
81813,1.0,1,79.94999694824217,1.0,0.0,0.0
81816,2.0,1,223.0,1.0,0.0,0.0
81817,1.0,1,32.0,1.0,0.0,0.0
81820,1.0,1,79.0,1.0,0.0,0.0
81822,1.0,1,39.9900016784668,1.0,0.0,0.0
81826,2.0,1,155.9900016784668,1.0,0.0,0.0
81828,1.0,1,44.450000762939446,1.0,0.0,0.0
81832,2.0,1,357.0,1.0,0.0,0.0
81839,2.0,1,517.75,1.0,0.0,0.0
81840,1.0,1,49.9900016784668,1.0,0.0,0.0
81848,1.0,1,33.45000076293945,1.0,0.0,0.0
81852,2.0,1,46.21999931335449,1.0,0.0,0.0
81856,1.0,1,13.989999771118164,1.0,0.0,0.0
81858,1.0,1,14.989999771118164,1.0,0.0,0.0
81860,2.0,1,276.5,1.0,0.0,0.0
81864,1.0,2,212.0,1.0,388.0,0.0
81869,4.0,1,221.24000549316406,1.0,0.0,0.0
81870,1.0,1,32.95000076293945,1.0,0.0,0.0
81872,1.0,1,33.91999816894531,1.0,0.0,0.0
81875,2.0,1,123.0,1.0,0.0,0.0
81878,1.0,1,12.0,1.0,0.0,0.0
81883,1.0,1,100.93000030517578,1.0,0.0,0.0
81884,1.0,1,45.700000762939446,1.0,0.0,0.0
81887,2.0,1,84.92000007629395,1.0,0.0,0.0
81898,2.0,1,61.989999771118164,1.0,0.0,0.0
81901,1.0,2,59.9900016784668,1.0,292.0,0.0
81912,2.0,1,72.4900016784668,1.0,0.0,0.0
81913,1.0,1,17.59000015258789,1.0,0.0,0.0
81915,1.0,1,7.019999980926514,1.0,0.0,0.0
81917,1.0,1,62.0,1.0,0.0,0.0
81921,1.0,1,58.0,1.0,0.0,0.0
81924,2.0,1,111.0,1.0,0.0,0.0
81929,2.0,1,88.9900016784668,1.0,0.0,0.0
81931,1.0,1,10.0,1.0,0.0,0.0
81932,1.0,1,50.75,1.0,0.0,0.0
81934,2.0,1,41.40999984741211,1.0,0.0,0.0
81936,1.0,1,109.0,1.0,0.0,0.0
81937,1.0,1,119.9499969482422,1.0,0.0,0.0
81939,1.0,1,40.0,1.0,0.0,0.0
81942,1.0,1,29.479999542236328,1.0,0.0,0.0
81946,1.0,1,24.989999771118164,1.0,0.0,0.0
81948,1.0,1,12.949999809265137,1.0,0.0,0.0
81951,1.0,1,99.98999786376952,1.0,0.0,0.0
81969,1.0,1,51.200000762939446,1.0,0.0,0.0
81971,1.0,1,60.0,1.0,0.0,0.0
81973,2.5,2,104.47000074386597,1.0,18.0,0.0
81974,1.0,1,34.9900016784668,1.0,0.0,0.0
81975,1.0,1,120.0,1.0,0.0,0.0
81979,1.0,1,31.950000762939453,1.0,0.0,0.0
81981,1.0,1,448.989990234375,1.0,0.0,0.0
81993,1.0,1,25.0,1.0,0.0,0.0
81994,1.0,1,20.0,1.0,0.0,0.0
82001,2.0,1,71.98999977111816,1.0,0.0,0.0
82010,2.0,1,89.0,1.0,0.0,0.0
82016,1.0,1,179.0,1.0,0.0,0.0
82017,1.0,1,98.0,1.0,0.0,0.0
82020,2.0,1,358.5,1.0,0.0,0.0
82026,1.0,1,34.9900016784668,1.0,0.0,0.0
82035,3.0,1,169.45000076293945,1.0,0.0,0.0
82038,1.0,1,9.670000076293944,1.0,0.0,0.0
82039,2.0,1,23.979999542236328,1.0,0.0,0.0
82040,1.0,1,186.3699951171875,1.0,0.0,0.0
82042,1.5,2,489.4950008392334,1.0,705.0,0.0
82043,4.0,1,124.35000038146973,1.0,0.0,0.0
82047,1.0,1,26.96999931335449,1.0,0.0,0.0
82048,1.0,1,35.0,1.0,0.0,0.0
82059,1.0,1,42.0,1.0,0.0,0.0
82063,1.0,1,21.950000762939453,1.0,0.0,0.0
82066,1.0,2,61.99499893188476,1.0,134.0,0.0
82069,4.0,1,222.44000148773193,1.0,0.0,0.0
82072,1.0,1,30.0,1.0,0.0,0.0
82075,3.0,1,305.0200004577637,1.0,0.0,0.0
82076,1.0,1,93.0,1.0,0.0,0.0
82077,1.0,1,8.899999618530273,1.0,0.0,0.0
82082,1.0,2,14.619999885559082,1.0,373.0,0.0
82083,1.0,2,32.99499988555908,1.0,40.0,0.0
82086,1.6666666666666667,3,99.73333549499512,1.0,595.5,286.37824638055173
82092,1.0,1,49.5,1.0,0.0,0.0
82093,1.0,1,16.0,1.0,0.0,0.0
82106,1.0,2,210.47500038146973,1.0,957.0,0.0
82108,3.0,1,166.5800018310547,1.0,0.0,0.0
82110,1.0,1,62.09999847412109,1.0,0.0,0.0
82119,1.0,1,86.0,1.0,0.0,0.0
82120,1.0,1,39.5,1.0,0.0,0.0
82121,1.0,1,36.0,1.0,0.0,0.0
82122,3.0,1,217.35000038146973,1.0,0.0,0.0
82123,2.5,2,122.33500003814697,1.0,982.0,0.0
82124,2.0,1,70.5,1.0,0.0,0.0
82127,2.0,1,100.9800033569336,1.0,0.0,0.0
82129,1.0,1,8.0,1.0,0.0,0.0
82133,3.0,1,42.96999955177307,1.0,0.0,0.0
82136,1.0,1,25.0,1.0,0.0,0.0
82142,1.0,1,39.9900016784668,1.0,0.0,0.0
82149,2.0,1,185.9900016784668,1.0,0.0,0.0
82150,2.0,1,105.67999935150145,1.0,0.0,0.0
82153,1.0,1,42.880001068115234,1.0,0.0,0.0
82154,2.0,1,79.98999977111816,1.0,0.0,0.0
82155,1.0,2,40.39000129699707,1.0,688.0,0.0
82157,2.0,1,32.9399995803833,1.0,0.0,0.0
82162,1.0,1,26.0,1.0,0.0,0.0
82164,1.0,1,13.649999618530272,1.0,0.0,0.0
82165,4.0,1,342.5,1.0,0.0,0.0
82166,1.0,1,35.0,1.0,0.0,0.0
82167,3.0,1,98.22999954223633,1.0,0.0,0.0
82174,1.0,1,69.9800033569336,1.0,0.0,0.0
82175,1.0,1,19.76000022888184,1.0,0.0,0.0
82181,1.0,1,21.739999771118164,1.0,0.0,0.0
82184,1.0,1,229.0,1.0,0.0,0.0
82187,1.5,2,33.44999980926514,1.0,74.0,0.0
82188,1.0,1,45.0,1.0,0.0,0.0
82192,1.0,1,259.989990234375,1.0,0.0,0.0
82193,2.0,2,69.44499969482422,1.0,285.0,0.0
82194,1.0,1,34.9900016784668,1.0,0.0,0.0
82198,1.0,1,21.989999771118164,1.0,0.0,0.0
82200,1.0,1,54.0,1.0,0.0,0.0
82206,1.0,1,54.9900016784668,1.0,0.0,0.0
82209,1.0,1,132.66000366210938,1.0,0.0,0.0
82210,1.0,1,72.0,1.0,0.0,0.0
82211,1.0,1,19.989999771118164,1.0,0.0,0.0
82213,1.0,1,40.0,1.0,0.0,0.0
82214,1.0,1,19.5,1.0,0.0,0.0
82224,1.0,1,10.0,1.0,0.0,0.0
82226,1.0,2,35.05999946594238,1.0,11.0,0.0
82232,1.0,1,25.0,1.0,0.0,0.0
82240,1.0,1,31.32999992370605,1.0,0.0,0.0
82245,2.0,1,114.05999946594238,1.0,0.0,0.0
82250,1.0,1,378.0,1.0,0.0,0.0
82251,2.0,1,62.0,1.0,0.0,0.0
82252,1.0,1,12.75,1.0,0.0,0.0
82254,1.0,1,9.949999809265137,1.0,0.0,0.0
82257,1.0,1,120.0,1.0,0.0,0.0
82262,2.0,1,125.89999771118161,1.0,0.0,0.0
82268,1.0,1,35.0,1.0,0.0,0.0
82269,2.0,1,82.44000053405762,1.0,0.0,0.0
82275,1.0,1,9.989999771118164,1.0,0.0,0.0
82277,1.0,1,25.0,1.0,0.0,0.0
82285,1.0,1,52.930000305175774,1.0,0.0,0.0
82289,2.0,1,291.9499969482422,1.0,0.0,0.0
82291,1.5,2,132.97500038146973,1.0,94.0,0.0
82292,1.0,1,23.89999961853028,1.0,0.0,0.0
82307,1.0,1,15.989999771118164,1.0,0.0,0.0
82314,1.5,2,73.5,1.0,118.0,0.0
82325,1.0,3,57.43333371480306,1.0,295.5,166.17009357883867
82334,1.0,1,24.090000152587887,1.0,0.0,0.0
82336,1.0,1,264.0,1.0,0.0,0.0
82338,1.0,1,140.0,1.0,0.0,0.0
82346,2.0,1,99.0,1.0,0.0,0.0
82348,1.0,1,64.0,1.0,0.0,0.0
82349,1.0,1,98.5,1.0,0.0,0.0
82358,1.0,1,35.0,1.0,0.0,0.0
82361,3.0,1,72.49000000953674,1.0,0.0,0.0
82362,3.0,1,327.3599967956543,1.0,0.0,0.0
82366,1.0,1,65.97000122070312,1.0,0.0,0.0
82370,1.0,1,92.5699996948242,1.0,0.0,0.0
82377,4.0,1,541.9900054931641,1.0,0.0,0.0
82378,1.0,1,12.779999732971191,1.0,0.0,0.0
82379,1.0,1,32.9900016784668,1.0,0.0,0.0
82380,4.0,1,479.9399995803833,1.0,0.0,0.0
82381,1.5,2,63.24499988555908,1.0,360.0,0.0
82384,3.0,1,89.82999992370605,1.0,0.0,0.0
82392,1.0,1,25.0,1.0,0.0,0.0
82395,1.0,1,29.989999771118164,1.0,0.0,0.0
82402,1.0,1,104.0,1.0,0.0,0.0
82403,1.0,1,18.950000762939453,1.0,0.0,0.0
82420,1.0,1,25.0,1.0,0.0,0.0
82421,1.0,1,59.5,1.0,0.0,0.0
82423,1.0,1,65.0,1.0,0.0,0.0
82426,1.0,1,92.7699966430664,1.0,0.0,0.0
82427,2.5,2,114.6449990272522,1.0,54.0,0.0
82429,1.0,1,34.0,1.0,0.0,0.0
82430,2.0,3,163.986665725708,1.0,641.5,277.8929650063132
82431,1.0,1,52.0,1.0,0.0,0.0
82436,2.0,1,34.97999954223633,1.0,0.0,0.0
82438,1.0,1,58.450000762939446,1.0,0.0,0.0
82440,1.0,1,25.0,1.0,0.0,0.0
82442,1.0,1,21.989999771118164,1.0,0.0,0.0
82447,1.0,1,29.989999771118164,1.0,0.0,0.0
82459,1.0,1,20.0,1.0,0.0,0.0
82463,1.0,1,79.5,1.0,0.0,0.0
82464,1.0,1,109.98999786376952,1.0,0.0,0.0
82465,1.0,1,19.989999771118164,1.0,0.0,0.0
82470,1.0,1,34.0,1.0,0.0,0.0
82472,1.0,1,14.050000190734863,1.0,0.0,0.0
82475,1.0,2,32.17999982833862,1.0,47.0,0.0
82476,3.0,1,31.16999912261963,1.0,0.0,0.0
82477,1.0,1,41.0,1.0,0.0,0.0
82478,1.0,1,13.0,1.0,0.0,0.0
82480,1.0,1,25.0,1.0,0.0,0.0
82487,2.0,1,133.9799976348877,1.0,0.0,0.0
82495,1.0,1,383.0,1.0,0.0,0.0
82496,2.5,2,199.4850025177002,1.0,1136.0,0.0
82497,1.0,1,52.0,1.0,0.0,0.0
82501,1.0,1,35.09000015258789,1.0,0.0,0.0
82502,1.0,1,6.0,1.0,0.0,0.0
82503,1.0,2,55.0,1.0,779.0,0.0
82505,1.5,2,93.48999881744385,1.0,30.0,0.0
82506,2.0,1,199.5,1.0,0.0,0.0
82510,1.0,1,135.0,1.0,0.0,0.0
82512,2.0,1,193.75,1.0,0.0,0.0
82521,2.0,1,229.9800033569336,1.0,0.0,0.0
82532,1.0,1,43.450000762939446,1.0,0.0,0.0
82534,1.0,2,29.59000062942505,1.0,204.0,0.0
82535,2.0,1,55.489999771118164,1.0,0.0,0.0
82537,2.0,1,73.94000244140625,1.0,0.0,0.0
82542,1.5,2,140.28500175476074,1.0,226.0,0.0
82543,2.0,1,97.98999786376953,1.0,0.0,0.0
82552,3.0,2,170.82999897003174,1.0,143.0,0.0
82554,2.0,1,162.33999633789062,1.0,0.0,0.0
82555,1.0,1,99.0,1.0,0.0,0.0
82561,1.0,1,22.0,1.0,0.0,0.0
82562,1.0,1,197.6499938964844,1.0,0.0,0.0
82570,1.0,1,11.06999969482422,1.0,0.0,0.0
82571,2.0,1,95.5,1.0,0.0,0.0
82573,1.0,1,59.9900016784668,1.0,0.0,0.0
82575,2.0,1,66.3799991607666,1.0,0.0,0.0
82576,1.0,1,40.540000915527344,1.0,0.0,0.0
82581,1.0,1,59.9900016784668,1.0,0.0,0.0
82594,4.0,1,365.42000007629395,1.0,0.0,0.0
82603,2.0,1,128.13999938964844,1.0,0.0,0.0
82604,1.0,1,189.0,1.0,0.0,0.0
82609,3.0,1,127.66000366210936,1.0,0.0,0.0
82611,1.0,1,89.98999786376953,1.0,0.0,0.0
82615,1.5,2,123.0,1.0,810.0,0.0
82625,1.0,1,25.950000762939453,1.0,0.0,0.0
82626,1.0,1,44.650001525878906,1.0,0.0,0.0
82627,1.0,1,39.9900016784668,1.0,0.0,0.0
82629,2.0,1,64.75,1.0,0.0,0.0
82633,4.0,1,89.30999946594238,1.0,0.0,0.0
82634,1.0,1,34.310001373291016,1.0,0.0,0.0
82641,1.0,1,12.5,1.0,0.0,0.0
82645,1.0,1,11.979999542236328,1.0,0.0,0.0
82649,1.0,1,6.25,1.0,0.0,0.0
82651,3.0,1,128.98000144958496,1.0,0.0,0.0
82658,1.0,2,44.0,1.0,127.0,0.0
82660,1.0,1,13.18000030517578,1.0,0.0,0.0
82665,4.0,1,327.0,1.0,0.0,0.0
82674,4.0,1,198.38000106811523,1.0,0.0,0.0
82676,1.0,1,69.0,1.0,0.0,0.0
82683,1.0,1,11.489999771118164,1.0,0.0,0.0
82688,2.5,2,275.1100034713745,1.0,1313.0,0.0
82689,1.0,1,19.81999969482421,1.0,0.0,0.0
82690,1.0,1,61.2400016784668,1.0,0.0,0.0
82691,2.0,1,45.0,1.0,0.0,0.0
82697,1.0,1,8.949999809265137,1.0,0.0,0.0
82698,1.0,1,64.98999786376953,1.0,0.0,0.0
82709,1.0,1,69.98999786376953,1.0,0.0,0.0
82710,1.0,1,352.0,1.0,0.0,0.0
82715,2.0,1,88.6399974822998,1.0,0.0,0.0
82718,1.0,1,25.0,1.0,0.0,0.0
82722,1.0,1,95.0,1.0,0.0,0.0
82726,1.0,1,29.0,1.0,0.0,0.0
82729,1.0,1,60.0,1.0,0.0,0.0
82732,1.0,1,44.0,1.0,0.0,0.0
82734,4.0,1,119.49999904632568,1.0,0.0,0.0
82736,1.0,1,23.479999542236328,1.0,0.0,0.0
82744,1.0,1,26.989999771118164,1.0,0.0,0.0
82745,1.0,1,25.0,1.0,0.0,0.0
82747,1.0,1,130.3699951171875,1.0,0.0,0.0
82749,1.0,1,59.9900016784668,1.0,0.0,0.0
82752,1.0,1,43.0,1.0,0.0,0.0
82754,1.0,1,31.89999961853028,1.0,0.0,0.0
82759,1.0,1,22.96999931335449,1.0,0.0,0.0
82761,2.0,1,72.45000076293945,1.0,0.0,0.0
82767,1.0,1,30.0,1.0,0.0,0.0
82774,1.0,1,89.0,1.0,0.0,0.0
82777,1.0,1,19.989999771118164,1.0,0.0,0.0
82783,1.0,1,150.47000122070312,1.0,0.0,0.0
82784,1.0,1,7.5,1.0,0.0,0.0
82788,1.0,1,52.0,1.0,0.0,0.0
82798,1.0,1,69.0,1.0,0.0,0.0
82799,1.0,1,269.5,1.0,0.0,0.0
82800,1.0,1,10.989999771118164,1.0,0.0,0.0
82801,1.0,1,46.0,1.0,0.0,0.0
82809,1.0,1,17.989999771118164,1.0,0.0,0.0
82820,1.0,1,16.0,1.0,0.0,0.0
82821,2.0,3,142.09333419799805,1.0,611.5,521.1376977344855
82826,1.0,1,59.9900016784668,1.0,0.0,0.0
82827,1.0,2,90.23500061035156,1.0,634.0,0.0
82828,2.0,1,74.89999961853027,1.0,0.0,0.0
82829,1.0,1,25.739999771118164,1.0,0.0,0.0
82830,1.0,1,129.0,1.0,0.0,0.0
82838,1.0,2,55.72500038146973,1.0,1405.0,0.0
82843,1.0,1,20.590000152587887,1.0,0.0,0.0
82847,4.0,1,271.3400077819824,1.0,0.0,0.0
82853,2.0,1,35.54999923706055,1.0,0.0,0.0
82854,1.0,1,72.58000183105469,1.0,0.0,0.0
82855,2.0,1,43.989999771118164,1.0,0.0,0.0
82857,3.0,1,105.67999649047852,1.0,0.0,0.0
82865,1.0,1,89.0,1.0,0.0,0.0
82868,1.0,1,49.9900016784668,1.0,0.0,0.0
82870,1.0,1,119.0,1.0,0.0,0.0
82881,1.0,1,24.0,1.0,0.0,0.0
82882,1.0,1,12.630000114440918,1.0,0.0,0.0
82884,2.0,1,67.48999977111816,1.0,0.0,0.0
82890,2.0,1,237.9900016784668,1.0,0.0,0.0
82901,1.0,1,54.0,1.0,0.0,0.0
82908,1.0,1,24.989999771118164,1.0,0.0,0.0
82912,1.0,1,104.01000213623048,1.0,0.0,0.0
82916,1.0,1,51.0,1.0,0.0,0.0
82921,4.0,1,702.3999996185303,1.0,0.0,0.0
82922,1.0,1,55.0,1.0,0.0,0.0
82937,2.0,1,72.95000076293945,1.0,0.0,0.0
82947,1.0,1,38.84000015258789,1.0,0.0,0.0
82950,1.0,1,33.0,1.0,0.0,0.0
82951,1.0,1,26.0,1.0,0.0,0.0
82956,1.0,1,16.989999771118164,1.0,0.0,0.0
82963,1.0,1,25.0,1.0,0.0,0.0
82968,1.0,1,149.0,1.0,0.0,0.0
82970,2.0,1,89.30999755859375,1.0,0.0,0.0
82972,1.0,1,129.5,1.0,0.0,0.0
82977,1.0,1,65.0,1.0,0.0,0.0
82982,3.0,1,104.54999923706053,1.0,0.0,0.0
83000,2.0,1,47.0,1.0,0.0,0.0
83003,1.0,1,56.0,1.0,0.0,0.0
83005,1.0,2,87.49499893188477,1.0,99.0,0.0
83007,1.0,1,102.58000183105467,1.0,0.0,0.0
83009,2.0,1,627.9899997711182,1.0,0.0,0.0
83015,1.0,1,99.0,1.0,0.0,0.0
83017,2.0,1,66.95000076293945,1.0,0.0,0.0
83021,1.0,1,8.0,1.0,0.0,0.0
83022,4.0,1,123.96000099182129,1.0,0.0,0.0
83027,1.0,1,18.89999961853028,1.0,0.0,0.0
83039,1.0,1,54.5,1.0,0.0,0.0
83046,1.0,1,24.5,1.0,0.0,0.0
83050,1.0,1,36.0,1.0,0.0,0.0
83056,2.0,1,54.16999816894531,1.0,0.0,0.0
83057,1.0,1,84.0,1.0,0.0,0.0
83061,1.0,1,100.0,1.0,0.0,0.0
83062,2.0,1,68.76000022888184,1.0,0.0,0.0
83063,1.0,1,21.64999961853028,1.0,0.0,0.0
83065,1.0,2,25.950000762939453,1.0,341.0,0.0
83068,1.0,1,53.950000762939446,1.0,0.0,0.0
83070,2.5,2,130.48999977111816,1.0,860.0,0.0
83071,2.0,3,52.75,1.0,959.5,1082.5804819966042
83077,1.0,1,19.989999771118164,1.0,0.0,0.0
83081,1.0,1,29.979999542236328,1.0,0.0,0.0
83084,2.0,1,53.64999961853028,1.0,0.0,0.0
83085,1.0,2,62.48999881744384,1.0,124.0,0.0
83086,3.0,1,183.5,1.0,0.0,0.0
83088,3.0,1,90.97000026702881,1.0,0.0,0.0
83093,4.0,2,172.26000118255615,1.0,207.0,0.0
83095,1.0,1,50.0,1.0,0.0,0.0
83103,3.0,2,242.93500673770905,1.0,151.0,0.0
83104,1.0,1,29.14999961853028,1.0,0.0,0.0
83108,2.0,1,130.0,1.0,0.0,0.0
83115,1.0,1,20.989999771118164,1.0,0.0,0.0
83117,1.0,1,22.989999771118164,1.0,0.0,0.0
83124,1.0,1,99.94999694824216,1.0,0.0,0.0
83130,1.0,1,15.989999771118164,1.0,0.0,0.0
83133,2.0,1,64.10000038146973,1.0,0.0,0.0
83134,1.0,1,22.0,1.0,0.0,0.0
83135,1.0,1,7.989999771118163,1.0,0.0,0.0
83141,1.0,1,25.56999969482421,1.0,0.0,0.0
83148,1.0,1,63.9900016784668,1.0,0.0,0.0
83149,1.0,1,15.0,1.0,0.0,0.0
83150,1.0,1,1.9800000190734863,1.0,0.0,0.0
83152,1.0,1,29.25,1.0,0.0,0.0
83160,2.0,1,50.89999961853028,1.0,0.0,0.0
83164,2.0,1,94.01999664306639,1.0,0.0,0.0
83171,1.0,1,29.979999542236328,1.0,0.0,0.0
83180,1.0,1,130.0,1.0,0.0,0.0
83182,2.0,1,76.11999893188477,1.0,0.0,0.0
83183,2.0,1,122.94999694824219,1.0,0.0,0.0
83184,1.0,1,20.840000152587887,1.0,0.0,0.0
83186,1.0,1,69.0,1.0,0.0,0.0
83191,1.0,1,89.94999694824217,1.0,0.0,0.0
83195,1.0,1,39.5,1.0,0.0,0.0
83207,2.0,1,57.880001068115234,1.0,0.0,0.0
83213,1.0,1,17.969999313354492,1.0,0.0,0.0
83217,1.0,1,52.0,1.0,0.0,0.0
83218,1.0,1,24.989999771118164,1.0,0.0,0.0
83220,1.0,1,44.0,1.0,0.0,0.0
83223,1.0,1,54.9900016784668,1.0,0.0,0.0
83234,1.0,1,120.0,1.0,0.0,0.0
83236,1.0,1,27.93000030517578,1.0,0.0,0.0
83239,1.0,1,25.0,1.0,0.0,0.0
83240,1.0,1,178.0,1.0,0.0,0.0
83242,1.0,1,14.0,1.0,0.0,0.0
83250,1.0,1,58.0,1.0,0.0,0.0
83259,1.0,1,9.989999771118164,1.0,0.0,0.0
83260,1.0,1,40.9900016784668,1.0,0.0,0.0
83263,1.0,1,60.0,1.0,0.0,0.0
83275,1.0,1,34.0,1.0,0.0,0.0
83279,2.0,1,69.48999977111816,1.0,0.0,0.0
83280,1.0,1,30.0,1.0,0.0,0.0
83282,2.0,1,94.11999893188477,1.0,0.0,0.0
83296,1.0,1,24.989999771118164,1.0,0.0,0.0
83304,1.0,1,25.0,1.0,0.0,0.0
83307,1.0,1,69.0,1.0,0.0,0.0
83309,2.0,1,104.98999786376953,1.0,0.0,0.0
83311,4.0,1,214.5,1.0,0.0,0.0
83321,3.0,1,154.95000076293945,1.0,0.0,0.0
83328,2.0,1,119.4900016784668,1.0,0.0,0.0
83334,2.0,1,70.35000038146973,1.0,0.0,0.0
83336,1.0,1,59.5,1.0,0.0,0.0
83338,1.0,1,225.0,1.0,0.0,0.0
83344,1.0,1,62.0,1.0,0.0,0.0
83345,1.0,2,30.970001220703125,1.0,52.0,0.0
83346,1.0,2,31.869999885559082,1.0,404.0,0.0
83350,1.5,2,65.0,1.0,332.0,0.0
83356,1.0,1,54.5,1.0,0.0,0.0
83362,1.0,2,38.47500038146973,1.0,27.0,0.0
83363,2.0,1,89.98000144958496,1.0,0.0,0.0
83364,1.0,1,21.93000030517578,1.0,0.0,0.0
83369,2.0,1,24.93000030517578,1.0,0.0,0.0
83370,1.0,1,30.950000762939453,1.0,0.0,0.0
83371,1.0,1,22.0,1.0,0.0,0.0
83376,2.0,1,117.0,1.0,0.0,0.0
83380,1.0,2,39.48500061035156,1.0,61.0,0.0
83382,3.0,1,471.1900005340576,1.0,0.0,0.0
83384,1.0,1,11.140000343322754,1.0,0.0,0.0
83386,2.0,1,66.9900016784668,1.0,0.0,0.0
83388,1.0,1,19.25,1.0,0.0,0.0
83391,1.0,1,99.0,1.0,0.0,0.0
83397,1.0,1,399.0,1.0,0.0,0.0
83409,1.0,1,55.0,1.0,0.0,0.0
83411,3.0,1,120.94999980926514,1.0,0.0,0.0
83413,1.0,2,56.954999923706055,1.0,417.0,0.0
83416,1.0,1,18.989999771118164,1.0,0.0,0.0
83420,1.0,1,37.0,1.0,0.0,0.0
83421,1.0,1,55.0,1.0,0.0,0.0
83422,1.0,1,54.9900016784668,1.0,0.0,0.0
83428,2.0,1,183.0,1.0,0.0,0.0
83429,2.0,2,169.9950008392334,1.0,57.0,0.0
83432,1.0,1,12.0,1.0,0.0,0.0
83435,1.0,1,34.75,1.0,0.0,0.0
83436,2.5,2,393.3799991607666,1.0,233.0,0.0
83438,1.0,1,19.0,1.0,0.0,0.0
83440,1.0,1,85.0,1.0,0.0,0.0
83444,1.0,1,14.0,1.0,0.0,0.0
83446,1.0,2,102.6049976348877,1.0,316.0,0.0
83452,1.0,1,50.0,1.0,0.0,0.0
83455,1.0,1,51.950000762939446,1.0,0.0,0.0
83457,1.0,1,116.95999908447266,1.0,0.0,0.0
83467,2.0,1,89.94999694824219,1.0,0.0,0.0
83476,1.0,1,54.0,1.0,0.0,0.0
83477,1.0,1,33.75,1.0,0.0,0.0
83485,1.0,1,17.260000228881836,1.0,0.0,0.0
83487,2.0,1,258.9900016784668,1.0,0.0,0.0
83492,1.0,1,25.0,1.0,0.0,0.0
83497,1.5,2,159.0649995803833,1.0,714.0,0.0
83502,2.0,1,128.5,1.0,0.0,0.0
83503,1.0,1,24.0,1.0,0.0,0.0
83508,1.0,1,129.9499969482422,1.0,0.0,0.0
83510,1.0,1,8.979999542236328,1.0,0.0,0.0
83516,1.0,1,148.99000549316406,1.0,0.0,0.0
83517,2.0,1,63.950000762939446,1.0,0.0,0.0
83534,1.0,1,32.0,1.0,0.0,0.0
83536,1.5,2,77.82499980926514,1.0,23.0,0.0
83539,1.0,1,6.989999771118164,1.0,0.0,0.0
83547,1.0,1,28.0,1.0,0.0,0.0
83548,1.0,1,64.98999786376953,1.0,0.0,0.0
83549,2.5,2,98.37499904632568,1.0,70.0,0.0
83558,2.0,1,197.0,1.0,0.0,0.0
83563,1.0,1,18.690000534057617,1.0,0.0,0.0
83565,2.0,1,105.93000411987305,1.0,0.0,0.0
83567,1.0,1,12.25,1.0,0.0,0.0
83575,1.0,1,288.0,1.0,0.0,0.0
83577,1.0,1,28.0,1.0,0.0,0.0
83587,1.0,1,89.5,1.0,0.0,0.0
83595,1.0,1,21.989999771118164,1.0,0.0,0.0
83596,1.0,1,26.989999771118164,1.0,0.0,0.0
83598,1.0,1,109.0,1.0,0.0,0.0
83608,1.0,1,35.0,1.0,0.0,0.0
83609,1.0,1,19.989999771118164,1.0,0.0,0.0
83613,1.0,1,161.0,1.0,0.0,0.0
83616,2.5,2,103.20499992370605,1.0,322.0,0.0
83623,1.0,1,47.950000762939446,1.0,0.0,0.0
83624,1.0,1,19.989999771118164,1.0,0.0,0.0
83627,1.0,1,31.190000534057617,1.0,0.0,0.0
83628,1.0,1,110.0,1.0,0.0,0.0
83629,1.0,1,34.75,1.0,0.0,0.0
83631,1.0,1,36.2400016784668,1.0,0.0,0.0
83632,1.0,1,78.0,1.0,0.0,0.0
83635,1.0,1,59.5,1.0,0.0,0.0
83637,1.0,1,8.989999771118164,1.0,0.0,0.0
83638,2.0,1,24.670000076293945,1.0,0.0,0.0
83639,1.0,1,29.950000762939453,1.0,0.0,0.0
83641,1.0,1,39.4099998474121,1.0,0.0,0.0
83652,4.0,1,235.4699993133545,1.0,0.0,0.0
83653,2.0,1,79.0,1.0,0.0,0.0
83655,1.0,1,75.0,1.0,0.0,0.0
83658,1.0,1,30.0,1.0,0.0,0.0
83665,1.3333333333333333,3,34.916666666666664,1.0,401.5,516.8950570473662
83669,1.0,1,13.729999542236328,1.0,0.0,0.0
83670,1.0,1,29.979999542236328,1.0,0.0,0.0
83673,1.0,1,36.0,1.0,0.0,0.0
83674,1.0,1,38.9900016784668,1.0,0.0,0.0
83689,1.0,1,23.989999771118164,1.0,0.0,0.0
83692,4.0,1,339.5,1.0,0.0,0.0
83694,1.0,1,27.479999542236328,1.0,0.0,0.0
83696,1.0,1,134.0,1.0,0.0,0.0
83699,1.0,1,45.08000183105469,1.0,0.0,0.0
83701,1.0,1,34.5,1.0,0.0,0.0
83702,3.0,1,55.55000114440918,1.0,0.0,0.0
83708,1.5,2,101.74499988555908,1.0,926.0,0.0
83709,4.0,1,155.8999977111816,1.0,0.0,0.0
83711,1.0,1,69.5,1.0,0.0,0.0
83717,1.0,1,16.950000762939453,1.0,0.0,0.0
83728,1.0,1,595.0,1.0,0.0,0.0
83731,1.0,1,39.9900016784668,1.0,0.0,0.0
83734,2.0,1,80.0,1.0,0.0,0.0
83741,1.0,2,217.72499990463257,1.0,134.0,0.0
83746,1.0,1,48.119998931884766,1.0,0.0,0.0
83748,2.0,1,55.81999969482422,1.0,0.0,0.0
83751,1.0,1,27.239999771118164,1.0,0.0,0.0
83754,3.0,2,158.97000122070312,1.0,226.0,0.0
83755,4.0,1,223.8999977111816,1.0,0.0,0.0
83757,4.0,1,260.9900016784668,1.0,0.0,0.0
83764,1.0,1,58.950000762939446,1.0,0.0,0.0
83768,1.0,1,128.0,1.0,0.0,0.0
83771,1.5,2,42.40000057220459,1.0,1538.0,0.0
83772,2.0,1,138.4499969482422,1.0,0.0,0.0
83775,2.0,1,94.95000076293945,1.0,0.0,0.0
83780,1.0,1,18.0,1.0,0.0,0.0
83781,1.0,1,34.9900016784668,1.0,0.0,0.0
83782,1.0,1,49.66999816894531,1.0,0.0,0.0
83786,1.0,1,49.0,1.0,0.0,0.0
83796,3.0,1,121.98999977111816,1.0,0.0,0.0
83797,1.5,2,114.14999961853027,1.0,130.0,0.0
83799,3.0,1,303.45000076293945,1.0,0.0,0.0
83801,4.0,1,141.15999794006348,1.0,0.0,0.0
83803,1.0,3,67.66333325703938,1.0,242.5,198.69700551341987
83807,2.5,2,111.49499988555908,1.0,110.0,0.0
83812,2.0,1,229.0,1.0,0.0,0.0
83815,1.0,1,140.0,1.0,0.0,0.0
83819,1.0,2,111.0,1.0,511.0,0.0
83825,1.0,1,60.0,1.0,0.0,0.0
83830,1.0,1,72.0,1.0,0.0,0.0
83835,3.0,1,194.93999671936035,1.0,0.0,0.0
83838,1.0,2,14.714999914169312,1.0,857.0,0.0
83843,4.0,1,174.34999656677246,1.0,0.0,0.0
83854,1.0,1,51.950000762939446,1.0,0.0,0.0
83866,2.0,1,61.45000076293945,1.0,0.0,0.0
83869,1.0,1,24.979999542236328,1.0,0.0,0.0
83871,2.0,1,24.989999771118164,1.0,0.0,0.0
83888,1.0,1,63.22999954223633,1.0,0.0,0.0
83892,4.0,1,112.57000160217285,1.0,0.0,0.0
83899,1.0,1,41.25,1.0,0.0,0.0
83905,2.0,1,94.97999954223633,1.0,0.0,0.0
83909,1.0,1,11.510000228881836,1.0,0.0,0.0
83913,1.0,1,25.0,1.0,0.0,0.0
83914,1.0,1,55.0,1.0,0.0,0.0
83917,2.0,1,134.4900016784668,1.0,0.0,0.0
83918,1.0,1,49.5,1.0,0.0,0.0
83919,1.0,1,29.989999771118164,1.0,0.0,0.0
83922,1.0,1,39.200000762939446,1.0,0.0,0.0
83926,1.0,2,40.9950008392334,1.0,897.0,0.0
83933,1.0,1,139.9499969482422,1.0,0.0,0.0
83943,2.0,1,99.18000030517578,1.0,0.0,0.0
83951,1.0,1,161.25,1.0,0.0,0.0
83953,2.0,1,107.82999992370605,1.0,0.0,0.0
83965,1.0,1,88.0,1.0,0.0,0.0
83967,2.0,1,70.0,1.0,0.0,0.0
83971,1.0,1,39.880001068115234,1.0,0.0,0.0
83977,1.0,1,29.89999961853028,1.0,0.0,0.0
83978,2.0,1,95.5,1.0,0.0,0.0
83981,1.0,1,19.989999771118164,1.0,0.0,0.0
83984,1.0,2,32.99499988555908,1.0,556.0,0.0
83985,1.0,1,181.4600067138672,1.0,0.0,0.0
83992,2.0,2,78.33999967575073,1.0,1662.0,0.0
83998,1.0,1,45.29999923706056,1.0,0.0,0.0
84004,2.0,1,53.859999656677246,1.0,0.0,0.0
84006,1.0,1,54.9900016784668,1.0,0.0,0.0
84007,1.0,2,129.95999908447266,1.0,914.0,0.0
84008,1.0,1,15.840000152587892,1.0,0.0,0.0
84009,2.0,1,133.23999786376953,1.0,0.0,0.0
84010,1.0,1,39.9900016784668,1.0,0.0,0.0
84022,1.0,1,130.0,1.0,0.0,0.0
84024,1.0,1,119.98999786376952,1.0,0.0,0.0
84026,1.0,1,25.0,1.0,0.0,0.0
84037,1.0,1,40.450000762939446,1.0,0.0,0.0
84040,1.0,1,29.989999771118164,1.0,0.0,0.0
84043,1.0,1,59.5,1.0,0.0,0.0
84048,1.0,1,21.0,1.0,0.0,0.0
84051,1.0,1,31.989999771118164,1.0,0.0,0.0
84053,1.0,1,25.0,1.0,0.0,0.0
84054,1.0,1,72.0,1.0,0.0,0.0
84057,1.0,1,54.9900016784668,1.0,0.0,0.0
84061,1.0,1,89.94999694824217,1.0,0.0,0.0
84073,1.0,1,60.27000045776367,1.0,0.0,0.0
84077,1.0,1,35.9900016784668,1.0,0.0,0.0
84078,2.0,1,81.98999977111816,1.0,0.0,0.0
84080,1.0,1,39.5,1.0,0.0,0.0
84083,1.0,1,25.0,1.0,0.0,0.0
84086,4.0,1,289.93999671936035,1.0,0.0,0.0
84090,1.0,2,22.459999561309814,1.0,1593.0,0.0
84092,1.0,1,64.94999694824219,1.0,0.0,0.0
84100,1.0,1,33.5,1.0,0.0,0.0
84111,1.0,1,29.520000457763672,1.0,0.0,0.0
84113,1.0,1,25.0,1.0,0.0,0.0
84116,1.0,2,107.70000076293945,1.0,444.0,0.0
84118,1.0,1,10.989999771118164,1.0,0.0,0.0
84119,1.0,1,48.0,1.0,0.0,0.0
84120,1.0,1,30.0,1.0,0.0,0.0
84121,1.0,1,59.5,1.0,0.0,0.0
84122,1.0,1,79.98999786376953,1.0,0.0,0.0
84123,3.0,1,105.89000129699707,1.0,0.0,0.0
84127,1.0,2,23.725000381469727,1.0,271.0,0.0
84134,1.0,1,88.0,1.0,0.0,0.0
84139,1.0,1,59.5,1.0,0.0,0.0
84140,2.0,1,73.98999977111816,1.0,0.0,0.0
84141,2.5,2,156.96999835968018,1.0,347.0,0.0
84143,1.0,1,19.950000762939453,1.0,0.0,0.0
84149,1.0,1,12.989999771118164,1.0,0.0,0.0
84151,1.0,1,24.0,1.0,0.0,0.0
84154,1.0,1,34.95000076293945,1.0,0.0,0.0
84162,2.0,1,173.0,1.0,0.0,0.0
84164,1.0,1,95.98999786376952,1.0,0.0,0.0
84169,1.0,1,54.89999961853028,2.0,0.0,0.0
84175,1.5,2,42.739999771118164,1.0,117.0,0.0
84178,1.0,1,49.5,1.0,0.0,0.0
84179,1.0,1,19.11000061035156,1.0,0.0,0.0
84181,2.0,1,147.98999786376953,1.0,0.0,0.0
84184,1.0,1,350.0,1.0,0.0,0.0
84186,1.0,1,79.5,1.0,0.0,0.0
84191,1.0,1,24.989999771118164,1.0,0.0,0.0
84192,1.0,1,29.5,1.0,0.0,0.0
84196,1.0,1,69.5,1.0,0.0,0.0
84198,3.0,1,141.98999977111816,1.0,0.0,0.0
84199,1.0,2,84.97000312805176,1.0,1636.0,0.0
84202,3.0,1,417.98999977111816,1.0,0.0,0.0
84205,1.0,1,132.66000366210938,1.0,0.0,0.0
84207,2.0,1,99.06999969482422,1.0,0.0,0.0
84208,1.0,1,325.0,1.0,0.0,0.0
84209,2.0,1,138.75,1.0,0.0,0.0
84211,1.0,1,750.0,1.0,0.0,0.0
84212,2.5,2,84.03500175476074,1.0,99.0,0.0
84218,1.0,2,22.5,1.0,403.0,0.0
84224,1.0,1,27.989999771118164,1.0,0.0,0.0
84233,1.0,1,10.0,1.0,0.0,0.0
84247,3.0,1,102.09000205993652,1.0,0.0,0.0
84249,1.0,1,33.97999954223633,1.0,0.0,0.0
84252,1.0,1,32.0,1.0,0.0,0.0
84254,4.0,1,75.20999908447266,1.0,0.0,0.0
84261,1.0,1,25.0,1.0,0.0,0.0
84265,1.0,2,46.4950008392334,1.0,428.0,0.0
84269,1.0,1,9.989999771118164,1.0,0.0,0.0
84277,2.0,1,74.98999977111816,1.0,0.0,0.0
84285,1.0,1,15.989999771118164,1.0,0.0,0.0
84287,1.0,1,25.0,1.0,0.0,0.0
84290,2.5,2,111.36999797821045,1.0,169.0,0.0
84299,3.0,1,147.0,1.0,0.0,0.0
84301,1.0,1,33.97999954223633,1.0,0.0,0.0
84303,1.0,1,21.989999771118164,1.0,0.0,0.0
84306,1.0,1,18.0,1.0,0.0,0.0
84314,2.0,1,68.38000106811523,1.0,0.0,0.0
84316,1.0,1,44.9900016784668,1.0,0.0,0.0
84318,1.0,1,29.18000030517578,1.0,0.0,0.0
84319,1.0,1,15.949999809265137,1.0,0.0,0.0
84322,1.0,1,25.0,1.0,0.0,0.0
84324,1.0,1,14.989999771118164,1.0,0.0,0.0
84325,1.0,1,6.639999866485596,1.0,0.0,0.0
84326,1.0,1,169.5,1.0,0.0,0.0
84329,1.0,1,34.97999954223633,1.0,0.0,0.0
84345,1.0,1,18.0,1.0,0.0,0.0
84347,1.0,1,107.98999786376952,1.0,0.0,0.0
84349,1.0,1,31.0,1.0,0.0,0.0
84355,1.0,2,21.89500093460083,1.0,379.0,0.0
84356,1.0,1,22.0,1.0,0.0,0.0
84358,1.0,1,19.989999771118164,1.0,0.0,0.0
84371,1.0,1,31.989999771118164,1.0,0.0,0.0
84375,2.0,1,94.0,1.0,0.0,0.0
84380,1.0,1,58.02999877929688,1.0,0.0,0.0
84393,1.0,1,49.9900016784668,1.0,0.0,0.0
84394,1.0,1,55.0,1.0,0.0,0.0
84425,1.0,1,9.4399995803833,1.0,0.0,0.0
84426,1.0,1,169.0,1.0,0.0,0.0
84430,1.5,2,61.99499988555908,1.0,353.0,0.0
84431,1.0,1,149.99000549316406,1.0,0.0,0.0
84433,1.0,1,89.5,1.0,0.0,0.0
84435,1.0,1,49.9900016784668,1.0,0.0,0.0
84437,1.0,1,36.430000305175774,1.0,0.0,0.0
84443,1.0,1,230.17999267578125,1.0,0.0,0.0
84445,2.5,2,110.875,1.0,16.0,0.0
84456,1.0,1,60.0,1.0,0.0,0.0
84459,1.0,2,43.9900016784668,1.0,84.0,0.0
84461,1.0,1,37.31999969482422,1.0,0.0,0.0
84464,1.0,1,19.0,1.0,0.0,0.0
84469,1.0,1,74.94999694824217,1.0,0.0,0.0
84470,1.0,1,29.989999771118164,1.0,0.0,0.0
84471,1.0,1,11.9399995803833,1.0,0.0,0.0
84475,1.0,1,25.0,1.0,0.0,0.0
84476,1.0,1,55.0,1.0,0.0,0.0
84485,1.0,1,131.25,1.0,0.0,0.0
84487,1.0,1,79.0,1.0,0.0,0.0
84489,2.0,1,110.98999977111816,1.0,0.0,0.0
84490,2.0,1,154.54999923706055,1.0,0.0,0.0
84496,1.0,2,44.51499938964844,1.0,387.0,0.0
84497,1.0,1,18.96999931335449,1.0,0.0,0.0
84502,3.0,1,187.12000274658203,1.0,0.0,0.0
84504,2.0,1,173.9499969482422,1.0,0.0,0.0
84506,1.0,1,76.30000305175781,1.0,0.0,0.0
84510,1.0,1,59.0,1.0,0.0,0.0
84518,1.0,1,39.950000762939446,1.0,0.0,0.0
84520,1.0,1,44.93999862670898,1.0,0.0,0.0
84521,1.0,1,32.4900016784668,1.0,0.0,0.0
84524,1.0,1,20.950000762939453,1.0,0.0,0.0
84527,4.0,1,417.95000076293945,1.0,0.0,0.0
84528,1.0,1,29.89999961853028,1.0,0.0,0.0
84529,1.0,1,89.0,1.0,0.0,0.0
84533,1.0,1,10.0,1.0,0.0,0.0
84534,1.0,1,28.90999984741211,1.0,0.0,0.0
84537,1.0,1,50.0,1.0,0.0,0.0
84547,1.0,1,31.989999771118164,1.0,0.0,0.0
84548,3.0,1,144.0,1.0,0.0,0.0
84553,1.0,1,25.0,1.0,0.0,0.0
84556,1.6666666666666667,3,68.8200003306071,1.0,188.0,84.8528137423857
84561,1.0,1,36.79999923706056,1.0,0.0,0.0
84562,1.0,1,53.06999969482422,1.0,0.0,0.0
84568,2.5,2,256.14499378204346,1.0,96.0,0.0
84570,1.0,1,29.989999771118164,1.0,0.0,0.0
84588,1.0,1,20.040000915527344,1.0,0.0,0.0
84597,1.0,1,12.800000190734863,1.0,0.0,0.0
84600,2.0,1,96.97999954223633,1.0,0.0,0.0
84604,2.0,1,90.81999969482422,1.0,0.0,0.0
84605,1.5,2,54.375,1.0,24.0,0.0
84606,2.0,1,51.94000244140625,1.0,0.0,0.0
84609,1.0,1,12.0,1.0,0.0,0.0
84610,1.0,1,24.989999771118164,1.0,0.0,0.0
84612,1.0,1,14.0,1.0,0.0,0.0
84613,3.0,1,109.94000244140625,1.0,0.0,0.0
84633,1.0,1,40.0,1.0,0.0,0.0
84634,4.0,1,222.6799964904785,1.0,0.0,0.0
84635,1.0,2,29.99000072479248,1.0,1776.0,0.0
84638,1.0,1,39.5,1.0,0.0,0.0
84639,1.0,1,279.0,1.0,0.0,0.0
84644,2.0,1,166.9900016784668,1.0,0.0,0.0
84645,1.0,1,12.0,1.0,0.0,0.0
84646,1.0,1,47.700000762939446,1.0,0.0,0.0
84652,1.0,1,17.899999618530273,1.0,0.0,0.0
84653,1.0,2,21.989999771118164,1.0,47.0,0.0
84654,1.0,1,18.0,1.0,0.0,0.0
84655,1.0,1,346.0,1.0,0.0,0.0
84657,1.0,3,94.33000055948894,1.0,204.5,142.12846301849606
84674,2.0,1,228.75,1.0,0.0,0.0
84679,3.0,1,151.97999954223633,1.0,0.0,0.0
84691,1.0,1,8.949999809265137,1.0,0.0,0.0
84692,1.5,2,66.75,1.0,1063.0,0.0
84698,1.0,2,17.989999771118164,1.0,936.0,0.0
84707,1.0,1,170.0,1.0,0.0,0.0
84709,1.0,1,27.989999771118164,1.0,0.0,0.0
84720,1.0,1,20.989999771118164,1.0,0.0,0.0
84721,1.0,1,109.98999786376952,1.0,0.0,0.0
84725,1.5,2,84.64499950408934,1.0,28.0,0.0
84727,1.0,1,34.9900016784668,1.0,0.0,0.0
84731,1.0,1,44.9900016784668,1.0,0.0,0.0
84738,1.0,1,38.0,1.0,0.0,0.0
84742,1.0,1,64.98999786376953,1.0,0.0,0.0
84744,1.0,1,72.98999786376953,1.0,0.0,0.0
84746,2.0,1,136.0,1.0,0.0,0.0
84749,1.0,1,18.96999931335449,1.0,0.0,0.0
84750,2.0,1,33.989999771118164,1.0,0.0,0.0
84753,1.0,1,34.97999954223633,1.0,0.0,0.0
84755,2.0,1,37.90999984741211,1.0,0.0,0.0
84767,1.0,1,176.0,1.0,0.0,0.0
84769,1.0,1,98.0,1.0,0.0,0.0
84771,1.0,1,38.0,1.0,0.0,0.0
84776,1.0,1,41.959999084472656,1.0,0.0,0.0
84780,2.0,1,73.5999984741211,1.0,0.0,0.0
84784,1.0,1,25.0,1.0,0.0,0.0
84785,2.0,1,87.9900016784668,1.0,0.0,0.0
84796,1.0,1,179.0,1.0,0.0,0.0
84798,2.0,1,95.5,1.0,0.0,0.0
84802,1.0,1,184.94999694824216,1.0,0.0,0.0
84803,1.0,1,21.989999771118164,1.0,0.0,0.0
84811,1.0,2,34.0,1.0,1284.0,0.0
84816,4.0,1,220.9300022125244,1.0,0.0,0.0
84819,1.0,1,24.89999961853028,1.0,0.0,0.0
84822,1.0,1,13.970000267028809,1.0,0.0,0.0
84823,1.0,1,79.86000061035155,1.0,0.0,0.0
84825,1.0,1,71.0,1.0,0.0,0.0
84828,4.0,1,236.9799976348877,1.0,0.0,0.0
84834,3.0,1,90.92999839782715,1.0,0.0,0.0
84836,1.0,1,34.9900016784668,1.0,0.0,0.0
84838,1.0,1,119.0,1.0,0.0,0.0
84840,3.0,1,278.84000396728516,1.0,0.0,0.0
84846,1.0,1,50.0,1.0,0.0,0.0
84849,3.0,1,108.31999969482422,1.0,0.0,0.0
84851,1.0,1,90.29000091552734,1.0,0.0,0.0
84857,2.0,1,61.0,1.0,0.0,0.0
84861,3.0,1,18.889999866485596,1.0,0.0,0.0
84864,1.0,1,75.0,1.0,0.0,0.0
84876,1.0,1,23.229999542236328,1.0,0.0,0.0
84879,1.0,1,80.0,1.0,0.0,0.0
84885,1.0,1,34.0,1.0,0.0,0.0
84891,1.0,1,50.09000015258789,1.0,0.0,0.0
84895,1.0,1,166.0,1.0,0.0,0.0
84898,1.5,2,75.86999893188477,1.0,2140.0,0.0
84899,1.0,2,58.24499988555908,1.0,119.0,0.0
84907,3.0,1,89.42999839782715,1.0,0.0,0.0
84916,1.0,2,42.44999885559082,1.0,502.0,0.0
84919,1.0,1,24.0,1.0,0.0,0.0
84924,2.0,1,188.98999977111816,1.0,0.0,0.0
84926,1.0,1,14.989999771118164,1.0,0.0,0.0
84928,1.0,1,47.06999969482422,1.0,0.0,0.0
84929,1.0,1,19.989999771118164,1.0,0.0,0.0
84942,1.0,1,38.0,1.0,0.0,0.0
84945,2.0,1,93.0,1.0,0.0,0.0
84951,1.0,1,64.0,1.0,0.0,0.0
84955,1.0,1,36.9900016784668,1.0,0.0,0.0
84956,2.0,1,124.0,1.0,0.0,0.0
84958,1.0,1,85.98999786376953,1.0,0.0,0.0
84964,1.0,1,39.950000762939446,1.0,0.0,0.0
84966,2.0,1,126.93999862670897,1.0,0.0,0.0
84971,1.0,1,12.550000190734863,1.0,0.0,0.0
84977,1.0,1,56.950000762939446,1.0,0.0,0.0
84983,1.0,1,12.090000152587892,1.0,0.0,0.0
84989,2.0,1,61.989999771118164,1.0,0.0,0.0
84997,1.5,2,102.14500141143799,1.0,425.0,0.0
85003,1.0,1,73.91999816894531,1.0,0.0,0.0
85012,1.0,1,43.950000762939446,1.0,0.0,0.0
85016,4.0,1,358.4799995422363,1.0,0.0,0.0
85018,1.0,1,41.950000762939446,1.0,0.0,0.0
85020,1.0,1,174.9499969482422,1.0,0.0,0.0
85023,2.0,1,337.2799987792969,1.0,0.0,0.0
85027,1.0,1,169.97000122070312,1.0,0.0,0.0
85035,1.0,1,27.989999771118164,1.0,0.0,0.0
85050,1.0,1,16.0,1.0,0.0,0.0
85061,1.0,1,69.5,1.0,0.0,0.0
85065,1.0,1,124.9499969482422,1.0,0.0,0.0
85067,1.0,1,39.9900016784668,1.0,0.0,0.0
85068,1.0,1,10.399999618530272,1.0,0.0,0.0
85070,1.0,2,21.5,1.0,247.0,0.0
85076,2.0,1,58.9900016784668,1.0,0.0,0.0
85077,2.0,1,82.45000076293945,1.0,0.0,0.0
85080,2.0,1,63.26000118255615,1.0,0.0,0.0
85085,1.0,1,108.0,1.0,0.0,0.0
85091,1.0,1,58.0,1.0,0.0,0.0
85094,2.0,1,78.43000030517578,1.0,0.0,0.0
85099,2.0,1,41.989999771118164,1.0,0.0,0.0
85108,2.0,1,103.0,1.0,0.0,0.0
85110,3.0,1,126.9900016784668,1.0,0.0,0.0
85113,1.5,2,124.83999729156494,1.0,321.0,0.0
85114,1.0,1,11.989999771118164,1.0,0.0,0.0
85118,1.0,1,64.0,1.0,0.0,0.0
85119,2.0,1,170.24999618530276,1.0,0.0,0.0
85120,1.0,1,10.0,1.0,0.0,0.0
85121,3.0,1,261.9300003051758,1.0,0.0,0.0
85123,1.0,1,12.989999771118164,1.0,0.0,0.0
85125,1.0,1,24.989999771118164,1.0,0.0,0.0
85128,2.0,1,148.23999404907227,1.0,0.0,0.0
85131,1.0,1,30.950000762939453,1.0,0.0,0.0
85133,1.0,3,126.86666615804036,1.0,102.5,43.1335136523794
85135,1.0,1,17.989999771118164,1.0,0.0,0.0
85139,2.0,1,152.5,1.0,0.0,0.0
85143,1.0,2,85.26499652862549,1.0,34.0,0.0
85147,1.0,1,21.989999771118164,1.0,0.0,0.0
85149,2.0,1,54.38999938964844,1.0,0.0,0.0
85158,1.5,2,54.74499988555908,1.0,60.0,0.0
85160,4.0,1,159.5799961090088,1.0,0.0,0.0
85168,1.0,1,51.5,1.0,0.0,0.0
85169,1.0,1,17.0,1.0,0.0,0.0
85173,1.0,3,80.66333262125652,1.0,171.5,82.73149339882606
85178,4.0,1,288.0299987792969,1.0,0.0,0.0
85186,1.0,2,29.494999885559082,1.0,107.0,0.0
85187,1.0,1,21.989999771118164,1.0,0.0,0.0
85188,1.0,1,85.2300033569336,1.0,0.0,0.0
85190,2.0,1,254.9900054931641,1.0,0.0,0.0
85192,4.0,1,290.9299964904785,1.0,0.0,0.0
85199,1.0,1,40.0,1.0,0.0,0.0
85200,1.0,1,50.0,1.0,0.0,0.0
85201,1.0,1,29.950000762939453,1.0,0.0,0.0
85205,1.0,1,139.0,1.0,0.0,0.0
85208,2.0,1,73.97999954223633,1.0,0.0,0.0
85220,1.0,1,44.9900016784668,1.0,0.0,0.0
85221,1.0,1,89.5,1.0,0.0,0.0
85224,1.0,1,194.0,1.0,0.0,0.0
85225,1.0,1,25.0,1.0,0.0,0.0
85229,1.0,1,159.0,1.0,0.0,0.0
85235,1.0,1,149.97999572753906,1.0,0.0,0.0
85236,1.0,1,26.96999931335449,1.0,0.0,0.0
85238,2.0,1,94.94000244140625,1.0,0.0,0.0
85239,2.0,1,29.90999984741211,1.0,0.0,0.0
85246,3.0,1,78.36999893188477,1.0,0.0,0.0
85249,1.0,1,188.0,1.0,0.0,0.0
85251,2.0,1,165.97999572753906,1.0,0.0,0.0
85253,1.0,1,56.0,1.0,0.0,0.0
85254,1.0,1,32.9900016784668,1.0,0.0,0.0
85256,1.0,1,57.09999847412109,1.0,0.0,0.0
85258,3.0,1,320.9699935913086,1.0,0.0,0.0
85260,1.0,1,25.0,1.0,0.0,0.0
85264,2.0,1,90.0,1.0,0.0,0.0
85268,1.0,1,140.0,1.0,0.0,0.0
85270,1.5,2,69.0,1.0,1336.0,0.0
85273,1.0,1,26.989999771118164,1.0,0.0,0.0
85274,1.0,1,59.5,1.0,0.0,0.0
85280,1.0,1,95.0,1.0,0.0,0.0
85281,1.5,2,60.485002517700195,1.0,639.0,0.0
85290,1.0,1,199.9900054931641,1.0,0.0,0.0
85291,1.3333333333333333,3,101.33666483561198,1.0,611.5,475.88286373854646
85298,1.0,1,29.5,1.0,0.0,0.0
85299,2.0,1,72.41999816894531,1.0,0.0,0.0
85303,2.0,1,44.8799991607666,1.0,0.0,0.0
85312,2.0,1,54.95000076293945,1.0,0.0,0.0
85313,1.5,2,138.0349998474121,1.0,40.0,0.0
85314,1.0,1,124.9499969482422,1.0,0.0,0.0
85316,2.0,1,80.5999984741211,1.0,0.0,0.0
85325,1.0,1,10.909999847412108,1.0,0.0,0.0
85328,1.0,1,21.989999771118164,1.0,0.0,0.0
85329,1.0,1,21.989999771118164,1.0,0.0,0.0
85337,2.0,1,39.5,1.0,0.0,0.0
85339,2.0,1,93.5,1.0,0.0,0.0
85343,1.0,1,25.0,1.0,0.0,0.0
85350,4.0,1,237.94000053405762,1.0,0.0,0.0
85352,1.0,1,40.0,1.0,0.0,0.0
85353,1.0,1,25.0,1.0,0.0,0.0
85360,1.0,1,44.950000762939446,1.0,0.0,0.0
85372,1.0,1,25.0,1.0,0.0,0.0
85375,2.0,1,49.40999984741211,1.0,0.0,0.0
85383,1.0,1,64.5,1.0,0.0,0.0
85390,1.0,1,19.989999771118164,1.0,0.0,0.0
85399,1.0,1,36.9900016784668,1.0,0.0,0.0
85406,1.0,1,45.81999969482422,1.0,0.0,0.0
85407,1.5,2,63.28499984741211,1.0,442.0,0.0
85410,1.0,1,58.0,1.0,0.0,0.0
85417,1.0,1,99.98999786376952,1.0,0.0,0.0
85427,1.0,1,21.5,1.0,0.0,0.0
85432,1.0,1,25.0,1.0,0.0,0.0
85434,1.0,1,43.970001220703125,1.0,0.0,0.0
85435,2.0,1,100.50999641418457,1.0,0.0,0.0
85438,1.0,2,43.22000074386597,1.5,115.0,155.56349186104046
85439,2.0,1,342.8999938964844,1.0,0.0,0.0
85442,2.0,1,70.69000244140625,1.0,0.0,0.0
85445,1.0,1,45.0,1.0,0.0,0.0
85448,2.0,1,86.0,1.0,0.0,0.0
85455,1.0,1,31.989999771118164,1.0,0.0,0.0
85459,1.0,1,25.0,1.0,0.0,0.0
85464,3.0,1,446.48999977111816,1.0,0.0,0.0
85469,1.0,1,43.9900016784668,1.0,0.0,0.0
85474,1.0,1,34.0,1.0,0.0,0.0
85478,2.5,2,121.57999897003174,1.0,159.0,0.0
85486,2.0,1,94.0,1.0,0.0,0.0
85489,4.0,1,183.9900016784668,1.0,0.0,0.0
85496,1.0,1,79.9000015258789,1.0,0.0,0.0
85499,1.0,1,49.950000762939446,1.0,0.0,0.0
85503,1.0,1,38.950000762939446,1.0,0.0,0.0
85504,1.0,1,84.98999786376953,1.0,0.0,0.0
85506,1.0,1,29.989999771118164,1.0,0.0,0.0
85508,1.0,1,5.989999771118164,1.0,0.0,0.0
85511,1.0,1,38.0,1.0,0.0,0.0
85514,3.0,1,114.50000190734863,1.0,0.0,0.0
85516,2.0,1,167.5,1.0,0.0,0.0
85517,1.5,2,122.07000160217282,1.0,380.0,0.0
85520,1.0,1,69.0,1.0,0.0,0.0
85521,1.0,1,25.0,1.0,0.0,0.0
85522,1.0,1,39.950000762939446,1.0,0.0,0.0
85528,4.0,1,148.9699993133545,1.0,0.0,0.0
85531,1.0,1,13.989999771118164,1.0,0.0,0.0
85533,1.0,1,139.97999572753906,1.0,0.0,0.0
85535,1.0,1,6.179999828338623,1.0,0.0,0.0
85536,1.0,1,32.9900016784668,1.0,0.0,0.0
85538,1.0,1,18.989999771118164,1.0,0.0,0.0
85540,1.0,1,42.9900016784668,1.0,0.0,0.0
85544,1.0,1,9.390000343322754,1.0,0.0,0.0
85547,1.0,1,25.0,1.0,0.0,0.0
85549,1.0,1,178.97999572753906,1.0,0.0,0.0
85550,4.0,1,157.45000076293945,1.0,0.0,0.0
85552,1.0,1,11.529999732971191,1.0,0.0,0.0
85558,3.0,1,463.0,1.0,0.0,0.0
85563,2.0,1,59.55000114440918,1.0,0.0,0.0
85564,1.0,1,249.94999694824216,1.0,0.0,0.0
85567,1.0,1,77.98999786376953,1.0,0.0,0.0
85569,1.0,1,23.32999992370605,1.0,0.0,0.0
85575,1.0,1,144.99000549316406,1.0,0.0,0.0
85580,1.0,1,48.0,1.0,0.0,0.0
85602,1.5,2,268.0,1.0,89.0,0.0
85603,1.0,1,12.800000190734863,1.0,0.0,0.0
85607,2.0,1,74.5,1.0,0.0,0.0
85608,1.0,1,34.900001525878906,1.0,0.0,0.0
85609,1.0,1,18.989999771118164,1.0,0.0,0.0
85616,1.0,1,15.0,1.0,0.0,0.0
85617,1.0,1,49.5,1.0,0.0,0.0
85618,1.5,2,49.96000099182129,1.0,375.0,0.0
85635,1.0,1,35.0,1.0,0.0,0.0
85636,1.0,1,64.94999694824219,1.0,0.0,0.0
85638,1.0,1,12.989999771118164,1.0,0.0,0.0
85640,3.0,1,216.39999961853027,1.0,0.0,0.0
85654,1.0,1,59.5,1.0,0.0,0.0
85656,1.0,1,13.0,1.0,0.0,0.0
85668,1.0,1,15.640000343322754,1.0,0.0,0.0
85671,1.0,1,16.3799991607666,1.0,0.0,0.0
85676,1.0,1,78.0,1.0,0.0,0.0
85679,1.0,1,89.0,1.0,0.0,0.0
85687,1.0,1,47.9900016784668,1.0,0.0,0.0
85692,1.0,1,25.0,1.0,0.0,0.0
85693,1.0,1,44.9900016784668,1.0,0.0,0.0
85694,1.0,1,88.98999786376953,1.0,0.0,0.0
85696,1.0,1,39.5,1.0,0.0,0.0
85701,1.0,2,49.9950008392334,1.0,536.0,0.0
85704,2.0,1,40.989999771118164,1.0,0.0,0.0
85705,1.0,1,67.5,1.0,0.0,0.0
85713,1.0,2,64.98999977111816,1.0,1104.0,0.0
85716,2.0,1,198.0,1.0,0.0,0.0
85718,2.0,1,99.98999977111816,1.0,0.0,0.0
85719,1.0,2,25.435000896453857,1.0,720.0,0.0
85721,2.0,1,83.94000244140625,1.0,0.0,0.0
85727,1.0,1,89.98999786376953,1.0,0.0,0.0
85729,1.0,1,21.989999771118164,1.0,0.0,0.0
85731,1.0,1,17.989999771118164,1.0,0.0,0.0
85733,1.0,1,25.0,1.0,0.0,0.0
85739,1.0,1,62.650001525878906,1.0,0.0,0.0
85743,3.0,1,125.29999923706055,1.0,0.0,0.0
85750,1.0,1,9.949999809265137,1.0,0.0,0.0
85751,4.0,1,273.9700012207031,1.0,0.0,0.0
85760,2.0,1,36.5,1.0,0.0,0.0
85764,1.5,2,137.0,1.0,185.0,0.0
85774,1.0,1,99.0,1.0,0.0,0.0
85775,1.0,1,40.0,1.0,0.0,0.0
85776,1.0,1,99.0,1.0,0.0,0.0
85785,1.0,1,18.479999542236328,1.0,0.0,0.0
85786,1.0,1,49.950000762939446,1.0,0.0,0.0
85787,1.0,1,25.0,1.0,0.0,0.0
85792,1.0,1,27.989999771118164,1.0,0.0,0.0
85793,2.0,1,63.97999954223633,1.0,0.0,0.0
85794,1.0,1,35.97999954223633,1.0,0.0,0.0
85795,1.0,1,22.0,1.0,0.0,0.0
85796,3.0,1,100.84000205993652,1.0,0.0,0.0
85797,1.0,1,55.0,1.0,0.0,0.0
85799,1.0,1,5.989999771118164,1.0,0.0,0.0
85803,1.0,1,58.0,1.0,0.0,0.0
85806,1.0,1,12.979999542236328,1.0,0.0,0.0
85811,1.0,1,24.89999961853028,1.0,0.0,0.0
85813,1.0,2,103.24499893188477,1.0,700.0,0.0
85817,4.0,1,159.2899990081787,1.0,0.0,0.0
85819,1.0,1,38.25,1.0,0.0,0.0
85822,4.0,1,137.71000289916992,1.0,0.0,0.0
85823,1.0,1,46.9900016784668,1.0,0.0,0.0
85824,1.5,2,59.75,1.0,233.0,0.0
85832,1.0,1,44.9900016784668,1.0,0.0,0.0
85833,1.0,1,14.5,1.0,0.0,0.0
85836,1.0,1,399.989990234375,1.0,0.0,0.0
85837,1.0,1,25.0,1.0,0.0,0.0
85841,1.0,1,25.0,1.0,0.0,0.0
85845,2.0,1,283.0,1.0,0.0,0.0
85846,1.0,1,29.40999984741211,1.0,0.0,0.0
85848,1.0,1,102.5,1.0,0.0,0.0
85849,1.0,1,19.5,1.0,0.0,0.0
85853,2.0,1,276.75,1.0,0.0,0.0
85856,1.0,1,25.0,1.0,0.0,0.0
85858,1.0,1,193.94999694824216,1.0,0.0,0.0
85861,1.0,1,43.9900016784668,1.0,0.0,0.0
85862,1.0,1,49.93999862670898,1.0,0.0,0.0
85873,3.0,2,107.03499984741211,1.0,59.0,0.0
85876,1.0,1,109.5,1.0,0.0,0.0
85878,1.0,1,19.8799991607666,1.0,0.0,0.0
85879,1.0,1,77.0,1.0,0.0,0.0
85881,1.0,1,10.0,1.0,0.0,0.0
85882,2.0,1,104.47000026702881,1.0,0.0,0.0
85883,2.0,1,470.260009765625,1.0,0.0,0.0
85887,1.0,1,33.68000030517578,1.0,0.0,0.0
85891,1.0,1,59.0,1.0,0.0,0.0
85898,2.0,1,33.63000011444092,1.0,0.0,0.0
85905,1.0,1,39.9900016784668,1.0,0.0,0.0
85916,1.0,1,27.0,1.0,0.0,0.0
85921,1.0,1,144.0,1.0,0.0,0.0
85929,2.0,1,124.94999694824219,1.0,0.0,0.0
85932,1.0,1,44.97999954223633,1.0,0.0,0.0
85934,1.0,1,34.0,1.0,0.0,0.0
85941,1.0,1,98.0,1.0,0.0,0.0
85947,1.0,1,98.08000183105467,1.0,0.0,0.0
85954,1.0,1,13.989999771118164,1.0,0.0,0.0
85966,1.0,1,118.0,1.0,0.0,0.0
85967,2.0,1,205.5,1.0,0.0,0.0
85968,1.0,1,71.98999786376953,1.0,0.0,0.0
85973,1.0,1,56.0,1.0,0.0,0.0
85981,1.0,1,75.0,1.0,0.0,0.0
85982,2.0,1,110.45999908447266,1.0,0.0,0.0
85988,1.0,2,26.28499984741211,1.0,67.0,0.0
85989,2.0,1,82.9800033569336,1.0,0.0,0.0
85996,1.0,1,36.66999816894531,1.0,0.0,0.0
85998,1.0,1,48.5,1.0,0.0,0.0
85999,2.0,2,108.93499994277954,1.0,34.0,0.0
86008,4.0,1,223.9200038909912,1.0,0.0,0.0
86011,1.0,1,54.9900016784668,1.0,0.0,0.0
86012,1.0,1,69.0,1.0,0.0,0.0
86016,1.0,1,89.98999786376953,1.0,0.0,0.0
86018,2.0,1,52.81999969482422,1.0,0.0,0.0
86020,4.0,1,162.9800033569336,1.0,0.0,0.0
86031,1.0,1,34.97999954223633,1.0,0.0,0.0
86034,1.0,1,48.0,1.0,0.0,0.0
86043,1.0,1,58.0,1.0,0.0,0.0
86067,1.0,2,55.0,1.0,60.0,0.0
86068,1.0,1,25.950000762939453,1.0,0.0,0.0
86069,1.0,1,36.9900016784668,1.0,0.0,0.0
86070,1.0,1,22.0,1.0,0.0,0.0
86071,1.0,1,17.989999771118164,1.0,0.0,0.0
86075,1.0,1,24.950000762939453,1.0,0.0,0.0
86080,1.0,1,23.989999771118164,1.0,0.0,0.0
86083,1.0,1,35.9900016784668,1.0,0.0,0.0
86088,1.0,1,42.66999816894531,1.0,0.0,0.0
86091,1.0,1,139.9499969482422,1.0,0.0,0.0
86097,1.0,2,105.875,1.0,250.0,0.0
86105,2.3333333333333335,3,132.3000005086263,1.0,690.5,437.6990975544729
86109,1.0,1,62.0,1.0,0.0,0.0
86110,4.0,1,89.13000011444092,1.0,0.0,0.0
86114,1.0,1,36.9900016784668,1.0,0.0,0.0
86125,1.0,1,29.0,1.0,0.0,0.0
86131,1.0,1,12.0,1.0,0.0,0.0
86134,1.0,1,78.75,1.0,0.0,0.0
86138,1.0,1,31.36000061035156,1.0,0.0,0.0
86139,1.0,1,79.5,1.0,0.0,0.0
86142,1.0,1,29.989999771118164,1.0,0.0,0.0
86145,1.0,1,99.5,1.0,0.0,0.0
86146,1.0,1,84.94999694824217,1.0,0.0,0.0
86147,3.0,1,289.5,1.0,0.0,0.0
86149,1.0,1,32.5,1.0,0.0,0.0
86150,1.0,1,15.0,1.0,0.0,0.0
86161,1.0,1,59.0,1.0,0.0,0.0
86167,1.0,1,26.89999961853028,1.0,0.0,0.0
86173,1.0,1,54.0,1.0,0.0,0.0
86179,1.0,1,39.9900016784668,1.0,0.0,0.0
86180,1.0,1,17.25,1.0,0.0,0.0
86184,1.0,1,39.9900016784668,1.0,0.0,0.0
86187,1.0,1,25.0,1.0,0.0,0.0
86188,2.0,1,29.520000457763672,1.0,0.0,0.0
86198,4.0,1,171.41999912261963,1.0,0.0,0.0
86205,1.0,1,174.0,1.0,0.0,0.0
86211,1.0,1,7.320000171661377,1.0,0.0,0.0
86218,1.0,3,48.81000073750814,1.0,255.5,327.3904396893715
86224,1.0,1,25.0,1.0,0.0,0.0
86230,1.0,1,58.970001220703125,1.0,0.0,0.0
86241,1.0,1,36.7599983215332,1.0,0.0,0.0
86242,2.0,1,125.89999771118161,1.0,0.0,0.0
86245,3.0,1,93.88999938964844,1.0,0.0,0.0
86246,1.0,1,44.130001068115234,1.0,0.0,0.0
86254,1.0,1,53.950000762939446,1.0,0.0,0.0
86256,1.0,1,109.98999786376952,1.0,0.0,0.0
86260,1.0,1,17.690000534057617,1.0,0.0,0.0
86270,1.0,1,6.989999771118164,1.0,0.0,0.0
86272,1.0,1,125.0,1.0,0.0,0.0
86279,1.0,1,45.02000045776367,1.0,0.0,0.0
86288,1.0,1,8.949999809265137,1.0,0.0,0.0
86289,1.0,1,210.0,1.0,0.0,0.0
86290,2.0,1,47.079999923706055,1.0,0.0,0.0
86294,1.5,2,48.60000133514404,1.0,502.0,0.0
86296,1.0,1,36.5,1.0,0.0,0.0
86297,1.0,2,52.25,1.0,425.0,0.0
86299,1.0,1,35.959999084472656,1.0,0.0,0.0
86302,4.0,1,245.98000144958496,1.0,0.0,0.0
86303,2.0,1,269.0,1.0,0.0,0.0
86306,1.0,1,105.0,1.0,0.0,0.0
86307,1.0,1,25.0,1.0,0.0,0.0
86310,1.0,1,48.970001220703125,1.0,0.0,0.0
86314,1.0,1,148.0,1.0,0.0,0.0
86315,1.0,1,35.0,1.0,0.0,0.0
86320,4.0,1,211.44000244140625,1.0,0.0,0.0
86323,1.0,1,110.0,1.0,0.0,0.0
86326,1.0,1,49.93999862670898,1.0,0.0,0.0
86330,1.0,1,69.94999694824219,1.0,0.0,0.0
86331,2.0,1,98.9900016784668,1.0,0.0,0.0
86333,1.0,1,133.0,1.0,0.0,0.0
86334,1.0,1,64.98999786376953,1.0,0.0,0.0
86335,1.0,1,44.38999938964844,1.0,0.0,0.0
86337,1.0,1,903.0,1.0,0.0,0.0
86343,1.0,1,168.0,1.0,0.0,0.0
86344,1.0,1,178.0,1.0,0.0,0.0
86347,1.0,1,41.700000762939446,1.0,0.0,0.0
86348,2.0,2,229.38500022888184,1.0,235.0,0.0
86349,1.0,1,136.1699981689453,1.0,0.0,0.0
86352,1.0,1,15.0,1.0,0.0,0.0
86355,1.0,1,78.0,1.0,0.0,0.0
86359,4.0,1,212.2000026702881,1.0,0.0,0.0
86360,1.0,1,37.5,1.0,0.0,0.0
86361,1.0,1,228.0,1.0,0.0,0.0
86362,1.0,1,10.659999847412108,1.0,0.0,0.0
86368,4.0,1,115.48999881744385,1.0,0.0,0.0
86370,1.0,1,16.5,1.0,0.0,0.0
86372,2.0,1,96.0,1.0,0.0,0.0
86378,2.0,1,131.36999702453613,1.0,0.0,0.0
86379,1.0,1,59.9900016784668,1.0,0.0,0.0
86382,3.0,1,46.5,1.0,0.0,0.0
86385,1.0,2,26.5,1.0,98.0,0.0
86389,1.0,1,198.0,1.0,0.0,0.0
86390,2.0,1,66.98000144958496,1.0,0.0,0.0
86392,1.0,1,71.69000244140625,1.0,0.0,0.0
86396,1.0,1,52.0,1.0,0.0,0.0
86398,1.0,1,25.0,1.0,0.0,0.0
86400,2.0,2,414.1150016784668,1.0,799.0,0.0
86403,1.0,1,68.0,1.0,0.0,0.0
86406,2.0,1,235.99999237060547,1.0,0.0,0.0
86412,1.0,1,22.5,1.0,0.0,0.0
86413,1.0,1,160.3800048828125,1.0,0.0,0.0
86416,1.0,1,11.010000228881836,1.0,0.0,0.0
86418,3.0,1,162.95000076293945,1.0,0.0,0.0
86419,2.0,1,45.269999504089355,1.0,0.0,0.0
86420,1.0,1,40.720001220703125,1.0,0.0,0.0
86421,1.0,1,25.0,1.0,0.0,0.0
86425,1.0,1,49.93999862670898,1.0,0.0,0.0
86432,1.0,1,26.950000762939453,1.0,0.0,0.0
86433,1.0,1,25.950000762939453,1.0,0.0,0.0
86435,2.0,1,51.950000762939446,1.0,0.0,0.0
86436,1.5,2,33.15000009536743,1.0,302.0,0.0
86451,1.0,1,21.989999771118164,1.0,0.0,0.0
86456,1.0,1,89.0,1.0,0.0,0.0
86459,1.0,1,129.0,1.0,0.0,0.0
86461,1.0,1,213.94999694824216,1.0,0.0,0.0
86462,1.0,1,75.06999969482422,1.0,0.0,0.0
86465,1.0,2,45.48500061035156,1.0,45.0,0.0
86472,1.0,1,40.0,1.0,0.0,0.0
86477,1.0,1,32.9900016784668,1.0,0.0,0.0
86483,1.0,1,119.98999786376952,1.0,0.0,0.0
86487,1.0,1,16.579999923706055,1.0,0.0,0.0
86493,1.0,1,18.6200008392334,1.0,0.0,0.0
86494,1.0,1,180.0,1.0,0.0,0.0
86504,1.5,2,52.49499988555908,1.0,84.0,0.0
86505,1.0,1,119.0,1.0,0.0,0.0
86508,1.0,2,28.600000381469727,1.0,212.0,0.0
86510,1.5,2,41.05999946594239,1.0,64.0,0.0
86515,1.0,1,27.0,1.0,0.0,0.0
86517,1.0,1,169.0,1.0,0.0,0.0
86518,1.0,1,6.949999809265137,1.0,0.0,0.0
86523,3.0,1,194.98999977111816,1.0,0.0,0.0
86524,1.0,1,49.0,1.0,0.0,0.0
86525,1.0,1,46.0,1.0,0.0,0.0
86529,2.0,1,25.59000015258789,1.0,0.0,0.0
86530,3.0,1,246.97999954223633,1.0,0.0,0.0
86532,2.0,1,38.89999961853027,1.0,0.0,0.0
86534,2.0,1,110.9900016784668,1.0,0.0,0.0
86537,1.0,1,11.5,1.0,0.0,0.0
86539,2.0,1,47.9900016784668,1.0,0.0,0.0
86549,1.0,1,66.7300033569336,1.0,0.0,0.0
86550,1.0,1,95.0,1.0,0.0,0.0
86553,3.0,1,116.53999996185303,1.0,0.0,0.0
86561,1.0,1,6.25,1.0,0.0,0.0
86570,1.0,1,48.0,1.0,0.0,0.0
86573,1.0,1,19.770000457763672,1.0,0.0,0.0
86575,3.0,1,105.98999977111816,1.0,0.0,0.0
86583,1.0,1,13.0,1.0,0.0,0.0
86585,1.0,1,169.97000122070312,1.0,0.0,0.0
86587,1.0,1,26.0,1.0,0.0,0.0
86593,1.0,1,18.950000762939453,1.0,0.0,0.0
86595,1.0,1,11.949999809265137,1.0,0.0,0.0
86600,1.0,1,26.5,1.0,0.0,0.0
86602,1.0,1,43.9900016784668,1.0,0.0,0.0
86604,1.0,1,34.0,1.0,0.0,0.0
86605,1.0,1,38.25,1.0,0.0,0.0
86609,1.0,2,112.49000358581543,1.0,412.0,0.0
86611,2.0,1,132.0,1.0,0.0,0.0
86613,1.3333333333333333,3,34.986666997273765,1.0,280.5,118.08683245815344
86631,1.0,1,6.989999771118164,1.0,0.0,0.0
86634,1.0,1,34.0,1.0,0.0,0.0
86635,2.0,1,114.9799976348877,1.0,0.0,0.0
86636,1.0,2,85.4749984741211,1.0,245.0,0.0
86637,3.0,1,102.54000282287598,1.0,0.0,0.0
86641,1.0,1,25.0,1.0,0.0,0.0
86645,1.0,1,52.0,1.0,0.0,0.0
86649,1.0,1,29.989999771118164,1.0,0.0,0.0
86655,4.0,1,101.95000076293945,1.0,0.0,0.0
86657,2.0,1,44.97999954223633,1.0,0.0,0.0
86659,2.0,1,77.60000038146973,1.0,0.0,0.0
86664,1.0,1,104.0,1.0,0.0,0.0
86677,1.0,1,10.5,1.0,0.0,0.0
86678,1.0,2,27.99000072479248,1.0,1587.0,0.0
86688,1.0,1,109.5,1.0,0.0,0.0
86689,1.0,1,49.9900016784668,1.0,0.0,0.0
86703,2.0,1,245.75,1.0,0.0,0.0
86705,1.0,1,68.0,1.0,0.0,0.0
86706,2.0,1,83.5,1.0,0.0,0.0
86709,2.0,1,99.95000076293945,1.0,0.0,0.0
86710,1.0,1,39.5099983215332,1.0,0.0,0.0
86719,1.0,1,35.0,1.0,0.0,0.0
86729,1.0,1,128.0,1.0,0.0,0.0
86732,2.0,1,73.10000038146973,1.0,0.0,0.0
86743,1.0,1,39.0,1.0,0.0,0.0
86747,1.0,1,4.949999809265137,1.0,0.0,0.0
86748,4.0,1,126.2400016784668,1.0,0.0,0.0
86750,1.0,1,38.0,1.0,0.0,0.0
86752,1.0,1,54.950000762939446,1.0,0.0,0.0
86763,1.0,1,18.0,1.0,0.0,0.0
86768,2.0,1,90.5,1.0,0.0,0.0
86774,1.0,1,45.0,1.0,0.0,0.0
86776,1.0,1,35.0,1.0,0.0,0.0
86780,1.0,1,25.0,1.0,0.0,0.0
86788,1.0,1,41.400001525878906,1.0,0.0,0.0
86790,1.0,1,39.9900016784668,1.0,0.0,0.0
86791,1.0,1,54.0,1.0,0.0,0.0
86793,1.0,1,49.9900016784668,1.0,0.0,0.0
86799,1.3333333333333333,3,116.9966672261556,1.0,64.5,4.949747468305833
86800,1.0,2,28.5,1.0,26.0,0.0
86801,1.0,1,99.98999786376952,1.0,0.0,0.0
86804,3.0,1,129.5,1.0,0.0,0.0
86805,1.0,2,49.05000019073486,1.0,40.0,0.0
86808,1.0,1,28.5,1.0,0.0,0.0
86809,1.0,1,79.5,1.0,0.0,0.0
86811,2.0,1,146.81000137329102,1.0,0.0,0.0
86814,1.0,1,38.0,1.0,0.0,0.0
86816,1.0,1,28.0,1.0,0.0,0.0
86817,3.0,1,90.96000099182129,1.0,0.0,0.0
86819,1.0,2,54.25,1.0,271.0,0.0
86823,1.0,1,69.58999633789062,1.0,0.0,0.0
86826,1.0,1,79.94999694824217,1.0,0.0,0.0
86828,2.0,1,167.68999862670898,1.0,0.0,0.0
86832,1.0,1,9.989999771118164,1.0,0.0,0.0
86835,1.5,1,479.93999671936035,2.0,1.0,0.0
86836,3.0,1,55.71000003814697,1.0,0.0,0.0
86839,2.0,1,121.79999923706055,1.0,0.0,0.0
86841,1.0,1,24.989999771118164,1.0,0.0,0.0
86842,1.0,1,2.950000047683716,1.0,0.0,0.0
86862,3.0,1,72.9300012588501,1.0,0.0,0.0
86869,1.0,1,12.989999771118164,1.0,0.0,0.0
86874,1.0,1,24.059999465942383,1.0,0.0,0.0
86875,2.0,1,34.0,1.0,0.0,0.0
86876,1.0,1,32.970001220703125,1.0,0.0,0.0
86877,1.0,1,44.950000762939446,1.0,0.0,0.0
86896,2.0,1,64.9900016784668,1.0,0.0,0.0
86898,1.0,1,37.79999923706056,1.0,0.0,0.0
86902,1.5,2,30.624999523162842,1.0,762.0,0.0
86903,1.0,1,10.729999542236328,1.0,0.0,0.0
86910,1.0,2,30.0,1.0,472.0,0.0
86911,1.0,1,44.79999923706056,1.0,0.0,0.0
86918,1.0,1,48.0,1.0,0.0,0.0
86920,1.0,1,124.98999786376952,1.0,0.0,0.0
86922,1.0,1,65.0,1.0,0.0,0.0
86927,1.0,1,9.989999771118164,1.0,0.0,0.0
86928,4.0,1,119.93000221252441,1.0,0.0,0.0
86929,1.0,1,71.94999694824219,1.0,0.0,0.0
86936,1.0,1,6.5,1.0,0.0,0.0
86937,1.0,1,378.0,1.0,0.0,0.0
86942,1.0,1,18.989999771118164,1.0,0.0,0.0
86947,3.0,1,272.74999713897705,1.0,0.0,0.0
86948,1.5,2,65.47500038146973,1.0,59.0,0.0
86950,1.0,1,25.0,1.0,0.0,0.0
86958,1.0,1,28.0,1.0,0.0,0.0
86963,4.0,1,161.31999969482422,1.0,0.0,0.0
86981,1.0,1,172.1999969482422,1.0,0.0,0.0
86992,1.5,1,124.9800033569336,2.0,1.0,0.0
86995,1.3333333333333333,3,84.49333190917969,1.0,787.0,267.28636328851496
86999,1.0,1,39.9900016784668,1.0,0.0,0.0
87003,1.0,1,169.0,1.0,0.0,0.0
87006,1.0,1,39.9900016784668,1.0,0.0,0.0
87021,2.0,1,161.97000122070312,1.0,0.0,0.0
87025,1.0,1,55.0,1.0,0.0,0.0
87031,1.0,2,55.47000026702881,1.0,369.0,0.0
87032,2.0,1,45.98000144958496,1.0,0.0,0.0
87035,1.0,1,83.36000061035155,1.0,0.0,0.0
87044,1.0,1,169.99000549316406,1.0,0.0,0.0
87052,1.0,1,65.0,1.0,0.0,0.0
87053,2.0,1,214.98999786376953,1.0,0.0,0.0
87058,2.0,1,55.0,1.0,0.0,0.0
87065,4.0,1,160.39999675750732,1.0,0.0,0.0
87068,2.0,1,62.989999771118164,1.0,0.0,0.0
87070,1.0,1,903.0,1.0,0.0,0.0
87071,2.0,1,124.5,1.0,0.0,0.0
87076,1.0,1,49.9900016784668,1.0,0.0,0.0
87078,1.0,1,10.989999771118164,1.0,0.0,0.0
87081,1.0,1,14.56999969482422,1.0,0.0,0.0
87087,1.0,1,54.9900016784668,1.0,0.0,0.0
87088,1.0,1,84.0,1.0,0.0,0.0
87093,1.0,2,94.5,1.0,916.0,0.0
87097,1.0,1,76.98999786376953,1.0,0.0,0.0
87108,1.0,1,79.5,1.0,0.0,0.0
87109,2.0,1,81.55000019073486,1.0,0.0,0.0
87111,4.0,1,366.939998626709,1.0,0.0,0.0
87115,1.0,3,123.54666646321614,1.0,621.0,854.1849916733494
87120,1.0,1,42.9900016784668,1.0,0.0,0.0
87121,2.0,1,44.97999954223633,1.0,0.0,0.0
87126,1.0,1,8.989999771118164,1.0,0.0,0.0
87127,1.0,1,50.0,1.0,0.0,0.0
87128,2.0,1,83.48999977111816,1.0,0.0,0.0
87132,1.0,1,49.9900016784668,1.0,0.0,0.0
87136,1.0,1,48.97999954223633,1.0,0.0,0.0
87137,2.0,1,56.79999923706055,1.0,0.0,0.0
87140,1.0,1,13.989999771118164,1.0,0.0,0.0
87142,1.0,1,259.989990234375,1.0,0.0,0.0
87143,1.0,1,19.989999771118164,1.0,0.0,0.0
87147,1.0,1,48.0,1.0,0.0,0.0
87149,4.0,1,239.04000663757324,1.0,0.0,0.0
87152,1.0,1,12.960000038146973,1.0,0.0,0.0
87153,3.0,1,153.13999938964844,1.0,0.0,0.0
87154,1.0,1,39.9900016784668,1.0,0.0,0.0
87155,1.0,1,449.0,1.0,0.0,0.0
87156,4.0,1,258.5,1.0,0.0,0.0
87158,1.0,1,25.0,1.0,0.0,0.0
87160,1.0,1,17.0,1.0,0.0,0.0
87164,1.0,1,15.899999618530272,1.0,0.0,0.0
87165,3.0,1,63.75,1.0,0.0,0.0
87167,1.0,1,84.0,1.0,0.0,0.0
87168,2.0,1,139.87000465393066,1.0,0.0,0.0
87180,1.0,1,24.989999771118164,1.0,0.0,0.0
87187,2.0,1,428.9499969482422,1.0,0.0,0.0
87193,1.0,1,25.0,1.0,0.0,0.0
87194,1.0,1,79.98999786376953,1.0,0.0,0.0
87205,1.0,1,29.989999771118164,1.0,0.0,0.0
87206,1.0,1,79.0,1.0,0.0,0.0
87210,1.0,1,54.950000762939446,1.0,0.0,0.0
87211,3.0,1,92.79000091552733,1.0,0.0,0.0
87216,1.0,1,21.979999542236328,1.0,0.0,0.0
87218,1.0,1,55.0,1.0,0.0,0.0
87220,2.0,1,117.0,1.0,0.0,0.0
87222,1.0,1,23.950000762939453,1.0,0.0,0.0
87223,1.0,1,10.0,1.0,0.0,0.0
87227,2.0,1,289.9299964904785,1.0,0.0,0.0
87229,3.0,1,329.98999786376953,1.0,0.0,0.0
87241,1.0,1,38.0,1.0,0.0,0.0
87242,2.0,1,94.9800033569336,1.0,0.0,0.0
87244,3.0,2,113.16999959945679,1.0,46.0,0.0
87245,1.5,1,268.98999977111816,2.0,1.0,0.0
87251,1.0,1,12.710000038146973,1.0,0.0,0.0
87256,1.0,1,17.309999465942383,1.0,0.0,0.0
87262,2.0,1,104.20999908447266,1.0,0.0,0.0
87266,1.0,1,11.489999771118164,1.0,0.0,0.0
87267,2.0,2,98.57999992370605,1.0,1088.0,0.0
87271,1.0,1,10.989999771118164,1.0,0.0,0.0
87277,1.0,2,19.479999542236328,1.0,82.0,0.0
87278,1.0,1,65.0,1.0,0.0,0.0
87282,2.0,1,288.98999786376953,1.0,0.0,0.0
87290,2.0,1,374.38000106811523,1.0,0.0,0.0
87294,2.0,1,34.420000076293945,1.0,0.0,0.0
87296,1.0,1,29.989999771118164,1.0,0.0,0.0
87298,1.0,1,49.0,1.0,0.0,0.0
87300,1.0,1,25.0,1.0,0.0,0.0
87301,1.0,1,140.0,1.0,0.0,0.0
87304,2.0,1,190.0500030517578,1.0,0.0,0.0
87307,2.0,1,67.9900016784668,1.0,0.0,0.0
87308,1.0,2,35.0,1.0,581.0,0.0
87312,4.0,1,135.32999992370605,1.0,0.0,0.0
87319,1.0,1,198.0,1.0,0.0,0.0
87324,1.0,1,34.900001525878906,1.0,0.0,0.0
87331,2.0,2,43.880000591278076,1.0,1162.0,0.0
87334,1.0,2,132.5,1.0,565.0,0.0
87343,2.0,1,60.95000076293945,1.0,0.0,0.0
87347,3.0,1,123.73999977111816,1.0,0.0,0.0
87350,1.0,1,42.0,1.0,0.0,0.0
87362,1.0,1,81.9000015258789,1.0,0.0,0.0
87363,1.0,1,40.0,1.0,0.0,0.0
87365,2.0,1,54.989999771118164,1.0,0.0,0.0
87366,2.0,1,172.98999977111816,1.0,0.0,0.0
87367,1.0,1,42.950000762939446,1.0,0.0,0.0
87371,1.0,1,9.989999771118164,1.0,0.0,0.0
87372,1.0,1,19.89999961853028,1.0,0.0,0.0
87375,1.0,1,12.989999771118164,1.0,0.0,0.0
87376,3.0,1,391.989990234375,1.0,0.0,0.0
87379,1.0,1,52.0,1.0,0.0,0.0
87385,1.0,1,25.0,1.0,0.0,0.0
87390,1.0,1,84.20999908447266,1.0,0.0,0.0
87393,1.0,1,12.550000190734863,1.0,0.0,0.0
87395,2.0,1,193.0,1.0,0.0,0.0
87403,2.0,1,49.0,1.0,0.0,0.0
87404,2.0,1,53.989999771118164,1.0,0.0,0.0
87406,1.0,1,15.0,1.0,0.0,0.0
87407,1.0,1,39.5,1.0,0.0,0.0
87409,2.0,1,160.7699966430664,1.0,0.0,0.0
87411,1.0,1,49.950000762939446,1.0,0.0,0.0
87416,3.0,1,193.4399995803833,1.0,0.0,0.0
87417,1.0,1,29.950000762939453,1.0,0.0,0.0
87418,2.0,1,112.07999801635742,1.0,0.0,0.0
87420,1.0,1,158.0,1.0,0.0,0.0
87427,1.0,2,43.0,1.0,2016.0,0.0
87431,2.0,1,91.38999938964844,1.0,0.0,0.0
87432,1.0,1,69.0,1.0,0.0,0.0
87433,2.5,2,130.2999973297119,1.0,149.0,0.0
87441,1.0,2,46.48500061035156,1.0,1024.0,0.0
87447,1.0,1,35.0,1.0,0.0,0.0
87448,2.0,1,37.09000015258789,1.0,0.0,0.0
87453,1.0,1,49.9900016784668,1.0,0.0,0.0
87454,2.0,1,25.489999771118164,1.0,0.0,0.0
87456,1.0,2,16.860000133514404,1.0,493.0,0.0
87458,2.0,3,110.14000034332275,1.0,108.5,122.32947314527271
87462,4.0,1,328.0700001716614,1.0,0.0,0.0
87466,1.0,1,99.98999786376952,1.0,0.0,0.0
87467,3.0,2,67.03000068664551,1.0,39.0,0.0
87468,1.0,1,15.0,1.0,0.0,0.0
87470,1.0,1,33.75,1.0,0.0,0.0
87475,1.0,1,39.9900016784668,1.0,0.0,0.0
87485,3.0,1,232.8699951171875,1.0,0.0,0.0
87490,3.0,1,171.0,1.0,0.0,0.0
87493,1.6666666666666667,3,109.7933349609375,1.0,1000.0,666.0945878777278
87496,1.0,1,259.989990234375,1.0,0.0,0.0
87501,2.0,1,155.0,1.0,0.0,0.0
87515,1.0,2,52.46500015258789,1.0,58.0,0.0
87516,4.0,1,138.6299991607666,1.0,0.0,0.0
87522,2.0,1,95.34999990463257,1.0,0.0,0.0
87523,1.0,1,200.0,1.0,0.0,0.0
87533,1.0,1,58.970001220703125,1.0,0.0,0.0
87538,1.0,1,50.4900016784668,1.0,0.0,0.0
87541,4.0,1,443.98999977111816,1.0,0.0,0.0
87543,4.0,1,154.77000045776367,1.0,0.0,0.0
87544,1.0,1,48.0,1.0,0.0,0.0
87551,1.0,1,11.989999771118164,1.0,0.0,0.0
87552,2.0,1,87.29999923706056,1.0,0.0,0.0
87553,2.0,2,229.14499282836914,1.0,508.0,0.0
87561,1.0,1,70.0,1.0,0.0,0.0
87564,2.0,1,55.31999969482422,1.0,0.0,0.0
87568,1.0,1,37.18999862670898,1.0,0.0,0.0
87571,2.0,1,403.0,1.0,0.0,0.0
87572,2.5,2,190.9950008392334,1.0,37.0,0.0
87573,1.0,1,15.489999771118164,1.0,0.0,0.0
87578,1.0,2,10.619999885559082,1.0,206.0,0.0
87584,3.0,1,469.48999786376953,1.0,0.0,0.0
87586,2.0,1,188.0,1.0,0.0,0.0
87589,1.0,1,25.0,1.0,0.0,0.0
87591,2.0,1,51.66000175476074,1.0,0.0,0.0
87593,1.0,1,399.9500122070313,1.0,0.0,0.0
87601,1.0,1,16.0,1.0,0.0,0.0
87609,1.0,1,7.900000095367431,1.0,0.0,0.0
87612,1.0,1,11.760000228881836,1.0,0.0,0.0
87613,2.0,1,34.5,1.0,0.0,0.0
87615,1.0,1,157.88999938964844,1.0,0.0,0.0
87617,1.0,2,180.0,1.0,730.0,0.0
87621,1.0,1,13.039999961853027,1.0,0.0,0.0
87622,1.0,1,63.9900016784668,1.0,0.0,0.0
87623,1.0,1,25.0,1.0,0.0,0.0
87627,1.0,2,59.43499851226806,1.0,627.0,0.0
87635,1.0,1,27.89999961853028,1.0,0.0,0.0
87637,4.0,1,78.35000038146973,1.0,0.0,0.0
87642,1.0,1,24.989999771118164,1.0,0.0,0.0
87643,1.0,1,68.0,1.0,0.0,0.0
87648,1.0,1,44.9900016784668,1.0,0.0,0.0
87649,1.0,1,51.9900016784668,1.0,0.0,0.0
87650,2.0,1,60.47999954223633,1.0,0.0,0.0
87657,1.0,1,36.9900016784668,1.0,0.0,0.0
87674,2.0,1,71.47999954223633,1.0,0.0,0.0
87675,1.0,1,38.22999954223633,1.0,0.0,0.0
87679,1.0,1,64.0,1.0,0.0,0.0
87681,1.0,1,23.5,1.0,0.0,0.0
87682,2.0,1,368.0,1.0,0.0,0.0
87684,1.0,1,39.9900016784668,1.0,0.0,0.0
87687,1.0,1,22.0,1.0,0.0,0.0
87688,2.5,2,78.15500020980835,1.0,357.0,0.0
87689,1.0,1,64.98999786376953,1.0,0.0,0.0
87690,1.0,1,20.0,1.0,0.0,0.0
87700,1.0,2,74.4950008392334,1.0,543.0,0.0
87702,1.0,1,25.0,1.0,0.0,0.0
87703,3.0,1,68.5,1.0,0.0,0.0
87714,2.0,1,298.9499969482422,1.0,0.0,0.0
87718,1.0,1,19.989999771118164,1.0,0.0,0.0
87724,1.0,1,147.6300048828125,1.0,0.0,0.0
87725,2.0,1,209.50999450683594,1.0,0.0,0.0
87735,4.0,1,136.93000411987305,1.0,0.0,0.0
87738,1.0,1,30.0,1.0,0.0,0.0
87744,1.0,1,19.950000762939453,1.0,0.0,0.0
87748,1.0,1,59.450000762939446,1.0,0.0,0.0
87753,1.0,1,18.950000762939453,1.0,0.0,0.0
87761,3.0,1,140.19999885559082,1.0,0.0,0.0
87762,1.0,1,12.989999771118164,1.0,0.0,0.0
87772,1.5,2,67.92000007629395,1.0,689.0,0.0
87778,1.5,2,55.25,1.0,612.0,0.0
87782,1.0,1,7.989999771118163,1.0,0.0,0.0
87783,1.0,2,48.75500106811524,1.0,162.0,0.0
87784,1.0,1,149.5,1.0,0.0,0.0
87788,4.0,1,223.73999786376953,1.0,0.0,0.0
87789,1.0,2,33.21000003814697,1.0,676.0,0.0
87792,2.0,2,154.89000034332275,1.0,801.0,0.0
87793,1.0,1,89.94999694824217,1.0,0.0,0.0
87794,3.0,1,197.65999603271484,1.0,0.0,0.0
87795,4.0,1,374.86999797821045,1.0,0.0,0.0
87797,3.0,1,133.96999740600586,1.0,0.0,0.0
87802,3.0,1,123.98999977111816,1.0,0.0,0.0
87803,3.0,1,305.75,1.0,0.0,0.0
87804,1.0,1,33.95000076293945,1.0,0.0,0.0
87806,2.0,1,29.950000762939453,1.0,0.0,0.0
87815,1.5,2,122.25,1.0,90.0,0.0
87819,1.0,1,79.94999694824217,1.0,0.0,0.0
87821,1.0,2,83.56500244140625,1.0,315.0,0.0
87827,4.0,1,125.5200023651123,1.0,0.0,0.0
87828,1.0,1,42.0,1.0,0.0,0.0
87830,1.0,1,11.989999771118164,1.0,0.0,0.0
87832,1.0,1,59.950000762939446,1.0,0.0,0.0
87835,2.0,1,71.98999977111816,1.0,0.0,0.0
87843,1.0,3,48.43333307902018,1.0,153.0,22.627416997969522
87845,4.0,1,142.6200008392334,1.0,0.0,0.0
87846,1.0,1,74.25,1.0,0.0,0.0
87848,1.0,1,38.430000305175774,1.0,0.0,0.0
87850,2.0,1,95.85000038146973,1.0,0.0,0.0
87854,1.0,1,7.0,1.0,0.0,0.0
87857,2.0,1,177.5900001525879,1.0,0.0,0.0
87858,3.0,1,141.97999954223633,1.0,0.0,0.0
87860,1.0,1,129.99000549316406,1.0,0.0,0.0
87869,2.0,2,94.47500038146973,1.0,977.0,0.0
87871,1.0,1,36.0,1.0,0.0,0.0
87880,1.0,1,27.989999771118164,1.0,0.0,0.0
87882,1.0,3,50.29666646321615,1.0,68.5,51.61879502661797
87884,1.0,1,29.0,1.0,0.0,0.0
87887,2.0,1,42.11999988555908,1.0,0.0,0.0
87897,1.0,1,278.5,2.0,11.0,0.0
87903,2.0,1,199.0,1.0,0.0,0.0
87905,1.0,1,72.98999786376953,1.0,0.0,0.0
87910,1.0,1,24.950000762939453,1.0,0.0,0.0
87911,3.0,1,78.68000030517578,1.0,0.0,0.0
87913,1.0,1,44.0,1.0,0.0,0.0
87916,1.0,1,37.900001525878906,1.0,0.0,0.0
87919,3.0,1,170.85999870300293,1.0,0.0,0.0
87920,1.0,1,39.9900016784668,1.0,0.0,0.0
87924,2.0,1,38.64999961853027,1.0,0.0,0.0
87931,1.0,1,99.0,1.0,0.0,0.0
87932,1.0,1,88.0,1.0,0.0,0.0
87933,2.0,1,114.65000343322752,1.0,0.0,0.0
87935,2.0,1,148.58999633789062,1.0,0.0,0.0
87937,1.0,1,109.98999786376952,1.0,0.0,0.0
87940,1.0,1,56.0,1.0,0.0,0.0
87945,2.0,1,203.9900016784668,1.0,0.0,0.0
87950,3.0,1,103.44000053405762,1.0,0.0,0.0
87951,2.0,1,105.98999786376953,1.0,0.0,0.0
87953,1.0,1,18.0,1.0,0.0,0.0
87955,1.0,1,17.5,1.0,0.0,0.0
87960,2.0,1,223.0,1.0,0.0,0.0
87964,1.0,1,24.950000762939453,1.0,0.0,0.0
87965,1.0,1,78.0,1.0,0.0,0.0
87967,3.0,1,133.9499969482422,1.0,0.0,0.0
87971,1.0,1,14.119999885559082,1.0,0.0,0.0
87973,2.0,1,53.989999771118164,1.0,0.0,0.0
87979,1.0,1,29.989999771118164,1.0,0.0,0.0
87980,2.0,1,149.98999786376953,1.0,0.0,0.0
87986,1.0,1,17.989999771118164,1.0,0.0,0.0
87991,4.0,1,113.58999919891357,1.0,0.0,0.0
88012,1.0,1,48.0,1.0,0.0,0.0
88015,4.0,1,155.48999977111816,1.0,0.0,0.0
88026,1.0,1,29.989999771118164,1.0,0.0,0.0
88035,1.0,1,200.0,1.0,0.0,0.0
88037,2.0,1,89.40999984741211,1.0,0.0,0.0
88040,1.0,1,224.0,1.0,0.0,0.0
88057,1.0,1,109.5,1.0,0.0,0.0
88059,1.0,1,10.0,1.0,0.0,0.0
88063,1.0,1,28.96999931335449,1.0,0.0,0.0
88065,2.0,1,89.34000015258789,1.0,0.0,0.0
88071,1.0,1,35.060001373291016,1.0,0.0,0.0
88072,2.0,1,84.9900016784668,1.0,0.0,0.0
88076,2.0,1,404.0,1.0,0.0,0.0
88081,1.0,1,29.989999771118164,1.0,0.0,0.0
88083,1.0,1,150.0,1.0,0.0,0.0
88084,1.0,1,67.12999725341797,1.0,0.0,0.0
88085,1.0,2,61.14500045776367,1.0,112.0,0.0
88089,1.0,1,12.829999923706056,1.0,0.0,0.0
88094,1.0,1,119.9499969482422,1.0,0.0,0.0
88097,1.0,1,61.0,1.0,0.0,0.0
88098,2.0,1,190.98000526428223,1.0,0.0,0.0
88101,1.0,1,25.25,1.0,0.0,0.0
88109,1.0,1,32.9900016784668,1.0,0.0,0.0
88110,2.0,1,83.5,1.0,0.0,0.0
88115,1.0,1,193.5900001525879,2.0,14.0,0.0
88117,1.0,1,61.950000762939446,1.0,0.0,0.0
88119,1.0,1,36.75,1.0,0.0,0.0
88120,1.0,2,53.970001220703125,1.5,51.0,66.46803743153546
88121,1.0,1,15.0,1.0,0.0,0.0
88122,2.5,2,165.9749984741211,1.0,222.0,0.0
88123,1.0,1,21.0,1.0,0.0,0.0
88124,1.0,1,24.5,1.0,0.0,0.0
88126,1.0,1,4.949999809265137,1.0,0.0,0.0
88127,1.0,1,88.98999786376953,1.0,0.0,0.0
88133,2.0,1,35.079999923706055,1.0,0.0,0.0
88138,1.0,1,52.9900016784668,1.0,0.0,0.0
88142,2.0,1,87.0,1.0,0.0,0.0
88152,2.0,1,72.2300033569336,1.0,0.0,0.0
88158,1.3333333333333333,3,342.7299995422363,1.0,429.0,562.8569978244918
88161,1.0,1,69.5,1.0,0.0,0.0
88170,1.0,1,37.0,1.0,0.0,0.0
88172,1.0,1,36.119998931884766,1.0,0.0,0.0
88173,1.0,1,14.970000267028809,1.0,0.0,0.0
88186,2.0,1,748.0699996948242,1.0,0.0,0.0
88196,2.0,1,220.9499969482422,1.0,0.0,0.0
88197,1.0,2,65.75,1.0,33.0,0.0
88201,1.0,1,39.9900016784668,1.0,0.0,0.0
88209,1.0,1,56.950000762939446,1.0,0.0,0.0
88211,1.0,1,12.710000038146973,1.0,0.0,0.0
88213,1.0,1,44.9900016784668,1.0,0.0,0.0
88217,1.0,1,35.099998474121094,1.0,0.0,0.0
88220,2.0,1,298.9799995422363,1.0,0.0,0.0
88221,1.0,1,13.289999961853027,1.0,0.0,0.0
88224,1.0,2,31.979999542236328,1.0,541.0,0.0
88229,3.0,1,254.98999786376953,1.0,0.0,0.0
88230,1.0,1,20.989999771118164,1.0,0.0,0.0
88232,1.0,1,7.989999771118163,1.0,0.0,0.0
88235,1.0,1,53.68999862670898,1.0,0.0,0.0
88236,1.0,1,44.950000762939446,1.0,0.0,0.0
88239,1.0,1,59.0,1.0,0.0,0.0
88242,2.0,1,218.0,1.0,0.0,0.0
88243,3.0,1,242.99000549316406,1.0,0.0,0.0
88244,1.0,1,39.9900016784668,1.0,0.0,0.0
88249,1.0,1,24.989999771118164,1.0,0.0,0.0
88257,1.0,1,21.0,1.0,0.0,0.0
88261,1.0,1,25.0,1.0,0.0,0.0
88264,1.0,1,37.950000762939446,1.0,0.0,0.0
88265,3.0,1,132.5200023651123,1.0,0.0,0.0
88267,1.0,1,7.989999771118163,1.0,0.0,0.0
88269,1.0,1,33.9900016784668,1.0,0.0,0.0
88271,1.0,1,45.0,1.0,0.0,0.0
88272,1.0,1,89.98999786376953,1.0,0.0,0.0
88278,2.0,1,59.9900016784668,1.0,0.0,0.0
88281,1.0,1,12.989999771118164,1.0,0.0,0.0
88290,2.0,1,209.0,1.0,0.0,0.0
88299,1.5,2,28.994999885559082,1.0,59.0,0.0
88302,1.0,1,59.5,1.0,0.0,0.0
88309,4.0,1,281.87999534606934,1.0,0.0,0.0
88312,1.5,2,86.46000099182129,1.0,240.0,0.0
88315,1.0,1,150.0,1.0,0.0,0.0
88316,1.0,1,45.0,1.0,0.0,0.0
88321,1.0,1,22.0,1.0,0.0,0.0
88322,1.0,1,107.5199966430664,1.0,0.0,0.0
88324,1.0,1,24.989999771118164,1.0,0.0,0.0
88335,1.0,1,19.840000152587887,1.0,0.0,0.0
88338,1.0,2,70.9950008392334,1.0,464.0,0.0
88339,1.0,2,30.975000381469723,1.0,245.0,0.0
88340,4.0,1,156.97999954223633,1.0,0.0,0.0
88342,2.0,1,51.959999084472656,1.0,0.0,0.0
88346,1.0,1,32.0,1.0,0.0,0.0
88347,1.0,1,35.97999954223633,1.0,0.0,0.0
88352,4.0,1,352.7799987792969,1.0,0.0,0.0
88360,1.0,1,56.630001068115234,1.0,0.0,0.0
88361,1.0,1,34.95000076293945,1.0,0.0,0.0
88366,2.0,1,30.889999389648438,1.0,0.0,0.0
88371,1.0,1,24.8799991607666,1.0,0.0,0.0
88372,1.0,1,32.0,1.0,0.0,0.0
88374,1.0,1,25.0,1.0,0.0,0.0
88375,1.0,1,25.0,1.0,0.0,0.0
88383,1.0,1,15.949999809265137,1.0,0.0,0.0
88388,1.0,1,24.989999771118164,1.0,0.0,0.0
88390,1.0,1,29.989999771118164,1.0,0.0,0.0
88393,2.0,1,44.0,1.0,0.0,0.0
88394,4.0,1,172.54999923706055,1.0,0.0,0.0
88402,2.0,1,89.93999671936035,1.0,0.0,0.0
88403,2.0,1,137.9900016784668,1.0,0.0,0.0
88404,1.0,1,17.989999771118164,1.0,0.0,0.0
88407,1.0,1,59.5,1.0,0.0,0.0
88408,1.0,1,55.0,1.0,0.0,0.0
88409,1.0,1,29.979999542236328,1.0,0.0,0.0
88417,1.0,1,98.0,1.0,0.0,0.0
88419,4.0,1,337.88999938964844,1.0,0.0,0.0
88422,1.0,1,49.5,1.0,0.0,0.0
88428,2.0,1,175.0,1.0,0.0,0.0
88429,2.0,1,117.0,1.0,0.0,0.0
88430,1.0,1,18.76000022888184,1.0,0.0,0.0
88439,3.0,1,509.90000915527344,1.0,0.0,0.0
88447,1.0,2,214.4950008392334,1.0,183.0,0.0
88456,1.0,2,51.045000076293945,1.0,282.0,0.0
88459,1.0,1,98.0,1.0,0.0,0.0
88460,1.5,2,68.4950008392334,1.0,341.0,0.0
88461,1.0,1,32.9900016784668,1.0,0.0,0.0
88467,2.0,1,837.989990234375,1.0,0.0,0.0
88470,1.0,2,47.079999923706055,1.0,27.0,0.0
88472,2.0,2,104.97999954223633,1.0,136.0,0.0
88474,1.0,1,56.0,1.0,0.0,0.0
88484,2.0,1,108.75000381469727,1.0,0.0,0.0
88489,1.0,2,30.4950008392334,1.0,173.0,0.0
88504,1.0,1,25.0,1.0,0.0,0.0
88512,1.0,1,40.0,1.0,0.0,0.0
88514,1.0,1,44.970001220703125,1.0,0.0,0.0
88515,2.0,1,58.09999847412109,1.0,0.0,0.0
88517,1.0,1,23.950000762939453,1.0,0.0,0.0
88521,1.0,1,41.9900016784668,1.0,0.0,0.0
88526,1.0,1,18.5,1.0,0.0,0.0
88528,2.0,2,94.25,1.0,127.0,0.0
88529,1.0,1,28.950000762939453,1.0,0.0,0.0
88530,1.0,1,10.920000076293944,1.0,0.0,0.0
88539,1.0,1,94.98999786376952,1.0,0.0,0.0
88546,1.0,1,22.0,1.0,0.0,0.0
88548,1.0,1,62.0,1.0,0.0,0.0
88550,2.0,1,19.739999771118164,1.0,0.0,0.0
88553,2.0,1,66.93000030517578,1.0,0.0,0.0
88557,1.0,1,32.9900016784668,1.0,0.0,0.0
88558,1.0,1,26.0,1.0,0.0,0.0
88561,1.0,1,84.6500015258789,1.0,0.0,0.0
88564,1.0,1,279.0,1.0,0.0,0.0
88570,1.0,1,79.5,1.0,0.0,0.0
88571,1.0,1,54.5,1.0,0.0,0.0
88573,3.0,1,294.260009765625,1.0,0.0,0.0
88575,1.0,2,166.97000122070312,1.0,43.0,0.0
88581,1.0,1,84.94999694824217,1.0,0.0,0.0
88585,2.0,1,29.479999542236328,1.0,0.0,0.0
88599,1.0,1,50.0,1.0,0.0,0.0
88601,1.0,1,11.989999771118164,1.0,0.0,0.0
88610,1.0,1,79.5,1.0,0.0,0.0
88613,1.0,2,29.460000038146973,1.0,143.0,0.0
88616,1.0,1,44.9900016784668,1.0,0.0,0.0
88623,2.0,1,53.95000076293945,1.0,0.0,0.0
88625,1.0,1,83.76000213623048,1.0,0.0,0.0
88630,1.0,1,34.0,1.0,0.0,0.0
88632,1.0,1,88.0,1.0,0.0,0.0
88633,1.5,2,105.88500213623047,1.0,389.0,0.0
88634,1.0,1,62.5,1.0,0.0,0.0
88635,1.0,1,118.12999725341795,1.0,0.0,0.0
88641,4.0,1,244.1999969482422,1.0,0.0,0.0
88648,2.0,1,64.32000160217285,1.0,0.0,0.0
88649,1.0,2,30.475000381469723,1.0,455.0,0.0
88652,1.0,1,20.0,1.0,0.0,0.0
88658,1.0,2,92.49499893188477,1.0,30.0,0.0
88664,1.0,1,26.989999771118164,1.0,0.0,0.0
88665,1.0,1,34.5,1.0,0.0,0.0
88668,1.0,1,54.0,1.0,0.0,0.0
88676,1.0,1,40.59999847412109,1.0,0.0,0.0
88678,2.0,1,93.18999767303467,1.0,0.0,0.0
88680,1.0,1,8.27999973297119,1.0,0.0,0.0
88682,1.0,1,60.0,1.0,0.0,0.0
88685,1.0,1,100.9499969482422,1.0,0.0,0.0
88687,1.0,1,18.600000381469727,1.0,0.0,0.0
88695,2.5,2,103.41499996185303,1.0,422.0,0.0
88697,4.0,1,66.7599983215332,1.0,0.0,0.0
88698,4.0,1,300.22000312805176,1.0,0.0,0.0
88702,1.5,1,155.80000495910645,2.0,2.0,0.0
88704,1.0,1,16.0,1.0,0.0,0.0
88708,1.0,1,36.79999923706056,1.0,0.0,0.0
88711,1.0,1,134.00999450683594,1.0,0.0,0.0
88722,1.0,1,68.0,1.0,0.0,0.0
88726,1.0,1,30.040000915527344,1.0,0.0,0.0
88740,3.0,1,175.97999954223633,1.0,0.0,0.0
88749,1.0,1,34.0,1.0,0.0,0.0
88750,2.0,1,106.95000076293945,1.0,0.0,0.0
88751,1.0,1,24.950000762939453,1.0,0.0,0.0
88753,1.0,1,72.0,1.0,0.0,0.0
88760,2.0,1,274.989990234375,1.0,0.0,0.0
88763,1.0,1,78.0,1.0,0.0,0.0
88766,2.0,1,36.0,1.0,0.0,0.0
88768,1.0,1,78.45999908447266,1.0,0.0,0.0
88785,1.0,1,109.98999786376952,1.0,0.0,0.0
88786,3.0,1,211.75,1.0,0.0,0.0
88787,2.0,1,310.5,1.0,0.0,0.0
88792,1.0,1,31.979999542236328,1.0,0.0,0.0
88795,1.0,1,38.0,1.0,0.0,0.0
88802,1.0,2,70.0,1.0,129.0,0.0
88808,1.0,1,12.0,1.0,0.0,0.0
88810,1.0,1,55.0,1.0,0.0,0.0
88813,1.0,1,15.989999771118164,1.0,0.0,0.0
88816,1.0,1,65.94999694824219,1.0,0.0,0.0
88819,1.0,1,29.950000762939453,1.0,0.0,0.0
88821,1.0,1,16.3799991607666,1.0,0.0,0.0
88827,1.0,1,54.0,1.0,0.0,0.0
88828,1.0,1,25.0,1.0,0.0,0.0
88834,1.0,1,20.0,1.0,0.0,0.0
88843,2.0,1,55.5,1.0,0.0,0.0
88849,1.0,1,19.989999771118164,1.0,0.0,0.0
88851,1.0,1,29.950000762939453,1.0,0.0,0.0
88853,2.0,1,236.45999908447266,1.0,0.0,0.0
88856,1.0,1,109.98999786376952,1.0,0.0,0.0
88862,1.0,1,25.0,1.0,0.0,0.0
88865,2.0,1,220.9900016784668,1.0,0.0,0.0
88866,4.0,1,188.98999977111816,1.0,0.0,0.0
88873,2.0,2,110.75,1.0,1014.0,0.0
88880,1.0,1,29.989999771118164,1.0,0.0,0.0
88881,1.0,2,106.9950008392334,1.0,233.0,0.0
88883,2.0,1,76.9800033569336,1.0,0.0,0.0
88888,1.0,1,45.0,1.0,0.0,0.0
88891,1.0,1,26.989999771118164,1.0,0.0,0.0
88895,1.0,1,40.0,1.0,0.0,0.0
88898,1.0,1,45.0,1.0,0.0,0.0
88899,1.0,2,78.49499893188477,1.0,688.0,0.0
88903,1.0,1,99.0,1.0,0.0,0.0
88909,1.0,1,25.0,1.0,0.0,0.0
88920,1.0,1,88.94999694824217,1.0,0.0,0.0
88937,2.0,1,85.94000244140625,1.0,0.0,0.0
88943,1.0,1,19.989999771118164,1.0,0.0,0.0
88946,1.0,1,26.100000381469727,1.0,0.0,0.0
88951,1.5,2,63.97500038146973,1.0,45.0,0.0
88952,1.0,1,36.400001525878906,1.0,0.0,0.0
88960,1.0,1,40.59999847412109,1.0,0.0,0.0
88963,1.0,1,49.5,1.0,0.0,0.0
88966,1.0,1,9.989999771118164,1.0,0.0,0.0
88968,2.0,1,42.39000129699707,1.0,0.0,0.0
88972,1.0,1,100.0,1.0,0.0,0.0
88976,1.0,1,59.97999954223633,1.0,0.0,0.0
88989,1.0,2,47.22500038146973,1.0,720.0,0.0
88990,2.0,1,151.9900016784668,1.0,0.0,0.0
88995,4.0,1,457.0899963378906,1.0,0.0,0.0
88996,1.0,1,37.930000305175774,1.0,0.0,0.0
88997,1.0,1,34.650001525878906,1.0,0.0,0.0
88998,1.0,1,9.949999809265137,1.0,0.0,0.0
89000,2.0,1,104.98999977111816,1.0,0.0,0.0
89003,1.0,1,172.0,1.0,0.0,0.0
89004,1.0,1,29.950000762939453,1.0,0.0,0.0
89006,2.0,1,141.0,1.0,0.0,0.0
89008,1.0,1,25.0,1.0,0.0,0.0
89017,1.0,1,69.5,1.0,0.0,0.0
89019,2.0,1,283.0200004577637,1.0,0.0,0.0
89023,1.0,1,25.0,1.0,0.0,0.0
89028,1.0,1,98.0,1.0,0.0,0.0
89033,3.0,1,140.5,1.0,0.0,0.0
89038,1.0,1,7.949999809265136,1.0,0.0,0.0
89043,1.0,1,15.0,1.0,0.0,0.0
89044,1.0,1,119.9499969482422,1.0,0.0,0.0
89052,1.0,1,36.0,1.0,0.0,0.0
89054,1.0,1,100.0,1.0,0.0,0.0
89055,1.0,1,9.84000015258789,1.0,0.0,0.0
89056,1.0,2,33.96500015258789,1.0,64.0,0.0
89057,2.0,1,120.36999893188477,1.0,0.0,0.0
89060,1.0,1,183.0599975585937,1.0,0.0,0.0
89066,1.0,1,64.98999786376953,1.0,0.0,0.0
89073,1.0,1,34.0,1.0,0.0,0.0
89075,1.0,1,8.430000305175781,1.0,0.0,0.0
89076,1.0,1,89.98999786376953,1.0,0.0,0.0
89083,1.0,1,44.5,1.0,0.0,0.0
89084,1.0,1,59.950000762939446,1.0,0.0,0.0
89088,2.0,1,583.0,1.0,0.0,0.0
89089,1.0,1,39.9900016784668,1.0,0.0,0.0
89096,1.5,2,151.56500005722046,1.0,217.0,0.0
89098,4.0,1,318.88999938964844,1.0,0.0,0.0
89099,1.0,1,29.0,1.0,0.0,0.0
89102,2.0,3,70.62666702270508,1.0,698.0,743.876333808248
89110,2.0,1,332.97999000549316,1.0,0.0,0.0
89111,1.0,1,20.0,1.0,0.0,0.0
89115,2.0,1,116.9900016784668,1.0,0.0,0.0
89116,1.0,1,36.5,1.0,0.0,0.0
89120,1.0,1,30.0,1.0,0.0,0.0
89128,1.0,1,119.0,1.0,0.0,0.0
89130,1.0,1,32.0,1.0,0.0,0.0
89132,1.0,1,29.989999771118164,1.0,0.0,0.0
89138,1.0,1,25.0,1.0,0.0,0.0
89144,1.0,1,30.0,1.0,0.0,0.0
89154,1.0,1,24.989999771118164,1.0,0.0,0.0
89163,1.0,3,153.30666224161783,1.0,52.5,40.30508652763321
89164,1.0,1,24.0,1.0,0.0,0.0
89167,1.0,1,25.0,1.0,0.0,0.0
89168,1.0,1,4.840000152587891,1.0,0.0,0.0
89170,2.0,1,167.5,1.0,0.0,0.0
89171,4.0,1,286.0399971008301,1.0,0.0,0.0
89172,1.0,1,59.9900016784668,1.0,0.0,0.0
89173,1.0,1,90.0,1.0,0.0,0.0
89180,2.0,1,86.46999931335449,1.0,0.0,0.0
89182,1.0,1,109.0,1.0,0.0,0.0
89183,1.0,1,14.989999771118164,1.0,0.0,0.0
89184,3.0,1,127.84000015258789,1.0,0.0,0.0
89190,1.0,1,56.59999847412109,1.0,0.0,0.0
89191,1.0,1,49.5,1.0,0.0,0.0
89193,2.0,1,69.94000053405762,1.0,0.0,0.0
89196,2.0,1,50.0,1.0,0.0,0.0
89197,2.0,1,81.98000144958496,1.0,0.0,0.0
89200,1.0,1,140.0,1.0,0.0,0.0
89203,1.0,1,25.0,1.0,0.0,0.0
89209,1.5,2,85.48500156402588,1.0,640.0,0.0
89214,2.0,1,32.53999900817871,1.0,0.0,0.0
89221,1.0,1,37.9900016784668,1.0,0.0,0.0
89223,1.5,2,35.984999656677246,1.0,1245.0,0.0
89226,1.0,1,40.0,1.0,0.0,0.0
89233,1.0,1,27.950000762939453,1.0,0.0,0.0
89235,1.0,1,154.99000549316406,1.0,0.0,0.0
89237,1.0,1,31.809999465942383,1.0,0.0,0.0
89238,1.0,1,33.380001068115234,1.0,0.0,0.0
89246,1.0,1,41.9900016784668,1.0,0.0,0.0
89253,1.0,2,20.494999885559082,1.0,702.0,0.0
89267,1.0,1,12.979999542236328,1.0,0.0,0.0
89271,3.0,1,110.4900016784668,1.0,0.0,0.0
89274,1.0,1,24.989999771118164,1.0,0.0,0.0
89275,1.0,2,72.0,1.0,26.0,0.0
89287,4.0,1,201.9900016784668,1.0,0.0,0.0
89302,1.0,1,14.970000267028809,1.0,0.0,0.0
89304,1.0,1,88.0,1.0,0.0,0.0
89305,1.5,2,40.46999979019165,1.0,467.0,0.0
89308,2.0,1,72.4900016784668,1.0,0.0,0.0
89311,1.0,1,37.5,1.0,0.0,0.0
89312,1.0,1,45.880001068115234,1.0,0.0,0.0
89314,1.0,1,25.0,1.0,0.0,0.0
89315,1.0,2,23.835000038146973,1.0,297.0,0.0
89318,1.0,1,11.989999771118164,1.0,0.0,0.0
89321,4.0,1,310.9300022125244,1.0,0.0,0.0
89325,1.0,1,25.0,1.0,0.0,0.0
89337,1.0,1,3.5,1.0,0.0,0.0
89339,1.0,1,76.94000244140625,1.0,0.0,0.0
89346,1.0,1,25.440000534057617,1.0,0.0,0.0
89352,1.0,1,65.61000061035156,1.0,0.0,0.0
89359,1.0,1,27.950000762939453,1.0,0.0,0.0
89364,1.0,1,24.0,1.0,0.0,0.0
89366,1.0,1,45.5,1.0,0.0,0.0
89368,2.0,1,147.0,1.0,0.0,0.0
89373,1.0,1,13.0,1.0,0.0,0.0
89376,1.0,1,32.0,1.0,0.0,0.0
89379,2.0,1,52.25,1.0,0.0,0.0
89386,1.0,1,14.989999771118164,1.0,0.0,0.0
89388,1.0,1,26.989999771118164,1.0,0.0,0.0
89392,1.0,1,25.0,1.0,0.0,0.0
89397,1.0,1,25.0,1.0,0.0,0.0
89413,2.0,1,89.0,1.0,0.0,0.0
89422,1.0,1,39.97999954223633,1.0,0.0,0.0
89423,1.0,1,265.0,1.0,0.0,0.0
89429,1.0,1,29.989999771118164,1.0,0.0,0.0
89436,1.0,1,11.899999618530272,1.0,0.0,0.0
89439,4.0,1,249.36999893188477,1.0,0.0,0.0
89441,1.0,1,25.0,1.0,0.0,0.0
89443,1.0,1,34.5,1.0,0.0,0.0
89454,1.0,1,13.239999771118164,1.0,0.0,0.0
89455,1.0,1,55.0,1.0,0.0,0.0
89458,1.0,1,25.0,1.0,0.0,0.0
89459,1.0,1,52.97999954223633,1.0,0.0,0.0
89471,1.0,1,62.0,1.0,0.0,0.0
89474,1.0,2,121.9950008392334,1.0,18.0,0.0
89480,1.0,1,18.82999992370605,1.0,0.0,0.0
89481,1.0,1,35.45000076293945,1.0,0.0,0.0
89486,1.0,1,68.97000122070312,1.0,0.0,0.0
89487,1.0,1,11.449999809265137,1.0,0.0,0.0
89490,2.0,1,106.95000076293945,1.0,0.0,0.0
89493,1.0,1,107.5199966430664,1.0,0.0,0.0
89496,1.5,2,129.22500038146973,1.0,291.0,0.0
89497,1.0,1,99.0,1.0,0.0,0.0
89502,1.0,1,69.98999786376953,1.0,0.0,0.0
89503,1.0,1,6.940000057220459,1.0,0.0,0.0
89509,1.0,1,12.989999771118164,1.0,0.0,0.0
89514,1.0,1,122.37999725341795,1.0,0.0,0.0
89519,2.0,1,79.98999786376953,1.0,0.0,0.0
89521,2.0,1,30.989999771118164,1.0,0.0,0.0
89522,1.0,2,74.49499893188477,1.0,64.0,0.0
89524,1.0,1,85.0,1.0,0.0,0.0
89529,3.0,1,156.5900001525879,1.0,0.0,0.0
89536,1.0,1,34.97999954223633,1.0,0.0,0.0
89539,2.0,1,46.77999877929689,1.0,0.0,0.0
89541,2.0,1,96.45000076293945,1.0,0.0,0.0
89547,1.0,1,42.1599998474121,1.0,0.0,0.0
89551,1.0,1,39.9900016784668,1.0,0.0,0.0
89553,1.0,1,15.989999771118164,1.0,0.0,0.0
89561,1.0,1,45.97999954223633,1.0,0.0,0.0
89564,1.0,1,89.0,1.0,0.0,0.0
89569,2.0,1,89.97000122070312,1.0,0.0,0.0
89572,4.0,1,195.70000076293945,1.0,0.0,0.0
89575,1.0,1,24.989999771118164,1.0,0.0,0.0
89586,1.0,1,129.9499969482422,1.0,0.0,0.0
89595,1.0,1,129.9499969482422,1.0,0.0,0.0
89597,1.0,1,200.0,1.0,0.0,0.0
89600,1.0,2,27.02499961853028,1.0,697.0,0.0
89601,1.0,1,143.63999938964844,1.0,0.0,0.0
89604,1.0,1,236.83999633789065,1.0,0.0,0.0
89606,1.0,1,65.0,1.0,0.0,0.0
89610,1.0,1,32.0,1.0,0.0,0.0
89613,1.0,1,54.950000762939446,1.0,0.0,0.0
89618,1.0,1,29.5,1.0,0.0,0.0
89620,2.0,1,135.5,1.0,0.0,0.0
89621,1.0,1,89.5999984741211,1.0,0.0,0.0
89628,1.0,1,158.0,1.0,0.0,0.0
89630,1.0,1,14.989999771118164,1.0,0.0,0.0
89636,1.0,1,19.989999771118164,1.0,0.0,0.0
89640,1.0,1,39.0,1.0,0.0,0.0
89642,1.0,1,9.989999771118164,1.0,0.0,0.0
89645,1.0,1,44.9900016784668,1.0,0.0,0.0
89649,1.0,1,26.0,1.0,0.0,0.0
89653,1.0,1,24.989999771118164,1.0,0.0,0.0
89659,1.0,1,40.59999847412109,1.0,0.0,0.0
89661,2.5,2,94.60499918460846,1.0,160.0,0.0
89663,1.0,1,60.950000762939446,1.0,0.0,0.0
89666,1.0,2,133.0250015258789,1.0,67.0,0.0
89672,1.0,1,16.0,1.0,0.0,0.0
89674,1.0,1,44.0,1.0,0.0,0.0
89678,3.0,1,83.8600025177002,1.0,0.0,0.0
89680,1.0,1,49.950000762939446,1.0,0.0,0.0
89689,2.0,1,78.95000076293945,1.0,0.0,0.0
89690,1.0,1,98.0,1.0,0.0,0.0
89691,1.0,1,30.0,1.0,0.0,0.0
89694,1.0,1,47.97999954223633,1.0,0.0,0.0
89699,2.0,1,64.0,1.0,0.0,0.0
89701,2.0,1,111.96000099182129,1.0,0.0,0.0
89702,1.0,1,55.950000762939446,1.0,0.0,0.0
89703,1.0,1,44.0,1.0,0.0,0.0
89718,2.0,1,126.66999816894531,1.0,0.0,0.0
89739,2.5,2,201.2649993896484,1.0,38.0,0.0
89746,1.0,1,69.0,1.0,0.0,0.0
89748,1.0,1,14.9399995803833,1.0,0.0,0.0
89751,2.5,2,152.67500019073486,1.0,442.0,0.0
89753,1.0,1,12.109999656677246,1.0,0.0,0.0
89756,1.0,1,91.16000366210936,1.0,0.0,0.0
89761,1.0,1,12.0,1.0,0.0,0.0
89762,1.0,1,12.550000190734863,1.0,0.0,0.0
89763,4.0,1,214.4499969482422,1.0,0.0,0.0
89768,1.0,1,59.9900016784668,1.0,0.0,0.0
89769,1.0,1,50.0,1.0,0.0,0.0
89775,1.0,1,37.630001068115234,1.0,0.0,0.0
89776,3.0,1,63.720001220703125,1.0,0.0,0.0
89778,1.0,1,45.0,1.0,0.0,0.0
89780,3.0,1,73.06999969482422,1.0,0.0,0.0
89781,2.0,1,55.950000762939446,1.0,0.0,0.0
89783,4.0,1,120.48999977111816,1.0,0.0,0.0
89785,1.0,1,148.0,1.0,0.0,0.0
89789,1.5,2,92.7249984741211,1.0,1117.0,0.0
89792,1.0,1,34.54999923706055,1.0,0.0,0.0
89797,1.0,1,28.0,1.0,0.0,0.0
89802,3.0,1,86.95000267028809,1.0,0.0,0.0
89803,1.0,1,39.4099998474121,1.0,0.0,0.0
89804,1.0,1,109.9499969482422,1.0,0.0,0.0
89807,2.0,1,54.0,1.0,0.0,0.0
89809,1.0,1,59.0,1.0,0.0,0.0
89817,1.0,1,45.0,1.0,0.0,0.0
89823,2.0,1,40.989999771118164,1.0,0.0,0.0
89824,1.0,1,33.470001220703125,1.0,0.0,0.0
89825,1.0,1,17.0,1.0,0.0,0.0
89828,1.0,2,46.4900016784668,1.0,422.0,0.0
89829,1.0,1,69.94999694824219,1.0,0.0,0.0
89834,1.0,1,37.5,1.0,0.0,0.0
89835,1.0,1,40.0,1.0,0.0,0.0
89839,1.0,1,17.899999618530273,1.0,0.0,0.0
89849,1.0,1,30.0,1.0,0.0,0.0
89853,2.0,1,59.24999809265137,1.0,0.0,0.0
89855,1.0,1,21.989999771118164,1.0,0.0,0.0
89857,1.0,1,34.95000076293945,1.0,0.0,0.0
89863,1.0,1,36.9900016784668,1.0,0.0,0.0
89864,1.0,1,23.989999771118164,1.0,0.0,0.0
89865,1.5,2,70.48499965667725,1.0,412.0,0.0
89868,4.0,1,538.2100009918213,1.0,0.0,0.0
89871,1.0,1,38.53999996185302,2.0,4.0,0.0
89872,2.0,1,165.91000366210938,1.0,0.0,0.0
89875,1.0,1,69.98999786376953,1.0,0.0,0.0
89878,1.0,1,149.0,1.0,0.0,0.0
89885,2.0,1,112.35999965667725,1.0,0.0,0.0
89895,1.0,1,49.9900016784668,1.0,0.0,0.0
89896,1.0,1,199.0,1.0,0.0,0.0
89901,1.0,1,32.9900016784668,1.0,0.0,0.0
89902,1.0,1,55.0,1.0,0.0,0.0
89903,1.0,1,69.0,1.0,0.0,0.0
89905,1.0,1,85.98999786376953,1.0,0.0,0.0
89909,1.0,1,53.75,1.0,0.0,0.0
89910,1.0,1,66.0,1.0,0.0,0.0
89913,3.0,1,214.48999977111816,1.0,0.0,0.0
89916,1.0,1,25.0,1.0,0.0,0.0
89920,2.0,1,81.9900016784668,1.0,0.0,0.0
89924,1.0,1,49.0,1.0,0.0,0.0
89930,3.0,1,892.9900016784668,1.0,0.0,0.0
89931,4.0,1,195.5,1.0,0.0,0.0
89932,1.6666666666666667,3,109.20666758219402,1.0,86.0,57.982756057296896
89939,3.0,1,130.06000137329102,1.0,0.0,0.0
89945,1.0,1,49.9900016784668,1.0,0.0,0.0
89948,2.0,1,102.0,1.0,0.0,0.0
89949,1.0,1,14.989999771118164,1.0,0.0,0.0
89952,2.0,1,61.2400016784668,1.0,0.0,0.0
89953,1.0,1,19.989999771118164,1.0,0.0,0.0
89956,1.3333333333333333,3,133.06000010172525,1.0,768.0,541.6437943888955
89957,4.0,1,347.4900016784668,1.0,0.0,0.0
89962,1.0,3,43.976667404174805,1.0,735.5,545.1793282948281
89964,2.0,1,94.9900016784668,1.0,0.0,0.0
89969,4.0,1,323.9799995422363,1.0,0.0,0.0
89970,1.0,1,35.7400016784668,1.0,0.0,0.0
89972,2.0,1,79.4900016784668,1.0,0.0,0.0
89973,1.0,1,119.9499969482422,1.0,0.0,0.0
89975,1.0,1,89.5,1.0,0.0,0.0
89976,1.0,1,18.989999771118164,1.0,0.0,0.0
89977,1.0,1,44.09999847412109,1.0,0.0,0.0
89978,1.0,1,54.930000305175774,1.0,0.0,0.0
89983,1.0,1,84.94999694824217,1.0,0.0,0.0
89991,1.0,2,36.5,1.0,106.0,0.0
89994,1.5,2,129.39999961853027,1.0,786.0,0.0
89998,4.0,1,97.7400016784668,1.0,0.0,0.0
90004,1.5,2,113.4950008392334,1.0,1008.0,0.0
90007,2.0,1,406.9900016784668,1.0,0.0,0.0
90011,1.0,1,44.119998931884766,1.0,0.0,0.0
90012,1.25,3,172.31999969482422,1.3333333333333333,111.0,91.7877987534291
90013,4.0,1,190.0,1.0,0.0,0.0
90015,1.0,1,44.0,1.0,0.0,0.0
90016,1.0,1,44.9900016784668,1.0,0.0,0.0
90018,2.0,1,29.0,1.0,0.0,0.0
90026,1.0,1,89.0,1.0,0.0,0.0
90037,1.0,1,27.0,1.0,0.0,0.0
90045,1.0,1,22.5,1.0,0.0,0.0
90049,2.0,1,83.88000106811523,1.0,0.0,0.0
90059,1.5,2,55.63000011444092,1.0,237.0,0.0
90061,1.0,1,39.9900016784668,1.0,0.0,0.0
90065,1.0,1,79.0,1.0,0.0,0.0
90067,1.0,1,148.0,1.0,0.0,0.0
90071,3.0,1,137.68000411987305,1.0,0.0,0.0
90075,1.0,1,23.0,1.0,0.0,0.0
90077,1.0,1,54.900001525878906,1.0,0.0,0.0
90080,4.0,1,202.0,1.0,0.0,0.0
90085,3.0,1,189.10000038146973,1.0,0.0,0.0
90088,1.0,1,15.0,1.0,0.0,0.0
90090,1.0,1,8.350000381469727,1.0,0.0,0.0
90093,1.0,1,10.0,1.0,0.0,0.0
90097,1.0,1,44.950000762939446,1.0,0.0,0.0
90100,1.0,1,135.0,1.0,0.0,0.0
90102,4.0,1,258.98999977111816,1.0,0.0,0.0
90109,1.0,1,69.0,1.0,0.0,0.0
90110,2.0,1,58.0,1.0,0.0,0.0
90114,2.0,1,74.89000129699707,1.0,0.0,0.0
90116,3.0,1,228.4900016784668,1.0,0.0,0.0
90118,2.0,1,117.06999969482422,1.0,0.0,0.0
90120,1.0,1,52.9900016784668,1.0,0.0,0.0
90121,1.0,1,114.75,1.0,0.0,0.0
90128,3.0,1,135.94000053405762,1.0,0.0,0.0
90129,1.0,1,15.9399995803833,1.0,0.0,0.0
90134,1.0,1,149.0,1.0,0.0,0.0
90136,2.0,1,197.89999961853027,1.0,0.0,0.0
90140,2.0,1,110.62999725341797,1.0,0.0,0.0
90149,1.0,1,55.0,1.0,0.0,0.0
90152,1.0,1,25.200000762939453,1.0,0.0,0.0
90155,4.0,1,227.49000358581543,1.0,0.0,0.0
90159,1.0,1,46.0,1.0,0.0,0.0
90163,1.0,1,11.760000228881836,1.0,0.0,0.0
90165,1.0,1,19.989999771118164,1.0,0.0,0.0
90177,2.0,1,235.0,1.0,0.0,0.0
90179,1.0,1,59.950000762939446,1.0,0.0,0.0
90180,1.0,1,32.7599983215332,1.0,0.0,0.0
90185,1.0,1,79.5,1.0,0.0,0.0
90187,2.0,1,58.94000244140625,1.0,0.0,0.0
90188,4.0,1,143.09000205993652,1.0,0.0,0.0
90195,3.0,1,227.76000213623047,1.0,0.0,0.0
90198,1.0,1,16.989999771118164,1.0,0.0,0.0
90200,1.0,1,52.950000762939446,1.0,0.0,0.0
90207,1.0,1,43.9900016784668,1.0,0.0,0.0
90208,1.0,1,25.0,1.0,0.0,0.0
90211,1.0,1,33.75,1.0,0.0,0.0
90212,1.0,1,80.9800033569336,1.0,0.0,0.0
90215,1.0,1,46.5,1.0,0.0,0.0
90216,1.0,1,19.989999771118164,1.0,0.0,0.0
90220,2.0,1,109.43999862670898,1.0,0.0,0.0
90221,1.0,1,38.970001220703125,1.0,0.0,0.0
90232,1.0,1,10.0600004196167,1.0,0.0,0.0
90237,1.0,1,32.9900016784668,1.0,0.0,0.0
90239,1.0,1,22.989999771118164,1.0,0.0,0.0
90242,1.0,1,59.5,1.0,0.0,0.0
90243,2.0,1,55.98000144958496,1.0,0.0,0.0
90244,1.0,1,41.630001068115234,1.0,0.0,0.0
90250,1.0,1,34.97999954223633,1.0,0.0,0.0
90251,1.0,1,97.94999694824216,1.0,0.0,0.0
90253,2.0,1,163.0,1.0,0.0,0.0
90254,1.0,1,34.9900016784668,1.0,0.0,0.0
90256,1.5,2,74.99499893188477,1.0,778.0,0.0
90259,3.0,1,118.0099983215332,1.0,0.0,0.0
90275,1.0,1,8.989999771118164,1.0,0.0,0.0
90276,2.0,1,148.98999786376953,1.0,0.0,0.0
90279,4.0,1,201.31000137329102,1.0,0.0,0.0
90281,4.0,1,329.0999984741211,1.0,0.0,0.0
90285,1.0,1,30.989999771118164,1.0,0.0,0.0
90291,1.5,2,89.97500038146973,1.0,892.0,0.0
90295,4.0,1,249.11000061035156,1.0,0.0,0.0
90296,1.0,1,32.4900016784668,1.0,0.0,0.0
90299,2.0,1,64.98000144958496,1.0,0.0,0.0
90301,1.0,2,49.180002212524414,1.0,205.0,0.0
90304,2.0,1,79.98999977111816,1.0,0.0,0.0
90311,1.0,1,26.0,1.0,0.0,0.0
90315,2.5,2,126.66999864578247,1.0,625.0,0.0
90317,1.0,1,160.0,1.0,0.0,0.0
90325,4.0,1,153.63000202178955,1.0,0.0,0.0
90326,1.0,1,408.0,1.0,0.0,0.0
90331,2.0,1,57.5,1.0,0.0,0.0
90332,1.0,1,10.0,1.0,0.0,0.0
90333,1.0,1,55.52000045776367,1.0,0.0,0.0
90337,1.0,1,25.0,1.0,0.0,0.0
90340,1.0,1,8.569999694824217,1.0,0.0,0.0
90343,3.0,1,443.5599946975708,1.0,0.0,0.0
90355,1.0,1,26.989999771118164,1.0,0.0,0.0
90362,2.0,1,256.9900016784668,1.0,0.0,0.0
90370,1.5,2,81.80000019073486,1.0,1237.0,0.0
90371,1.0,1,95.8199996948242,1.0,0.0,0.0
90374,1.0,1,78.45999908447266,1.0,0.0,0.0
90377,4.0,1,182.96999740600586,1.0,0.0,0.0
90378,1.0,1,17.0,1.0,0.0,0.0
90380,1.0,1,25.0,1.0,0.0,0.0
90386,1.0,1,15.0,1.0,0.0,0.0
90387,1.0,1,40.0,1.0,0.0,0.0
90388,1.0,1,39.9900016784668,1.0,0.0,0.0
90390,1.0,1,12.800000190734863,1.0,0.0,0.0
90393,3.0,1,96.13999938964844,1.0,0.0,0.0
90397,1.0,1,29.989999771118164,1.0,0.0,0.0
90404,1.0,1,168.0,1.0,0.0,0.0
90409,3.0,1,120.6399974822998,1.0,0.0,0.0
90412,1.5,2,44.99499988555908,1.0,1215.0,0.0
90413,1.0,1,9.300000190734863,1.0,0.0,0.0
90414,1.0,1,24.059999465942383,1.0,0.0,0.0
90418,1.0,1,72.5,1.0,0.0,0.0
90419,1.0,1,109.0,1.0,0.0,0.0
90423,2.0,1,32.10000038146973,1.0,0.0,0.0
90426,1.0,1,42.0099983215332,1.0,0.0,0.0
90429,4.0,1,158.17000007629395,1.0,0.0,0.0
90435,2.0,1,27.979999542236328,1.0,0.0,0.0
90437,1.0,1,65.0,1.0,0.0,0.0
90441,1.0,1,27.989999771118164,1.0,0.0,0.0
90444,1.0,1,34.9900016784668,1.0,0.0,0.0
90445,2.0,1,97.79999923706053,1.0,0.0,0.0
90446,1.0,1,59.9900016784668,1.0,0.0,0.0
90451,1.0,1,24.0,1.0,0.0,0.0
90452,1.0,1,78.0,1.0,0.0,0.0
90457,1.0,1,55.9900016784668,1.0,0.0,0.0
90460,1.0,1,27.989999771118164,1.0,0.0,0.0
90462,3.0,1,173.0,1.0,0.0,0.0
90463,1.0,1,36.09000015258789,1.0,0.0,0.0
90464,1.0,1,69.98999786376953,1.0,0.0,0.0
90471,1.0,1,1.5,1.0,0.0,0.0
90472,1.0,1,5.949999809265137,1.0,0.0,0.0
90476,2.0,1,110.9900016784668,1.0,0.0,0.0
90477,1.0,1,29.989999771118164,1.0,0.0,0.0
90480,2.0,1,192.0,1.0,0.0,0.0
90483,1.0,1,94.94999694824216,1.0,0.0,0.0
90487,1.0,1,33.9900016784668,1.0,0.0,0.0
90489,2.0,1,28.9399995803833,1.0,0.0,0.0
90491,1.0,1,36.400001525878906,1.0,0.0,0.0
90493,1.0,1,9.989999771118164,1.0,0.0,0.0
90500,1.0,1,69.94999694824219,1.0,0.0,0.0
90502,2.0,1,64.0,1.0,0.0,0.0
90512,2.0,1,49.89999961853028,1.0,0.0,0.0
90515,1.0,1,49.5,1.0,0.0,0.0
90516,1.0,1,189.0,1.0,0.0,0.0
90518,1.0,1,15.739999771118164,1.0,0.0,0.0
90520,1.0,1,29.89999961853028,1.0,0.0,0.0
90522,1.0,1,41.9900016784668,1.0,0.0,0.0
90523,3.0,1,113.44000053405762,1.0,0.0,0.0
90527,2.0,1,128.23999977111816,1.0,0.0,0.0
90528,1.0,1,16.0,1.0,0.0,0.0
90531,1.0,1,25.0,1.0,0.0,0.0
90532,1.0,2,17.72000026702881,1.0,312.0,0.0
90536,1.0,1,18.0,1.0,0.0,0.0
90538,1.0,1,24.89999961853028,1.0,0.0,0.0
90540,2.0,1,199.9000015258789,1.0,0.0,0.0
90543,1.0,1,52.47999954223633,1.0,0.0,0.0
90546,1.0,1,138.0,1.0,0.0,0.0
90547,1.0,1,41.9900016784668,1.0,0.0,0.0
90549,1.0,1,64.94999694824219,1.0,0.0,0.0
90550,2.0,1,155.9900016784668,1.0,0.0,0.0
90552,4.0,1,193.11000442504883,1.0,0.0,0.0
90556,1.0,1,20.299999237060547,1.0,0.0,0.0
90557,1.0,1,43.950000762939446,1.0,0.0,0.0
90559,2.0,1,70.98999977111816,1.0,0.0,0.0
90563,2.0,1,87.9900016784668,1.0,0.0,0.0
90565,1.0,1,22.989999771118164,1.0,0.0,0.0
90578,1.0,1,143.63999938964844,1.0,0.0,0.0
90587,4.0,1,142.96999979019165,1.0,0.0,0.0
90589,3.0,1,99.98999977111816,1.0,0.0,0.0
90592,1.0,1,23.950000762939453,1.0,0.0,0.0
90593,1.0,1,31.200000762939453,1.0,0.0,0.0
90610,1.0,1,75.0,1.0,0.0,0.0
90619,1.0,1,34.9900016784668,1.0,0.0,0.0
90622,3.0,1,117.95999717712402,1.0,0.0,0.0
90633,3.0,1,49.65999984741211,1.0,0.0,0.0
90637,1.0,2,53.994998931884766,1.0,1355.0,0.0
90638,2.0,1,23.969999313354492,1.0,0.0,0.0
90641,1.0,2,22.28499984741211,1.0,188.0,0.0
90642,1.0,1,60.0,1.0,0.0,0.0
90643,1.5,2,52.7450008392334,1.0,140.0,0.0
90648,1.0,1,33.95000076293945,1.0,0.0,0.0
90650,1.5,2,50.24499988555908,1.0,384.0,0.0
90651,1.0,1,138.0,1.0,0.0,0.0
90652,1.0,1,54.950000762939446,1.0,0.0,0.0
90655,1.0,1,44.0,1.0,0.0,0.0
90662,1.0,1,49.950000762939446,1.0,0.0,0.0
90672,2.0,1,69.9900016784668,1.0,0.0,0.0
90674,3.0,1,128.98000144958496,1.0,0.0,0.0
90675,2.0,1,332.0,1.0,0.0,0.0
90679,1.0,1,129.0,1.0,0.0,0.0
90687,1.0,1,109.9499969482422,1.0,0.0,0.0
90689,3.0,1,107.47000026702881,1.0,0.0,0.0
90691,1.0,1,38.680000305175774,1.0,0.0,0.0
90697,1.0,1,47.430000305175774,1.0,0.0,0.0
90698,2.0,1,61.0,1.0,0.0,0.0
90701,2.0,1,35.420000076293945,1.0,0.0,0.0
90704,2.0,1,51.45000076293945,1.0,0.0,0.0
90710,2.0,1,47.30000019073486,1.0,0.0,0.0
90712,1.0,1,180.0,1.0,0.0,0.0
90715,4.0,1,719.6599979400635,1.0,0.0,0.0
90718,1.0,1,198.0,1.0,0.0,0.0
90719,1.0,1,60.0,1.0,0.0,0.0
90726,1.0,1,41.41999816894531,1.0,0.0,0.0
90727,2.0,1,125.0,1.0,0.0,0.0
90738,1.0,1,19.989999771118164,1.0,0.0,0.0
90741,1.5,2,127.97500038146973,1.0,667.0,0.0
90747,2.0,1,81.98999977111816,1.0,0.0,0.0
90748,2.0,1,47.989999771118164,1.0,0.0,0.0
90750,1.0,2,31.295000076293945,1.0,480.0,0.0
90754,1.0,1,59.5,1.0,0.0,0.0
90760,2.0,1,228.9800071716309,1.0,0.0,0.0
90763,1.0,1,88.0,1.0,0.0,0.0
90765,2.5,2,242.95999717712402,1.0,398.0,0.0
90767,1.0,1,73.4800033569336,1.0,0.0,0.0
90774,2.0,1,105.91999816894531,1.0,0.0,0.0
90778,1.5,2,65.32499980926514,1.0,1231.0,0.0
90780,1.0,1,39.950000762939446,1.0,0.0,0.0
90781,2.0,1,51.09000015258789,1.0,0.0,0.0
90782,1.0,1,19.989999771118164,1.0,0.0,0.0
90785,2.0,2,110.0,1.0,195.0,0.0
90787,4.0,1,96.95000076293945,1.0,0.0,0.0
90789,1.0,1,90.0,1.0,0.0,0.0
90790,2.0,2,124.99499988555908,1.0,880.0,0.0
90791,2.0,1,258.0,1.0,0.0,0.0
90794,1.0,1,60.0,1.0,0.0,0.0
90795,2.0,1,164.97000122070312,1.0,0.0,0.0
90797,1.0,1,44.77999877929688,1.0,0.0,0.0
90801,1.0,1,29.989999771118164,1.0,0.0,0.0
90803,2.0,1,134.98999786376953,1.0,0.0,0.0
90804,1.0,1,29.0,1.0,0.0,0.0
90808,1.0,1,12.989999771118164,1.0,0.0,0.0
90812,1.0,1,32.0,1.0,0.0,0.0
90815,4.0,1,81.93000030517578,1.0,0.0,0.0
90823,2.0,1,77.96000289916992,1.0,0.0,0.0
90824,1.0,1,89.0,1.0,0.0,0.0
90825,1.0,1,49.9900016784668,1.0,0.0,0.0
90837,1.0,1,16.950000762939453,1.0,0.0,0.0
90838,1.0,1,25.0,1.0,0.0,0.0
90845,2.0,1,55.989999771118164,1.0,0.0,0.0
90847,1.0,1,19.989999771118164,1.0,0.0,0.0
90863,1.0,1,32.97999954223633,1.0,0.0,0.0
90864,1.0,1,38.0,1.0,0.0,0.0
90868,3.0,1,149.9499969482422,1.0,0.0,0.0
90871,1.0,1,44.0,1.0,0.0,0.0
90889,1.0,1,46.9900016784668,1.0,0.0,0.0
90890,1.0,1,26.0,1.0,0.0,0.0
90891,1.0,1,159.9499969482422,1.0,0.0,0.0
90893,1.0,1,42.0,1.0,0.0,0.0
90895,1.0,1,24.0,1.0,0.0,0.0
90901,1.0,1,30.950000762939453,1.0,0.0,0.0
90903,1.0,1,15.0,1.0,0.0,0.0
90907,2.0,1,120.98999786376952,1.0,0.0,0.0
90909,1.0,1,20.0,1.0,0.0,0.0
90910,1.0,1,49.02999877929688,1.0,0.0,0.0
90911,1.0,2,18.494999885559082,1.0,262.0,0.0
90912,2.0,1,169.0,1.0,0.0,0.0
90917,2.0,1,328.99000549316406,1.0,0.0,0.0
90918,2.0,1,69.0,1.0,0.0,0.0
90919,1.0,1,22.0,1.0,0.0,0.0
90921,1.0,1,30.5,1.0,0.0,0.0
90924,1.0,1,91.98999977111816,2.0,4.0,0.0
90927,1.0,1,189.0,1.0,0.0,0.0
90944,1.0,1,15.989999771118164,1.0,0.0,0.0
90954,1.0,1,41.9900016784668,1.0,0.0,0.0
90955,2.0,1,141.6699981689453,1.0,0.0,0.0
90958,1.0,1,39.950000762939446,1.0,0.0,0.0
90960,1.0,1,37.9900016784668,1.0,0.0,0.0
90969,1.0,1,74.72000122070312,1.0,0.0,0.0
90970,2.0,1,112.0,1.0,0.0,0.0
90975,2.0,1,134.4499969482422,1.0,0.0,0.0
90980,2.0,1,119.48999977111816,1.0,0.0,0.0
90981,1.0,1,40.0,1.0,0.0,0.0
90983,1.0,1,25.0,1.0,0.0,0.0
90987,1.0,1,67.80999755859375,1.0,0.0,0.0
90989,2.0,1,142.98999786376953,1.0,0.0,0.0
90990,1.5,2,74.48999977111816,1.0,405.0,0.0
90992,2.0,1,121.719997882843,1.0,0.0,0.0
90998,1.0,1,12.989999771118164,1.0,0.0,0.0
91001,1.5,2,25.380000114440918,1.0,609.0,0.0
91002,1.0,1,39.9900016784668,1.0,0.0,0.0
91003,1.0,1,9.880000114440918,1.0,0.0,0.0
91004,1.0,1,39.9900016784668,1.0,0.0,0.0
91008,1.0,1,8.989999771118164,1.0,0.0,0.0
91010,2.0,1,80.0,1.0,0.0,0.0
91014,1.0,1,27.89999961853028,1.0,0.0,0.0
91015,1.0,1,12.600000381469728,1.0,0.0,0.0
91016,1.0,1,62.0,1.0,0.0,0.0
91018,1.0,1,49.9900016784668,1.0,0.0,0.0
91020,1.0,1,69.0,1.0,0.0,0.0
91024,1.0,1,58.0,1.0,0.0,0.0
91032,1.5,2,76.8600001335144,1.0,251.0,0.0
91034,2.5,2,159.15999937057495,1.0,210.0,0.0
91035,1.0,1,121.0,1.0,0.0,0.0
91040,1.0,2,128.99499893188477,1.0,329.0,0.0
91044,3.0,1,78.47999954223633,1.0,0.0,0.0
91047,4.0,1,74.75,1.0,0.0,0.0
91048,1.0,1,49.9900016784668,1.0,0.0,0.0
91053,3.0,1,204.23000049591064,1.0,0.0,0.0
91054,1.0,1,26.950000762939453,1.0,0.0,0.0
91057,4.0,1,166.9800033569336,1.0,0.0,0.0
91061,1.0,1,25.0,1.0,0.0,0.0
91062,1.0,1,34.0,1.0,0.0,0.0
91064,4.0,1,168.7100009918213,1.0,0.0,0.0
91065,1.0,1,74.5,1.0,0.0,0.0
91067,1.0,1,11.800000190734863,1.0,0.0,0.0
91069,4.0,1,765.7299976348877,1.0,0.0,0.0
91077,1.0,1,40.0,1.0,0.0,0.0
91080,1.0,1,19.0,1.0,0.0,0.0
91086,1.0,1,20.0,1.0,0.0,0.0
91096,1.0,1,18.0,1.0,0.0,0.0
91100,3.0,1,261.98000144958496,1.0,0.0,0.0
91109,1.0,1,99.97000122070312,1.0,0.0,0.0
91110,2.0,1,144.08999633789062,1.0,0.0,0.0
91117,1.0,1,45.29999923706056,1.0,0.0,0.0
91126,1.0,1,69.98999786376953,1.0,0.0,0.0
91127,1.0,1,35.4900016784668,1.0,0.0,0.0
91132,1.0,2,56.47499847412109,1.0,66.0,0.0
91135,1.0,1,75.0,1.0,0.0,0.0
91136,1.0,1,14.989999771118164,1.0,0.0,0.0
91138,2.0,1,57.78000259399414,1.0,0.0,0.0
91141,1.0,1,16.0,1.0,0.0,0.0
91143,1.0,1,74.0,1.0,0.0,0.0
91144,1.0,1,38.9900016784668,1.0,0.0,0.0
91148,1.5,2,64.74499893188477,1.0,299.0,0.0
91155,1.0,1,14.5,1.0,0.0,0.0
91163,1.0,1,99.0,1.0,0.0,0.0
91176,1.0,1,16.209999084472656,1.0,0.0,0.0
91186,1.0,1,36.0,1.0,0.0,0.0
91187,2.0,1,114.45000076293945,1.0,0.0,0.0
91196,2.0,1,37.8799991607666,1.0,0.0,0.0
91199,1.0,1,95.0,1.0,0.0,0.0
91201,1.0,1,21.989999771118164,1.0,0.0,0.0
91202,1.0,1,32.529998779296875,1.0,0.0,0.0
91205,2.0,1,18.880000114440918,1.0,0.0,0.0
91217,2.0,2,132.33500003814697,1.0,476.0,0.0
91224,1.0,2,75.49499988555908,1.0,299.0,0.0
91228,1.0,1,79.98999786376953,1.0,0.0,0.0
91229,1.0,1,275.0,1.0,0.0,0.0
91230,1.0,1,98.0,1.0,0.0,0.0
91233,2.0,1,197.9900016784668,1.0,0.0,0.0
91245,1.0,1,33.349998474121094,1.0,0.0,0.0
91250,1.0,1,14.989999771118164,1.0,0.0,0.0
91251,1.0,2,27.789999961853027,1.0,246.0,0.0
91252,1.0,1,19.989999771118164,1.0,0.0,0.0
91258,3.0,1,144.0,1.0,0.0,0.0
91261,1.0,1,22.96999931335449,1.0,0.0,0.0
91263,3.0,1,210.9900016784668,1.0,0.0,0.0
91264,1.0,1,39.9900016784668,1.0,0.0,0.0
91266,4.0,1,278.9799995422363,1.0,0.0,0.0
91280,1.0,1,11.090000152587892,1.0,0.0,0.0
91283,1.0,1,55.0,1.0,0.0,0.0
91296,1.0,1,107.15000152587892,1.0,0.0,0.0
91297,1.0,1,84.0,1.0,0.0,0.0
91305,1.0,1,25.0,1.0,0.0,0.0
91308,1.0,1,18.0,1.0,0.0,0.0
91311,1.0,1,17.899999618530273,1.0,0.0,0.0
91313,1.0,1,69.26000213623047,1.0,0.0,0.0
91316,1.0,2,44.70000076293945,1.0,322.0,0.0
91319,1.0,1,44.5,1.0,0.0,0.0
91324,2.0,1,83.5,1.0,0.0,0.0
91341,2.0,1,73.04000091552734,1.0,0.0,0.0
91343,1.0,1,9.5,1.0,0.0,0.0
91344,2.0,1,41.21999931335449,1.0,0.0,0.0
91351,1.0,1,14.130000114440918,1.0,0.0,0.0
91352,1.0,1,139.9499969482422,1.0,0.0,0.0
91354,3.0,1,128.4799976348877,1.0,0.0,0.0
91357,2.0,1,193.0,1.0,0.0,0.0
91359,1.0,1,39.9900016784668,1.0,0.0,0.0
91360,1.0,1,15.899999618530272,1.0,0.0,0.0
91363,1.0,1,33.47999954223633,1.0,0.0,0.0
91369,1.0,1,99.0,1.0,0.0,0.0
91376,1.0,1,29.989999771118164,1.0,0.0,0.0
91383,1.0,1,90.98999786376952,1.0,0.0,0.0
91384,1.0,1,25.0,1.0,0.0,0.0
91386,3.0,1,147.9799976348877,1.0,0.0,0.0
91392,1.0,1,53.9900016784668,1.0,0.0,0.0
91402,1.0,1,25.0,1.0,0.0,0.0
91405,1.0,1,60.9900016784668,1.0,0.0,0.0
91412,1.0,1,25.0,1.0,0.0,0.0
91415,1.0,1,79.0,1.0,0.0,0.0
91418,1.0,1,199.9900054931641,1.0,0.0,0.0
91425,2.0,1,78.0099983215332,1.0,0.0,0.0
91433,1.0,2,67.48999977111816,1.0,329.0,0.0
91435,1.0,2,29.975000381469727,1.0,62.0,0.0
91441,1.0,1,48.9900016784668,1.0,0.0,0.0
91444,1.0,1,39.9900016784668,1.0,0.0,0.0
91449,2.0,1,307.0,1.0,0.0,0.0
91453,1.0,1,69.5,1.0,0.0,0.0
91455,1.0,1,76.75,1.0,0.0,0.0
91456,4.0,1,367.4199924468994,1.0,0.0,0.0
91457,1.0,1,12.0,1.0,0.0,0.0
91459,1.0,1,25.0,1.0,0.0,0.0
91462,2.0,1,435.36000061035156,1.0,0.0,0.0
91463,1.0,2,50.59499931335449,1.0,64.0,0.0
91468,1.0,1,50.0,1.0,0.0,0.0
91471,1.0,1,36.38999938964844,1.0,0.0,0.0
91472,1.0,1,42.220001220703125,1.0,0.0,0.0
91476,1.0,1,53.970001220703125,1.0,0.0,0.0
91479,1.0,1,14.0,1.0,0.0,0.0
91480,1.0,1,2.950000047683716,1.0,0.0,0.0
91481,1.0,1,25.0,1.0,0.0,0.0
91482,2.0,1,29.489999771118164,1.0,0.0,0.0
91487,3.0,1,185.19000244140625,1.0,0.0,0.0
91493,1.0,1,59.0,1.0,0.0,0.0
91506,1.5,2,84.77499961853027,1.0,1242.0,0.0
91508,3.0,1,226.97000122070312,1.0,0.0,0.0
91512,4.0,1,307.02999687194824,1.0,0.0,0.0
91514,1.0,1,63.66999816894531,1.0,0.0,0.0
91515,1.0,1,46.9900016784668,1.0,0.0,0.0
91519,1.5,2,48.7450008392334,1.0,774.0,0.0
91521,1.0,1,39.5,1.0,0.0,0.0
91524,1.5,2,94.71999931335449,1.0,97.0,0.0
91525,1.0,1,109.0,1.0,0.0,0.0
91529,1.0,1,58.5,1.0,0.0,0.0
91530,1.0,1,14.0,1.0,0.0,0.0
91532,4.0,1,191.07999801635742,1.0,0.0,0.0
91535,1.0,1,25.0,1.0,0.0,0.0
91537,1.0,1,139.0,1.0,0.0,0.0
91538,1.0,1,52.0,1.0,0.0,0.0
91544,4.0,1,127.95999717712402,1.0,0.0,0.0
91548,1.0,1,31.979999542236328,1.0,0.0,0.0
91555,1.0,1,32.900001525878906,1.0,0.0,0.0
91556,2.0,1,45.91000175476074,1.0,0.0,0.0
91558,1.0,1,12.710000038146973,1.0,0.0,0.0
91559,1.6666666666666667,3,172.48000144958496,1.0,258.0,31.11269837220809
91565,3.0,1,226.0,1.0,0.0,0.0
91578,1.0,1,49.900001525878906,1.0,0.0,0.0
91580,2.0,2,121.52000045776367,1.0,912.0,0.0
91583,2.0,1,93.4900016784668,1.0,0.0,0.0
91587,1.0,2,36.08500003814697,1.0,105.0,0.0
91591,1.0,1,98.0,1.0,0.0,0.0
91596,1.0,1,169.99000549316406,1.0,0.0,0.0
91600,1.0,1,55.0,1.0,0.0,0.0
91603,4.0,1,134.48000144958496,1.0,0.0,0.0
91605,1.0,1,15.0,1.0,0.0,0.0
91607,1.0,1,129.0,1.0,0.0,0.0
91611,2.5,2,196.715003490448,1.0,748.0,0.0
91619,1.0,1,24.190000534057617,1.0,0.0,0.0
91620,1.0,1,49.950000762939446,1.0,0.0,0.0
91629,1.5,2,191.6450023651123,1.0,307.0,0.0
91630,3.0,1,62.73000144958496,1.0,0.0,0.0
91638,2.0,1,60.69000053405761,1.0,0.0,0.0
91640,3.0,1,204.5,1.0,0.0,0.0
91646,1.0,1,29.989999771118164,1.0,0.0,0.0
91649,4.0,1,191.6899995803833,1.0,0.0,0.0
91654,2.0,2,84.48999977111816,1.0,361.0,0.0
91660,1.0,1,140.0,1.0,0.0,0.0
91663,2.3333333333333335,3,118.91333198547363,1.0,327.0,185.26197667087544
91667,2.0,1,227.94000244140625,1.0,0.0,0.0
91672,1.0,1,15.0,1.0,0.0,0.0
91674,4.0,1,167.4000015258789,1.0,0.0,0.0
91678,1.0,1,42.9900016784668,1.0,0.0,0.0
91679,1.0,3,39.96666717529296,1.0,546.5,488.61078579990436
91680,1.0,1,25.0,1.0,0.0,0.0
91682,1.0,1,72.0,1.0,0.0,0.0
91686,1.0,1,63.0,1.0,0.0,0.0
91689,1.0,1,10.0,1.0,0.0,0.0
91694,1.0,1,59.9900016784668,1.0,0.0,0.0
91703,1.5,2,72.0,1.0,31.0,0.0
91712,1.0,1,43.200000762939446,1.0,0.0,0.0
91713,1.0,1,19.989999771118164,1.0,0.0,0.0
91714,1.0,1,60.0,1.0,0.0,0.0
91716,1.0,1,35.0,1.0,0.0,0.0
91723,1.0,1,10.949999809265137,1.0,0.0,0.0
91726,1.0,1,49.93999862670898,1.0,0.0,0.0
91727,2.0,1,141.97999954223633,1.0,0.0,0.0
91728,2.0,1,49.989999771118164,1.0,0.0,0.0
91730,2.0,1,195.0,1.0,0.0,0.0
91732,1.0,1,36.9900016784668,1.0,0.0,0.0
91737,1.0,2,88.75,1.0,190.0,0.0
91739,2.0,1,21.489999771118164,1.0,0.0,0.0
91745,1.0,2,27.975000381469727,1.0,129.0,0.0
91746,4.0,1,141.60000038146973,1.0,0.0,0.0
91747,1.0,1,33.75,1.0,0.0,0.0
91750,1.0,1,65.97000122070312,1.0,0.0,0.0
91758,1.0,1,12.0,1.0,0.0,0.0
91759,3.0,1,166.29999923706055,1.0,0.0,0.0
91765,4.0,1,146.07000160217285,1.0,0.0,0.0
91768,2.0,1,100.48999977111816,1.0,0.0,0.0
91771,1.0,1,288.0,1.0,0.0,0.0
91772,2.0,1,158.7799949645996,1.0,0.0,0.0
91777,1.0,1,98.0,1.0,0.0,0.0
91784,1.0,1,46.0,1.0,0.0,0.0
91786,1.0,1,29.989999771118164,1.0,0.0,0.0
91795,1.0,1,11.529999732971191,1.0,0.0,0.0
91807,1.0,1,48.0,1.0,0.0,0.0
91810,1.0,1,4.949999809265137,1.0,0.0,0.0
91813,1.0,1,125.0,1.0,0.0,0.0
91814,1.0,1,22.989999771118164,1.0,0.0,0.0
91816,1.0,1,58.950000762939446,1.0,0.0,0.0
91826,1.0,1,13.489999771118164,1.0,0.0,0.0
91835,1.5,2,79.48499965667725,1.0,1892.0,0.0
91838,1.0,1,103.0,1.0,0.0,0.0
91840,2.5,2,180.46499824523926,1.0,345.0,0.0
91843,2.0,1,299.939998626709,1.0,0.0,0.0
91845,1.0,1,68.0,1.0,0.0,0.0
91854,1.0,1,265.0,1.0,0.0,0.0
91859,4.0,1,207.61000442504883,1.0,0.0,0.0
91866,1.0,1,25.0,1.0,0.0,0.0
91868,1.0,1,30.0,1.0,0.0,0.0
91870,2.0,1,39.5,1.0,0.0,0.0
91873,1.6666666666666667,3,67.33666642506917,1.0,379.5,481.5397179880389
91882,1.0,1,24.950000762939453,1.0,0.0,0.0
91888,1.0,1,44.9900016784668,1.0,0.0,0.0
91889,4.0,1,222.92999839782715,1.0,0.0,0.0
91891,2.0,1,171.98999977111816,1.0,0.0,0.0
91893,2.0,1,81.9800033569336,1.0,0.0,0.0
91900,1.0,1,25.479999542236328,1.0,0.0,0.0
91913,1.0,1,160.0,1.0,0.0,0.0
91914,3.0,1,267.98999977111816,1.0,0.0,0.0
91925,4.0,1,238.26000213623047,1.0,0.0,0.0
91927,4.0,1,77.95999908447266,1.0,0.0,0.0
91932,2.0,1,86.78999900817873,1.0,0.0,0.0
91935,2.0,1,143.48999786376953,1.0,0.0,0.0
91939,1.0,1,326.0,1.0,0.0,0.0
91941,3.0,2,97.25,1.0,93.0,0.0
91942,1.0,1,80.0,1.0,0.0,0.0
91947,1.0,1,129.0,1.0,0.0,0.0
91953,2.0,1,49.989999771118164,1.0,0.0,0.0
91955,4.0,1,156.95000076293945,1.0,0.0,0.0
91956,1.0,1,50.0,1.0,0.0,0.0
91958,1.5,2,164.5,1.0,20.0,0.0
91964,1.0,1,100.0,1.0,0.0,0.0
91967,4.0,1,150.0800018310547,1.0,0.0,0.0
91969,1.0,1,189.0,1.0,0.0,0.0
91973,4.0,1,276.2100009918213,1.0,0.0,0.0
91974,1.0,1,34.9900016784668,1.0,0.0,0.0
91981,4.0,1,151.17000007629395,1.0,0.0,0.0
91984,1.0,1,31.920000076293945,1.0,0.0,0.0
91986,2.0,1,162.37000465393066,1.0,0.0,0.0
91987,1.0,1,44.0,1.0,0.0,0.0
91989,1.0,1,64.98999786376953,1.0,0.0,0.0
91995,2.0,1,114.90000152587889,1.0,0.0,0.0
91997,1.0,1,20.0,1.0,0.0,0.0
91999,3.0,1,103.94000148773193,1.0,0.0,0.0
92009,1.0,1,16.079999923706055,1.0,0.0,0.0
92014,2.0,1,161.98999977111816,1.0,0.0,0.0
92015,2.0,1,137.9800033569336,1.0,0.0,0.0
92017,1.0,1,39.9900016784668,1.0,0.0,0.0
92020,1.0,1,100.77999877929688,1.0,0.0,0.0
92023,1.0,1,25.0,1.0,0.0,0.0
92031,1.0,1,55.0,1.0,0.0,0.0
92035,1.0,1,45.0,1.0,0.0,0.0
92037,1.0,1,25.0,1.0,0.0,0.0
92038,1.0,1,4.989999771118164,1.0,0.0,0.0
92043,1.0,1,36.9900016784668,1.0,0.0,0.0
92044,3.0,1,37.84999990463257,1.0,0.0,0.0
92045,1.0,1,10.989999771118164,1.0,0.0,0.0
92047,1.0,1,8.470000267028809,1.0,0.0,0.0
92054,1.0,1,12.949999809265137,1.0,0.0,0.0
92057,1.0,1,54.9900016784668,1.0,0.0,0.0
92060,1.0,1,20.68000030517578,1.0,0.0,0.0
92064,1.0,1,55.04999923706056,1.0,0.0,0.0
92067,1.0,1,22.799999237060547,1.0,0.0,0.0
92068,1.0,1,15.949999809265137,1.0,0.0,0.0
92077,1.0,1,130.0,1.0,0.0,0.0
92078,1.0,1,99.0,1.0,0.0,0.0
92084,1.0,1,33.599998474121094,1.0,0.0,0.0
92085,2.0,1,64.97999954223633,1.0,0.0,0.0
92086,1.0,1,98.0,1.0,0.0,0.0
92099,1.0,1,34.18000030517578,1.0,0.0,0.0
92103,1.0,1,38.22999954223633,1.0,0.0,0.0
92105,1.0,1,17.31999969482422,1.0,0.0,0.0
92113,1.0,1,42.0,1.0,0.0,0.0
92119,1.0,1,14.130000114440918,1.0,0.0,0.0
92128,2.0,1,57.989999771118164,1.0,0.0,0.0
92130,1.0,2,34.489999771118164,1.0,142.0,0.0
92131,1.5,2,168.3700008392334,1.0,642.0,0.0
92144,3.0,1,269.5,1.0,0.0,0.0
92145,1.0,1,150.0,1.0,0.0,0.0
92148,1.0,1,25.0,1.0,0.0,0.0
92149,1.0,1,16.899999618530273,1.0,0.0,0.0
92151,1.0,1,12.989999771118164,1.0,0.0,0.0
92152,2.0,1,179.99000549316406,1.0,0.0,0.0
92154,1.0,1,50.0,1.0,0.0,0.0
92167,1.0,1,89.94999694824217,1.0,0.0,0.0
92172,1.0,1,38.0,1.0,0.0,0.0
92175,1.0,1,109.34999847412108,1.0,0.0,0.0
92176,1.0,1,65.0,1.0,0.0,0.0
92191,1.0,2,54.4950008392334,1.0,101.0,0.0
92196,1.0,2,46.95000076293945,1.0,591.0,0.0
92197,1.0,1,28.950000762939453,1.0,0.0,0.0
92205,1.0,1,25.0,1.0,0.0,0.0
92207,2.0,1,129.98999786376953,1.0,0.0,0.0
92213,1.0,2,77.25,1.0,1672.0,0.0
92216,1.0,1,69.0,1.0,0.0,0.0
92217,1.0,1,89.98999786376953,1.0,0.0,0.0
92219,1.0,2,28.0,1.0,48.0,0.0
92220,1.0,1,104.0,1.0,0.0,0.0
92242,1.0,1,53.25,1.0,0.0,0.0
92245,1.5,2,144.9749984741211,1.0,177.0,0.0
92247,1.0,1,25.0,1.0,0.0,0.0
92257,4.0,1,194.98999977111816,1.0,0.0,0.0
92262,1.0,1,64.98999786376953,1.0,0.0,0.0
92265,3.0,1,195.3400001525879,1.0,0.0,0.0
92270,1.0,1,42.0,1.0,0.0,0.0
92274,1.5,2,224.22999954223633,1.0,1402.0,0.0
92275,1.0,1,24.989999771118164,1.0,0.0,0.0
92278,1.0,1,23.0,1.0,0.0,0.0
92279,1.0,1,69.0,1.0,0.0,0.0
92284,1.0,1,49.0,1.0,0.0,0.0
92285,4.0,1,161.98999977111816,1.0,0.0,0.0
92287,1.0,1,8.75,1.0,0.0,0.0
92290,1.0,1,22.0,1.0,0.0,0.0
92296,1.0,1,42.9900016784668,1.0,0.0,0.0
92303,1.0,1,25.0,1.0,0.0,0.0
92309,1.0,1,17.200000762939453,1.0,0.0,0.0
92310,1.0,1,69.0,1.0,0.0,0.0
92312,1.0,1,16.989999771118164,1.0,0.0,0.0
92314,1.0,1,118.0,1.0,0.0,0.0
92335,1.0,1,32.06999969482422,1.0,0.0,0.0
92344,2.0,1,89.48999977111816,1.0,0.0,0.0
92353,1.0,1,7.989999771118163,1.0,0.0,0.0
92354,1.0,1,23.950000762939453,1.0,0.0,0.0
92369,1.0,1,17.0,1.0,0.0,0.0
92370,1.0,1,44.970001220703125,1.0,0.0,0.0
92383,1.0,1,25.0,1.0,0.0,0.0
92385,1.0,1,198.0,1.0,0.0,0.0
92390,1.0,1,44.0,1.0,0.0,0.0
92391,1.0,1,49.970001220703125,1.0,0.0,0.0
92394,1.0,1,39.9900016784668,1.0,0.0,0.0
92398,1.0,1,10.0,1.0,0.0,0.0
92403,2.0,1,321.0600128173828,1.0,0.0,0.0
92407,1.6666666666666667,3,127.98333485921223,1.0,564.0,357.79603128039304
92410,1.0,2,27.99000072479248,1.0,730.0,0.0
92414,1.0,1,257.95001220703125,1.0,0.0,0.0
92415,2.0,1,81.92999649047852,1.0,0.0,0.0
92416,1.0,1,330.0,1.0,0.0,0.0
92418,2.25,4,139.73500037193298,1.0,466.0,508.2155054698745
92420,1.0,1,268.78999042510986,2.0,10.0,0.0
92421,1.0,1,16.059999465942383,1.0,0.0,0.0
92423,2.0,1,49.630001068115234,1.0,0.0,0.0
92425,1.0,1,15.75,1.0,0.0,0.0
92430,2.0,1,220.0,1.0,0.0,0.0
92433,1.0,1,134.97999572753906,1.0,0.0,0.0
92438,1.0,1,22.989999771118164,1.0,0.0,0.0
92439,1.0,1,65.0,1.0,0.0,0.0
92443,2.0,1,74.90000343322754,1.0,0.0,0.0
92444,1.0,1,18.57999992370605,1.0,0.0,0.0
92445,1.0,1,13.0,1.0,0.0,0.0
92447,1.0,1,79.0,1.0,0.0,0.0
92454,1.0,1,64.98999786376953,1.0,0.0,0.0
92455,1.0,1,39.0,1.0,0.0,0.0
92463,1.0,1,19.5,1.0,0.0,0.0
92465,1.0,2,30.44999980926514,1.0,127.0,0.0
92473,1.0,1,39.9900016784668,1.0,0.0,0.0
92477,1.0,1,12.979999542236328,1.0,0.0,0.0
92482,1.0,1,119.0,1.0,0.0,0.0
92483,4.0,1,209.0,1.0,0.0,0.0
92485,1.0,1,199.0,1.0,0.0,0.0
92491,1.0,1,78.45999908447266,1.0,0.0,0.0
92500,1.0,1,36.0,1.0,0.0,0.0
92501,1.0,1,38.950000762939446,1.0,0.0,0.0
92509,2.0,1,119.7300033569336,1.0,0.0,0.0
92511,1.0,1,169.99000549316406,1.0,0.0,0.0
92514,1.0,1,13.550000190734863,1.0,0.0,0.0
92518,1.0,1,17.989999771118164,1.0,0.0,0.0
92521,1.0,1,88.0,1.0,0.0,0.0
92528,1.0,1,34.9900016784668,1.0,0.0,0.0
92530,1.0,1,59.52000045776367,1.0,0.0,0.0
92531,1.0,2,22.4950008392334,1.0,282.0,0.0
92532,1.0,1,50.119998931884766,1.0,0.0,0.0
92533,1.0,1,69.87999725341797,1.0,0.0,0.0
92538,1.0,1,78.0,1.0,0.0,0.0
92548,1.0,2,76.99499988555908,1.5,68.5,94.04520189781083
92551,1.0,1,27.989999771118164,1.0,0.0,0.0
92553,1.0,1,46.290000915527344,1.0,0.0,0.0
92554,1.0,1,189.0,1.0,0.0,0.0
92561,1.0,1,43.97999954223633,1.0,0.0,0.0
92562,1.0,1,49.5,1.0,0.0,0.0
92564,1.0,1,25.89999961853028,1.0,0.0,0.0
92567,1.0,1,24.0,1.0,0.0,0.0
92569,1.0,1,36.0,1.0,0.0,0.0
92573,1.0,1,30.0,1.0,0.0,0.0
92579,2.0,1,149.56000137329102,1.0,0.0,0.0
92582,2.0,1,220.59000396728516,1.0,0.0,0.0
92588,2.0,1,164.99000549316406,1.0,0.0,0.0
92591,2.0,1,107.1200008392334,1.0,0.0,0.0
92592,1.0,1,57.0,1.0,0.0,0.0
92602,1.0,1,28.5,1.0,0.0,0.0
92606,1.0,1,24.0,1.0,0.0,0.0
92609,1.0,1,69.66999816894531,1.0,0.0,0.0
92623,1.0,1,74.98999786376953,1.0,0.0,0.0
92626,1.0,1,180.0,1.0,0.0,0.0
92631,1.0,1,89.0,1.0,0.0,0.0
92634,1.0,1,29.950000762939453,1.0,0.0,0.0
92639,1.0,1,139.99000549316406,1.0,0.0,0.0
92642,1.0,1,15.989999771118164,1.0,0.0,0.0
92645,2.0,1,121.43000030517578,1.0,0.0,0.0
92649,1.0,1,10.270000457763672,1.0,0.0,0.0
92654,1.0,1,8.949999809265137,1.0,0.0,0.0
92657,2.5,2,109.9900016784668,1.0,63.0,0.0
92662,1.5,2,48.720001220703125,1.0,115.0,0.0
92663,1.0,1,75.0,1.0,0.0,0.0
92669,3.0,1,214.23999977111816,1.0,0.0,0.0
92682,1.0,1,112.45999908447266,1.0,0.0,0.0
92690,2.0,1,115.0,1.0,0.0,0.0
92691,1.0,1,12.989999771118164,1.0,0.0,0.0
92696,1.0,1,47.040000915527344,1.0,0.0,0.0
92699,1.0,1,33.75,1.0,0.0,0.0
92701,1.0,1,23.0,1.0,0.0,0.0
92702,1.0,1,34.0,1.0,0.0,0.0
92705,1.0,1,28.0,1.0,0.0,0.0
92708,1.0,1,23.5,1.0,0.0,0.0
92712,4.0,1,213.22000122070312,1.0,0.0,0.0
92720,1.0,1,56.0,1.0,0.0,0.0
92725,1.0,1,16.860000610351562,1.0,0.0,0.0
92728,1.0,1,26.989999771118164,1.0,0.0,0.0
92731,3.0,1,107.43000030517578,1.0,0.0,0.0
92737,1.0,1,59.9900016784668,1.0,0.0,0.0
92742,1.0,1,127.91000366210938,1.0,0.0,0.0
92743,2.0,1,66.69999980926514,1.0,0.0,0.0
92757,1.0,1,28.030000686645508,1.0,0.0,0.0
92763,1.0,1,13.989999771118164,1.0,0.0,0.0
92766,2.0,1,85.98999786376953,1.0,0.0,0.0
92770,2.0,1,84.14999961853027,1.0,0.0,0.0
92771,1.0,1,32.75,1.0,0.0,0.0
92775,1.0,1,15.739999771118164,1.0,0.0,0.0
92778,1.0,2,52.4950008392334,1.0,1392.0,0.0
92781,1.0,1,25.0,1.0,0.0,0.0
92786,1.0,1,78.0,1.0,0.0,0.0
92788,4.0,1,223.69999885559082,1.0,0.0,0.0
92797,3.0,1,181.05000019073486,1.0,0.0,0.0
92803,2.5,2,131.85000038146973,1.0,350.0,0.0
92804,2.0,1,100.5,1.0,0.0,0.0
92806,1.0,1,140.0,1.0,0.0,0.0
92811,2.0,1,74.48999977111816,1.0,0.0,0.0
92815,1.0,1,127.55999755859376,1.0,0.0,0.0
92819,1.5,2,205.72500038146973,1.0,22.0,0.0
92820,1.0,1,39.9900016784668,1.0,0.0,0.0
92826,1.0,1,48.0,1.0,0.0,0.0
92834,1.0,1,28.0,1.0,0.0,0.0
92837,1.0,1,193.94999694824216,1.0,0.0,0.0
92839,3.0,1,131.4000015258789,1.0,0.0,0.0
92845,1.0,1,32.0,1.0,0.0,0.0
92849,1.0,2,34.47000026702881,1.0,255.0,0.0
92850,1.0,1,53.950000762939446,1.0,0.0,0.0
92851,1.0,1,29.950000762939453,1.0,0.0,0.0
92854,1.0,1,25.989999771118164,1.0,0.0,0.0
92862,1.0,1,138.0,1.0,0.0,0.0
92868,1.0,1,39.5,1.0,0.0,0.0
92876,1.5,2,94.96999979019165,1.0,704.0,0.0
92877,2.0,1,98.5999984741211,1.0,0.0,0.0
92881,1.0,1,39.5099983215332,1.0,0.0,0.0
92885,1.0,2,25.994999885559082,1.0,401.0,0.0
92888,1.0,1,64.0,1.0,0.0,0.0
92892,1.0,1,24.989999771118164,1.0,0.0,0.0
92894,2.0,1,129.9000015258789,1.0,0.0,0.0
92895,2.0,1,26.769999980926514,1.0,0.0,0.0
92901,2.0,1,247.93999862670896,1.0,0.0,0.0
92909,1.0,1,35.27000045776367,1.0,0.0,0.0
92912,4.0,1,369.9499969482422,1.0,0.0,0.0
92914,1.0,1,97.63999938964844,1.0,0.0,0.0
92917,1.0,1,24.0,1.0,0.0,0.0
92918,1.0,1,15.949999809265137,1.0,0.0,0.0
92921,2.0,1,53.0,1.0,0.0,0.0
92928,1.0,1,84.6500015258789,1.0,0.0,0.0
92930,1.0,1,98.0,1.0,0.0,0.0
92931,1.0,1,27.989999771118164,1.0,0.0,0.0
92932,1.0,1,45.9900016784668,1.0,0.0,0.0
92933,1.0,1,26.6299991607666,1.0,0.0,0.0
92935,1.0,1,55.0,1.0,0.0,0.0
92936,1.0,1,14.0,1.0,0.0,0.0
92938,1.0,1,49.5,1.0,0.0,0.0
92952,1.0,1,89.0,1.0,0.0,0.0
92954,1.0,1,100.0,1.0,0.0,0.0
92959,1.0,1,14.989999771118164,1.0,0.0,0.0
92961,2.0,1,35.40999984741211,1.0,0.0,0.0
92963,1.0,1,28.0,1.0,0.0,0.0
92970,2.0,1,139.4900016784668,1.0,0.0,0.0
92972,1.0,1,80.0,1.0,0.0,0.0
92973,2.0,1,43.94000053405762,1.0,0.0,0.0
92975,1.0,1,29.989999771118164,1.0,0.0,0.0
92976,2.0,1,190.98999977111816,1.0,0.0,0.0
92979,2.0,1,100.43999671936034,1.0,0.0,0.0
92984,1.0,1,54.0,1.0,0.0,0.0
92987,1.0,1,18.989999771118164,1.0,0.0,0.0
92988,1.0,1,279.0,1.0,0.0,0.0
92990,1.0,1,29.989999771118164,1.0,0.0,0.0
92996,1.0,2,92.49500274658203,1.0,104.0,0.0
93004,1.0,1,14.989999771118164,1.0,0.0,0.0
93012,2.0,1,241.11999511718747,1.0,0.0,0.0
93020,1.0,1,18.0,1.0,0.0,0.0
93021,3.0,1,76.2400016784668,1.0,0.0,0.0
93023,1.0,1,31.950000762939453,1.0,0.0,0.0
93025,3.0,1,107.3700008392334,1.0,0.0,0.0
93026,1.0,1,48.0,1.0,0.0,0.0
93028,1.0,1,41.9900016784668,1.0,0.0,0.0
93035,1.0,1,62.400001525878906,1.0,0.0,0.0
93036,4.0,1,358.5,1.0,0.0,0.0
93044,1.0,1,399.0,1.0,0.0,0.0
93046,1.0,1,88.0,1.0,0.0,0.0
93048,1.0,1,11.140000343322754,1.0,0.0,0.0
93054,1.0,1,39.9900016784668,1.0,0.0,0.0
93055,1.0,1,29.989999771118164,1.0,0.0,0.0
93065,1.0,1,24.5,1.0,0.0,0.0
93066,1.0,1,34.0,1.0,0.0,0.0
93069,1.0,1,68.87999725341797,1.0,0.0,0.0
93071,2.0,1,89.97000122070312,1.0,0.0,0.0
93080,1.0,2,39.20000076293945,1.0,206.0,0.0
93093,1.0,1,59.9900016784668,1.0,0.0,0.0
93097,2.0,1,69.94000053405762,1.0,0.0,0.0
93098,1.0,1,26.0,1.0,0.0,0.0
93101,1.5,2,87.29500007629395,1.0,482.0,0.0
93105,1.0,1,71.94999694824219,1.0,0.0,0.0
93111,1.0,1,79.5,1.0,0.0,0.0
93119,2.0,1,169.2900047302246,1.0,0.0,0.0
93125,2.0,1,170.9900016784668,1.0,0.0,0.0
93127,1.0,1,39.9900016784668,1.0,0.0,0.0
93130,1.0,1,9.970000267028809,1.0,0.0,0.0
93139,1.0,1,39.9900016784668,1.0,0.0,0.0
93140,1.5,2,61.81999969482422,1.0,176.0,0.0
93144,1.0,2,16.494999885559082,1.0,123.0,0.0
93146,2.0,1,68.48999977111816,1.0,0.0,0.0
93151,2.0,1,57.44000244140625,1.0,0.0,0.0
93158,1.0,1,10.489999771118164,1.0,0.0,0.0
93161,1.0,1,35.0,1.0,0.0,0.0
93165,1.0,1,48.0,1.0,0.0,0.0
93170,2.0,1,251.0,1.0,0.0,0.0
93172,1.0,2,60.045000076293945,1.0,36.0,0.0
93180,1.0,1,39.5,1.0,0.0,0.0
93183,1.0,2,32.4950008392334,1.0,390.0,0.0
93187,2.0,1,147.86000442504883,1.0,0.0,0.0
93192,1.0,1,39.5,1.0,0.0,0.0
93199,1.0,1,39.9900016784668,1.0,0.0,0.0
93212,1.0,1,13.0,1.0,0.0,0.0
93222,1.0,1,10.989999771118164,1.0,0.0,0.0
93227,1.0,1,92.61000061035156,1.0,0.0,0.0
93231,1.0,1,137.5,1.0,0.0,0.0
93239,2.0,1,847.5,1.0,0.0,0.0
93240,1.0,1,89.98999786376953,1.0,0.0,0.0
93241,1.0,1,60.0,1.0,0.0,0.0
93242,2.0,1,195.94000053405762,2.0,0.0,0.0
93247,1.0,1,13.0,1.0,0.0,0.0
93255,2.0,1,173.97999954223633,1.0,0.0,0.0
93259,1.0,1,34.880001068115234,1.0,0.0,0.0
93264,1.0,1,22.89999961853028,1.0,0.0,0.0
93266,1.0,1,19.989999771118164,1.0,0.0,0.0
93272,1.0,2,64.99499893188477,1.0,192.0,0.0
93275,1.0,1,32.849998474121094,1.0,0.0,0.0
93277,1.0,1,24.0,1.0,0.0,0.0
93281,1.0,1,59.5,1.0,0.0,0.0
93292,1.0,1,44.0,1.0,0.0,0.0
93294,1.0,1,54.450000762939446,1.0,0.0,0.0
93315,1.0,2,34.49000072479248,1.0,1038.0,0.0
93317,1.0,2,85.90999984741211,1.0,182.0,0.0
93322,2.0,1,219.4499969482422,1.0,0.0,0.0
93325,2.0,1,49.97999954223633,1.0,0.0,0.0
93327,1.0,1,78.0,1.0,0.0,0.0
93330,1.0,1,21.989999771118164,1.0,0.0,0.0
93334,1.0,1,29.989999771118164,1.0,0.0,0.0
93341,1.0,1,30.0,1.0,0.0,0.0
93344,2.0,1,69.90000009536743,1.0,0.0,0.0
93351,4.0,1,172.64999961853027,1.0,0.0,0.0
93353,1.0,2,33.56999969482422,1.0,308.0,0.0
93356,2.5,2,126.4499988555908,1.0,171.0,0.0
93359,1.0,1,44.900001525878906,1.0,0.0,0.0
93364,2.0,2,98.4800033569336,1.0,378.0,0.0
93365,4.0,1,236.98999977111816,1.0,0.0,0.0
93368,2.0,1,93.44999694824217,1.0,0.0,0.0
93371,1.0,1,8.989999771118164,1.0,0.0,0.0
93381,1.0,1,103.95999908447266,1.0,0.0,0.0
93382,1.5,2,75.47500038146973,1.0,1207.0,0.0
93383,1.0,1,25.0,1.0,0.0,0.0
93386,1.0,1,24.950000762939453,1.0,0.0,0.0
93393,1.0,1,19.950000762939453,1.0,0.0,0.0
93394,2.0,1,71.9900016784668,1.0,0.0,0.0
93395,1.0,1,69.0,1.0,0.0,0.0
93400,2.0,1,56.97999954223633,1.0,0.0,0.0
93411,1.0,1,120.0,1.0,0.0,0.0
93412,1.0,1,31.88999938964844,1.0,0.0,0.0
93420,2.6666666666666665,3,278.3100001017253,1.0,99.0,35.35533905932738
93427,1.0,1,154.0,1.0,0.0,0.0
93435,4.0,1,112.98000144958496,1.0,0.0,0.0
93439,1.0,1,39.950000762939446,1.0,0.0,0.0
93448,1.0,1,24.96999931335449,1.0,0.0,0.0
93451,1.0,1,8.0,1.0,0.0,0.0
93458,1.0,1,12.130000114440918,1.0,0.0,0.0
93460,2.0,1,138.18999862670898,1.0,0.0,0.0
93467,1.0,2,62.75,1.0,635.0,0.0
93469,1.5,2,23.019999504089355,1.0,491.0,0.0
93473,2.0,1,170.0,1.0,0.0,0.0
93474,1.0,1,59.0,1.0,0.0,0.0
93478,1.0,1,55.9900016784668,1.0,0.0,0.0
93479,4.0,1,209.12000274658203,1.0,0.0,0.0
93480,1.0,1,29.8799991607666,1.0,0.0,0.0
93481,1.0,1,23.63999938964844,1.0,0.0,0.0
93482,1.0,1,26.5,1.0,0.0,0.0
93489,1.0,2,51.6599998474121,1.0,247.0,0.0
93491,1.0,1,44.77999877929688,1.0,0.0,0.0
93496,1.0,1,250.0,1.0,0.0,0.0
93498,1.0,1,11.989999771118164,1.0,0.0,0.0
93508,1.0,1,39.5,1.0,0.0,0.0
93513,1.0,1,18.989999771118164,1.0,0.0,0.0
93517,1.0,1,106.0,1.0,0.0,0.0
93520,1.0,2,126.93999862670897,1.0,92.0,0.0
93521,1.0,1,31.989999771118164,1.0,0.0,0.0
93527,1.0,1,34.84000015258789,1.0,0.0,0.0
93528,1.0,1,52.97999954223633,1.0,0.0,0.0
93529,1.0,1,36.950000762939446,1.0,0.0,0.0
93532,1.0,1,50.0,1.0,0.0,0.0
93534,1.0,1,34.52000045776367,1.0,0.0,0.0
93544,3.0,1,99.5,1.0,0.0,0.0
93547,1.0,1,8.489999771118164,1.0,0.0,0.0
93552,2.0,1,87.13000106811523,1.0,0.0,0.0
93556,2.0,1,54.77000141143799,1.0,0.0,0.0
93558,1.0,1,35.34000015258789,1.0,0.0,0.0
93559,1.0,1,36.0,1.0,0.0,0.0
93581,1.0,1,61.0,1.0,0.0,0.0
93582,1.0,1,8.989999771118164,1.0,0.0,0.0
93583,1.0,1,295.0,1.0,0.0,0.0
93586,1.0,1,25.0,1.0,0.0,0.0
93590,1.0,1,68.0,1.0,0.0,0.0
93593,2.0,1,37.90999984741211,1.0,0.0,0.0
93597,2.0,1,212.98999977111816,1.0,0.0,0.0
93602,1.0,1,115.0,1.0,0.0,0.0
93607,1.0,1,139.99000549316406,1.0,0.0,0.0
93610,1.0,1,78.0,1.0,0.0,0.0
93611,1.0,1,105.9499969482422,1.0,0.0,0.0
93620,1.0,1,25.0,1.0,0.0,0.0
93625,1.0,1,36.97999954223633,1.0,0.0,0.0
93627,1.0,1,7.460000038146973,1.0,0.0,0.0
93628,2.5,2,133.42999935150146,1.0,798.0,0.0
93634,1.0,1,13.970000267028809,1.0,0.0,0.0
93635,3.0,1,319.5,1.0,0.0,0.0
93637,1.0,1,14.989999771118164,1.0,0.0,0.0
93645,1.0,1,18.950000762939453,1.0,0.0,0.0
93652,1.0,1,59.5,1.0,0.0,0.0
93657,2.0,1,444.9499969482422,1.0,0.0,0.0
93659,1.0,1,43.7599983215332,1.0,0.0,0.0
93670,1.0,1,37.9900016784668,1.0,0.0,0.0
93675,1.0,1,14.989999771118164,1.0,0.0,0.0
93678,1.0,1,28.0,1.0,0.0,0.0
93680,2.0,1,77.17999839782715,1.0,0.0,0.0
93681,1.0,1,36.950000762939446,1.0,0.0,0.0
93682,1.0,1,100.0,1.0,0.0,0.0
93687,1.0,1,45.9900016784668,1.0,0.0,0.0
93694,2.0,1,58.97999954223633,1.0,0.0,0.0
93695,1.0,1,25.0,1.0,0.0,0.0
93697,1.0,1,62.9900016784668,1.0,0.0,0.0
93701,1.0,1,84.98999786376953,1.0,0.0,0.0
93703,2.0,1,215.5,1.0,0.0,0.0
93705,2.0,1,83.68000030517578,1.0,0.0,0.0
93710,1.0,1,25.0,1.0,0.0,0.0
93711,2.0,3,30.21999994913737,1.0,135.5,26.16295090390226
93716,4.0,1,189.80000019073486,1.0,0.0,0.0
93717,1.0,1,9.989999771118164,1.0,0.0,0.0
93718,1.0,1,9.989999771118164,1.0,0.0,0.0
93720,3.0,2,358.6200008392334,1.0,43.0,0.0
93722,1.0,1,148.0,1.0,0.0,0.0
93725,1.0,1,12.75,1.0,0.0,0.0
93726,1.0,1,60.79999923706056,1.0,0.0,0.0
93731,1.0,2,93.4749984741211,1.0,960.0,0.0
93742,1.0,1,12.0,1.0,0.0,0.0
93747,1.0,1,25.0,1.0,0.0,0.0
93748,1.5,2,123.95000076293945,1.0,52.0,0.0
93750,1.0,1,48.0,1.0,0.0,0.0
93752,1.0,1,239.0,1.0,0.0,0.0
93757,1.0,1,74.0,1.0,0.0,0.0
93758,1.0,1,18.96999931335449,1.0,0.0,0.0
93761,1.0,1,115.98999786376952,1.0,0.0,0.0
93764,3.0,2,222.81000137329102,1.0,792.0,0.0
93766,1.0,1,30.709999084472656,1.0,0.0,0.0
93767,1.0,1,167.5,1.0,0.0,0.0
93769,2.0,1,118.0,1.0,0.0,0.0
93773,2.0,1,180.0,1.0,0.0,0.0
93776,1.0,1,77.98999786376953,1.0,0.0,0.0
93783,1.0,1,80.0,1.0,0.0,0.0
93792,3.0,1,207.1199951171875,1.0,0.0,0.0
93797,1.0,2,45.57000017166138,1.0,544.0,0.0
93801,1.0,1,40.56999969482422,1.0,0.0,0.0
93805,1.0,1,33.0,1.0,0.0,0.0
93806,1.0,1,38.0,1.0,0.0,0.0
93808,1.0,1,10.359999656677246,1.0,0.0,0.0
93809,1.5,2,102.4900016784668,1.0,1302.0,0.0
93811,1.0,1,32.0,1.0,0.0,0.0
93812,2.0,1,54.889999389648445,1.0,0.0,0.0
93816,1.5,2,268.46999979019165,1.0,713.0,0.0
93820,2.5,2,182.14499950408936,1.0,616.0,0.0
93828,1.5,2,65.99000072479248,1.0,276.0,0.0
93832,2.0,1,84.0,1.0,0.0,0.0
93839,2.0,1,155.98000526428223,1.0,0.0,0.0
93842,4.0,1,238.97999954223633,1.0,0.0,0.0
93843,2.5,2,83.86000204086304,1.0,594.0,0.0
93844,1.0,1,63.0,1.0,0.0,0.0
93851,2.0,1,52.350000381469734,1.0,0.0,0.0
93852,1.0,1,33.47999954223633,1.0,0.0,0.0
93854,1.0,1,24.5,1.0,0.0,0.0
93857,1.0,2,59.4950008392334,1.0,1541.0,0.0
93862,1.0,1,50.9900016784668,1.0,0.0,0.0
93864,1.0,1,96.0,1.0,0.0,0.0
93870,1.0,1,148.0,1.0,0.0,0.0
93873,1.0,1,45.0,1.0,0.0,0.0
93874,2.0,1,89.86000061035156,1.0,0.0,0.0
93877,1.0,1,25.0,1.0,0.0,0.0
93886,1.0,1,25.0,1.0,0.0,0.0
93889,1.5,2,82.46999740600586,1.0,386.0,0.0
93892,1.0,1,159.9499969482422,1.0,0.0,0.0
93899,2.0,1,117.5,1.0,0.0,0.0
93902,2.0,1,74.59000015258789,1.0,0.0,0.0
93903,2.0,1,135.95000076293945,1.0,0.0,0.0
93906,1.0,1,109.98999786376952,1.0,0.0,0.0
93914,4.0,1,260.95000076293945,1.0,0.0,0.0
93916,1.0,1,16.25,1.0,0.0,0.0
93918,2.0,1,45.96999931335449,1.0,0.0,0.0
93919,1.0,1,75.62999725341797,1.0,0.0,0.0
93927,2.0,1,188.0,1.0,0.0,0.0
93930,1.0,2,127.16500091552734,1.0,407.0,0.0
93935,1.0,1,33.9900016784668,1.0,0.0,0.0
93939,1.0,1,48.97999954223633,1.0,0.0,0.0
93940,1.0,1,37.720001220703125,1.0,0.0,0.0
93941,1.0,1,188.0,1.0,0.0,0.0
93948,1.0,1,24.0,1.0,0.0,0.0
93952,1.0,2,73.36499977111816,1.0,246.0,0.0
93953,4.0,1,194.5,1.0,0.0,0.0
93957,1.0,1,74.98999786376953,1.0,0.0,0.0
93959,1.0,1,29.989999771118164,1.0,0.0,0.0
93966,1.0,1,54.0,1.0,0.0,0.0
93977,1.0,1,59.5,1.0,0.0,0.0
93982,1.0,2,17.489999771118164,1.0,963.0,0.0
93984,1.0,1,25.950000762939453,1.0,0.0,0.0
93985,3.0,1,311.99000000953674,1.0,0.0,0.0
93989,1.0,2,30.9950008392334,1.0,385.0,0.0
93997,2.0,1,77.39999961853027,1.0,0.0,0.0
94001,2.0,1,70.98999977111816,1.0,0.0,0.0
94005,1.0,1,152.0,1.0,0.0,0.0
94012,1.6666666666666667,3,57.06000010172526,1.0,207.5,180.31222920256963
94013,2.0,1,37.74000072479248,1.0,0.0,0.0
94015,2.5,2,140.99499988555908,1.0,1131.0,0.0
94022,1.0,1,54.930000305175774,1.0,0.0,0.0
94026,2.0,1,241.95999908447266,1.0,0.0,0.0
94028,2.0,1,185.81999969482422,1.0,0.0,0.0
94032,1.0,2,44.5,1.0,402.0,0.0
94034,1.0,1,15.279999732971191,1.0,0.0,0.0
94036,1.0,1,119.98999786376952,1.0,0.0,0.0
94037,1.0,1,14.979999542236328,1.0,0.0,0.0
94039,1.0,1,42.9900016784668,1.0,0.0,0.0
94041,1.5,2,54.07499980926514,1.0,441.0,0.0
94045,1.0,1,133.49000549316406,1.0,0.0,0.0
94053,1.0,1,60.0,1.0,0.0,0.0
94054,1.0,1,23.479999542236328,1.0,0.0,0.0
94055,4.0,1,186.90999794006348,1.0,0.0,0.0
94072,1.0,1,53.9900016784668,1.0,0.0,0.0
94077,3.0,1,104.19000053405762,1.0,0.0,0.0
94079,1.0,1,29.989999771118164,1.0,0.0,0.0
94081,1.0,1,99.98999786376952,1.0,0.0,0.0
94083,2.0,1,263.60999965667725,1.0,0.0,0.0
94084,1.0,1,8.5,1.0,0.0,0.0
94085,1.0,1,45.9900016784668,1.0,0.0,0.0
94091,1.0,2,23.429999828338623,1.0,963.0,0.0
94107,3.0,1,124.98999977111816,1.0,0.0,0.0
94108,1.0,1,22.0,1.0,0.0,0.0
94117,4.0,1,169.92999935150146,1.0,0.0,0.0
94120,4.0,1,152.54000091552734,1.0,0.0,0.0
94121,1.0,1,18.989999771118164,1.0,0.0,0.0
94122,1.0,1,30.0,1.0,0.0,0.0
94131,1.0,1,69.5,1.0,0.0,0.0
94140,1.0,1,82.0,1.0,0.0,0.0
94141,1.0,1,57.97999954223633,1.0,0.0,0.0
94142,1.0,1,201.94999694824216,1.0,0.0,0.0
94143,1.0,1,21.989999771118164,1.0,0.0,0.0
94151,3.0,1,138.91000175476074,1.0,0.0,0.0
94153,1.5,2,55.72500038146973,1.0,428.0,0.0
94155,1.0,1,19.989999771118164,1.0,0.0,0.0
94162,1.0,1,199.66000366210932,1.0,0.0,0.0
94164,2.0,1,220.82999992370605,1.0,0.0,0.0
94167,1.0,1,105.0,1.0,0.0,0.0
94168,4.0,1,119.1800012588501,1.0,0.0,0.0
94172,1.0,1,12.5,1.0,0.0,0.0
94176,4.0,1,108.69000053405762,1.0,0.0,0.0
94177,4.0,1,231.79000282287598,1.0,0.0,0.0
94182,4.0,2,93.78499984741211,1.0,591.0,0.0
94187,3.0,1,101.89000129699707,1.0,0.0,0.0
94189,4.0,1,269.00000190734863,1.0,0.0,0.0
94192,1.0,1,10.989999771118164,1.0,0.0,0.0
94193,1.0,1,35.79999923706055,1.0,0.0,0.0
94201,1.0,1,68.0,1.0,0.0,0.0
94202,1.0,1,50.0,1.0,0.0,0.0
94207,2.0,1,118.94999694824216,1.0,0.0,0.0
94217,1.0,1,30.0,1.0,0.0,0.0
94220,1.0,1,15.0,1.0,0.0,0.0
94222,2.0,1,119.97000122070312,1.0,0.0,0.0
94224,1.0,1,78.62000274658203,1.0,0.0,0.0
94225,3.0,1,196.25,1.0,0.0,0.0
94229,1.0,1,49.9900016784668,1.0,0.0,0.0
94231,1.0,1,32.9900016784668,1.0,0.0,0.0
94233,2.0,1,60.95000076293945,1.0,0.0,0.0
94238,1.0,1,40.02000045776367,1.0,0.0,0.0
94239,1.0,1,146.0,1.0,0.0,0.0
94243,1.0,1,21.450000762939453,1.0,0.0,0.0
94247,1.0,1,123.94000244140624,1.0,0.0,0.0
94248,1.0,1,105.26000213623048,1.0,0.0,0.0
94251,1.0,1,37.720001220703125,1.0,0.0,0.0
94252,2.0,1,221.8600006103516,1.0,0.0,0.0
94257,4.0,1,79.95999908447266,1.0,0.0,0.0
94260,1.0,1,44.0,1.0,0.0,0.0
94261,2.0,2,146.97000122070312,1.0,1936.0,0.0
94269,1.0,1,39.5,1.0,0.0,0.0
94273,1.0,1,24.93000030517578,1.0,0.0,0.0
94278,1.0,1,28.0,1.0,0.0,0.0
94282,1.0,1,15.720000267028809,1.0,0.0,0.0
94283,1.0,1,71.44000244140625,1.0,0.0,0.0
94287,1.0,1,67.98999786376953,1.0,0.0,0.0
94295,1.0,1,25.0,1.0,0.0,0.0
94296,4.0,1,223.63999938964844,1.0,0.0,0.0
94297,1.0,1,19.989999771118164,1.0,0.0,0.0
94301,1.0,1,36.9900016784668,1.0,0.0,0.0
94302,1.0,1,98.75,1.0,0.0,0.0
94318,1.0,1,102.5,1.0,0.0,0.0
94319,1.0,1,98.0,1.0,0.0,0.0
94321,1.0,2,401.0,1.0,70.0,0.0
94323,1.0,1,39.5,1.0,0.0,0.0
94325,1.0,1,8.760000228881836,1.0,0.0,0.0
94327,1.0,1,47.9900016784668,1.0,0.0,0.0
94330,1.0,1,14.989999771118164,1.0,0.0,0.0
94331,1.0,1,119.98999786376952,1.0,0.0,0.0
94336,1.0,1,25.0,1.0,0.0,0.0
94338,2.5,2,130.49499893188477,1.0,328.0,0.0
94339,1.0,1,6.96999979019165,1.0,0.0,0.0
94346,1.0,1,34.650001525878906,1.0,0.0,0.0
94349,1.0,1,17.799999237060547,1.0,0.0,0.0
94351,1.0,1,119.5,1.0,0.0,0.0
94354,1.0,1,87.0,1.0,0.0,0.0
94358,1.0,1,69.0,1.0,0.0,0.0
94368,1.0,1,59.0,1.0,0.0,0.0
94377,1.0,1,38.29999923706056,1.0,0.0,0.0
94381,2.0,2,121.99499988555908,1.0,688.0,0.0
94383,1.0,1,4.949999809265137,1.0,0.0,0.0
94393,2.0,1,36.9699993133545,1.0,0.0,0.0
94395,2.0,1,81.9800033569336,1.0,0.0,0.0
94403,4.0,1,286.1000003814697,1.0,0.0,0.0
94405,1.0,1,21.89999961853028,1.0,0.0,0.0
94422,1.0,1,79.44999694824217,1.0,0.0,0.0
94425,1.0,1,126.0,1.0,0.0,0.0
94427,1.0,1,10.369999885559082,1.0,0.0,0.0
94432,1.0,1,46.0,1.0,0.0,0.0
94438,1.0,1,29.989999771118164,1.0,0.0,0.0
94440,1.0,1,12.960000038146973,1.0,0.0,0.0
94449,1.0,1,25.0,1.0,0.0,0.0
94453,2.0,1,47.71000003814697,1.0,0.0,0.0
94454,1.0,1,16.989999771118164,1.0,0.0,0.0
94458,1.0,1,15.0,1.0,0.0,0.0
94462,1.0,1,96.0,1.0,0.0,0.0
94463,1.0,1,25.600000381469727,1.0,0.0,0.0
94467,1.0,1,54.9900016784668,1.0,0.0,0.0
94468,1.0,1,99.0,1.0,0.0,0.0
94469,2.0,1,536.0,1.0,0.0,0.0
94471,1.0,1,39.97999954223633,1.0,0.0,0.0
94475,1.0,1,45.0,1.0,0.0,0.0
94477,1.0,3,59.32333246866862,1.0,287.5,37.476659402887016
94481,1.0,1,34.9900016784668,1.0,0.0,0.0
94487,1.0,1,47.9900016784668,1.0,0.0,0.0
94490,1.0,1,12.760000228881836,1.0,0.0,0.0
94491,1.0,2,27.994999885559082,1.0,109.0,0.0
94493,1.0,1,160.0,1.0,0.0,0.0
94497,3.0,1,116.93999862670898,1.0,0.0,0.0
94502,1.0,1,171.0,1.0,0.0,0.0
94504,3.0,1,194.0,1.0,0.0,0.0
94506,2.0,1,70.72000026702881,1.0,0.0,0.0
94507,1.0,1,95.0,1.0,0.0,0.0
94510,1.0,1,37.9900016784668,1.0,0.0,0.0
94513,3.0,1,89.98000144958496,1.0,0.0,0.0
94515,2.0,1,46.489999771118164,1.0,0.0,0.0
94526,2.0,1,212.5,1.0,0.0,0.0
94530,1.0,1,79.98999786376953,1.0,0.0,0.0
94542,2.0,1,65.79999923706056,1.0,0.0,0.0
94544,1.0,1,15.989999771118164,1.0,0.0,0.0
94545,1.0,1,19.5,1.0,0.0,0.0
94548,1.0,1,59.5,1.0,0.0,0.0
94551,3.0,1,83.40000057220459,1.0,0.0,0.0
94553,1.0,1,55.5,1.0,0.0,0.0
94558,2.0,2,147.46999835968018,1.0,609.0,0.0
94560,1.0,1,84.94999694824217,1.0,0.0,0.0
94564,1.0,1,44.950000762939446,1.0,0.0,0.0
94566,4.0,1,88.67000007629395,1.0,0.0,0.0
94571,1.0,1,18.299999237060547,1.0,0.0,0.0
94576,1.0,1,24.989999771118164,1.0,0.0,0.0
94580,1.0,1,43.7400016784668,1.0,0.0,0.0
94584,1.0,1,22.96999931335449,1.0,0.0,0.0
94587,1.5,2,203.9399995803833,1.0,248.0,0.0
94589,1.0,1,108.0,1.0,0.0,0.0
94597,1.0,1,59.0,1.0,0.0,0.0
94604,3.0,1,149.97000122070312,1.0,0.0,0.0
94609,1.0,1,30.540000915527344,1.0,0.0,0.0
94610,3.0,1,51.44000053405762,1.0,0.0,0.0
94611,1.0,1,23.989999771118164,1.0,0.0,0.0
94615,1.0,1,239.91000366210932,1.0,0.0,0.0
94616,2.0,1,99.4900016784668,1.0,0.0,0.0
94624,1.3333333333333333,3,45.603333155314125,1.0,163.5,14.849242404917497
94625,1.0,1,87.94999694824217,1.0,0.0,0.0
94633,1.0,1,63.0,1.0,0.0,0.0
94644,2.0,1,89.43999671936034,1.0,0.0,0.0
94645,1.0,1,26.64999961853028,1.0,0.0,0.0
94651,2.5,2,144.73999977111816,1.0,122.0,0.0
94652,3.0,1,117.54999923706055,1.0,0.0,0.0
94657,1.0,1,6.369999885559082,1.0,0.0,0.0
94668,1.0,1,95.0,1.0,0.0,0.0
94672,1.0,1,5.989999771118164,1.0,0.0,0.0
94673,2.5,2,122.64999961853027,1.0,41.0,0.0
94676,1.0,1,62.0,1.0,0.0,0.0
94677,2.0,1,71.0,1.0,0.0,0.0
94678,1.0,1,22.5,1.0,0.0,0.0
94685,1.0,1,53.970001220703125,1.0,0.0,0.0
94687,2.0,1,80.5,1.0,0.0,0.0
94697,1.0,1,50.0,1.0,0.0,0.0
94704,1.5,2,64.46999835968018,1.0,92.0,0.0
94710,1.0,1,28.950000762939453,1.0,0.0,0.0
94715,3.0,1,221.95000076293945,1.0,0.0,0.0
94718,1.0,1,45.4900016784668,1.0,0.0,0.0
94719,1.0,1,46.9900016784668,1.0,0.0,0.0
94720,4.0,1,258.6099967956543,1.0,0.0,0.0
94731,1.0,1,77.0,1.0,0.0,0.0
94732,2.0,1,179.4699993133545,1.0,0.0,0.0
94733,3.0,1,148.11999893188477,1.0,0.0,0.0
94738,1.0,1,132.0,1.0,0.0,0.0
94741,2.0,1,170.95000076293945,1.0,0.0,0.0
94744,1.5,2,53.519999980926514,1.0,128.0,0.0
94747,1.0,1,29.950000762939453,1.0,0.0,0.0
94751,3.0,1,118.64999961853027,1.0,0.0,0.0
94753,1.0,1,20.0,1.0,0.0,0.0
94756,1.0,2,109.99500274658203,1.0,1645.0,0.0
94757,1.0,1,119.0,1.0,0.0,0.0
94761,2.0,1,102.0,1.0,0.0,0.0
94763,1.0,1,7.949999809265136,1.0,0.0,0.0
94764,1.0,1,99.5199966430664,1.0,0.0,0.0
94770,1.0,1,38.0,1.0,0.0,0.0
94775,1.0,1,465.0,1.0,0.0,0.0
94778,2.0,1,83.55000019073486,1.0,0.0,0.0
94783,1.0,1,88.0,1.0,0.0,0.0
94784,1.0,1,9.119999885559082,1.0,0.0,0.0
94787,1.0,1,7.989999771118163,1.0,0.0,0.0
94792,4.0,1,198.9799976348877,1.0,0.0,0.0
94797,1.0,2,19.445000171661377,1.0,165.0,0.0
94808,1.0,1,32.9900016784668,1.0,0.0,0.0
94813,3.0,1,89.39000034332275,1.0,0.0,0.0
94818,3.0,1,146.07999992370605,1.0,0.0,0.0
94821,3.0,1,261.0999984741211,1.0,0.0,0.0
94825,1.0,1,29.989999771118164,1.0,0.0,0.0
94826,1.0,1,126.2300033569336,1.0,0.0,0.0
94827,2.0,1,48.709999084472656,1.0,0.0,0.0
94828,1.0,1,129.97999572753906,1.0,0.0,0.0
94837,2.0,1,46.94000053405762,1.0,0.0,0.0
94840,2.0,1,51.98000144958496,1.0,0.0,0.0
94843,1.0,1,62.0,1.0,0.0,0.0
94848,1.0,1,6.4099998474121085,1.0,0.0,0.0
94849,2.0,1,180.0,1.0,0.0,0.0
94851,1.5,2,130.94999885559082,1.0,364.0,0.0
94854,1.0,1,74.33999633789062,1.0,0.0,0.0
94860,1.0,1,49.5,1.0,0.0,0.0
94864,1.0,1,28.979999542236328,1.0,0.0,0.0
94874,1.0,1,34.40999984741211,1.0,0.0,0.0
94877,1.0,2,34.07499980926514,1.0,319.0,0.0
94884,1.0,1,20.989999771118164,1.0,0.0,0.0
94895,2.0,1,49.989999771118164,1.0,0.0,0.0
94897,1.0,1,89.5,1.0,0.0,0.0
94909,1.0,1,39.900001525878906,1.0,0.0,0.0
94911,1.0,1,57.9900016784668,1.0,0.0,0.0
94914,1.0,1,29.989999771118164,1.0,0.0,0.0
94916,1.0,1,14.949999809265137,1.0,0.0,0.0
94917,2.0,1,50.60000038146973,1.0,0.0,0.0
94919,1.0,2,17.214999675750732,1.0,828.0,0.0
94922,1.0,1,18.989999771118164,1.0,0.0,0.0
94926,1.0,1,148.0,1.0,0.0,0.0
94927,2.0,1,60.35000228881836,1.0,0.0,0.0
94929,1.0,1,29.950000762939453,1.0,0.0,0.0
94930,1.0,1,34.95000076293945,1.0,0.0,0.0
94932,3.0,1,152.0,1.0,0.0,0.0
94933,1.0,1,44.79999923706056,1.0,0.0,0.0
94942,2.0,1,23.0,1.0,0.0,0.0
94946,1.0,1,51.950000762939446,1.0,0.0,0.0
94954,1.0,1,25.5,1.0,0.0,0.0
94960,1.0,1,65.0,1.0,0.0,0.0
94961,2.0,1,144.6900053024292,1.0,0.0,0.0
94965,2.0,1,56.079999923706055,1.0,0.0,0.0
94972,1.0,1,79.98999786376953,1.0,0.0,0.0
94974,1.0,1,25.5,1.0,0.0,0.0
94982,2.0,1,308.61000061035156,1.0,0.0,0.0
94983,1.5,2,71.31500053405762,1.0,166.0,0.0
94984,1.0,2,56.994998931884766,1.0,568.0,0.0
94993,1.0,1,29.989999771118164,1.0,0.0,0.0
94994,1.6666666666666667,3,119.6433334350586,1.0,196.5,231.22391744800103
94996,1.0,1,42.9900016784668,1.0,0.0,0.0
94997,4.0,1,61.47999954223633,1.0,0.0,0.0
94999,1.5,2,32.53000068664551,1.0,53.0,0.0
95005,1.0,1,49.9900016784668,1.0,0.0,0.0
95013,3.0,1,448.5,1.0,0.0,0.0
95016,1.0,1,68.0,1.0,0.0,0.0
95019,1.0,2,32.64499950408936,1.0,1064.0,0.0
95020,2.0,1,59.90000057220458,1.0,0.0,0.0
95030,1.0,1,69.0,1.0,0.0,0.0
95032,1.0,1,12.0,1.0,0.0,0.0
95033,1.0,1,25.0,1.0,0.0,0.0
95035,1.0,1,9.489999771118164,1.0,0.0,0.0
95038,1.0,1,134.99000549316406,1.0,0.0,0.0
95042,1.0,1,21.0,1.0,0.0,0.0
95046,1.0,1,36.9900016784668,1.0,0.0,0.0
95048,1.0,1,63.0,1.0,0.0,0.0
95049,1.0,1,29.989999771118164,1.0,0.0,0.0
95050,2.0,1,242.95000076293945,1.0,0.0,0.0
95052,2.0,1,33.989999771118164,1.0,0.0,0.0
95054,3.0,1,161.06999969482422,1.0,0.0,0.0
95060,2.0,1,312.54999923706055,1.0,0.0,0.0
95062,2.0,1,57.64999961853027,1.0,0.0,0.0
95074,1.0,1,19.989999771118164,1.0,0.0,0.0
95083,1.0,1,32.0,1.0,0.0,0.0
95084,1.0,1,52.950000762939446,1.0,0.0,0.0
95090,1.0,1,189.9900054931641,1.0,0.0,0.0
95092,1.0,1,14.989999771118164,1.0,0.0,0.0
95096,2.0,1,164.74999618530276,1.0,0.0,0.0
95100,1.0,1,9.989999771118164,1.0,0.0,0.0
95112,2.0,1,43.89999961853028,1.0,0.0,0.0
95117,2.0,1,86.88000106811523,1.0,0.0,0.0
95119,2.0,1,61.3799991607666,1.0,0.0,0.0
95120,1.0,1,16.0,1.0,0.0,0.0
95123,3.0,1,150.8499984741211,1.0,0.0,0.0
95125,1.0,1,41.209999084472656,1.0,0.0,0.0
95126,1.0,1,72.0,1.0,0.0,0.0
95133,1.0,1,19.989999771118164,1.0,0.0,0.0
95134,1.0,1,35.0,1.0,0.0,0.0
95135,1.0,1,34.9900016784668,1.0,0.0,0.0
95136,1.5,2,86.93500232696533,1.0,39.0,0.0
95137,1.0,1,20.479999542236328,1.0,0.0,0.0
95138,2.0,1,240.0,1.0,0.0,0.0
95139,1.0,1,159.0,1.0,0.0,0.0
95140,1.0,1,44.0,1.0,0.0,0.0
95141,1.0,2,70.96999835968018,1.0,266.0,0.0
95146,1.0,1,148.0,1.0,0.0,0.0
95147,1.0,1,22.950000762939453,1.0,0.0,0.0
95154,1.0,1,33.0,1.0,0.0,0.0
95156,1.0,2,39.3700008392334,1.0,327.0,0.0
95161,1.0,1,68.0,1.0,0.0,0.0
95165,1.0,1,49.950000762939446,1.0,0.0,0.0
95170,1.0,1,15.0,1.0,0.0,0.0
95177,2.0,1,62.130001068115234,1.0,0.0,0.0
95179,1.0,1,166.0,1.0,0.0,0.0
95184,1.0,1,113.40000152587892,1.0,0.0,0.0
95187,1.0,1,29.989999771118164,1.0,0.0,0.0
95190,2.0,1,63.94000053405761,1.0,0.0,0.0
95191,2.0,1,164.89999389648435,1.0,0.0,0.0
95194,1.0,1,33.849998474121094,1.0,0.0,0.0
95197,1.0,1,42.9900016784668,1.0,0.0,0.0
95203,1.0,1,43.9900016784668,1.0,0.0,0.0
95208,1.5,2,51.730000019073486,1.0,587.0,0.0
95222,3.0,1,141.93999671936035,1.0,0.0,0.0
95226,2.0,2,106.75,1.0,620.0,0.0
95227,2.0,1,114.9900016784668,1.0,0.0,0.0
95231,1.0,1,119.0,1.0,0.0,0.0
95233,1.0,1,49.5,1.0,0.0,0.0
95236,1.0,1,68.0,1.0,0.0,0.0
95240,1.0,1,150.75,1.0,0.0,0.0
95252,1.0,1,40.0,1.0,0.0,0.0
95256,1.0,1,52.0,1.0,0.0,0.0
95258,1.0,1,63.950000762939446,1.0,0.0,0.0
95259,1.0,1,69.44999694824219,1.0,0.0,0.0
95262,1.0,1,98.0,1.0,0.0,0.0
95265,1.0,2,46.61999988555908,1.0,41.0,0.0
95266,1.0,1,25.0,1.0,0.0,0.0
95267,2.0,1,239.0,1.0,0.0,0.0
95268,1.0,1,50.0,1.0,0.0,0.0
95276,4.0,1,225.48999404907224,1.0,0.0,0.0
95279,1.0,1,40.540000915527344,1.0,0.0,0.0
95281,1.0,1,48.0,1.0,0.0,0.0
95282,1.0,1,68.0,1.0,0.0,0.0
95293,4.0,1,126.79999637603758,1.0,0.0,0.0
95294,1.0,1,1.820000052452088,1.0,0.0,0.0
95295,1.0,1,72.0,1.0,0.0,0.0
95296,1.0,2,67.44500064849854,1.5,679.0,957.4225817265853
95302,1.0,1,42.9900016784668,1.0,0.0,0.0
95312,2.0,1,70.0,1.0,0.0,0.0
95321,2.0,1,222.0,1.0,0.0,0.0
95327,1.0,1,25.0,1.0,0.0,0.0
95329,1.0,1,158.3300018310547,1.0,0.0,0.0
95333,1.0,1,68.0,1.0,0.0,0.0
95336,1.0,1,75.98999786376953,1.0,0.0,0.0
95344,1.0,1,30.0,1.0,0.0,0.0
95351,1.0,1,60.0,1.0,0.0,0.0
95352,1.0,1,27.0,1.0,0.0,0.0
95356,1.0,1,30.88999938964844,1.0,0.0,0.0
95357,3.0,2,124.39499855041504,1.0,1208.0,0.0
95358,1.5,2,86.74499988555908,1.0,444.0,0.0
95364,2.0,1,88.92999982833862,1.0,0.0,0.0
95366,2.0,1,174.0,1.0,0.0,0.0
95372,1.0,1,12.0,1.0,0.0,0.0
95373,1.0,1,39.9900016784668,1.0,0.0,0.0
95375,4.0,1,195.92000007629395,1.0,0.0,0.0
95380,2.0,1,77.98000144958496,1.0,0.0,0.0
95393,1.0,1,25.0,1.0,0.0,0.0
95400,1.0,2,47.4950008392334,1.0,196.0,0.0
95403,2.0,1,106.48999977111816,1.0,0.0,0.0
95410,1.0,2,77.22499847412108,1.0,434.0,0.0
95413,1.0,1,79.0,1.0,0.0,0.0
95417,1.0,1,59.9900016784668,1.0,0.0,0.0
95419,3.0,1,94.25,1.0,0.0,0.0
95421,1.0,1,32.9900016784668,1.0,0.0,0.0
95426,1.0,1,19.989999771118164,1.0,0.0,0.0
95429,1.0,1,49.9099998474121,1.0,0.0,0.0
95430,2.0,1,126.95999717712401,1.0,0.0,0.0
95438,2.0,1,83.0,1.0,0.0,0.0
95439,1.0,1,39.7599983215332,1.0,0.0,0.0
95441,4.0,1,419.89000701904297,1.0,0.0,0.0
95443,2.5,2,183.6349983215332,1.0,97.0,0.0
95444,1.0,1,34.0,1.0,0.0,0.0
95445,1.0,1,7.949999809265136,1.0,0.0,0.0
95447,1.0,1,56.9900016784668,1.0,0.0,0.0
95450,1.0,1,11.489999771118164,1.0,0.0,0.0
95452,1.0,1,73.5,1.0,0.0,0.0
95453,1.0,1,96.0,1.0,0.0,0.0
95454,1.0,1,34.9900016784668,1.0,0.0,0.0
95464,1.0,1,16.989999771118164,1.0,0.0,0.0
95470,1.0,1,28.0,1.0,0.0,0.0
95475,2.0,1,77.45000076293945,1.0,0.0,0.0
95481,2.0,1,155.95000076293945,2.0,18.0,0.0
95482,1.0,1,25.0,1.0,0.0,0.0
95483,1.0,1,13.119999885559082,1.0,0.0,0.0
95496,1.0,1,18.950000762939453,1.0,0.0,0.0
95498,2.0,1,51.739999771118164,1.0,0.0,0.0
95499,3.0,1,98.6200008392334,1.0,0.0,0.0
95508,1.0,1,39.950000762939446,1.0,0.0,0.0
95511,1.0,1,19.989999771118164,1.0,0.0,0.0
95517,3.0,1,715.7999992370605,1.0,0.0,0.0
95519,1.0,1,24.950000762939453,1.0,0.0,0.0
95520,1.0,1,15.489999771118164,1.0,0.0,0.0
95526,1.0,1,13.720000267028809,1.0,0.0,0.0
95535,2.0,1,111.98999786376953,1.0,0.0,0.0
95540,1.0,1,85.0,1.0,0.0,0.0
95548,3.0,1,404.6699905395508,1.0,0.0,0.0
95553,1.0,1,25.0,1.0,0.0,0.0
95556,4.0,1,86.27999949455261,1.0,0.0,0.0
95557,1.0,1,37.950000762939446,1.0,0.0,0.0
95558,1.0,1,34.9900016784668,1.0,0.0,0.0
95563,1.0,1,25.0,1.0,0.0,0.0
95567,2.0,1,77.0,1.0,0.0,0.0
95570,2.0,1,84.39000129699707,1.0,0.0,0.0
95571,1.0,1,25.459999084472656,1.0,0.0,0.0
95575,1.0,1,129.99000549316406,1.0,0.0,0.0
95578,1.0,1,29.979999542236328,1.0,0.0,0.0
95582,1.0,1,169.5,1.0,0.0,0.0
95584,1.0,1,15.989999771118164,1.0,0.0,0.0
95593,1.5,2,26.11500072479248,1.0,2105.0,0.0
95597,1.0,1,38.59000015258789,1.0,0.0,0.0
95600,1.5,2,154.0,1.0,701.0,0.0
95609,2.0,1,79.98000144958496,1.0,0.0,0.0
95610,2.0,1,46.989999771118164,1.0,0.0,0.0
95611,3.0,1,266.98000717163086,1.0,0.0,0.0
95614,1.5,2,81.83500099182129,1.0,91.0,0.0
95624,1.0,1,2.990000009536743,1.0,0.0,0.0
95625,1.0,1,8.5,1.0,0.0,0.0
95626,1.0,1,24.989999771118164,1.0,0.0,0.0
95627,1.0,1,37.84000015258789,1.0,0.0,0.0
95628,1.0,1,29.950000762939453,1.0,0.0,0.0
95642,4.0,1,164.97000312805176,1.0,0.0,0.0
95647,1.0,2,29.494999885559082,1.0,157.0,0.0
95651,1.0,1,89.98999786376953,1.0,0.0,0.0
95662,1.0,1,49.5,1.0,0.0,0.0
95667,1.0,2,62.89999961853027,1.0,378.0,0.0
95674,1.0,1,41.970001220703125,1.0,0.0,0.0
95675,4.0,1,389.6000061035156,1.0,0.0,0.0
95679,1.0,1,210.0,1.0,0.0,0.0
95684,1.0,2,23.369999885559082,1.0,544.0,0.0
95690,4.0,1,195.02999877929688,1.0,0.0,0.0
95691,1.0,1,55.0,1.0,0.0,0.0
95695,1.0,1,39.97999954223633,1.0,0.0,0.0
95701,2.0,1,132.48999786376953,1.0,0.0,0.0
95708,1.0,1,25.0,1.0,0.0,0.0
95710,1.0,1,25.0,1.0,0.0,0.0
95712,2.0,1,91.5,1.0,0.0,0.0
95720,1.0,1,18.0,1.0,0.0,0.0
95724,1.0,1,12.5,1.0,0.0,0.0
95725,1.0,2,95.4950008392334,1.0,273.0,0.0
95732,1.0,1,99.98999786376952,1.0,0.0,0.0
95736,1.0,1,10.0600004196167,1.0,0.0,0.0
95737,1.0,2,37.03999960422516,1.5,341.5,464.5691552395617
95740,2.0,1,211.55999946594238,2.0,9.0,0.0
95741,2.0,1,34.260000228881836,1.0,0.0,0.0
95742,1.0,1,172.0,1.0,0.0,0.0
95745,2.0,1,128.6500015258789,1.0,0.0,0.0
95757,1.0,1,39.5,1.0,0.0,0.0
95758,1.0,1,99.98999786376952,1.0,0.0,0.0
95762,1.0,1,29.989999771118164,1.0,0.0,0.0
95780,1.0,2,49.39999866485596,1.0,334.0,0.0
95781,1.0,1,24.979999542236328,1.0,0.0,0.0
95783,2.0,1,185.54999542236328,1.0,0.0,0.0
95784,1.0,1,89.5,1.0,0.0,0.0
95786,1.0,1,44.0,1.0,0.0,0.0
95788,1.0,2,30.99000072479248,1.0,485.0,0.0
95789,1.0,1,38.81999969482422,1.0,0.0,0.0
95790,1.0,1,39.9900016784668,1.0,0.0,0.0
95795,4.0,1,189.9099998474121,1.0,0.0,0.0
95797,1.0,1,140.6999969482422,1.0,0.0,0.0
95803,1.0,1,20.75,1.0,0.0,0.0
95804,1.0,1,11.1899995803833,1.0,0.0,0.0
95805,1.0,1,7.0,1.0,0.0,0.0
95807,1.0,1,13.789999961853027,1.0,0.0,0.0
95809,1.0,1,60.0,1.0,0.0,0.0
95810,1.0,1,11.989999771118164,1.0,0.0,0.0
95815,2.0,1,56.98000144958496,1.0,0.0,0.0
95823,1.0,1,41.9900016784668,1.0,0.0,0.0
95826,1.0,1,16.0,1.0,0.0,0.0
95835,1.0,2,65.25,1.0,50.0,0.0
95837,1.0,1,62.36000061035156,1.0,0.0,0.0
95838,1.0,1,31.950000762939453,1.0,0.0,0.0
95844,1.0,1,24.93000030517578,1.0,0.0,0.0
95849,4.0,1,260.5,1.0,0.0,0.0
95850,1.0,1,7.610000133514403,1.0,0.0,0.0
95853,3.0,1,100.94000244140625,1.0,0.0,0.0
95855,2.0,1,135.0,1.0,0.0,0.0
95857,1.0,1,37.0,1.0,0.0,0.0
95858,1.0,2,86.49499988555908,1.0,352.0,0.0
95865,1.0,1,149.0,1.0,0.0,0.0
95866,1.0,1,25.0,1.0,0.0,0.0
95871,2.0,1,48.5,1.0,0.0,0.0
95872,1.0,1,15.949999809265137,1.0,0.0,0.0
95875,2.5,2,116.56500148773193,1.0,1556.0,0.0
95883,1.0,1,173.85000228881836,2.0,8.0,0.0
95893,1.0,1,7.989999771118163,1.0,0.0,0.0
95894,1.0,1,67.93000030517578,1.0,0.0,0.0
95905,2.0,1,48.939998626708984,1.0,0.0,0.0
95909,1.5,2,63.99499988555908,1.0,749.0,0.0
95914,1.0,1,9.8100004196167,1.0,0.0,0.0
95916,1.0,1,107.0,1.0,0.0,0.0
95929,1.0,1,12.0,1.0,0.0,0.0
95935,1.0,1,25.0,1.0,0.0,0.0
95940,2.0,1,84.9800033569336,1.0,0.0,0.0
95953,1.0,2,42.99499988555908,1.0,358.0,0.0
95955,1.0,1,328.0,1.0,0.0,0.0
95962,4.0,1,259.48999977111816,1.0,0.0,0.0
95963,1.0,1,38.0,1.0,0.0,0.0
95966,1.0,1,27.950000762939453,1.0,0.0,0.0
95969,1.5,1,190.20999908447266,2.0,5.0,0.0
95970,1.0,1,16.010000228881836,1.0,0.0,0.0
95971,1.0,1,39.9900016784668,1.0,0.0,0.0
95980,1.0,1,12.0,1.0,0.0,0.0
95989,1.0,1,122.59999847412108,1.0,0.0,0.0
95996,3.0,1,136.10999870300293,1.0,0.0,0.0
95997,1.0,1,14.989999771118164,1.0,0.0,0.0
96011,1.0,1,17.989999771118164,1.0,0.0,0.0
96014,2.0,1,84.44000244140625,1.0,0.0,0.0
96017,3.5,2,151.4300022125244,1.0,78.0,0.0
96018,1.0,1,44.9900016784668,1.0,0.0,0.0
96020,1.0,1,83.98999786376953,1.0,0.0,0.0
96025,1.0,1,33.0,1.0,0.0,0.0
96027,1.0,1,44.119998931884766,1.0,0.0,0.0
96035,1.0,1,168.0,1.0,0.0,0.0
96036,1.0,1,20.0,1.0,0.0,0.0
96037,4.0,1,340.74999237060547,1.0,0.0,0.0
96043,1.0,1,24.0,1.0,0.0,0.0
96048,1.0,1,44.9900016784668,1.0,0.0,0.0
96052,1.0,2,137.25,1.0,507.0,0.0
96056,1.0,1,69.94999694824219,1.0,0.0,0.0
96057,2.0,1,61.489999771118164,1.0,0.0,0.0
96058,1.0,1,129.99000549316406,1.0,0.0,0.0
96060,1.0,1,179.0,1.0,0.0,0.0
96061,1.0,1,42.0,1.0,0.0,0.0
96065,1.0,1,134.5,1.0,0.0,0.0
96073,1.0,2,92.32000017166138,1.0,772.0,0.0
96074,1.0,1,39.5,1.0,0.0,0.0
96083,2.0,1,114.47000122070312,1.0,0.0,0.0
96097,1.0,1,25.600000381469727,1.0,0.0,0.0
96098,1.0,1,239.94999694824216,1.0,0.0,0.0
96101,1.0,1,72.0,1.0,0.0,0.0
96102,1.0,1,10.359999656677246,1.0,0.0,0.0
96106,2.0,1,86.90999984741211,1.0,0.0,0.0
96108,1.0,1,14.989999771118164,1.0,0.0,0.0
96111,1.0,1,399.0,1.0,0.0,0.0
96112,1.0,1,17.799999237060547,1.0,0.0,0.0
96123,1.0,2,35.22500038146973,1.0,617.0,0.0
96126,2.0,1,74.98000144958496,1.0,0.0,0.0
96129,1.0,2,14.494999885559082,1.0,83.0,0.0
96131,1.0,1,60.0,1.0,0.0,0.0
96132,1.0,1,38.0,1.0,0.0,0.0
96133,1.0,1,44.9900016784668,1.0,0.0,0.0
96135,2.0,2,100.48999977111816,1.0,118.0,0.0
96136,1.0,1,12.960000038146973,1.0,0.0,0.0
96145,1.0,1,296.0,1.0,0.0,0.0
96146,1.0,1,25.459999084472656,1.0,0.0,0.0
96151,4.0,1,303.3899955749512,1.0,0.0,0.0
96156,1.0,1,69.0,1.0,0.0,0.0
96158,1.0,1,25.700000762939453,1.0,0.0,0.0
96160,1.0,1,14.25,1.0,0.0,0.0
96161,1.0,1,44.0,1.0,0.0,0.0
96162,1.0,2,16.079999923706055,1.0,496.0,0.0
96169,1.0,1,122.59999847412108,1.0,0.0,0.0
96172,1.0,1,38.950000762939446,1.0,0.0,0.0
96175,1.0,1,16.0,1.0,0.0,0.0
96178,1.0,1,27.950000762939453,1.0,0.0,0.0
96184,1.0,1,21.950000762939453,1.0,0.0,0.0
96185,1.0,1,55.4900016784668,1.0,0.0,0.0
96190,2.0,1,64.94000053405762,1.0,0.0,0.0
96193,1.0,1,146.0,1.0,0.0,0.0
96204,3.0,1,148.38000106811523,1.0,0.0,0.0
96205,1.0,1,39.9900016784668,1.0,0.0,0.0
96209,1.0,1,13.989999771118164,1.0,0.0,0.0
96219,1.0,1,13.93000030517578,1.0,0.0,0.0
96221,1.0,1,54.9900016784668,1.0,0.0,0.0
96224,1.0,1,58.9900016784668,1.0,0.0,0.0
96230,1.0,1,89.98999786376953,1.0,0.0,0.0
96231,1.0,1,120.0,1.0,0.0,0.0
96232,2.0,1,49.0,1.0,0.0,0.0
96235,1.0,1,23.989999771118164,1.0,0.0,0.0
96238,3.0,1,173.4900016784668,1.0,0.0,0.0
96241,1.0,1,62.0,1.0,0.0,0.0
96251,1.0,1,58.959999084472656,1.0,0.0,0.0
96253,1.0,1,29.0,1.0,0.0,0.0
96255,1.0,1,35.189998626708984,1.0,0.0,0.0
96256,2.0,1,154.44999980926514,1.0,0.0,0.0
96257,1.0,1,44.9900016784668,1.0,0.0,0.0
96259,1.0,1,20.0,1.0,0.0,0.0
96261,3.0,1,139.36000061035156,1.0,0.0,0.0
96263,1.0,1,84.94999694824217,1.0,0.0,0.0
96264,1.0,1,99.0,1.0,0.0,0.0
96267,4.0,1,139.06999778747556,1.0,0.0,0.0
96269,1.0,1,14.989999771118164,1.0,0.0,0.0
96271,1.0,2,20.005000114440918,1.0,333.0,0.0
96272,1.0,1,43.6599998474121,1.0,0.0,0.0
96275,1.0,1,54.680000305175774,1.0,0.0,0.0
96276,1.0,1,46.0,1.0,0.0,0.0
96277,1.0,1,41.630001068115234,1.0,0.0,0.0
96282,1.0,1,23.89999961853028,1.0,0.0,0.0
96289,1.0,1,110.0,1.0,0.0,0.0
96296,1.0,1,75.0,1.0,0.0,0.0
96300,1.0,1,29.989999771118164,1.0,0.0,0.0
96301,1.0,1,16.950000762939453,1.0,0.0,0.0
96306,2.0,1,210.64999961853027,1.0,0.0,0.0
96307,1.0,1,29.989999771118164,1.0,0.0,0.0
96309,1.0,1,44.97999954223633,1.0,0.0,0.0
96311,1.0,1,49.9900016784668,1.0,0.0,0.0
96316,4.0,1,233.98000144958496,1.0,0.0,0.0
96319,1.0,1,149.99000549316406,1.0,0.0,0.0
96321,2.0,1,203.98999786376953,1.0,0.0,0.0
96322,1.0,1,76.5,1.0,0.0,0.0
96323,2.0,1,157.98999977111816,1.0,0.0,0.0
96324,4.0,1,422.5,1.0,0.0,0.0
96325,1.0,1,89.5999984741211,1.0,0.0,0.0
96327,3.0,1,115.9900016784668,1.0,0.0,0.0
96328,1.0,1,33.75,1.0,0.0,0.0
96342,1.0,1,55.0,1.0,0.0,0.0
96349,1.0,1,72.77999877929686,1.0,0.0,0.0
96350,3.0,1,207.95000076293945,1.0,0.0,0.0
96353,1.0,1,197.9900054931641,1.0,0.0,0.0
96354,1.0,1,29.5,1.0,0.0,0.0
96356,1.0,1,44.0,1.0,0.0,0.0
96358,2.0,1,104.0,1.0,0.0,0.0
96360,1.0,1,14.989999771118164,1.0,0.0,0.0
96365,1.0,1,27.82999992370605,1.0,0.0,0.0
96366,1.0,1,84.98999786376953,1.0,0.0,0.0
96375,1.0,1,24.989999771118164,1.0,0.0,0.0
96376,1.0,1,64.0,1.0,0.0,0.0
96377,1.0,1,59.5,1.0,0.0,0.0
96380,4.0,1,195.95000076293945,1.0,0.0,0.0
96381,1.0,1,84.98999786376953,1.0,0.0,0.0
96384,1.0,1,14.329999923706056,1.0,0.0,0.0
96388,1.0,1,54.9900016784668,1.0,0.0,0.0
96389,1.0,1,10.109999656677246,1.0,0.0,0.0
96391,1.0,1,25.0,1.0,0.0,0.0
96394,1.0,1,25.0,1.0,0.0,0.0
96396,1.0,1,55.0,1.0,0.0,0.0
96400,4.0,1,293.55000495910645,1.0,0.0,0.0
96404,1.0,1,25.0,1.0,0.0,0.0
96405,2.0,1,227.0,1.0,0.0,0.0
96408,1.0,1,31.0,1.0,0.0,0.0
96410,3.0,1,123.76999950408936,1.0,0.0,0.0
96414,1.0,1,36.0,1.0,0.0,0.0
96421,1.0,1,903.0,1.0,0.0,0.0
96425,2.0,1,346.0,1.0,0.0,0.0
96428,1.0,1,29.989999771118164,1.0,0.0,0.0
96429,2.0,1,30.419999122619632,1.0,0.0,0.0
96432,1.0,1,20.90999984741211,1.0,0.0,0.0
96433,1.0,1,59.9900016784668,1.0,0.0,0.0
96440,3.0,1,132.30000019073486,1.0,0.0,0.0
96444,1.0,1,52.0,1.0,0.0,0.0
96448,1.0,2,84.0,1.0,905.0,0.0
96463,2.0,1,272.0,1.0,0.0,0.0
96465,1.0,1,325.0,1.0,0.0,0.0
96473,1.0,1,49.5,1.0,0.0,0.0
96486,3.0,1,208.5,1.0,0.0,0.0
96487,2.0,1,193.5,1.0,0.0,0.0
96504,1.0,1,69.98000144958496,2.0,13.0,0.0
96506,1.0,1,34.0,1.0,0.0,0.0
96509,1.0,1,69.0,1.0,0.0,0.0
96510,2.0,1,54.9900016784668,1.0,0.0,0.0
96511,1.0,1,12.989999771118164,1.0,0.0,0.0
96514,1.0,1,8.949999809265137,1.0,0.0,0.0
96516,1.0,1,12.989999771118164,1.0,0.0,0.0
96517,4.0,1,157.56000137329102,1.0,0.0,0.0
96521,2.0,1,31.979999542236328,1.0,0.0,0.0
96527,1.5,2,23.910000324249268,1.0,78.0,0.0
96532,1.0,1,125.40000152587892,1.0,0.0,0.0
96533,2.0,1,145.9499969482422,1.0,0.0,0.0
96549,1.0,1,10.409999847412108,1.0,0.0,0.0
96559,1.0,1,10.989999771118164,1.0,0.0,0.0
96560,2.0,1,123.0,1.0,0.0,0.0
96563,2.0,1,101.59000015258789,1.0,0.0,0.0
96567,1.0,1,69.0,1.0,0.0,0.0
96571,1.0,1,46.9900016784668,1.0,0.0,0.0
96573,1.0,1,37.5,1.0,0.0,0.0
96577,1.0,1,18.0,1.0,0.0,0.0
96578,1.0,1,33.060001373291016,1.0,0.0,0.0
96579,1.0,1,52.200000762939446,1.0,0.0,0.0
96589,1.0,1,31.989999771118164,1.0,0.0,0.0
96593,1.0,1,19.979999542236328,1.0,0.0,0.0
96596,2.0,1,109.9900016784668,1.0,0.0,0.0
96597,1.0,1,45.0,1.0,0.0,0.0
96614,1.0,1,25.479999542236328,1.0,0.0,0.0
96617,2.5,2,73.15000104904175,1.0,1654.0,0.0
96618,1.0,1,9.989999771118164,1.0,0.0,0.0
96620,1.0,1,98.0,1.0,0.0,0.0
96623,1.0,1,49.9900016784668,1.0,0.0,0.0
96626,1.0,1,64.94999694824219,1.0,0.0,0.0
96629,2.0,1,93.93999862670898,1.0,0.0,0.0
96633,1.0,1,129.0,1.0,0.0,0.0
96640,3.0,1,89.01000022888184,1.0,0.0,0.0
96647,2.0,1,53.44999980926514,1.0,0.0,0.0
96649,1.0,1,29.950000762939453,1.0,0.0,0.0
96650,4.0,1,234.9200029373169,1.0,0.0,0.0
96654,1.0,1,98.0,1.0,0.0,0.0
96659,1.0,1,39.97999954223633,1.0,0.0,0.0
96662,1.0,2,30.77500057220459,1.0,35.0,0.0
96670,2.0,1,54.989999771118164,1.0,0.0,0.0
96679,1.0,1,259.989990234375,1.0,0.0,0.0
96686,1.0,2,29.9950008392334,1.0,277.0,0.0
96687,4.0,1,278.0999994277954,1.0,0.0,0.0
96690,1.0,1,22.0,1.0,0.0,0.0
96692,2.0,1,114.93999862670898,1.0,0.0,0.0
96695,1.0,1,215.0,1.0,0.0,0.0
96703,1.0,1,54.0,1.0,0.0,0.0
96706,1.5,2,55.454999923706055,1.0,83.0,0.0
96710,1.0,1,40.0,1.0,0.0,0.0
96719,1.0,1,25.0,1.0,0.0,0.0
96724,1.0,1,20.0,1.0,0.0,0.0
96727,1.0,1,50.0,1.0,0.0,0.0
96729,1.0,1,24.0,1.0,0.0,0.0
96733,2.0,1,23.699999809265137,1.0,0.0,0.0
96734,1.0,1,24.0,1.0,0.0,0.0
96735,1.0,1,59.9900016784668,1.0,0.0,0.0
96740,1.0,1,74.98999786376953,1.0,0.0,0.0
96751,1.0,1,42.950000762939446,1.0,0.0,0.0
96754,2.5,2,128.21499729156494,1.0,180.0,0.0
96757,1.5,2,57.560001373291016,1.0,131.0,0.0
96758,1.0,1,55.950000762939446,1.0,0.0,0.0
96760,2.0,1,46.09000110626221,1.0,0.0,0.0
96762,4.0,1,176.54000091552734,1.0,0.0,0.0
96765,1.0,2,46.11999988555908,1.0,345.0,0.0
96785,1.0,1,51.9900016784668,1.0,0.0,0.0
96794,2.0,1,37.97999954223633,1.0,0.0,0.0
96797,1.0,1,84.94999694824217,1.0,0.0,0.0
96800,1.0,1,29.989999771118164,1.0,0.0,0.0
96805,1.0,1,79.0,1.0,0.0,0.0
96807,2.0,1,124.95000076293945,1.0,0.0,0.0
96810,1.0,1,54.0,1.0,0.0,0.0
96818,1.0,1,62.950000762939446,1.0,0.0,0.0
96824,1.0,1,42.9900016784668,1.0,0.0,0.0
96829,1.0,1,39.56999969482422,1.0,0.0,0.0
96830,1.0,1,39.9900016784668,1.0,0.0,0.0
96832,2.0,1,147.06000232696533,1.0,0.0,0.0
96835,1.0,1,49.950000762939446,1.0,0.0,0.0
96838,1.0,1,103.77999877929688,1.0,0.0,0.0
96842,3.0,1,59.02999973297119,1.0,0.0,0.0
96848,1.0,1,67.94999694824219,1.0,0.0,0.0
96857,1.0,1,118.0,1.0,0.0,0.0
96861,1.0,1,29.989999771118164,1.0,0.0,0.0
96864,1.0,1,26.979999542236328,1.0,0.0,0.0
96870,2.0,1,229.0,1.0,0.0,0.0
96877,2.0,1,137.5,1.0,0.0,0.0
96883,3.0,1,247.98999977111816,1.0,0.0,0.0
96885,1.0,1,42.0,1.0,0.0,0.0
96886,2.0,1,129.93999862670898,1.0,0.0,0.0
96898,1.0,1,52.0,1.0,0.0,0.0
96905,3.0,1,237.1699981689453,1.0,0.0,0.0
96912,1.5,2,89.49499988555908,1.0,471.0,0.0
96917,2.5,2,105.76000118255615,1.0,496.0,0.0
96927,2.0,1,55.9900016784668,1.0,0.0,0.0
96936,2.0,1,71.75,1.0,0.0,0.0
96938,2.0,1,90.5999984741211,1.0,0.0,0.0
96940,1.0,1,29.40999984741211,1.0,0.0,0.0
96944,2.0,1,81.35000228881836,1.0,0.0,0.0
96949,2.0,1,119.94999694824219,1.0,0.0,0.0
96952,1.0,1,68.54000091552734,1.0,0.0,0.0
96956,1.0,1,39.950000762939446,1.0,0.0,0.0
96957,2.0,1,217.95000076293945,1.0,0.0,0.0
96961,1.0,1,19.989999771118164,1.0,0.0,0.0
96964,2.0,1,53.739999771118164,1.0,0.0,0.0
96972,2.0,1,331.98999977111816,1.0,0.0,0.0
96973,1.0,1,27.979999542236328,1.0,0.0,0.0
96974,1.0,1,96.66000366210936,1.0,0.0,0.0
96978,1.0,1,59.5,1.0,0.0,0.0
96983,4.0,1,300.8300018310547,1.0,0.0,0.0
96984,3.0,1,110.98999977111816,1.0,0.0,0.0
96993,1.5,2,183.11000537872314,1.0,452.0,0.0
97002,2.0,1,49.63000011444092,1.0,0.0,0.0
97004,1.0,1,5.329999923706056,1.0,0.0,0.0
97005,2.0,1,92.0,1.0,0.0,0.0
97008,1.0,1,33.900001525878906,1.0,0.0,0.0
97013,1.0,2,81.14500045776367,1.0,457.0,0.0
97016,4.0,1,333.45999908447266,1.0,0.0,0.0
97018,1.0,2,34.44000053405762,1.0,88.0,0.0
97022,4.0,1,293.5600070953369,1.0,0.0,0.0
97036,1.0,1,84.94999694824217,1.0,0.0,0.0
97038,1.0,1,39.5,1.0,0.0,0.0
97042,1.0,1,129.99000549316406,1.0,0.0,0.0
97045,2.0,1,78.9900016784668,1.0,0.0,0.0
97048,3.0,1,76.51000022888184,1.0,0.0,0.0
97052,2.0,1,111.85999965667725,1.0,0.0,0.0
97053,1.0,1,13.970000267028809,1.0,0.0,0.0
97055,1.0,1,12.979999542236328,1.0,0.0,0.0
97056,1.0,1,24.989999771118164,1.0,0.0,0.0
97062,2.0,1,128.9900016784668,1.0,0.0,0.0
97068,1.0,1,18.68000030517578,1.0,0.0,0.0
97070,1.0,1,8.899999618530273,1.0,0.0,0.0
97072,1.0,1,48.950000762939446,1.0,0.0,0.0
97074,1.0,1,49.5,1.0,0.0,0.0
97077,1.0,1,39.5,1.0,0.0,0.0
97079,4.0,1,97.6200008392334,1.0,0.0,0.0
97083,1.0,1,29.0,1.0,0.0,0.0
97086,1.0,1,6.5,1.0,0.0,0.0
97090,1.0,1,185.91000366210932,1.0,0.0,0.0
97093,1.0,1,39.0,1.0,0.0,0.0
97094,1.0,1,51.950000762939446,1.0,0.0,0.0
97097,1.0,1,29.450000762939453,1.0,0.0,0.0
97105,4.0,1,167.86999702453613,1.0,0.0,0.0
97108,1.0,1,9.390000343322754,1.0,0.0,0.0
97109,1.0,1,23.989999771118164,1.0,0.0,0.0
97112,1.0,1,147.99000549316406,1.0,0.0,0.0
97121,4.0,1,241.01000213623047,1.0,0.0,0.0
97122,2.0,1,57.0,1.0,0.0,0.0
97129,2.0,1,32.15999984741211,1.0,0.0,0.0
97130,2.0,1,49.5,1.0,0.0,0.0
97137,1.0,1,89.0,1.0,0.0,0.0
97138,1.0,1,98.0,1.0,0.0,0.0
97140,1.0,1,64.0,1.0,0.0,0.0
97152,1.0,1,260.0,1.0,0.0,0.0
97153,3.0,1,88.97000122070312,1.0,0.0,0.0
97156,1.0,2,41.48500061035156,1.0,853.0,0.0
97157,1.0,1,55.0,1.0,0.0,0.0
97162,1.0,1,25.5,1.0,0.0,0.0
97179,1.0,1,25.0,1.0,0.0,0.0
97182,1.0,1,40.540000915527344,1.0,0.0,0.0
97183,1.0,1,99.08999633789062,1.0,0.0,0.0
97184,1.5,2,77.97000122070312,1.0,1477.0,0.0
97186,1.0,1,6.989999771118164,1.0,0.0,0.0
97187,1.0,1,17.489999771118164,1.0,0.0,0.0
97189,1.0,1,15.989999771118164,1.0,0.0,0.0
97193,1.0,1,18.0,1.0,0.0,0.0
97199,2.0,1,180.0,1.0,0.0,0.0
97200,1.0,1,103.0,1.0,0.0,0.0
97204,1.0,1,29.989999771118164,1.0,0.0,0.0
97206,1.0,1,99.0,1.0,0.0,0.0
97207,2.0,1,117.9900016784668,1.0,0.0,0.0
97210,4.0,1,149.70000076293945,1.0,0.0,0.0
97212,1.0,1,25.0,1.0,0.0,0.0
97215,1.0,1,29.989999771118164,1.0,0.0,0.0
97216,1.0,1,16.0,1.0,0.0,0.0
97221,1.0,1,49.9900016784668,1.0,0.0,0.0
97224,1.0,1,49.0,1.0,0.0,0.0
97227,4.0,1,236.94999980926514,1.0,0.0,0.0
97233,1.5,2,79.49499988555908,1.0,92.0,0.0
97234,1.0,1,55.0,1.0,0.0,0.0
97239,1.0,1,150.0,1.0,0.0,0.0
97240,1.5,2,29.174999713897705,1.0,1438.0,0.0
97244,2.0,1,87.5999984741211,1.0,0.0,0.0
97245,1.0,1,180.0,1.0,0.0,0.0
97253,1.0,1,35.0,1.0,0.0,0.0
97257,1.0,1,159.94000244140625,1.0,0.0,0.0
97258,2.0,1,33.989999771118164,1.0,0.0,0.0
97259,3.0,1,173.47000122070312,1.0,0.0,0.0
97260,1.0,1,59.9900016784668,1.0,0.0,0.0
97264,1.0,2,31.494999885559082,1.0,228.0,0.0
97271,2.0,1,53.989999771118164,1.0,0.0,0.0
97274,3.0,1,78.98999977111816,1.0,0.0,0.0
97276,2.0,1,158.57000017166138,1.0,0.0,0.0
97277,1.0,1,65.0,1.0,0.0,0.0
97280,1.0,1,28.989999771118164,1.0,0.0,0.0
97281,1.0,1,8.5,1.0,0.0,0.0
97287,2.0,1,147.68000030517578,2.0,23.0,0.0
97289,1.0,1,56.470001220703125,1.0,0.0,0.0
97290,2.0,1,84.4000015258789,1.0,0.0,0.0
97294,1.0,1,39.9900016784668,1.0,0.0,0.0
97299,2.0,1,133.9799976348877,1.0,0.0,0.0
97302,1.0,1,89.5,1.0,0.0,0.0
97306,1.0,1,42.0,1.0,0.0,0.0
97309,1.0,1,74.0,1.0,0.0,0.0
97313,1.0,1,174.0,1.0,0.0,0.0
97323,1.0,1,70.77999877929688,1.0,0.0,0.0
97325,2.0,1,58.98000144958496,1.0,0.0,0.0
97330,1.0,1,59.5,1.0,0.0,0.0
97333,1.0,1,148.5,1.0,0.0,0.0
97344,1.0,1,73.62999725341797,1.0,0.0,0.0
97346,2.0,1,143.98999786376953,1.0,0.0,0.0
97352,1.0,2,38.92500019073486,1.0,543.0,0.0
97354,1.0,1,24.989999771118164,1.0,0.0,0.0
97366,1.0,1,29.950000762939453,1.0,0.0,0.0
97368,1.0,1,63.560001373291016,1.0,0.0,0.0
97370,1.0,3,23.326666514078777,1.0,477.0,161.22034611053283
97371,1.0,1,13.989999771118164,1.0,0.0,0.0
97373,1.0,1,23.86000061035156,1.0,0.0,0.0
97376,2.0,1,106.9900016784668,1.0,0.0,0.0
97377,1.0,1,87.0,1.0,0.0,0.0
97381,1.0,1,3.950000047683716,1.0,0.0,0.0
97382,1.0,1,23.88999938964844,1.0,0.0,0.0
97383,1.0,1,46.84000015258789,1.0,0.0,0.0
97384,1.0,2,32.7450008392334,1.0,16.0,0.0
97392,2.0,1,61.40000057220458,1.0,0.0,0.0
97399,1.0,1,25.0,1.0,0.0,0.0
97400,1.5,2,84.6949999332428,1.0,1452.0,0.0
97404,2.0,1,90.93999862670898,1.0,0.0,0.0
97408,1.0,1,168.0,1.0,0.0,0.0
97415,2.0,1,102.0,1.0,0.0,0.0
97418,2.0,1,50.65999984741211,1.0,0.0,0.0
97426,1.0,1,9.989999771118164,1.0,0.0,0.0
97429,2.5,2,108.96499967575073,1.0,433.0,0.0
97430,1.0,1,59.9900016784668,1.0,0.0,0.0
97436,1.0,1,14.989999771118164,1.0,0.0,0.0
97438,1.0,1,33.75,1.0,0.0,0.0
97445,1.0,1,29.989999771118164,1.0,0.0,0.0
97448,1.0,1,13.600000381469728,1.0,0.0,0.0
97452,1.0,2,33.49000072479248,1.0,251.0,0.0
97454,4.0,1,156.38000106811523,1.0,0.0,0.0
97456,1.0,1,109.0,1.0,0.0,0.0
97462,1.0,1,29.989999771118164,1.0,0.0,0.0
97464,1.0,1,46.619998931884766,1.0,0.0,0.0
97468,2.0,1,109.48999977111816,1.0,0.0,0.0
97472,1.0,1,78.95999908447266,1.0,0.0,0.0
97476,1.0,2,39.5,1.0,84.0,0.0
97478,1.0,1,14.989999771118164,1.0,0.0,0.0
97479,1.0,1,49.880001068115234,1.0,0.0,0.0
97485,1.0,1,47.0,1.0,0.0,0.0
97486,1.0,1,11.989999771118164,1.0,0.0,0.0
97488,2.0,2,320.4799995422363,1.0,685.0,0.0
97494,1.0,1,34.9900016784668,1.0,0.0,0.0
97495,1.0,1,48.0,1.0,0.0,0.0
97506,1.0,1,89.0,1.0,0.0,0.0
97511,1.0,1,32.900001525878906,1.0,0.0,0.0
97512,1.0,1,52.0,1.0,0.0,0.0
97514,1.0,1,59.9900016784668,1.0,0.0,0.0
97516,1.5,2,145.47500038146973,1.0,753.0,0.0
97519,2.0,1,46.94000053405762,1.0,0.0,0.0
97524,1.0,1,135.0,1.0,0.0,0.0
97525,1.0,1,27.950000762939453,1.0,0.0,0.0
97527,1.0,1,9.989999771118164,1.0,0.0,0.0
97531,1.0,1,89.98999786376953,1.0,0.0,0.0
97540,1.0,1,245.0,1.0,0.0,0.0
97544,1.0,1,15.989999771118164,1.0,0.0,0.0
97547,1.0,1,49.5,1.0,0.0,0.0
97548,1.0,1,39.0,1.0,0.0,0.0
97560,2.5,2,112.41499996185303,1.0,94.0,0.0
97562,1.0,1,29.989999771118164,1.0,0.0,0.0
97563,3.0,1,64.88000011444092,1.0,0.0,0.0
97570,1.5,2,113.35499954223633,1.0,184.0,0.0
97582,1.0,1,34.9900016784668,1.0,0.0,0.0
97583,1.0,1,25.0,1.0,0.0,0.0
97585,1.0,1,37.0,1.0,0.0,0.0
97590,1.0,1,23.989999771118164,1.0,0.0,0.0
97591,1.0,1,15.899999618530272,1.0,0.0,0.0
97595,1.0,1,25.0,1.0,0.0,0.0
97598,1.0,1,38.950000762939446,1.0,0.0,0.0
97606,2.0,1,88.08000183105469,1.0,0.0,0.0
97607,1.5,2,92.87500011920929,1.0,505.0,0.0
97614,1.0,1,34.9900016784668,1.0,0.0,0.0
97619,2.0,1,71.9900016784668,1.0,0.0,0.0
97624,2.0,1,153.0,1.0,0.0,0.0
97625,1.0,1,199.92999267578125,1.0,0.0,0.0
97626,1.0,1,69.94999694824219,1.0,0.0,0.0
97627,4.0,1,262.8799991607666,1.0,0.0,0.0
97628,1.0,1,214.0,1.0,0.0,0.0
97632,1.0,1,14.649999618530272,1.0,0.0,0.0
97634,2.0,1,20.1899995803833,1.0,0.0,0.0
97648,1.0,1,54.0,1.0,0.0,0.0
97653,1.0,1,60.0,1.0,0.0,0.0
97655,4.0,1,170.9900016784668,1.0,0.0,0.0
97656,1.0,1,29.950000762939453,1.0,0.0,0.0
97661,1.0,1,16.989999771118164,1.0,0.0,0.0
97662,2.5,2,115.22500038146973,1.0,799.0,0.0
97664,1.0,1,49.5,1.0,0.0,0.0
97668,1.0,1,40.9900016784668,1.0,0.0,0.0
97672,2.0,1,182.94000625610352,1.0,0.0,0.0
97676,1.0,1,79.5,1.0,0.0,0.0
97678,2.0,1,55.450000762939446,1.0,0.0,0.0
97679,2.0,1,412.0,1.0,0.0,0.0
97681,2.0,1,137.97999954223633,1.0,0.0,0.0
97685,1.0,1,30.0,1.0,0.0,0.0
97694,1.0,1,34.900001525878906,1.0,0.0,0.0
97700,2.0,1,69.98999977111816,1.0,0.0,0.0
97703,1.5,2,61.70500040054321,1.0,862.0,0.0
97706,2.0,1,87.0,1.0,0.0,0.0
97707,2.0,1,64.9900016784668,1.0,0.0,0.0
97713,1.0,1,50.34999847412109,1.0,0.0,0.0
97714,1.0,1,39.950000762939446,1.0,0.0,0.0
97718,2.0,1,322.0,1.0,0.0,0.0
97724,3.0,1,111.29999923706055,1.0,0.0,0.0
97726,1.0,1,66.05000305175781,1.0,0.0,0.0
97727,1.0,1,49.5,1.0,0.0,0.0
97740,1.0,1,54.5,1.0,0.0,0.0
97751,2.0,1,115.9900016784668,1.0,0.0,0.0
97753,3.0,1,89.9900016784668,1.0,0.0,0.0
97754,1.0,1,32.880001068115234,1.0,0.0,0.0
97755,2.0,1,458.9900016784668,1.0,0.0,0.0
97757,1.0,1,95.8199996948242,1.0,0.0,0.0
97763,2.0,1,39.989999771118164,1.0,0.0,0.0
97764,1.0,1,119.0,1.0,0.0,0.0
97766,1.0,1,35.0,1.0,0.0,0.0
97767,1.3333333333333333,3,183.19333203633627,1.0,227.0,72.12489168102785
97768,2.0,1,25.789999961853027,1.0,0.0,0.0
97769,1.0,1,79.94999694824217,1.0,0.0,0.0
97773,1.0,2,45.60499954223633,1.0,247.0,0.0
97775,4.0,1,442.01000213623047,1.0,0.0,0.0
97776,2.0,1,35.749999046325684,1.0,0.0,0.0
97777,1.0,1,74.0,1.0,0.0,0.0
97779,1.0,1,31.989999771118164,1.0,0.0,0.0
97782,1.0,1,78.0,1.0,0.0,0.0
97788,1.0,1,12.800000190734863,1.0,0.0,0.0
97789,1.0,1,59.5,1.0,0.0,0.0
97797,1.0,1,119.04000091552734,1.0,0.0,0.0
97798,1.5,2,50.9950008392334,1.0,460.0,0.0
97800,1.0,1,79.0,1.0,0.0,0.0
97801,1.0,1,82.0,1.0,0.0,0.0
97806,1.0,2,58.994998931884766,1.0,76.0,0.0
97813,1.0,1,41.9900016784668,1.0,0.0,0.0
97814,4.0,1,194.97000122070312,1.0,0.0,0.0
97815,1.0,1,16.200000762939453,1.0,0.0,0.0
97818,1.0,2,122.0,1.0,371.0,0.0
97819,1.0,2,27.494999885559082,1.0,35.0,0.0
97821,2.0,1,158.95000076293945,1.0,0.0,0.0
97822,1.0,1,25.0,1.0,0.0,0.0
97824,1.0,2,75.0,1.0,94.0,0.0
97825,4.0,1,289.98000144958496,1.0,0.0,0.0
97826,1.0,1,158.3300018310547,1.0,0.0,0.0
97827,1.0,1,180.0,1.0,0.0,0.0
97837,1.0,1,42.9900016784668,1.0,0.0,0.0
97840,1.0,1,13.989999771118164,1.0,0.0,0.0
97842,1.0,1,55.88999938964844,1.0,0.0,0.0
97844,2.0,1,58.6299991607666,1.0,0.0,0.0
97845,1.0,1,87.0,1.0,0.0,0.0
97846,1.5,2,52.47000026702881,1.0,114.0,0.0
97851,1.0,1,158.0,1.0,0.0,0.0
97857,2.0,1,51.94000053405762,1.0,0.0,0.0
97859,1.0,1,347.5,1.0,0.0,0.0
97864,2.0,1,163.9499969482422,1.0,0.0,0.0
97872,1.0,1,19.5,1.0,0.0,0.0
97873,1.0,1,29.989999771118164,1.0,0.0,0.0
97876,1.0,1,68.0,1.0,0.0,0.0
97878,2.0,2,202.0999984741211,1.0,69.0,0.0
97882,2.5,2,96.92500019073486,1.0,718.0,0.0
97885,1.0,1,357.0,1.0,0.0,0.0
97887,1.0,2,62.75,1.0,23.0,0.0
97894,1.5,2,129.24499893188477,1.0,73.0,0.0
97903,1.5,2,107.19499969482422,1.0,383.0,0.0
97909,1.0,2,71.4850001335144,1.0,285.0,0.0
97910,1.0,1,10.989999771118164,1.0,0.0,0.0
97922,1.0,1,27.0,1.0,0.0,0.0
97923,1.0,1,13.0,1.0,0.0,0.0
97924,3.0,1,269.86000061035156,1.0,0.0,0.0
97927,1.0,1,39.9900016784668,1.0,0.0,0.0
97931,1.0,1,178.0,1.0,0.0,0.0
97934,1.0,1,19.989999771118164,1.0,0.0,0.0
97936,1.0,1,98.0,1.0,0.0,0.0
97937,2.0,1,175.0,1.0,0.0,0.0
97938,1.0,1,80.26000213623048,1.0,0.0,0.0
97942,2.0,1,269.98999786376953,1.0,0.0,0.0
97945,1.0,1,88.19999694824217,1.0,0.0,0.0
97950,1.0,1,26.989999771118164,1.0,0.0,0.0
97965,3.0,1,192.0,1.0,0.0,0.0
97969,2.0,1,284.6099967956543,1.0,0.0,0.0
97974,1.0,1,325.0,1.0,0.0,0.0
97977,1.0,1,54.0,1.0,0.0,0.0
97980,1.0,1,34.970001220703125,1.0,0.0,0.0
97981,1.0,1,29.65999984741211,1.0,0.0,0.0
97982,2.0,1,60.91000175476074,1.0,0.0,0.0
97983,1.0,1,59.0,1.0,0.0,0.0
97986,1.0,1,79.98999786376953,1.0,0.0,0.0
97990,1.0,2,35.7450008392334,1.0,660.0,0.0
97996,1.0,1,28.950000762939453,1.0,0.0,0.0
98001,1.0,1,89.91000366210938,1.0,0.0,0.0
98006,1.6666666666666667,3,115.84333165486653,1.0,757.0,296.98484809834997
98010,2.0,1,51.98000144958496,1.0,0.0,0.0
98014,1.0,2,100.625,1.0,28.0,0.0
98015,1.0,1,24.950000762939453,1.0,0.0,0.0
98020,1.0,1,29.950000762939453,1.0,0.0,0.0
98025,2.0,1,191.98999977111816,1.0,0.0,0.0
98027,2.0,1,212.61999893188477,1.0,0.0,0.0
98030,1.0,1,68.0,1.0,0.0,0.0
98032,2.0,1,62.06999969482422,1.0,0.0,0.0
98033,1.0,2,24.47499942779541,1.0,58.0,0.0
98037,2.0,1,108.33000183105469,1.0,0.0,0.0
98041,1.0,1,109.98999786376952,1.0,0.0,0.0
98042,1.0,1,44.950000762939446,1.0,0.0,0.0
98044,1.0,1,22.989999771118164,1.0,0.0,0.0
98054,1.0,1,54.950000762939446,1.0,0.0,0.0
98055,1.0,1,54.950000762939446,1.0,0.0,0.0
98059,2.0,1,304.8899898529053,1.0,0.0,0.0
98061,1.0,1,16.5,1.0,0.0,0.0
98073,1.0,1,25.0,1.0,0.0,0.0
98075,1.0,1,21.21999931335449,1.0,0.0,0.0
98076,1.0,2,66.85500001907349,1.0,364.0,0.0
98077,1.0,1,20.0,1.0,0.0,0.0
98085,2.0,1,179.5,1.0,0.0,0.0
98093,1.0,1,34.95000076293945,1.0,0.0,0.0
98101,1.0,1,25.0,1.0,0.0,0.0
98102,1.0,1,39.9900016784668,1.0,0.0,0.0
98103,1.0,2,53.244998931884766,1.0,571.0,0.0
98104,1.0,1,205.0,1.0,0.0,0.0
98106,2.0,1,127.45000076293945,1.0,0.0,0.0
98107,2.0,2,32.359999656677246,1.0,1583.0,0.0
98111,1.0,1,27.0,1.0,0.0,0.0
98113,2.0,1,170.25,1.0,0.0,0.0
98121,2.0,1,97.48999977111816,1.0,0.0,0.0
98124,1.0,2,68.4950008392334,1.0,70.0,0.0
98125,1.0,1,199.0,1.0,0.0,0.0
98128,1.0,1,36.0,1.0,0.0,0.0
98131,1.0,1,25.0,1.0,0.0,0.0
98132,1.0,1,79.98999786376953,1.0,0.0,0.0
98133,1.0,1,41.29999923706056,1.0,0.0,0.0
98139,1.0,1,39.97999954223633,1.0,0.0,0.0
98142,1.0,1,29.989999771118164,1.0,0.0,0.0
98151,1.0,1,25.0,1.0,0.0,0.0
98153,1.0,1,269.5,1.0,0.0,0.0
98154,3.0,1,137.1899995803833,1.0,0.0,0.0
98155,1.0,1,139.5,1.0,0.0,0.0
98156,1.0,2,34.99499988555908,1.0,124.0,0.0
98158,1.0,1,62.0,1.0,0.0,0.0
98159,1.0,1,47.040000915527344,1.0,0.0,0.0
98164,1.5,2,60.80000114440918,1.0,77.0,0.0
98173,1.0,1,25.0,1.0,0.0,0.0
98179,1.0,1,34.95000076293945,1.0,0.0,0.0
98181,1.0,1,59.9900016784668,1.0,0.0,0.0
98183,4.0,1,224.47999954223633,1.0,0.0,0.0
98187,1.0,1,14.0,1.0,0.0,0.0
98204,1.0,1,24.989999771118164,1.0,0.0,0.0
98208,1.0,1,49.9900016784668,1.0,0.0,0.0
98209,1.0,1,58.0,1.0,0.0,0.0
98217,1.0,1,287.6400146484375,1.0,0.0,0.0
98218,2.0,2,92.1349983215332,1.0,1063.0,0.0
98222,1.0,1,6.349999904632568,1.0,0.0,0.0
98223,1.0,1,45.0,1.0,0.0,0.0
98230,1.5,2,235.20999908447266,1.0,1004.0,0.0
98235,1.0,1,4.579999923706056,1.0,0.0,0.0
98240,4.0,1,194.44000053405762,1.0,0.0,0.0
98241,1.0,1,166.8000030517578,1.0,0.0,0.0
98249,1.0,2,123.19499969482422,1.0,64.0,0.0
98250,1.0,1,55.0,1.0,0.0,0.0
98253,1.0,1,50.18999862670898,1.0,0.0,0.0
98259,1.0,1,25.81999969482421,1.0,0.0,0.0
98261,1.0,1,9.5,1.0,0.0,0.0
98266,2.0,1,191.0,1.0,0.0,0.0
98272,2.0,2,116.86499977111816,1.0,653.0,0.0
98273,1.0,1,68.98999786376953,1.0,0.0,0.0
98277,1.0,1,165.0,1.0,0.0,0.0
98284,1.0,2,61.82499980926514,1.0,27.0,0.0
98285,2.0,1,29.5,1.0,0.0,0.0
98290,1.0,1,28.840000152587887,1.0,0.0,0.0
98296,1.5,1,749.5900001525879,2.0,17.0,0.0
98297,1.0,1,90.97000122070312,1.0,0.0,0.0
98300,1.5,2,36.99499988555908,1.0,639.0,0.0
98301,1.0,1,4.989999771118164,1.0,0.0,0.0
98302,1.0,1,44.0,1.0,0.0,0.0
98303,2.0,1,44.97999954223633,1.0,0.0,0.0
98304,1.6666666666666667,3,148.2300008138021,1.0,181.0,77.78174593052023
98306,1.0,2,49.72500038146973,1.0,1422.0,0.0
98307,1.0,1,45.0,1.0,0.0,0.0
98311,1.0,1,16.979999542236328,1.0,0.0,0.0
98315,1.0,1,24.25,1.0,0.0,0.0
98320,2.0,1,47.45000076293945,1.0,0.0,0.0
98327,1.0,1,249.94999694824216,1.0,0.0,0.0
98328,2.0,1,104.93999862670898,1.0,0.0,0.0
98331,4.0,1,412.93999671936035,1.0,0.0,0.0
98334,1.0,1,147.1300048828125,1.0,0.0,0.0
98340,1.0,1,86.0,1.0,0.0,0.0
98341,1.5,2,121.97500038146973,1.0,361.0,0.0
98343,1.0,1,28.0,1.0,0.0,0.0
98344,1.0,1,25.0,1.0,0.0,0.0
98346,4.0,1,328.99000549316406,1.0,0.0,0.0
98353,1.0,1,8.609999656677246,1.0,0.0,0.0
98361,2.5,2,97.19999980926514,1.0,316.0,0.0
98362,1.0,1,26.0,1.0,0.0,0.0
98363,1.0,1,22.989999771118164,1.0,0.0,0.0
98366,1.0,1,29.950000762939453,1.0,0.0,0.0
98372,1.0,1,50.0,1.0,0.0,0.0
98378,1.0,1,59.950000762939446,1.0,0.0,0.0
98390,1.0,1,9.0,1.0,0.0,0.0
98391,2.0,1,66.60999965667725,1.0,0.0,0.0
98407,1.0,1,52.950000762939446,1.0,0.0,0.0
98419,1.0,1,29.989999771118164,1.0,0.0,0.0
98421,4.0,1,474.0,1.0,0.0,0.0
98422,2.0,1,110.0,1.0,0.0,0.0
98423,2.0,1,147.97999954223633,1.0,0.0,0.0
98433,2.0,1,46.04000186920166,1.0,0.0,0.0
98445,1.0,1,10.590000152587892,1.0,0.0,0.0
98451,1.0,2,28.989999771118164,1.0,81.0,0.0
98454,2.0,1,210.11999893188477,1.0,0.0,0.0
98462,3.0,1,110.5,1.0,0.0,0.0
98469,1.5,2,87.55000114440918,1.0,65.0,0.0
98474,1.0,1,9.890000343322754,1.0,0.0,0.0
98476,2.0,1,98.97000026702881,1.0,0.0,0.0
98481,1.0,1,18.989999771118164,1.0,0.0,0.0
98493,2.0,1,46.0,1.0,0.0,0.0
98494,1.0,1,34.0,1.0,0.0,0.0
98497,2.0,1,147.5,1.0,0.0,0.0
98498,1.0,1,34.97999954223633,1.0,0.0,0.0
98503,1.0,1,36.5,1.0,0.0,0.0
98507,1.0,1,200.0,1.0,0.0,0.0
98509,1.0,1,11.989999771118164,1.0,0.0,0.0
98511,1.0,1,47.950000762939446,1.0,0.0,0.0
98512,3.0,1,428.4400119781494,1.0,0.0,0.0
98522,1.0,1,23.989999771118164,1.0,0.0,0.0
98525,4.0,1,120.44000053405762,1.0,0.0,0.0
98531,2.0,1,369.98999786376953,1.0,0.0,0.0
98533,1.0,1,119.98999786376952,1.0,0.0,0.0
98534,1.0,1,11.380000114440918,1.0,0.0,0.0
98535,2.0,2,86.4900016784668,1.0,804.0,0.0
98536,1.5,2,242.4399995803833,1.0,1231.0,0.0
98537,1.0,2,24.094999313354492,1.0,215.0,0.0
98538,1.0,1,20.0,1.0,0.0,0.0
98541,1.0,1,26.989999771118164,1.0,0.0,0.0
98546,2.0,1,189.5,1.0,0.0,0.0
98549,1.0,1,139.5,1.0,0.0,0.0
98553,2.0,1,105.29000091552736,1.0,0.0,0.0
98560,4.0,1,372.7299976348877,1.0,0.0,0.0
98561,1.0,1,95.0,1.0,0.0,0.0
98563,1.0,1,25.0,1.0,0.0,0.0
98568,2.0,1,112.97999954223633,1.0,0.0,0.0
98571,1.0,1,169.9499969482422,1.0,0.0,0.0
98576,1.0,1,65.98999786376953,1.0,0.0,0.0
98584,1.0,1,125.0,1.0,0.0,0.0
98586,1.0,1,9.989999771118164,1.0,0.0,0.0
98595,1.0,1,90.41000366210936,1.0,0.0,0.0
98596,3.0,1,167.0,1.0,0.0,0.0
98601,1.0,1,90.0,1.0,0.0,0.0
98617,2.0,1,38.420000076293945,1.0,0.0,0.0
98619,1.0,1,54.0,1.0,0.0,0.0
98627,1.0,1,68.5999984741211,1.0,0.0,0.0
98628,1.0,1,46.220001220703125,1.0,0.0,0.0
98634,2.0,1,145.5999984741211,1.0,0.0,0.0
98636,1.0,1,39.5,1.0,0.0,0.0
98637,2.0,1,164.05999946594238,1.0,0.0,0.0
98638,1.0,1,319.0,1.0,0.0,0.0
98641,1.0,1,52.130001068115234,1.0,0.0,0.0
98642,1.0,1,26.0,1.0,0.0,0.0
98654,1.0,1,41.950000762939446,1.0,0.0,0.0
98658,2.0,1,68.64000034332275,1.0,0.0,0.0
98661,1.0,1,39.5,1.0,0.0,0.0
98666,2.0,1,42.959999084472656,1.0,0.0,0.0
98668,1.0,1,125.0,1.0,0.0,0.0
98669,2.0,1,102.9000015258789,1.0,0.0,0.0
98672,1.0,1,20.239999771118164,1.0,0.0,0.0
98674,3.0,2,202.794997215271,1.0,772.0,0.0
98675,1.0,1,45.0,1.0,0.0,0.0
98680,1.0,3,32.826667149861656,1.0,36.0,36.76955262170047
98685,1.0,1,24.950000762939453,1.0,0.0,0.0
98686,1.0,1,73.98999786376953,1.0,0.0,0.0
98688,1.0,2,41.83999991416931,1.0,184.0,0.0
98694,1.0,1,14.949999809265137,1.0,0.0,0.0
98696,3.0,1,187.92999935150146,1.0,0.0,0.0
98709,1.0,1,209.0,1.0,0.0,0.0
98711,2.0,1,510.75,1.0,0.0,0.0
98721,1.0,1,65.0,1.0,0.0,0.0
98725,1.0,1,87.5,1.0,0.0,0.0
98726,2.0,1,223.0,1.0,0.0,0.0
98729,2.0,1,114.97999954223633,1.0,0.0,0.0
98733,1.0,1,26.989999771118164,1.0,0.0,0.0
98734,1.0,1,109.0,1.0,0.0,0.0
98737,2.0,1,154.99000549316406,1.0,0.0,0.0
98738,1.0,1,69.0,1.0,0.0,0.0
98739,1.0,1,8.470000267028809,1.0,0.0,0.0
98742,2.0,1,73.9900016784668,1.0,0.0,0.0
98747,1.0,1,74.0,1.0,0.0,0.0
98752,1.0,1,64.58000183105469,1.0,0.0,0.0
98754,1.0,1,178.0,1.0,0.0,0.0
98756,1.0,1,131.39999771118164,2.0,6.0,0.0
98761,1.0,2,72.99499988555908,1.0,488.0,0.0
98767,1.0,1,20.0,1.0,0.0,0.0
98774,1.0,1,52.0,1.0,0.0,0.0
98783,1.0,1,89.98999786376953,1.0,0.0,0.0
98784,1.0,2,189.0,1.5,13.5,2.1213203435596424
98791,4.0,1,171.0300006866455,1.0,0.0,0.0
98792,1.0,1,159.99000549316406,1.0,0.0,0.0
98795,1.0,1,26.989999771118164,1.0,0.0,0.0
98796,3.0,1,67.57000160217285,1.0,0.0,0.0
98811,1.0,1,26.39999961853028,1.0,0.0,0.0
98812,2.0,1,62.29000091552734,1.0,0.0,0.0
98813,2.0,1,125.0,1.0,0.0,0.0
98814,1.0,1,34.9900016784668,1.0,0.0,0.0
98822,1.0,1,21.89999961853028,1.0,0.0,0.0
98824,2.0,1,34.89999961853027,1.0,0.0,0.0
98832,1.0,1,26.0,1.0,0.0,0.0
98835,1.0,1,48.5,1.0,0.0,0.0
98838,2.0,1,154.98999786376953,1.0,0.0,0.0
98839,2.0,1,66.5099983215332,1.0,0.0,0.0
98841,1.0,1,14.989999771118164,1.0,0.0,0.0
98842,1.0,2,37.25,1.0,373.0,0.0
98845,1.0,1,12.0,1.0,0.0,0.0
98846,1.0,1,22.020000457763672,1.0,0.0,0.0
98847,1.0,1,49.950000762939446,1.0,0.0,0.0
98849,1.0,1,129.97999572753906,1.0,0.0,0.0
98850,1.5,2,76.75,1.0,626.0,0.0
98853,1.0,1,28.0,1.0,0.0,0.0
98854,1.0,1,42.9900016784668,1.0,0.0,0.0
98858,2.0,1,53.9900016784668,1.0,0.0,0.0
98861,1.0,1,34.0,1.0,0.0,0.0
98864,1.0,1,32.9900016784668,1.0,0.0,0.0
98867,2.0,1,83.43000030517578,1.0,0.0,0.0
98868,1.0,1,14.989999771118164,1.0,0.0,0.0
98869,1.0,1,100.33999633789062,1.0,0.0,0.0
98877,1.0,1,60.0,1.0,0.0,0.0
98878,1.0,1,27.950000762939453,1.0,0.0,0.0
98881,1.0,1,195.0,1.0,0.0,0.0
98884,2.0,1,174.0,1.0,0.0,0.0
98886,1.0,1,18.5,1.0,0.0,0.0
98890,2.0,1,183.0,1.0,0.0,0.0
98892,2.0,1,117.98999977111816,1.0,0.0,0.0
98894,1.0,1,12.0,1.0,0.0,0.0
98900,4.0,1,176.7299976348877,1.0,0.0,0.0
98902,2.0,1,136.1500015258789,1.0,0.0,0.0
98911,1.0,1,70.68000030517578,1.0,0.0,0.0
98912,1.0,1,19.950000762939453,1.0,0.0,0.0
98915,1.0,1,39.9900016784668,1.0,0.0,0.0
98916,1.0,1,215.0,1.0,0.0,0.0
98919,1.0,1,48.0,1.0,0.0,0.0
98925,1.0,1,37.5,1.0,0.0,0.0
98928,1.0,1,26.0,1.0,0.0,0.0
98930,2.0,1,119.94999980926514,1.0,0.0,0.0
98933,1.0,2,72.52999877929688,1.0,612.0,0.0
98937,2.0,1,140.0,1.0,0.0,0.0
98942,1.0,1,26.600000381469727,1.0,0.0,0.0
98943,1.0,1,99.0,1.0,0.0,0.0
98952,1.0,2,64.5,1.0,264.0,0.0
98959,1.0,1,34.9900016784668,1.0,0.0,0.0
98962,1.0,1,24.989999771118164,1.0,0.0,0.0
98967,1.0,1,125.0,1.0,0.0,0.0
98973,2.0,1,34.989999771118164,1.0,0.0,0.0
98978,1.0,1,65.98999786376953,1.0,0.0,0.0
98989,2.0,1,361.9799995422363,1.0,0.0,0.0
98996,2.0,1,54.989999771118164,1.0,0.0,0.0
99001,1.0,1,9.489999771118164,1.0,0.0,0.0
99002,2.0,1,56.0,1.0,0.0,0.0
99012,1.0,1,12.0,1.0,0.0,0.0
99013,1.0,1,10.5,1.0,0.0,0.0
99016,1.0,1,24.96999931335449,1.0,0.0,0.0
99017,2.0,2,135.16500091552734,1.0,88.0,0.0
99018,2.0,1,192.86000061035156,1.0,0.0,0.0
99019,2.0,1,195.0,1.0,0.0,0.0
99026,1.0,1,15.279999732971191,1.0,0.0,0.0
99029,1.0,1,6.989999771118164,1.0,0.0,0.0
99030,1.5,2,91.6049976348877,1.0,381.0,0.0
99031,1.0,1,39.9900016784668,1.0,0.0,0.0
99042,1.5,2,38.86500024795532,1.0,700.0,0.0
99045,1.0,1,19.950000762939453,1.0,0.0,0.0
99046,1.0,1,45.0,1.0,0.0,0.0
99047,3.0,1,947.0,1.0,0.0,0.0
99048,1.0,1,21.989999771118164,1.0,0.0,0.0
99049,1.0,1,13.989999771118164,1.0,0.0,0.0
99051,1.0,1,33.9900016784668,1.0,0.0,0.0
99054,1.5,2,71.22500038146973,1.0,241.0,0.0
99055,2.0,1,236.94000625610354,1.0,0.0,0.0
99056,2.0,1,92.5,1.0,0.0,0.0
99064,1.0,1,44.9900016784668,1.0,0.0,0.0
99066,1.0,1,13.989999771118164,1.0,0.0,0.0
99067,1.0,1,30.0,1.0,0.0,0.0
99072,1.0,1,12.130000114440918,1.0,0.0,0.0
99078,1.0,1,98.0,1.0,0.0,0.0
99079,2.0,1,98.5,1.0,0.0,0.0
99080,3.0,1,151.02999877929688,1.0,0.0,0.0
99085,1.0,1,179.0,1.0,0.0,0.0
99086,1.0,1,14.989999771118164,1.0,0.0,0.0
99088,2.0,1,109.95000076293945,1.0,0.0,0.0
99089,1.0,2,37.29499912261963,1.0,14.0,0.0
99092,1.0,1,39.9900016784668,1.0,0.0,0.0
99097,1.0,1,10.380000114440918,1.0,0.0,0.0
99100,1.0,1,50.0,1.0,0.0,0.0
99103,1.0,1,49.93999862670898,1.0,0.0,0.0
99104,1.0,1,45.9900016784668,1.0,0.0,0.0
99108,2.0,1,61.19000053405761,1.0,0.0,0.0
99109,1.0,1,44.9900016784668,1.0,0.0,0.0
99110,2.0,1,48.4900016784668,1.0,0.0,0.0
99114,1.0,1,34.9900016784668,1.0,0.0,0.0
99116,1.0,1,227.5,1.0,0.0,0.0
99120,2.0,1,57.190001487731934,1.0,0.0,0.0
99125,1.0,1,100.0,1.0,0.0,0.0
99129,1.0,1,29.950000762939453,1.0,0.0,0.0
99131,3.0,1,123.9900016784668,1.0,0.0,0.0
99135,1.5,1,350.8199920654297,2.0,9.0,0.0
99140,1.0,1,98.0,1.0,0.0,0.0
99144,1.0,1,34.5,1.0,0.0,0.0
99145,1.0,2,79.94500160217285,1.0,163.0,0.0
99146,1.0,2,27.8100004196167,1.0,992.0,0.0
99148,1.0,1,7.949999809265136,1.0,0.0,0.0
99151,1.0,1,17.989999771118164,1.0,0.0,0.0
99155,1.0,1,158.0,1.0,0.0,0.0
99157,1.0,1,9.989999771118164,1.0,0.0,0.0
99159,1.3333333333333333,3,129.70666885375977,1.0,196.0,166.87720036002523
99164,1.5,2,75.61499977111816,1.0,1153.0,0.0
99168,1.0,1,13.899999618530272,1.0,0.0,0.0
99171,1.0,1,78.0,1.0,0.0,0.0
99175,1.0,1,39.950000762939446,1.0,0.0,0.0
99180,1.0,1,8.949999809265137,1.0,0.0,0.0
99182,2.0,1,90.0,1.0,0.0,0.0
99185,1.0,1,24.989999771118164,1.0,0.0,0.0
99187,2.0,1,26.899999618530273,1.0,0.0,0.0
99189,1.0,1,157.5,1.0,0.0,0.0
99199,1.0,1,64.0,1.0,0.0,0.0
99202,1.0,1,29.5,1.0,0.0,0.0
99212,2.0,1,209.0,1.0,0.0,0.0
99227,1.0,1,81.94999694824217,1.0,0.0,0.0
99238,1.0,2,79.59000015258789,1.0,90.0,0.0
99239,1.0,1,99.94999694824216,1.0,0.0,0.0
99241,1.0,1,34.5,1.0,0.0,0.0
99250,2.0,1,106.98999977111816,1.0,0.0,0.0
99251,1.0,1,78.0,1.0,0.0,0.0
99254,1.0,1,39.9900016784668,1.0,0.0,0.0
99257,2.0,1,13.469999551773071,1.0,0.0,0.0
99260,1.0,1,14.989999771118164,1.0,0.0,0.0
99264,1.5,2,133.7950038909912,1.0,115.0,0.0
99275,1.0,1,59.0,1.0,0.0,0.0
99276,1.0,1,15.880000114440918,1.0,0.0,0.0
99284,1.0,1,98.0,1.0,0.0,0.0
99287,1.0,1,25.0,1.0,0.0,0.0
99288,1.0,1,50.0,1.0,0.0,0.0
99291,1.5,2,165.68999862670898,1.0,1022.0,0.0
99292,1.0,1,97.5,1.0,0.0,0.0
99295,1.0,1,82.48999786376953,1.0,0.0,0.0
99297,4.0,1,268.79000091552734,1.0,0.0,0.0
99299,2.0,1,115.98999977111816,1.0,0.0,0.0
99300,1.0,1,24.0,1.0,0.0,0.0
99303,1.0,2,16.5,1.0,302.0,0.0
99304,1.0,1,54.950000762939446,1.0,0.0,0.0
99315,1.0,1,89.0,1.0,0.0,0.0
99319,1.0,1,55.0,1.0,0.0,0.0
99323,2.0,1,212.0,1.0,0.0,0.0
99329,1.0,1,56.5,1.0,0.0,0.0
99332,1.0,1,69.98999786376953,1.0,0.0,0.0
99333,2.0,1,64.82999992370605,1.0,0.0,0.0
99337,3.0,1,167.93000030517578,1.0,0.0,0.0
99341,1.0,1,37.9900016784668,1.0,0.0,0.0
99353,2.0,2,73.70499992370605,1.0,353.0,0.0
99355,1.0,1,15.0,1.0,0.0,0.0
99358,1.0,1,49.5,1.0,0.0,0.0
99365,3.0,1,244.9800033569336,1.0,0.0,0.0
99370,1.0,1,34.9900016784668,1.0,0.0,0.0
99372,1.0,1,13.5,1.0,0.0,0.0
99373,1.0,1,26.0,1.0,0.0,0.0
99376,1.0,1,59.25,1.0,0.0,0.0
99379,1.0,1,26.0,1.0,0.0,0.0
99382,4.0,1,235.31999969482422,1.0,0.0,0.0
99389,1.0,1,112.5,1.0,0.0,0.0
99398,1.0,1,7.989999771118163,1.0,0.0,0.0
99413,1.0,1,15.489999771118164,1.0,0.0,0.0
99415,2.0,1,99.5,1.0,0.0,0.0
99416,1.0,1,32.0,1.0,0.0,0.0
99419,1.0,1,67.94999694824219,1.0,0.0,0.0
99420,2.0,1,152.65999603271482,1.0,0.0,0.0
99423,2.0,1,62.9900016784668,1.0,0.0,0.0
99426,2.0,1,137.0,1.0,0.0,0.0
99434,1.0,1,49.5,1.0,0.0,0.0
99437,1.0,1,8.739999771118164,1.0,0.0,0.0
99438,2.0,1,92.05000305175781,1.0,0.0,0.0
99447,1.0,1,19.950000762939453,1.0,0.0,0.0
99448,1.0,2,204.46499633789062,1.0,470.0,0.0
99450,1.0,1,189.0,1.0,0.0,0.0
99451,4.0,1,154.07000160217285,1.0,0.0,0.0
99454,1.0,1,54.0,1.0,0.0,0.0
99458,2.0,1,70.0,1.0,0.0,0.0
99459,1.0,1,25.0,1.0,0.0,0.0
99460,1.0,1,41.97999954223633,1.0,0.0,0.0
99464,1.0,1,27.989999771118164,1.0,0.0,0.0
99466,1.0,1,38.0,1.0,0.0,0.0
99468,1.0,1,13.0,1.0,0.0,0.0
99471,1.0,1,56.41999816894531,1.0,0.0,0.0
99472,2.0,1,212.12000274658203,1.0,0.0,0.0
99474,1.0,1,150.0,1.0,0.0,0.0
99478,3.0,1,233.33000564575195,1.0,0.0,0.0
99479,1.0,1,36.880001068115234,1.0,0.0,0.0
99480,1.0,1,11.859999656677246,1.0,0.0,0.0
99481,2.0,1,111.25,1.0,0.0,0.0
99489,1.0,1,30.0,1.0,0.0,0.0
99492,1.0,1,29.950000762939453,1.0,0.0,0.0
99494,1.0,1,25.0,1.0,0.0,0.0
99496,1.0,1,99.5,1.0,0.0,0.0
99498,1.0,1,99.0,1.0,0.0,0.0
99507,2.0,1,96.55999946594238,1.0,0.0,0.0
99510,1.0,1,49.9900016784668,1.0,0.0,0.0
99512,2.0,1,69.98999977111816,1.0,0.0,0.0
99522,1.0,1,39.0,1.0,0.0,0.0
99531,1.0,1,88.0,1.0,0.0,0.0
99534,2.0,1,169.0,1.0,0.0,0.0
99535,1.0,1,59.5,1.0,0.0,0.0
99543,1.0,1,78.62000274658203,1.0,0.0,0.0
99544,2.0,1,121.9799976348877,1.0,0.0,0.0
99549,1.0,1,48.0,1.0,0.0,0.0
99554,1.0,1,49.5,1.0,0.0,0.0
99555,2.0,1,118.5,1.0,0.0,0.0
99560,1.5,2,112.21999931335449,1.0,12.0,0.0
99563,1.0,3,60.49666666984558,1.0,132.0,70.71067811865476
99572,2.0,1,74.30999946594238,1.0,0.0,0.0
99586,1.0,1,75.0,1.0,0.0,0.0
99587,1.0,1,38.0,1.0,0.0,0.0
99588,1.0,1,50.0,1.0,0.0,0.0
99589,1.0,1,105.0,1.0,0.0,0.0
99591,1.0,1,79.94999694824217,1.0,0.0,0.0
99592,1.0,1,31.0,1.0,0.0,0.0
99598,2.0,1,217.5,1.0,0.0,0.0
99600,1.0,1,29.989999771118164,1.0,0.0,0.0
99605,2.0,1,94.95000076293945,1.0,0.0,0.0
99609,1.0,1,18.82999992370605,1.0,0.0,0.0
99613,1.0,1,29.989999771118164,1.0,0.0,0.0
99614,1.0,1,41.959999084472656,1.0,0.0,0.0
99615,1.0,1,28.950000762939453,1.0,0.0,0.0
99618,1.0,1,94.0,1.0,0.0,0.0
99625,2.0,1,62.30000114440917,1.0,0.0,0.0
99628,1.0,1,23.5,1.0,0.0,0.0
99629,1.0,2,72.24499893188477,1.0,207.0,0.0
99631,2.0,1,206.7200002670288,1.0,0.0,0.0
99634,1.0,2,34.99499988555908,1.0,218.0,0.0
99639,1.0,1,109.98999786376952,1.0,0.0,0.0
99640,4.0,1,250.67999649047852,1.0,0.0,0.0
99642,1.0,1,59.0,1.0,0.0,0.0
99645,1.0,2,38.52500009536743,1.0,105.0,0.0
99646,1.0,1,24.8799991607666,1.0,0.0,0.0
99651,1.0,2,69.99499988555908,1.0,54.0,0.0
99653,1.0,1,25.0,1.0,0.0,0.0
99656,1.5,2,60.710001945495605,1.0,276.0,0.0
99659,1.0,1,49.9900016784668,1.0,0.0,0.0
99660,3.0,1,81.85000038146973,1.0,0.0,0.0
99666,1.0,1,16.899999618530273,1.0,0.0,0.0
99668,2.0,2,84.46500205993652,1.0,186.0,0.0
99669,1.0,2,31.46000003814697,1.0,251.0,0.0
99670,4.0,1,135.4699993133545,1.0,0.0,0.0
99675,1.0,1,24.0,1.0,0.0,0.0
99680,1.0,1,36.950000762939446,1.0,0.0,0.0
99681,2.0,1,38.93000030517578,1.0,0.0,0.0
99682,4.0,1,516.6399993896484,1.0,0.0,0.0
99685,1.0,1,108.0,1.0,0.0,0.0
99698,1.0,1,19.950000762939453,1.0,0.0,0.0
99699,3.0,1,100.97000122070312,1.0,0.0,0.0
99703,2.0,1,119.92000007629395,1.0,0.0,0.0
99709,1.0,1,21.950000762939453,1.0,0.0,0.0
99717,1.0,1,18.0,1.0,0.0,0.0
99719,1.0,1,25.0,1.0,0.0,0.0
99722,1.0,1,38.43999862670898,1.0,0.0,0.0
99727,1.0,1,11.989999771118164,1.0,0.0,0.0
99729,1.5,2,91.47499990463257,1.0,44.0,0.0
99739,1.0,1,55.0,1.0,0.0,0.0
99740,4.0,1,159.3100004196167,1.0,0.0,0.0
99742,1.0,1,69.19999694824219,1.0,0.0,0.0
99744,1.0,1,117.5,1.0,0.0,0.0
99745,1.0,1,55.380001068115234,1.0,0.0,0.0
99746,3.0,1,302.9800033569336,1.0,0.0,0.0
99748,1.0,1,26.0,1.0,0.0,0.0
99749,2.0,1,82.9900016784668,1.0,0.0,0.0
99752,1.0,1,125.0,1.0,0.0,0.0
99753,1.0,2,96.9749984741211,1.0,49.0,0.0
99755,1.0,1,27.0,1.0,0.0,0.0
99756,4.0,1,232.08000564575195,1.0,0.0,0.0
99760,1.0,2,49.98499870300293,1.0,45.0,0.0
99762,1.0,1,20.0,1.0,0.0,0.0
99763,1.0,1,15.899999618530272,1.0,0.0,0.0
99765,2.0,1,41.94000053405762,1.0,0.0,0.0
99773,2.0,1,279.4900016784668,1.0,0.0,0.0
99780,2.5,2,206.98999881744385,1.0,472.0,0.0
99783,4.0,1,317.5999994277954,1.0,0.0,0.0
99785,1.0,1,58.0,1.0,0.0,0.0
99787,1.0,1,172.0,1.0,0.0,0.0
99789,2.0,3,62.679999669392906,1.0,307.0,137.17871555019022
99792,1.0,1,25.0,1.0,0.0,0.0
99796,2.0,1,518.9899997711182,1.0,0.0,0.0
99797,1.0,1,62.0,1.0,0.0,0.0
99803,1.0,2,28.5,1.0,459.0,0.0
99805,4.0,1,176.73999977111816,1.0,0.0,0.0
99810,2.0,1,102.4900016784668,1.0,0.0,0.0
99812,1.0,1,27.68000030517578,1.0,0.0,0.0
99818,3.0,1,172.98999977111816,1.0,0.0,0.0
99822,3.0,1,94.11000061035156,1.0,0.0,0.0
99825,1.0,1,68.0,1.0,0.0,0.0
99828,1.0,1,75.0,1.0,0.0,0.0
99831,1.0,1,63.0,1.0,0.0,0.0
99832,1.0,1,44.0,1.0,0.0,0.0
99836,1.0,1,48.0,1.0,0.0,0.0
99838,1.0,1,16.899999618530273,1.0,0.0,0.0
99840,1.0,1,59.450000762939446,1.0,0.0,0.0
99842,1.5,2,49.99499988555908,1.0,1273.0,0.0
99843,1.0,1,34.9900016784668,1.0,0.0,0.0
99848,1.0,1,20.780000686645508,1.0,0.0,0.0
99851,1.0,1,25.0,1.0,0.0,0.0
99854,1.0,1,15.989999771118164,1.0,0.0,0.0
99855,1.0,1,19.989999771118164,1.0,0.0,0.0
99857,1.0,1,48.0,1.0,0.0,0.0
99863,1.0,2,36.2450008392334,1.0,996.0,0.0
99864,1.0,1,42.950000762939446,1.0,0.0,0.0
99867,4.0,1,350.0,1.0,0.0,0.0
99870,1.0,1,34.0,1.0,0.0,0.0
99880,1.0,1,39.9900016784668,1.0,0.0,0.0
99884,1.0,2,33.389999866485596,1.0,69.0,0.0
99886,1.0,1,19.950000762939453,1.0,0.0,0.0
99889,2.0,1,745.0,1.0,0.0,0.0
99891,2.0,1,28.020000457763672,1.0,0.0,0.0
99892,1.0,1,78.0,1.0,0.0,0.0
99898,2.0,1,57.170000076293945,1.0,0.0,0.0
99899,2.0,1,97.98999977111816,1.0,0.0,0.0
99902,2.0,1,100.97000312805176,1.0,0.0,0.0
99903,2.0,1,98.05999946594238,1.0,0.0,0.0
99910,1.0,1,19.989999771118164,1.0,0.0,0.0
99911,1.0,1,49.93999862670898,1.0,0.0,0.0
99912,1.0,1,32.0,1.0,0.0,0.0
99915,1.0,1,49.0,1.0,0.0,0.0
99916,2.0,1,147.9799976348877,1.0,0.0,0.0
99919,1.0,2,5.435000181198121,1.0,49.0,0.0
99920,1.0,1,18.75,1.0,0.0,0.0
99922,1.0,1,102.90000152587892,1.0,0.0,0.0
99923,1.0,1,25.989999771118164,1.0,0.0,0.0
99926,1.0,1,79.94999694824217,1.0,0.0,0.0
99932,2.0,1,232.5,1.0,0.0,0.0
99935,4.0,1,201.0,1.0,0.0,0.0
99936,1.0,1,49.9900016784668,1.0,0.0,0.0
99938,1.0,1,80.0,1.0,0.0,0.0
99941,4.0,1,202.75,1.0,0.0,0.0
99943,1.0,1,34.75,1.0,0.0,0.0
99947,2.5,2,90.60000038146973,1.0,86.0,0.0
99950,1.0,1,10.470000267028809,1.0,0.0,0.0
99954,1.0,1,49.950000762939446,1.0,0.0,0.0
99955,1.0,1,149.97000122070312,1.0,0.0,0.0
99956,1.0,1,19.989999771118164,1.0,0.0,0.0
99961,1.0,1,39.9900016784668,1.0,0.0,0.0
99966,1.0,1,41.9900016784668,1.0,0.0,0.0
99968,2.5,2,158.75000190734863,1.0,257.0,0.0
99972,1.0,2,34.5,1.0,154.0,0.0
99974,1.0,1,60.0,1.0,0.0,0.0
99983,1.0,1,14.140000343322754,1.0,0.0,0.0
99986,1.0,1,24.950000762939453,1.0,0.0,0.0
99993,2.0,1,239.9499969482422,1.0,0.0,0.0
99995,1.0,1,71.95999908447266,1.0,0.0,0.0
99999,1.0,1,58.84000015258789,1.0,0.0,0.0
